timestamp,timestamp_local,sample_rh,sample_temp,pm1,pm25,pm10
2025-11-03T13:45:32Z,2025-11-03T07:45:32Z,69.3,14.8,10.602,12.349,68.671
2025-11-03T13:46:12Z,2025-11-03T07:46:12Z,68.3,14.9,13.134,14.34,29.427
2025-11-03T13:47:12Z,2025-11-03T07:47:12Z,67.8,15.0,14.726,16.227,32.574
2025-11-03T13:48:12Z,2025-11-03T07:48:12Z,67.1,15.2,15.747,17.264,46.94
2025-11-03T13:49:12Z,2025-11-03T07:49:12Z,66.5,15.4,16.233,17.953,71.542
2025-11-03T13:50:12Z,2025-11-03T07:50:12Z,66.3,15.6,16.675,18.256,67.843
2025-11-03T13:51:12Z,2025-11-03T07:51:12Z,66.4,15.8,16.818,18.24,39.748
2025-11-03T13:52:12Z,2025-11-03T07:52:12Z,65.4,16.0,16.565,18.178,54.788
2025-11-03T13:53:12Z,2025-11-03T07:53:12Z,64.1,16.2,15.845,17.598,54.174
2025-11-03T13:54:12Z,2025-11-03T07:54:12Z,63.4,16.3,15.37,17.089,46.742
2025-11-03T13:55:12Z,2025-11-03T07:55:12Z,62.4,16.5,14.877,16.533,33.937
2025-11-03T13:56:13Z,2025-11-03T07:56:13Z,61.9,16.7,17.391,19.023,41.454
2025-11-03T13:57:13Z,2025-11-03T07:57:13Z,62.1,16.9,18.075,19.661,51.078
2025-11-03T13:58:13Z,2025-11-03T07:58:13Z,61.2,17.1,17.177,19.054,63.531
2025-11-03T13:59:13Z,2025-11-03T07:59:13Z,60.6,17.2,17.271,18.997,54.151
2025-11-03T14:00:13Z,2025-11-03T08:00:13Z,59.9,17.4,17.5,19.217,30.41
2025-11-03T14:01:13Z,2025-11-03T08:01:13Z,59.8,17.6,17.946,19.445,55.749
2025-11-03T14:02:13Z,2025-11-03T08:02:13Z,59.6,17.7,16.401,18.39,40.501
2025-11-03T14:03:13Z,2025-11-03T08:03:13Z,58.2,17.9,17.968,19.848,39.862
2025-11-03T14:04:13Z,2025-11-03T08:04:13Z,57.3,18.1,16.917,18.826,57.967
2025-11-03T14:05:13Z,2025-11-03T08:05:13Z,57.4,18.2,17.752,19.289,39.421
2025-11-03T14:06:13Z,2025-11-03T08:06:13Z,57.0,18.4,17.44,19.244,45.728
2025-11-03T14:07:13Z,2025-11-03T08:07:13Z,56.0,18.5,16.845,18.772,44.421
2025-11-03T14:08:13Z,2025-11-03T08:08:13Z,55.7,18.7,16.664,18.344,40.052
2025-11-03T14:09:13Z,2025-11-03T08:09:13Z,55.7,18.8,17.598,19.522,27.843
2025-11-03T14:10:13Z,2025-11-03T08:10:13Z,55.1,18.9,17.344,19.053,55.783
2025-11-03T14:11:13Z,2025-11-03T08:11:13Z,55.1,19.1,16.905,18.689,49.848
2025-11-03T14:12:13Z,2025-11-03T08:12:13Z,54.1,19.2,16.393,18.53,63.547
2025-11-03T14:13:13Z,2025-11-03T08:13:13Z,53.7,19.3,17.739,19.975,54.585
2025-11-03T14:14:13Z,2025-11-03T08:14:13Z,53.3,19.5,17.967,19.722,38.268
2025-11-03T14:15:13Z,2025-11-03T08:15:13Z,53.3,19.6,14.953,16.699,65.69
2025-11-03T14:16:13Z,2025-11-03T08:16:13Z,52.9,19.7,17.563,19.296,42.167
2025-11-03T14:17:13Z,2025-11-03T08:17:13Z,52.4,19.8,18.029,19.861,38.405
2025-11-03T14:18:13Z,2025-11-03T08:18:13Z,52.7,19.9,18.812,21.188,59.309
2025-11-03T14:19:13Z,2025-11-03T08:19:13Z,51.9,20.0,16.136,18.011,118.779
2025-11-03T14:20:13Z,2025-11-03T08:20:13Z,52.0,20.1,17.572,19.596,187.034
2025-11-03T14:21:13Z,2025-11-03T08:21:13Z,51.4,20.2,17.715,19.827,74.546
2025-11-03T14:22:13Z,2025-11-03T08:22:13Z,51.8,20.3,17.587,19.616,34.31
2025-11-03T14:23:13Z,2025-11-03T08:23:13Z,51.0,20.5,17.801,19.681,39.611
2025-11-03T14:24:13Z,2025-11-03T08:24:13Z,50.4,20.6,17.652,20.165,42.373
2025-11-03T14:25:14Z,2025-11-03T08:25:14Z,50.2,20.7,17.586,19.691,54.575
2025-11-03T14:26:14Z,2025-11-03T08:26:14Z,50.0,20.8,17.374,19.523,53.033
2025-11-03T14:27:14Z,2025-11-03T08:27:14Z,50.4,20.9,19.152,21.249,39.41
2025-11-03T14:28:14Z,2025-11-03T08:28:14Z,49.6,21.0,18.559,21.142,44.349
2025-11-03T14:29:14Z,2025-11-03T08:29:14Z,49.3,21.1,18.825,21.201,59.837
2025-11-03T14:30:14Z,2025-11-03T08:30:14Z,49.7,21.2,17.555,19.42,51.803
2025-11-03T14:31:14Z,2025-11-03T08:31:14Z,48.7,21.3,16.771,18.762,48.738
2025-11-03T14:32:14Z,2025-11-03T08:32:14Z,48.9,21.4,19.221,21.435,48.075
2025-11-03T14:33:14Z,2025-11-03T08:33:14Z,49.8,21.5,18.152,20.272,86.694
2025-11-03T14:34:14Z,2025-11-03T08:34:14Z,48.2,21.6,14.598,16.371,33.464
2025-11-06T12:57:56Z,2025-11-06T06:57:56Z,95.1,15.8,9.166,65.13,455.494
2025-11-06T12:58:36Z,2025-11-06T06:58:36Z,97.4,15.8,11.904,78.014,464.916
2025-11-06T12:59:36Z,2025-11-06T06:59:36Z,97.9,15.9,12.12,83.678,369.905
2025-11-06T13:00:36Z,2025-11-06T07:00:36Z,98.1,16.0,11.584,100.124,524.803
2025-11-06T13:01:36Z,2025-11-06T07:01:36Z,98.3,16.1,10.954,110.441,554.467
2025-11-06T13:29:07Z,2025-11-06T07:29:07Z,96.5,17.5,7.997,30.458,209.826
2025-11-06T13:29:47Z,2025-11-06T07:29:47Z,97.1,17.5,9.067,17.58,114.108
2025-11-06T13:30:47Z,2025-11-06T07:30:47Z,96.3,17.5,9.871,11.871,47.59
2025-11-06T13:31:47Z,2025-11-06T07:31:47Z,95.2,17.6,9.258,10.516,27.888
2025-11-06T13:32:48Z,2025-11-06T07:32:48Z,94.2,17.7,9.164,11.045,53.375
2025-11-06T16:19:00Z,2025-11-06T10:19:00Z,47.9,31.7,2.774,4.851,35.467
2025-11-06T16:19:45Z,2025-11-06T10:19:45Z,46.6,31.7,6.083,8.368,53.053
2025-11-06T16:20:45Z,2025-11-06T10:20:45Z,46.4,31.7,6.625,8.844,37.275
2025-11-06T16:21:45Z,2025-11-06T10:21:45Z,46.5,31.7,6.992,9.216,49.069
2025-11-06T16:22:45Z,2025-11-06T10:22:45Z,46.6,31.7,6.175,8.283,24.739
2025-11-06T16:39:22Z,2025-11-06T10:39:22Z,42.8,32.9,4.741,6.532,35.561
2025-11-06T16:40:07Z,2025-11-06T10:40:07Z,43.1,33.0,4.913,6.941,73.222
2025-11-06T16:41:08Z,2025-11-06T10:41:08Z,42.6,33.1,4.94,7.075,44.345
2025-11-06T16:42:08Z,2025-11-06T10:42:08Z,42.2,33.2,4.684,6.642,29.436
2025-11-06T16:43:08Z,2025-11-06T10:43:08Z,42.0,33.3,4.968,6.878,46.591
2025-11-06T16:44:08Z,2025-11-06T10:44:08Z,41.8,33.4,4.531,6.189,29.629
2025-11-06T16:45:08Z,2025-11-06T10:45:08Z,42.3,33.4,4.516,6.243,32.036
2025-11-06T16:46:08Z,2025-11-06T10:46:08Z,42.0,33.6,5.076,6.958,35.971
2025-11-06T16:47:08Z,2025-11-06T10:47:08Z,42.5,33.7,4.892,6.746,25.002
2025-11-06T16:48:08Z,2025-11-06T10:48:08Z,41.2,33.8,3.967,5.759,21.477
2025-11-06T16:49:08Z,2025-11-06T10:49:08Z,40.3,33.9,4.095,5.548,26.407
2025-11-06T16:50:08Z,2025-11-06T10:50:08Z,40.3,34.0,2.87,4.54,42.64
2025-11-06T16:51:08Z,2025-11-06T10:51:08Z,40.0,34.1,4.227,6.159,89.217
2025-11-06T16:52:08Z,2025-11-06T10:52:08Z,39.6,34.1,3.476,4.932,39.892
2025-11-06T16:53:08Z,2025-11-06T10:53:08Z,39.2,34.1,2.119,3.424,23.502
2025-11-06T16:54:08Z,2025-11-06T10:54:08Z,39.3,34.2,3.173,4.215,28.304
2025-11-06T16:55:08Z,2025-11-06T10:55:08Z,38.6,34.1,2.85,3.933,27.229
2025-11-06T16:56:08Z,2025-11-06T10:56:08Z,38.7,34.0,3.035,4.306,25.973
2025-11-06T16:57:08Z,2025-11-06T10:57:08Z,39.5,33.8,3.219,4.349,24.222
2025-11-06T16:58:08Z,2025-11-06T10:58:08Z,39.5,33.7,3.357,4.353,31.727
2025-11-06T16:59:08Z,2025-11-06T10:59:08Z,39.5,33.5,3.204,4.372,14.819
2025-11-06T17:00:08Z,2025-11-06T11:00:08Z,40.0,33.3,3.086,4.184,13.653
2025-11-06T17:01:08Z,2025-11-06T11:01:08Z,40.6,33.2,3.45,4.65,19.932
2025-11-06T17:02:08Z,2025-11-06T11:02:08Z,41.5,33.1,3.258,4.58,37.814
2025-11-06T17:03:09Z,2025-11-06T11:03:09Z,41.1,33.1,3.167,4.463,29.207
2025-11-06T17:04:09Z,2025-11-06T11:04:09Z,40.4,33.2,3.028,4.399,59.312
2025-11-06T17:05:09Z,2025-11-06T11:05:09Z,40.5,33.3,2.961,4.013,29.107
2025-11-06T17:06:09Z,2025-11-06T11:06:09Z,40.0,33.4,3.02,4.478,36.654
2025-11-06T17:07:09Z,2025-11-06T11:07:09Z,40.0,33.5,3.207,4.273,14.267
2025-11-06T17:08:09Z,2025-11-06T11:08:09Z,40.3,33.5,3.49,4.857,51.877
2025-11-06T17:09:09Z,2025-11-06T11:09:09Z,40.0,33.5,3.196,4.281,13.35
2025-11-06T17:10:09Z,2025-11-06T11:10:09Z,40.1,33.6,2.482,3.89,17.088
2025-11-06T17:11:09Z,2025-11-06T11:11:09Z,40.5,33.7,3.731,5.162,30.174
2025-11-06T17:12:09Z,2025-11-06T11:12:09Z,40.0,33.7,3.26,4.605,61.797
2025-11-06T17:13:09Z,2025-11-06T11:13:09Z,39.8,33.7,4.74,5.835,31.57
2025-11-06T17:14:09Z,2025-11-06T11:14:09Z,39.5,33.6,3.938,5.212,16.821
2025-11-06T17:15:09Z,2025-11-06T11:15:09Z,40.4,33.5,3.417,4.53,14.823
2025-11-06T17:16:09Z,2025-11-06T11:16:09Z,40.4,33.4,3.183,4.135,19.425
2025-11-06T17:17:09Z,2025-11-06T11:17:09Z,40.4,33.3,3.103,4.121,15.793
2025-11-06T17:18:09Z,2025-11-06T11:18:09Z,41.0,33.1,3.06,3.943,32.888
2025-11-06T18:09:37Z,2025-11-06T12:09:37Z,39.7,34.1,2.257,3.844,36.85
2025-11-06T18:10:22Z,2025-11-06T12:10:22Z,39.5,34.1,3.275,4.61,24.708
2025-11-06T18:11:22Z,2025-11-06T12:11:22Z,39.5,34.1,3.814,4.941,47.637
2025-11-06T18:12:22Z,2025-11-06T12:12:22Z,39.0,34.1,3.844,4.783,35.206
2025-11-06T18:13:22Z,2025-11-06T12:13:22Z,39.0,34.0,3.744,5.016,34.253
2025-11-06T18:42:26Z,2025-11-06T12:42:26Z,36.7,34.9,3.553,4.751,30.177
2025-11-06T18:43:11Z,2025-11-06T12:43:11Z,36.8,34.8,3.921,5.039,18.835
2025-11-06T18:44:11Z,2025-11-06T12:44:11Z,37.3,34.6,3.733,4.866,24.81
2025-11-06T18:45:11Z,2025-11-06T12:45:11Z,38.2,34.5,4.2,5.338,28.329
2025-11-06T18:46:11Z,2025-11-06T12:46:11Z,38.1,34.5,4.133,4.919,23.309
2025-11-06T18:47:11Z,2025-11-06T12:47:11Z,38.5,34.5,3.966,5.006,23.703
2025-11-06T18:48:12Z,2025-11-06T12:48:12Z,38.2,34.6,3.861,5.12,22.019
2025-11-06T18:49:12Z,2025-11-06T12:49:12Z,38.0,34.6,4.344,5.289,25.885
2025-11-06T18:50:12Z,2025-11-06T12:50:12Z,38.5,34.7,4.315,5.627,15.159
2025-11-06T18:51:12Z,2025-11-06T12:51:12Z,38.1,34.7,4.188,5.12,43.272
2025-11-06T18:52:12Z,2025-11-06T12:52:12Z,37.3,34.7,4.313,5.214,34.757
2025-11-06T18:53:12Z,2025-11-06T12:53:12Z,36.7,34.7,3.362,4.291,19.522
2025-11-06T18:54:12Z,2025-11-06T12:54:12Z,37.4,34.7,4.135,5.373,25.355
2025-11-06T18:55:12Z,2025-11-06T12:55:12Z,37.8,34.8,4.385,5.92,19.589
2025-11-06T18:56:12Z,2025-11-06T12:56:12Z,37.8,34.9,4.242,5.449,29.576
2025-11-06T18:57:12Z,2025-11-06T12:57:12Z,37.8,34.9,3.841,5.001,38.276
2025-11-06T18:58:12Z,2025-11-06T12:58:12Z,37.4,34.9,3.407,4.419,30.454
2025-11-06T18:59:12Z,2025-11-06T12:59:12Z,37.0,35.0,3.652,5.09,16.016
2025-11-06T19:00:12Z,2025-11-06T13:00:12Z,37.3,35.0,3.667,4.814,30.818
2025-11-06T19:01:12Z,2025-11-06T13:01:12Z,37.2,35.1,3.613,4.627,39.593
2025-11-06T19:02:12Z,2025-11-06T13:02:12Z,36.9,35.2,3.747,5.11,42.225
2025-11-06T19:03:12Z,2025-11-06T13:03:12Z,36.9,35.2,3.658,4.805,23.76
2025-11-06T19:04:12Z,2025-11-06T13:04:12Z,36.8,35.3,3.774,4.708,29.143
2025-11-06T19:05:12Z,2025-11-06T13:05:12Z,36.0,35.4,3.681,4.414,13.253
2025-11-06T19:06:12Z,2025-11-06T13:06:12Z,35.6,35.5,3.522,4.684,20.708
2025-11-06T19:07:12Z,2025-11-06T13:07:12Z,35.9,35.5,3.674,4.657,15.364
2025-11-06T19:08:12Z,2025-11-06T13:08:12Z,35.4,35.6,3.989,5.142,17.682
2025-11-06T19:09:12Z,2025-11-06T13:09:12Z,35.7,35.7,4.445,6.044,21.994
2025-11-06T19:10:12Z,2025-11-06T13:10:12Z,35.8,35.7,3.587,4.895,30.659
2025-11-06T19:11:13Z,2025-11-06T13:11:13Z,35.2,35.8,4.151,5.522,24.446
2025-11-06T19:12:13Z,2025-11-06T13:12:13Z,35.4,35.8,3.808,5.272,20.442
2025-11-06T19:13:13Z,2025-11-06T13:13:13Z,35.3,35.8,3.765,5.168,81.468
2025-11-06T19:14:13Z,2025-11-06T13:14:13Z,35.0,35.8,3.988,5.118,7.03
2025-11-06T19:15:13Z,2025-11-06T13:15:13Z,35.1,35.7,3.836,4.788,18.054
2025-11-06T19:16:13Z,2025-11-06T13:16:13Z,36.1,35.6,3.736,4.749,31.206
2025-11-06T19:17:13Z,2025-11-06T13:17:13Z,36.1,35.5,3.605,4.723,16.142
2025-11-06T19:18:13Z,2025-11-06T13:18:13Z,35.5,35.4,3.794,5.177,13.815
2025-11-06T19:19:13Z,2025-11-06T13:19:13Z,35.9,35.3,4.07,5.273,23.281
2025-11-06T19:20:13Z,2025-11-06T13:20:13Z,35.9,35.2,3.718,4.787,25.002
2025-11-06T19:21:13Z,2025-11-06T13:21:13Z,36.2,35.0,3.468,4.776,28.639
2025-11-06T19:22:13Z,2025-11-06T13:22:13Z,36.7,34.9,3.769,4.897,29.053
2025-11-06T19:23:13Z,2025-11-06T13:23:13Z,37.1,34.8,3.835,5.347,21.111
2025-11-06T19:24:13Z,2025-11-06T13:24:13Z,37.1,34.7,3.943,5.161,31.334
2025-11-06T19:25:13Z,2025-11-06T13:25:13Z,37.1,34.6,4.164,5.464,17.977
2025-11-06T19:26:13Z,2025-11-06T13:26:13Z,37.3,34.5,3.61,4.709,60.689
2025-11-06T19:27:13Z,2025-11-06T13:27:13Z,37.7,34.5,2.657,3.902,60.111
2025-11-06T19:28:13Z,2025-11-06T13:28:13Z,38.4,34.5,3.608,5.009,39.904
2025-11-06T19:29:13Z,2025-11-06T13:29:13Z,38.0,34.5,4.057,5.05,15.394
2025-11-06T19:30:13Z,2025-11-06T13:30:13Z,37.9,34.5,4.388,5.483,45.416
2025-11-06T19:31:13Z,2025-11-06T13:31:13Z,37.8,34.5,4.22,5.396,33.551
2025-11-06T19:32:14Z,2025-11-06T13:32:14Z,37.2,34.5,3.87,4.804,19.944
2025-11-06T19:33:14Z,2025-11-06T13:33:14Z,37.5,34.6,3.883,4.934,31.369
2025-11-06T19:34:14Z,2025-11-06T13:34:14Z,37.5,34.7,3.425,5.012,29.793
2025-11-06T19:35:14Z,2025-11-06T13:35:14Z,38.0,34.8,3.859,5.211,55.713
2025-11-06T19:36:14Z,2025-11-06T13:36:14Z,37.6,34.9,4.004,5.074,28.87
2025-11-06T19:37:14Z,2025-11-06T13:37:14Z,37.9,35.0,4.366,5.617,24.252
2025-11-06T19:38:14Z,2025-11-06T13:38:14Z,37.4,35.0,4.074,5.329,32.243
2025-11-06T19:39:14Z,2025-11-06T13:39:14Z,36.6,35.1,4.183,5.29,34.963
2025-11-06T19:40:14Z,2025-11-06T13:40:14Z,36.1,35.1,4.079,5.009,23.753
2025-11-06T19:41:14Z,2025-11-06T13:41:14Z,36.7,35.1,4.274,5.265,18.302
2025-11-06T19:48:43Z,2025-11-06T13:48:43Z,36.4,35.0,2.904,4.181,26.069
2025-11-06T19:49:28Z,2025-11-06T13:49:28Z,36.1,34.9,3.913,5.218,38.794
2025-11-06T19:50:28Z,2025-11-06T13:50:28Z,37.5,34.8,4.381,5.507,18.744
2025-11-06T19:51:28Z,2025-11-06T13:51:28Z,37.3,34.7,4.358,5.524,30.915
2025-11-06T19:52:28Z,2025-11-06T13:52:28Z,37.9,34.6,4.3,5.299,34.341
2025-11-06T19:53:28Z,2025-11-06T13:53:28Z,38.1,34.5,3.97,5.437,28.446
2025-11-06T19:54:28Z,2025-11-06T13:54:28Z,37.8,34.5,4.413,5.689,12.969
2025-11-06T19:55:28Z,2025-11-06T13:55:28Z,37.2,34.5,4.366,5.563,13.034
2025-11-06T19:56:28Z,2025-11-06T13:56:28Z,36.8,34.4,4.32,5.637,52.72
2025-11-06T19:57:28Z,2025-11-06T13:57:28Z,37.1,34.4,4.357,5.748,52.34
2025-11-06T19:58:28Z,2025-11-06T13:58:28Z,37.8,34.4,3.449,4.84,34.271
2025-11-06T19:59:28Z,2025-11-06T13:59:28Z,37.7,34.3,3.662,4.865,23.138
2025-11-06T20:00:28Z,2025-11-06T14:00:28Z,38.2,34.2,4.259,5.271,26.504
2025-11-06T20:01:28Z,2025-11-06T14:01:28Z,38.3,34.1,4.221,5.276,25.915
2025-11-06T20:02:28Z,2025-11-06T14:02:28Z,38.2,34.0,4.212,5.203,27.287
2025-11-06T20:03:28Z,2025-11-06T14:03:28Z,38.4,33.9,4.193,5.268,17.157
2025-11-06T20:04:28Z,2025-11-06T14:04:28Z,39.6,33.9,4.37,5.311,14.522
2025-11-06T20:05:28Z,2025-11-06T14:05:28Z,38.9,33.9,4.775,6.105,26.884
2025-11-06T20:06:28Z,2025-11-06T14:06:28Z,38.6,33.9,4.222,5.257,17.196
2025-11-06T20:07:28Z,2025-11-06T14:07:28Z,37.9,33.9,4.058,4.923,33.374
2025-11-06T20:08:28Z,2025-11-06T14:08:28Z,37.5,33.9,4.188,5.213,32.396
2025-11-06T20:09:28Z,2025-11-06T14:09:28Z,38.0,33.9,4.143,5.222,35.208
2025-11-06T20:10:28Z,2025-11-06T14:10:28Z,37.6,34.0,4.215,5.271,24.291
2025-11-06T20:11:28Z,2025-11-06T14:11:28Z,37.9,34.0,4.085,5.155,11.298
2025-11-06T20:12:29Z,2025-11-06T14:12:29Z,38.5,34.0,4.424,5.748,17.884
2025-11-06T20:13:29Z,2025-11-06T14:13:29Z,38.1,34.0,4.459,5.842,20.379
2025-11-06T20:14:29Z,2025-11-06T14:14:29Z,37.9,34.0,4.141,5.126,29.561
2025-11-06T20:15:29Z,2025-11-06T14:15:29Z,38.7,33.9,4.334,5.567,18.093
2025-11-06T20:16:29Z,2025-11-06T14:16:29Z,38.5,33.8,4.502,5.663,18.481
2025-11-06T20:17:29Z,2025-11-06T14:17:29Z,38.3,33.7,4.241,5.411,24.731
2025-11-06T20:18:29Z,2025-11-06T14:18:29Z,38.6,33.6,4.717,5.797,32.571
2025-11-06T20:19:29Z,2025-11-06T14:19:29Z,38.4,33.5,4.279,5.441,32.677
2025-11-06T20:20:29Z,2025-11-06T14:20:29Z,39.4,33.4,3.98,4.955,32.614
2025-11-06T20:21:29Z,2025-11-06T14:21:29Z,39.6,33.3,4.209,5.195,24.427
2025-11-06T20:22:29Z,2025-11-06T14:22:29Z,39.2,33.2,3.265,4.462,40.427
2025-11-06T20:23:29Z,2025-11-06T14:23:29Z,39.5,33.2,4.122,5.123,20.114
2025-11-06T20:24:29Z,2025-11-06T14:24:29Z,39.0,33.2,4.36,5.444,15.736
2025-11-06T20:25:29Z,2025-11-06T14:25:29Z,39.7,33.3,3.369,4.283,29.369
2025-11-06T20:26:29Z,2025-11-06T14:26:29Z,39.6,33.4,2.824,3.975,19.355
2025-11-06T20:27:29Z,2025-11-06T14:27:29Z,39.1,33.4,3.041,4.024,34.792
2025-11-06T20:28:29Z,2025-11-06T14:28:29Z,38.5,33.5,4.309,5.425,28.463
2025-11-06T20:29:29Z,2025-11-06T14:29:29Z,38.5,33.6,4.15,5.212,37.719
2025-11-06T20:30:29Z,2025-11-06T14:30:29Z,38.2,33.7,4.283,5.238,31.771
2025-11-06T20:31:29Z,2025-11-06T14:31:29Z,38.6,33.8,4.517,5.608,28.384
2025-11-06T20:32:29Z,2025-11-06T14:32:29Z,38.2,34.0,4.331,5.165,42.744
2025-11-07T14:03:50Z,2025-11-07T08:03:50Z,77.8,23.7,3.429,5.972,47.72
2025-11-07T14:04:35Z,2025-11-07T08:04:35Z,77.7,23.7,3.448,6.71,84.518
2025-11-07T14:05:35Z,2025-11-07T08:05:35Z,77.1,23.8,3.645,6.429,57.694
2025-11-07T14:06:35Z,2025-11-07T08:06:35Z,76.8,23.9,3.69,6.605,92.128
2025-11-07T14:07:35Z,2025-11-07T08:07:35Z,76.8,24.0,3.448,6.493,90.043
2025-11-07T14:08:35Z,2025-11-07T08:08:35Z,76.2,24.1,3.595,6.22,45.149
2025-11-07T14:09:35Z,2025-11-07T08:09:35Z,75.8,24.3,3.551,6.587,101.594
2025-11-07T14:10:35Z,2025-11-07T08:10:35Z,75.0,24.4,3.411,6.53,73.941
2025-11-07T14:11:35Z,2025-11-07T08:11:35Z,74.5,24.5,3.39,6.544,67.507
2025-11-07T14:12:35Z,2025-11-07T08:12:35Z,74.1,24.7,3.38,6.328,62.373
2025-11-07T14:13:35Z,2025-11-07T08:13:35Z,73.3,24.8,3.594,5.959,63.116
2025-11-07T14:14:35Z,2025-11-07T08:14:35Z,72.9,24.9,3.578,6.525,78.15
2025-11-07T14:15:35Z,2025-11-07T08:15:35Z,72.7,25.0,3.488,6.354,63.206
2025-11-07T14:16:35Z,2025-11-07T08:16:35Z,72.2,25.2,3.144,5.852,64.131
2025-11-07T14:17:35Z,2025-11-07T08:17:35Z,71.2,25.3,3.675,6.349,80.399
2025-11-07T14:18:35Z,2025-11-07T08:18:35Z,70.7,25.5,3.448,5.647,88.832
2025-11-07T14:19:36Z,2025-11-07T08:19:36Z,70.0,25.6,3.147,6.157,80.92
2025-11-07T14:20:36Z,2025-11-07T08:20:36Z,69.6,25.7,3.473,6.301,60.738
2025-11-07T14:21:36Z,2025-11-07T08:21:36Z,69.1,25.8,3.359,5.791,32.573
2025-11-07T14:22:36Z,2025-11-07T08:22:36Z,68.6,26.0,3.43,5.798,77.097
2025-11-07T14:23:36Z,2025-11-07T08:23:36Z,68.1,26.1,3.255,5.884,83.853
2025-11-07T14:24:36Z,2025-11-07T08:24:36Z,67.8,26.2,3.56,5.896,58.012
2025-11-07T14:25:36Z,2025-11-07T08:25:36Z,67.5,26.3,3.513,6.226,98.785
2025-11-07T14:26:36Z,2025-11-07T08:26:36Z,66.9,26.4,3.479,6.185,65.435
2025-11-07T14:27:36Z,2025-11-07T08:27:36Z,66.6,26.5,3.66,6.585,53.955
2025-11-07T14:28:36Z,2025-11-07T08:28:36Z,66.5,26.5,3.352,6.02,63.705
2025-11-07T14:29:36Z,2025-11-07T08:29:36Z,66.0,26.6,3.298,6.132,61.142
2025-11-07T14:30:36Z,2025-11-07T08:30:36Z,65.9,26.7,3.432,6.139,56.666
2025-11-07T14:31:36Z,2025-11-07T08:31:36Z,65.8,26.8,3.656,6.447,74.151
2025-11-07T14:32:36Z,2025-11-07T08:32:36Z,65.4,26.8,3.797,6.344,41.314
2025-11-07T14:33:36Z,2025-11-07T08:33:36Z,65.0,26.9,3.362,6.151,85.207
2025-11-07T14:34:36Z,2025-11-07T08:34:36Z,65.1,27.0,3.516,6.247,59.279
2025-11-07T14:35:36Z,2025-11-07T08:35:36Z,64.6,27.0,3.384,5.933,58.416
2025-11-07T14:36:36Z,2025-11-07T08:36:36Z,64.4,27.1,3.005,6.227,73.764
2025-11-07T14:37:36Z,2025-11-07T08:37:36Z,64.4,27.2,3.317,6.195,71.69
2025-11-07T14:38:36Z,2025-11-07T08:38:36Z,64.3,27.2,3.217,6.03,75.722
2025-11-07T14:39:36Z,2025-11-07T08:39:36Z,64.1,27.3,3.222,6.361,111.587
2025-11-07T14:40:36Z,2025-11-07T08:40:36Z,63.9,27.4,3.238,5.523,76.12
2025-11-07T14:41:36Z,2025-11-07T08:41:36Z,63.5,27.5,3.3,6.262,88.739
2025-11-07T14:42:36Z,2025-11-07T08:42:36Z,63.6,27.6,3.213,6.309,88.243
2025-11-07T14:43:37Z,2025-11-07T08:43:37Z,63.1,27.7,3.44,6.152,51.375
2025-11-07T14:44:37Z,2025-11-07T08:44:37Z,63.0,27.8,3.201,6.024,84.274
2025-11-07T14:45:37Z,2025-11-07T08:45:37Z,62.7,27.9,3.33,6.379,58.515
2025-11-07T14:46:37Z,2025-11-07T08:46:37Z,62.2,28.1,3.425,5.981,52.596
2025-11-07T14:47:37Z,2025-11-07T08:47:37Z,61.3,28.2,3.345,6.329,57.123
2025-11-07T14:48:37Z,2025-11-07T08:48:37Z,61.2,28.3,3.215,6.062,83.057
2025-11-07T14:49:37Z,2025-11-07T08:49:37Z,60.5,28.5,3.112,5.357,48.764
2025-11-07T14:50:37Z,2025-11-07T08:50:37Z,60.1,28.6,3.289,5.665,69.713
2025-11-07T14:51:37Z,2025-11-07T08:51:37Z,59.8,28.7,3.15,5.553,55.977
2025-11-07T14:52:37Z,2025-11-07T08:52:37Z,59.7,28.7,2.983,5.533,82.829
2025-11-07T14:53:37Z,2025-11-07T08:53:37Z,59.3,28.8,2.804,5.131,54.642
2025-11-07T14:54:37Z,2025-11-07T08:54:37Z,59.1,28.9,2.698,5.23,49.414
2025-11-07T14:55:37Z,2025-11-07T08:55:37Z,59.1,28.9,3.025,5.521,67.632
2025-11-07T14:56:37Z,2025-11-07T08:56:37Z,58.9,29.0,3.339,5.603,78.325
2025-11-07T14:57:37Z,2025-11-07T08:57:37Z,58.7,29.0,2.978,5.138,71.35
2025-11-07T16:39:05Z,2025-11-07T10:39:05Z,52.0,31.2,2.767,4.085,43.574
2025-11-07T16:39:50Z,2025-11-07T10:39:50Z,52.1,31.1,3.201,4.848,38.491
2025-11-07T16:40:50Z,2025-11-07T10:40:50Z,52.1,31.2,3.347,5.065,54.736
2025-11-07T16:41:50Z,2025-11-07T10:41:50Z,51.6,31.2,3.438,5.154,58.924
2025-11-07T16:42:50Z,2025-11-07T10:42:50Z,51.4,31.2,3.266,4.892,46.224
2025-11-07T16:43:51Z,2025-11-07T10:43:51Z,51.5,31.3,3.185,4.556,55.656
2025-11-07T16:44:51Z,2025-11-07T10:44:51Z,50.1,31.3,3.11,4.449,28.374
2025-11-07T16:45:51Z,2025-11-07T10:45:51Z,50.3,31.4,3.194,4.82,49.841
2025-11-07T16:46:51Z,2025-11-07T10:46:51Z,50.0,31.5,3.57,5.028,36.173
2025-11-07T16:47:51Z,2025-11-07T10:47:51Z,50.2,31.5,3.625,5.532,49.06
2025-11-07T16:48:51Z,2025-11-07T10:48:51Z,50.1,31.6,3.392,4.676,48.813
2025-11-07T16:49:51Z,2025-11-07T10:49:51Z,50.6,31.7,3.375,5.064,38.768
2025-11-07T16:50:51Z,2025-11-07T10:50:51Z,50.1,31.7,3.015,4.365,43.917
2025-11-07T16:51:51Z,2025-11-07T10:51:51Z,50.9,31.8,3.169,4.934,54.668
2025-11-07T16:52:51Z,2025-11-07T10:52:51Z,50.9,31.8,3.077,4.82,29.632
2025-11-07T16:53:51Z,2025-11-07T10:53:51Z,49.9,31.8,3.013,4.697,33.482
2025-11-07T16:54:51Z,2025-11-07T10:54:51Z,50.0,31.8,3.23,4.837,41.661
2025-11-07T16:55:51Z,2025-11-07T10:55:51Z,50.1,31.9,3.426,5.033,44.291
2025-11-07T16:56:51Z,2025-11-07T10:56:51Z,49.5,32.0,3.147,4.701,34.969
2025-11-07T16:57:51Z,2025-11-07T10:57:51Z,49.5,32.0,3.342,5.03,28.905
2025-11-07T16:58:51Z,2025-11-07T10:58:51Z,49.2,32.1,3.542,5.128,53.595
2025-11-07T16:59:51Z,2025-11-07T10:59:51Z,48.7,32.1,3.484,4.587,32.605
2025-11-07T17:00:51Z,2025-11-07T11:00:51Z,48.9,32.1,3.632,5.166,45.255
2025-11-07T17:01:51Z,2025-11-07T11:01:51Z,48.2,32.2,3.558,5.528,47.802
2025-11-07T17:02:51Z,2025-11-07T11:02:51Z,48.4,32.3,3.428,4.905,20.775
2025-11-07T17:03:51Z,2025-11-07T11:03:51Z,48.5,32.4,3.751,5.679,43.383
2025-11-07T17:04:51Z,2025-11-07T11:04:51Z,48.2,32.5,4.885,6.621,51.598
2025-11-07T17:05:52Z,2025-11-07T11:05:52Z,48.2,32.6,4.971,6.926,35.396
2025-11-07T17:06:52Z,2025-11-07T11:06:52Z,47.7,32.7,5.176,7.205,39.281
2025-11-07T17:07:52Z,2025-11-07T11:07:52Z,47.9,32.8,5.777,8.019,33.488
2025-11-07T17:08:52Z,2025-11-07T11:08:52Z,47.2,32.9,5.693,7.852,56.418
2025-11-07T17:09:52Z,2025-11-07T11:09:52Z,47.3,33.0,5.828,7.557,60.821
2025-11-07T17:10:52Z,2025-11-07T11:10:52Z,47.1,33.1,5.446,7.407,53.443
2025-11-07T17:11:52Z,2025-11-07T11:11:52Z,47.6,33.1,5.847,7.856,33.835
2025-11-07T17:12:52Z,2025-11-07T11:12:52Z,45.9,33.2,7.843,9.687,41.406
2025-11-07T17:13:52Z,2025-11-07T11:13:52Z,45.8,33.3,4.406,6.283,45.772
2025-11-07T17:14:52Z,2025-11-07T11:14:52Z,45.1,33.4,4.368,6.223,35.114
2025-11-07T17:15:52Z,2025-11-07T11:15:52Z,45.3,33.4,4.407,6.037,60.369
2025-11-07T17:16:52Z,2025-11-07T11:16:52Z,45.3,33.5,4.267,6.574,43.545
2025-11-07T17:17:52Z,2025-11-07T11:17:52Z,45.0,33.5,4.015,6.046,35.693
2025-11-07T17:35:17Z,2025-11-07T11:35:17Z,44.0,33.7,3.545,5.946,80.042
2025-11-07T17:36:02Z,2025-11-07T11:36:02Z,44.0,33.6,4.118,5.544,25.616
2025-11-07T17:37:02Z,2025-11-07T11:37:02Z,44.5,33.5,4.277,6.384,53.061
2025-11-07T17:38:02Z,2025-11-07T11:38:02Z,44.2,33.5,3.607,5.699,50.854
2025-11-07T17:39:02Z,2025-11-07T11:39:02Z,44.7,33.4,4.173,6.291,56.03
2025-11-07T17:40:02Z,2025-11-07T11:40:02Z,44.6,33.4,3.887,5.827,73.548
2025-11-07T17:41:02Z,2025-11-07T11:41:02Z,44.6,33.5,3.891,5.923,50.396
2025-11-07T17:42:02Z,2025-11-07T11:42:02Z,44.8,33.5,4.051,5.964,39.353
2025-11-07T17:43:02Z,2025-11-07T11:43:02Z,44.5,33.5,3.74,5.885,68.581
2025-11-07T17:44:03Z,2025-11-07T11:44:03Z,44.5,33.6,4.74,7.098,51.744
2025-11-07T20:21:23Z,2025-11-07T14:21:23Z,36.0,36.0,1.93,3.572,14.367
2025-11-07T20:22:08Z,2025-11-07T14:22:08Z,36.1,35.9,1.985,3.4,21.559
2025-11-07T20:23:08Z,2025-11-07T14:23:08Z,36.3,35.9,2.286,3.771,42.504
2025-11-07T20:24:08Z,2025-11-07T14:24:08Z,36.6,35.9,2.106,3.812,17.227
2025-11-07T20:25:08Z,2025-11-07T14:25:08Z,36.0,35.9,1.978,3.454,35.03
2025-11-07T20:26:08Z,2025-11-07T14:26:08Z,35.9,35.9,2.161,3.661,14.438
2025-11-07T20:27:08Z,2025-11-07T14:27:08Z,36.5,36.0,2.25,4.29,18.053
2025-11-07T20:28:08Z,2025-11-07T14:28:08Z,35.8,36.0,22.985,24.373,45.202
2025-11-07T20:29:08Z,2025-11-07T14:29:08Z,36.0,36.1,2.242,3.953,28.209
2025-11-07T20:30:08Z,2025-11-07T14:30:08Z,36.3,36.2,20.968,22.486,44.402
2025-11-07T20:31:08Z,2025-11-07T14:31:08Z,35.4,36.2,2.137,3.672,37.997
2025-11-07T20:32:08Z,2025-11-07T14:32:08Z,35.1,36.3,2.061,3.29,22.16
2025-11-07T20:33:08Z,2025-11-07T14:33:08Z,34.8,36.3,1.969,3.385,37.894
2025-11-07T20:34:08Z,2025-11-07T14:34:08Z,35.0,36.3,22.539,23.688,27.656
2025-11-07T20:35:08Z,2025-11-07T14:35:08Z,34.9,36.3,1.652,3.134,31.196
2025-11-07T20:41:42Z,2025-11-07T14:41:42Z,34.9,36.3,2.016,3.795,30.84
2025-11-07T20:42:27Z,2025-11-07T14:42:27Z,33.5,36.4,2.007,3.548,21.171
2025-11-07T20:43:27Z,2025-11-07T14:43:27Z,33.0,36.3,1.863,3.164,21.033
2025-11-07T20:44:27Z,2025-11-07T14:44:27Z,33.4,36.3,1.822,3.884,27.863
2025-11-07T20:45:27Z,2025-11-07T14:45:27Z,33.8,36.3,1.728,3.536,66.388
2025-11-08T12:56:52Z,2025-11-08T06:56:52Z,98.6,20.0,4.12,51.623,994.381
2025-11-08T12:57:37Z,2025-11-08T06:57:37Z,98.7,20.1,4.363,54.08,941.895
2025-11-08T12:58:37Z,2025-11-08T06:58:37Z,98.8,20.1,4.399,51.107,956.994
2025-11-08T12:59:37Z,2025-11-08T06:59:37Z,98.9,20.2,4.43,43.77,713.936
2025-11-08T13:00:37Z,2025-11-08T07:00:37Z,98.9,20.3,6.238,34.381,550.302
2025-11-08T13:03:27Z,2025-11-08T07:03:27Z,98.8,20.5,3.942,20.25,300.603
2025-11-08T13:04:12Z,2025-11-08T07:04:12Z,98.6,20.6,4.167,14.518,242.444
2025-11-08T13:05:12Z,2025-11-08T07:05:12Z,98.1,20.7,4.128,11.05,232.862
2025-11-08T13:06:12Z,2025-11-08T07:06:12Z,97.7,20.8,3.905,9.266,204.603
2025-11-08T13:07:12Z,2025-11-08T07:07:12Z,97.2,20.9,3.879,8.32,169.066
2025-11-08T13:08:12Z,2025-11-08T07:08:12Z,96.8,21.0,3.86,7.135,132.829
2025-11-08T13:09:12Z,2025-11-08T07:09:12Z,96.3,21.1,3.861,7.178,117.684
2025-11-08T13:10:12Z,2025-11-08T07:10:12Z,96.0,21.2,3.864,6.777,109.973
2025-11-08T13:11:12Z,2025-11-08T07:11:12Z,95.5,21.3,3.83,6.396,83.073
2025-11-08T13:12:12Z,2025-11-08T07:12:12Z,95.1,21.4,3.9,6.437,104.738
2025-11-08T13:13:12Z,2025-11-08T07:13:12Z,94.8,21.5,4.022,6.49,88.561
2025-11-08T13:14:12Z,2025-11-08T07:14:12Z,94.3,21.6,4.075,6.696,69.606
2025-11-08T13:15:12Z,2025-11-08T07:15:12Z,94.1,21.7,4.528,7.152,64.184
2025-11-08T13:16:12Z,2025-11-08T07:16:12Z,93.6,21.8,4.71,6.92,42.721
2025-11-08T13:17:12Z,2025-11-08T07:17:12Z,93.3,21.8,4.81,7.697,41.345
2025-11-08T13:18:12Z,2025-11-08T07:18:12Z,92.9,21.9,5.606,7.483,52.539
2025-11-08T13:19:12Z,2025-11-08T07:19:12Z,92.4,22.0,5.812,7.821,36.5
2025-11-08T13:20:12Z,2025-11-08T07:20:12Z,92.0,22.1,5.755,8.031,36.773
2025-11-08T13:21:13Z,2025-11-08T07:21:13Z,91.7,22.2,5.785,8.092,51.934
2025-11-08T13:22:13Z,2025-11-08T07:22:13Z,91.8,22.3,5.868,8.011,44.812
2025-11-08T13:23:13Z,2025-11-08T07:23:13Z,91.2,22.4,6.219,8.612,52.119
2025-11-08T13:24:13Z,2025-11-08T07:24:13Z,90.9,22.5,6.143,8.523,43.835
2025-11-08T13:25:13Z,2025-11-08T07:25:13Z,90.7,22.6,6.155,8.378,47.503
2025-11-08T13:26:13Z,2025-11-08T07:26:13Z,90.0,22.6,6.294,8.33,44.139
2025-11-08T13:27:13Z,2025-11-08T07:27:13Z,89.9,22.7,6.453,8.784,48.729
2025-11-08T13:28:13Z,2025-11-08T07:28:13Z,89.7,22.8,6.599,8.895,47.832
2025-11-08T13:29:13Z,2025-11-08T07:29:13Z,89.0,22.9,7.14,9.305,32.595
2025-11-08T13:30:13Z,2025-11-08T07:30:13Z,88.7,23.0,6.935,9.094,56.279
2025-11-08T13:31:13Z,2025-11-08T07:31:13Z,88.6,23.1,6.918,9.326,56.721
2025-11-08T13:32:13Z,2025-11-08T07:32:13Z,88.1,23.1,7.119,8.984,36.279
2025-11-08T13:33:13Z,2025-11-08T07:33:13Z,87.8,23.2,6.94,9.11,36.494
2025-11-08T13:34:13Z,2025-11-08T07:34:13Z,87.6,23.3,7.166,9.24,42.475
2025-11-08T13:35:13Z,2025-11-08T07:35:13Z,87.1,23.4,7.611,10.146,51.822
2025-11-08T13:36:13Z,2025-11-08T07:36:13Z,86.9,23.5,7.961,9.956,51.5
2025-11-08T13:37:13Z,2025-11-08T07:37:13Z,86.5,23.5,7.802,9.62,60.223
2025-11-08T13:38:13Z,2025-11-08T07:38:13Z,86.2,23.6,7.98,10.259,43.933
2025-11-08T13:39:13Z,2025-11-08T07:39:13Z,86.0,23.7,7.907,10.074,46.746
2025-11-08T13:40:13Z,2025-11-08T07:40:13Z,85.5,23.8,7.878,9.951,25.465
2025-11-08T13:41:13Z,2025-11-08T07:41:13Z,85.1,23.9,8.632,10.428,31.743
2025-11-08T13:42:14Z,2025-11-08T07:42:14Z,85.0,24.0,8.59,10.433,54.401
2025-11-08T13:43:14Z,2025-11-08T07:43:14Z,84.9,24.0,8.535,10.784,29.991
2025-11-08T13:44:14Z,2025-11-08T07:44:14Z,84.4,24.1,8.116,9.947,34.584
2025-11-08T13:45:14Z,2025-11-08T07:45:14Z,84.1,24.2,8.067,10.248,58.112
2025-11-08T13:46:14Z,2025-11-08T07:46:14Z,83.7,24.3,8.764,10.58,34.678
2025-11-08T13:47:14Z,2025-11-08T07:47:14Z,83.3,24.4,9.346,10.773,46.116
2025-11-08T13:48:14Z,2025-11-08T07:48:14Z,82.9,24.4,9.076,10.981,41.264
2025-11-08T13:49:14Z,2025-11-08T07:49:14Z,82.5,24.5,9.221,10.861,33.678
2025-11-08T13:50:14Z,2025-11-08T07:50:14Z,82.3,24.6,9.445,10.961,32.914
2025-11-08T13:51:14Z,2025-11-08T07:51:14Z,82.1,24.7,9.148,10.871,42.661
2025-11-08T13:52:14Z,2025-11-08T07:52:14Z,81.8,24.7,9.121,10.882,25.433
2025-11-08T13:53:14Z,2025-11-08T07:53:14Z,81.6,24.8,9.572,11.635,32.898
2025-11-08T13:54:14Z,2025-11-08T07:54:14Z,81.4,24.9,9.159,11.271,44.134
2025-11-08T13:55:14Z,2025-11-08T07:55:14Z,81.2,25.0,9.104,10.984,47.795
2025-11-08T13:56:14Z,2025-11-08T07:56:14Z,80.8,25.1,9.375,11.094,38.6
2025-11-08T13:57:14Z,2025-11-08T07:57:14Z,80.7,25.2,9.478,11.354,30.272
2025-11-08T13:58:14Z,2025-11-08T07:58:14Z,80.1,25.3,8.931,10.709,45.164
2025-11-08T13:59:14Z,2025-11-08T07:59:14Z,79.8,25.4,9.513,11.504,33.914
2025-11-08T14:00:14Z,2025-11-08T08:00:14Z,79.4,25.5,9.316,11.145,43.884
2025-11-08T14:01:14Z,2025-11-08T08:01:14Z,78.7,25.6,9.465,10.834,39.433
2025-11-08T14:02:14Z,2025-11-08T08:02:14Z,78.4,25.7,9.71,11.319,30.244
2025-11-08T14:03:15Z,2025-11-08T08:03:15Z,78.1,25.8,9.402,10.962,25.581
2025-11-08T14:04:15Z,2025-11-08T08:04:15Z,77.9,25.9,9.429,10.843,27.044
2025-11-08T14:05:15Z,2025-11-08T08:05:15Z,77.3,26.0,10.394,12.33,45.155
2025-11-08T14:06:15Z,2025-11-08T08:06:15Z,76.6,26.1,10.805,12.273,50.313
2025-11-08T14:07:15Z,2025-11-08T08:07:15Z,76.4,26.2,10.643,11.997,47.935
2025-11-08T14:08:15Z,2025-11-08T08:08:15Z,76.1,26.2,10.961,12.433,38.345
2025-11-08T14:09:15Z,2025-11-08T08:09:15Z,75.9,26.3,10.639,12.306,24.231
2025-11-08T14:10:15Z,2025-11-08T08:10:15Z,75.7,26.4,10.9,12.405,41.017
2025-11-08T14:11:15Z,2025-11-08T08:11:15Z,75.0,26.5,10.916,12.174,36.278
2025-11-08T14:12:15Z,2025-11-08T08:12:15Z,74.8,26.6,10.344,11.866,36.445
2025-11-08T14:20:33Z,2025-11-08T08:20:33Z,72.5,27.1,9.494,11.283,30.45
2025-11-08T14:21:18Z,2025-11-08T08:21:18Z,72.2,27.1,12.506,13.766,45.506
2025-11-08T14:22:18Z,2025-11-08T08:22:18Z,72.0,27.2,12.034,13.444,29.296
2025-11-08T14:23:18Z,2025-11-08T08:23:18Z,71.8,27.2,12.078,13.542,39.642
2025-11-08T14:24:18Z,2025-11-08T08:24:18Z,71.5,27.3,12.639,13.831,28.942
2025-11-08T14:25:19Z,2025-11-08T08:25:19Z,71.4,27.4,11.663,13.336,27.518
2025-11-08T14:26:19Z,2025-11-08T08:26:19Z,71.0,27.5,12.254,14.016,58.016
2025-11-08T14:27:19Z,2025-11-08T08:27:19Z,70.7,27.5,12.279,13.782,47.905
2025-11-08T14:28:19Z,2025-11-08T08:28:19Z,70.4,27.6,12.78,14.398,32.935
2025-11-08T14:29:19Z,2025-11-08T08:29:19Z,69.7,27.7,12.387,13.724,37.936
2025-11-08T14:30:19Z,2025-11-08T08:30:19Z,69.2,27.8,12.402,14.051,28.395
2025-11-08T14:31:19Z,2025-11-08T08:31:19Z,69.4,27.9,12.158,13.6,66.757
2025-11-08T14:32:19Z,2025-11-08T08:32:19Z,68.8,28.0,12.849,14.11,41.265
2025-11-08T14:33:19Z,2025-11-08T08:33:19Z,68.9,28.0,12.952,14.529,54.171
2025-11-08T14:34:19Z,2025-11-08T08:34:19Z,68.8,28.1,12.771,14.209,36.36
2025-11-08T14:35:19Z,2025-11-08T08:35:19Z,68.5,28.2,13.039,14.154,34.496
2025-11-08T14:36:19Z,2025-11-08T08:36:19Z,67.6,28.3,12.789,14.034,29.697
2025-11-08T14:37:19Z,2025-11-08T08:37:19Z,67.4,28.3,13.066,14.766,39.413
2025-11-08T14:38:19Z,2025-11-08T08:38:19Z,67.4,28.4,12.952,14.181,37.94
2025-11-08T14:39:19Z,2025-11-08T08:39:19Z,67.4,28.4,12.302,13.845,45.233
2025-11-08T14:40:19Z,2025-11-08T08:40:19Z,67.4,28.5,12.232,13.768,33.497
2025-11-08T14:41:19Z,2025-11-08T08:41:19Z,66.8,28.6,12.766,14.098,47.511
2025-11-08T14:42:19Z,2025-11-08T08:42:19Z,66.7,28.6,12.935,14.14,54.345
2025-11-08T14:43:19Z,2025-11-08T08:43:19Z,66.2,28.7,13.644,14.899,44.294
2025-11-08T14:44:19Z,2025-11-08T08:44:19Z,66.3,28.7,12.859,14.339,34.96
2025-11-08T15:58:47Z,2025-11-08T09:58:47Z,57.6,30.8,13.757,15.227,49.277
2025-11-08T15:59:32Z,2025-11-08T09:59:32Z,57.2,30.8,15.563,16.649,38.656
2025-11-08T16:00:32Z,2025-11-08T10:00:32Z,57.2,30.8,15.731,16.981,24.417
2025-11-08T16:01:32Z,2025-11-08T10:01:32Z,57.2,30.7,15.584,16.841,39.587
2025-11-08T16:02:32Z,2025-11-08T10:02:32Z,57.2,30.7,15.144,16.322,59.803
2025-11-08T16:03:32Z,2025-11-08T10:03:32Z,57.2,30.7,14.894,16.198,32.685
2025-11-08T16:04:32Z,2025-11-08T10:04:32Z,57.4,30.8,14.682,16.173,46.143
2025-11-08T16:05:32Z,2025-11-08T10:05:32Z,56.9,30.9,15.115,16.299,44.874
2025-11-08T16:06:32Z,2025-11-08T10:06:32Z,56.6,31.1,15.213,16.808,31.28
2025-11-08T16:07:32Z,2025-11-08T10:07:32Z,55.9,31.2,15.371,16.848,37.001
2025-11-08T16:08:32Z,2025-11-08T10:08:32Z,55.8,31.3,15.309,16.438,25.899
2025-11-08T16:09:32Z,2025-11-08T10:09:32Z,55.4,31.5,14.853,16.279,46.05
2025-11-08T16:10:32Z,2025-11-08T10:10:32Z,55.0,31.6,15.195,16.391,30.82
2025-11-08T16:11:32Z,2025-11-08T10:11:32Z,54.2,31.8,15.273,16.598,29.028
2025-11-08T16:12:33Z,2025-11-08T10:12:33Z,54.1,31.9,14.567,15.615,31.904
2025-11-08T16:13:33Z,2025-11-08T10:13:33Z,53.8,32.1,14.916,16.23,30.028
2025-11-08T16:14:33Z,2025-11-08T10:14:33Z,53.7,32.2,14.686,15.935,40.582
2025-11-08T16:15:33Z,2025-11-08T10:15:33Z,53.2,32.4,14.172,15.493,33.249
2025-11-08T16:16:33Z,2025-11-08T10:16:33Z,52.5,32.6,14.262,15.722,29.536
2025-11-08T16:17:33Z,2025-11-08T10:17:33Z,52.0,32.8,14.364,15.304,22.632
2025-11-08T16:18:33Z,2025-11-08T10:18:33Z,51.5,33.0,14.712,15.901,29.259
2025-11-08T16:19:33Z,2025-11-08T10:19:33Z,50.9,33.2,15.786,17.38,36.377
2025-11-08T16:20:33Z,2025-11-08T10:20:33Z,50.5,33.3,15.265,16.779,58.916
2025-11-08T16:21:33Z,2025-11-08T10:21:33Z,50.0,33.4,14.441,15.86,43.895
2025-11-08T16:22:33Z,2025-11-08T10:22:33Z,50.0,33.5,16.059,17.564,37.002
2025-11-08T16:23:33Z,2025-11-08T10:23:33Z,49.6,33.5,15.405,16.485,34.366
2025-11-08T16:24:33Z,2025-11-08T10:24:33Z,49.4,33.6,14.454,15.541,30.676
2025-11-08T16:25:33Z,2025-11-08T10:25:33Z,49.3,33.6,15.01,16.428,39.629
2025-11-08T16:26:33Z,2025-11-08T10:26:33Z,49.1,33.7,14.769,16.037,36.469
2025-11-08T16:27:33Z,2025-11-08T10:27:33Z,48.9,33.8,15.315,16.489,35.729
2025-11-08T17:22:11Z,2025-11-08T11:22:11Z,49.7,32.8,15.751,17.108,59.662
2025-11-08T17:22:56Z,2025-11-08T11:22:56Z,49.2,32.7,14.546,15.874,43.958
2025-11-08T17:23:56Z,2025-11-08T11:23:56Z,49.5,32.6,14.913,15.938,32.381
2025-11-08T17:24:56Z,2025-11-08T11:24:56Z,49.6,32.6,14.516,15.76,33.822
2025-11-08T17:25:56Z,2025-11-08T11:25:56Z,50.3,32.5,14.59,15.867,42.021
2025-11-08T18:05:15Z,2025-11-08T12:05:15Z,44.4,35.0,14.755,16.176,47.383
2025-11-08T18:06:00Z,2025-11-08T12:06:00Z,44.4,34.9,15.54,16.861,38.993
2025-11-08T18:07:00Z,2025-11-08T12:07:00Z,44.5,34.9,14.781,15.807,30.911
2025-11-08T18:08:00Z,2025-11-08T12:08:00Z,45.1,34.8,14.347,15.837,35.566
2025-11-08T18:09:00Z,2025-11-08T12:09:00Z,44.9,34.8,15.735,16.744,46.38
2025-11-08T18:10:00Z,2025-11-08T12:10:00Z,44.6,34.9,14.549,15.708,26.416
2025-11-08T18:11:00Z,2025-11-08T12:11:00Z,44.8,34.8,14.894,16.045,30.407
2025-11-08T18:12:00Z,2025-11-08T12:12:00Z,45.0,34.8,15.06,16.17,42.148
2025-11-08T18:13:00Z,2025-11-08T12:13:00Z,45.0,34.8,14.778,15.746,35.533
2025-11-08T18:14:00Z,2025-11-08T12:14:00Z,44.9,34.8,14.728,15.991,27.132
2025-11-08T18:15:00Z,2025-11-08T12:15:00Z,45.0,34.8,15.342,16.519,26.979
2025-11-08T18:16:00Z,2025-11-08T12:16:00Z,44.8,34.8,13.66,14.933,27.928
2025-11-08T18:17:00Z,2025-11-08T12:17:00Z,44.3,34.9,14.631,15.693,34.482
2025-11-08T18:18:00Z,2025-11-08T12:18:00Z,44.5,35.1,14.929,16.128,29.541
2025-11-08T18:19:00Z,2025-11-08T12:19:00Z,44.2,35.2,14.893,15.952,24.303
2025-11-08T18:20:00Z,2025-11-08T12:20:00Z,43.8,35.3,15.609,16.752,38.213
2025-11-08T18:21:00Z,2025-11-08T12:21:00Z,43.8,35.5,14.868,16.235,44.066
2025-11-08T18:22:00Z,2025-11-08T12:22:00Z,43.3,35.6,15.493,16.753,42.511
2025-11-08T18:23:00Z,2025-11-08T12:23:00Z,42.7,35.7,14.192,15.385,34.51
2025-11-08T18:24:00Z,2025-11-08T12:24:00Z,42.5,35.8,13.45,14.511,38.631
2025-11-08T18:25:00Z,2025-11-08T12:25:00Z,42.8,35.8,14.748,15.966,39.039
2025-11-08T18:26:00Z,2025-11-08T12:26:00Z,42.9,35.9,13.788,14.882,26.955
2025-11-08T18:27:00Z,2025-11-08T12:27:00Z,42.7,36.0,13.775,14.927,29.083
2025-11-08T18:28:00Z,2025-11-08T12:28:00Z,42.4,36.1,15.265,16.199,43.826
2025-11-08T18:29:00Z,2025-11-08T12:29:00Z,42.5,36.2,15.293,16.456,33.741
2025-11-08T18:30:01Z,2025-11-08T12:30:01Z,42.2,36.3,15.005,16.362,32.695
2025-11-08T18:31:01Z,2025-11-08T12:31:01Z,41.2,36.4,15.091,16.23,28.166
2025-11-08T18:32:01Z,2025-11-08T12:32:01Z,40.9,36.5,14.226,15.262,35.79
2025-11-08T18:33:01Z,2025-11-08T12:33:01Z,40.9,36.6,15.412,16.628,42.752
2025-11-08T18:34:01Z,2025-11-08T12:34:01Z,40.7,36.8,14.227,15.353,28.796
2025-11-08T18:35:01Z,2025-11-08T12:35:01Z,40.5,36.9,14.359,15.695,38.026
2025-11-08T18:36:01Z,2025-11-08T12:36:01Z,40.5,36.9,15.745,16.803,24.175
2025-11-08T18:37:01Z,2025-11-08T12:37:01Z,40.4,37.0,15.633,16.939,30.84
2025-11-08T18:38:01Z,2025-11-08T12:38:01Z,40.6,37.1,14.948,16.177,62.076
2025-11-08T18:39:01Z,2025-11-08T12:39:01Z,40.5,37.2,14.538,15.694,36.875
2025-11-08T18:48:56Z,2025-11-08T12:48:56Z,39.7,37.1,12.392,13.513,40.587
2025-11-08T18:49:41Z,2025-11-08T12:49:41Z,40.0,37.0,14.837,15.76,36.358
2025-11-08T18:50:41Z,2025-11-08T12:50:41Z,40.2,36.9,15.955,17.259,35.827
2025-11-08T18:51:41Z,2025-11-08T12:51:41Z,40.5,36.9,15.671,16.788,41.58
2025-11-08T18:52:41Z,2025-11-08T12:52:41Z,40.7,36.8,14.968,16.16,45.253
2025-11-08T18:53:42Z,2025-11-08T12:53:42Z,40.6,36.8,15.36,16.743,28.556
2025-11-08T18:54:42Z,2025-11-08T12:54:42Z,40.5,36.8,14.962,16.174,47.505
2025-11-08T18:55:42Z,2025-11-08T12:55:42Z,40.3,36.9,15.776,17.072,31.489
2025-11-08T18:56:42Z,2025-11-08T12:56:42Z,40.4,36.9,16.384,17.62,35.559
2025-11-08T18:57:42Z,2025-11-08T12:57:42Z,40.4,36.9,15.034,15.891,20.388
2025-11-08T18:58:42Z,2025-11-08T12:58:42Z,40.5,36.9,15.1,16.17,33.046
2025-11-08T18:59:42Z,2025-11-08T12:59:42Z,40.3,36.9,14.721,15.667,60.292
2025-11-08T19:00:42Z,2025-11-08T13:00:42Z,40.0,36.9,14.444,15.408,44.259
2025-11-08T19:01:42Z,2025-11-08T13:01:42Z,40.3,36.9,16.119,17.124,38.849
2025-11-08T19:02:42Z,2025-11-08T13:02:42Z,40.4,36.9,14.914,16.298,27.221
2025-11-08T19:03:42Z,2025-11-08T13:03:42Z,40.4,36.9,15.127,16.298,28.924
2025-11-08T19:04:42Z,2025-11-08T13:04:42Z,40.5,36.9,15.561,16.612,31.125
2025-11-08T19:05:42Z,2025-11-08T13:05:42Z,40.3,36.8,15.307,16.626,33.776
2025-11-08T19:06:42Z,2025-11-08T13:06:42Z,40.3,36.7,14.319,15.489,27.3
2025-11-08T19:07:42Z,2025-11-08T13:07:42Z,40.5,36.6,14.982,16.274,28.813
2025-11-08T19:08:42Z,2025-11-08T13:08:42Z,40.6,36.5,14.743,15.931,31.912
2025-11-08T19:09:42Z,2025-11-08T13:09:42Z,41.1,36.5,14.433,15.554,27.071
2025-11-08T19:10:42Z,2025-11-08T13:10:42Z,41.0,36.5,15.203,16.395,46.48
2025-11-08T19:11:42Z,2025-11-08T13:11:42Z,41.0,36.5,15.207,16.378,35.541
2025-11-08T19:12:42Z,2025-11-08T13:12:42Z,40.9,36.6,14.846,16.084,27.754
2025-11-08T19:13:42Z,2025-11-08T13:13:42Z,40.6,36.6,15.247,16.003,48.689
2025-11-08T19:14:42Z,2025-11-08T13:14:42Z,40.3,36.7,14.865,15.807,39.175
2025-11-08T19:15:42Z,2025-11-08T13:15:42Z,40.0,36.8,14.769,15.927,24.021
2025-11-08T19:16:43Z,2025-11-08T13:16:43Z,39.7,36.9,14.666,15.727,32.834
2025-11-08T19:17:43Z,2025-11-08T13:17:43Z,39.4,37.0,14.451,15.536,27.595
2025-11-08T19:18:43Z,2025-11-08T13:18:43Z,39.8,37.1,15.06,16.334,42.392
2025-11-08T19:19:43Z,2025-11-08T13:19:43Z,39.8,37.2,15.546,16.493,30.775
2025-11-08T19:20:43Z,2025-11-08T13:20:43Z,39.6,37.3,15.05,15.846,38.492
2025-11-08T19:21:43Z,2025-11-08T13:21:43Z,39.4,37.3,15.156,16.399,30.312
2025-11-08T19:22:43Z,2025-11-08T13:22:43Z,39.9,37.4,16.33,17.427,41.445
2025-11-08T19:23:43Z,2025-11-08T13:23:43Z,39.4,37.5,14.943,16.147,34.496
2025-11-08T19:24:43Z,2025-11-08T13:24:43Z,39.2,37.5,15.012,16.09,33.267
2025-11-08T19:25:43Z,2025-11-08T13:25:43Z,39.2,37.6,15.462,16.666,49.762
2025-11-08T19:26:43Z,2025-11-08T13:26:43Z,39.0,37.6,16.476,17.799,33.303
2025-11-08T19:27:43Z,2025-11-08T13:27:43Z,38.8,37.7,14.615,15.772,55.322
2025-11-08T19:28:43Z,2025-11-08T13:28:43Z,38.6,37.7,14.946,15.902,35.713
2025-11-08T19:29:43Z,2025-11-08T13:29:43Z,39.3,37.7,15.691,16.821,37.536
2025-11-08T19:30:43Z,2025-11-08T13:30:43Z,39.0,37.7,14.078,15.27,30.244
2025-11-08T19:31:43Z,2025-11-08T13:31:43Z,38.7,37.7,15.052,16.074,39.446
2025-11-08T19:32:43Z,2025-11-08T13:32:43Z,39.4,37.7,15.103,16.343,47.671
2025-11-08T19:33:43Z,2025-11-08T13:33:43Z,38.6,37.8,15.289,16.284,36.502
2025-11-08T19:34:43Z,2025-11-08T13:34:43Z,38.3,37.8,15.206,16.528,43.749
2025-11-08T19:35:43Z,2025-11-08T13:35:43Z,38.3,37.8,16.414,17.519,48.379
2025-11-08T19:36:43Z,2025-11-08T13:36:43Z,38.5,37.8,16.241,17.392,21.757
2025-11-08T19:37:43Z,2025-11-08T13:37:43Z,38.8,37.8,15.536,16.46,32.06
2025-11-08T19:38:45Z,2025-11-08T13:38:45Z,38.5,37.8,14.776,15.818,26.647
2025-11-08T19:39:45Z,2025-11-08T13:39:45Z,38.1,37.9,15.401,16.359,39.425
2025-11-08T19:40:45Z,2025-11-08T13:40:45Z,38.2,37.9,14.482,15.601,24.042
2025-11-08T19:41:45Z,2025-11-08T13:41:45Z,37.8,38.0,14.752,15.845,49.694
2025-11-08T19:42:45Z,2025-11-08T13:42:45Z,37.8,38.1,14.768,15.729,34.385
2025-11-08T19:43:45Z,2025-11-08T13:43:45Z,38.0,38.1,15.015,16.294,36.763
2025-11-08T19:44:45Z,2025-11-08T13:44:45Z,38.0,38.2,15.086,16.215,25.851
2025-11-08T19:45:46Z,2025-11-08T13:45:46Z,38.0,38.3,15.771,16.858,35.056
2025-11-08T19:46:46Z,2025-11-08T13:46:46Z,37.9,38.3,15.545,16.598,22.962
2025-11-08T19:47:46Z,2025-11-08T13:47:46Z,37.9,38.4,15.595,16.67,43.968
2025-11-08T19:48:41Z,2025-11-08T13:48:41Z,37.7,38.4,15.999,17.151,24.006
2025-11-08T19:49:41Z,2025-11-08T13:49:41Z,37.3,38.5,14.707,15.748,33.348
2025-11-08T19:50:41Z,2025-11-08T13:50:41Z,37.2,38.5,16.036,17.37,37.282
2025-11-08T19:51:41Z,2025-11-08T13:51:41Z,36.9,38.6,15.501,16.7,27.636
2025-11-08T19:52:41Z,2025-11-08T13:52:41Z,36.7,38.6,15.726,16.781,30.405
2025-11-11T12:57:13Z,2025-11-11T06:57:13Z,70.8,5.3,8.655,18.587,267.053
2025-11-11T12:57:53Z,2025-11-11T06:57:53Z,72.2,5.3,8.4,18.569,247.728
2025-11-11T12:58:53Z,2025-11-11T06:58:53Z,72.5,5.4,8.647,15.586,147.95
2025-11-11T12:59:53Z,2025-11-11T06:59:53Z,71.8,5.5,9.723,15.195,182.704
2025-11-11T13:00:53Z,2025-11-11T07:00:53Z,72.0,5.6,11.13,15.742,61.915
2025-11-12T13:26:29Z,2025-11-12T07:26:29Z,81.8,17.9,9.604,15.016,98.769
2025-11-12T13:27:14Z,2025-11-12T07:27:14Z,81.7,17.9,2.26,7.429,175.81
2025-11-12T13:28:14Z,2025-11-12T07:28:14Z,81.3,18.0,2.275,6.691,153.236
2025-11-12T13:29:14Z,2025-11-12T07:29:14Z,81.0,18.1,2.088,5.121,101.417
2025-11-12T13:30:14Z,2025-11-12T07:30:14Z,80.6,18.3,2.044,7.191,364.973
2025-11-12T13:31:19Z,2025-11-12T07:31:19Z,80.2,18.4,2.508,7.278,317.639
2025-11-12T13:32:19Z,2025-11-12T07:32:19Z,79.7,18.5,2.718,7.629,210.533
2025-11-12T13:33:19Z,2025-11-12T07:33:19Z,79.2,18.6,2.523,6.821,287.481
2025-11-12T13:34:19Z,2025-11-12T07:34:19Z,78.7,18.8,2.425,6.505,208.884
2025-11-12T13:35:19Z,2025-11-12T07:35:19Z,78.3,18.9,2.499,6.278,186.782
2025-11-12T13:36:20Z,2025-11-12T07:36:20Z,77.7,19.0,2.47,6.244,141.744
2025-11-12T13:37:15Z,2025-11-12T07:37:15Z,77.2,19.1,2.316,5.673,133.837
2025-11-12T13:38:15Z,2025-11-12T07:38:15Z,76.7,19.3,2.349,5.814,92.003
2025-11-12T13:39:15Z,2025-11-12T07:39:15Z,76.2,19.4,2.074,5.14,161.517
2025-11-12T13:40:15Z,2025-11-12T07:40:15Z,75.7,19.6,2.327,5.663,143.126
2025-11-12T13:41:15Z,2025-11-12T07:41:15Z,75.1,19.7,2.431,6.587,145.462
2025-11-12T13:42:15Z,2025-11-12T07:42:15Z,74.6,19.9,2.433,6.161,146.0
2025-11-12T13:43:15Z,2025-11-12T07:43:15Z,74.0,20.0,2.188,6.204,125.387
2025-11-12T13:44:15Z,2025-11-12T07:44:15Z,73.5,20.2,2.145,5.659,174.66
2025-11-12T13:45:15Z,2025-11-12T07:45:15Z,72.9,20.4,2.28,5.819,109.479
2025-11-12T13:46:15Z,2025-11-12T07:46:15Z,72.3,20.5,2.221,5.474,90.809
2025-11-12T13:47:15Z,2025-11-12T07:47:15Z,71.7,20.7,2.109,6.261,114.572
2025-11-12T13:48:15Z,2025-11-12T07:48:15Z,71.1,20.9,2.022,5.505,119.529
2025-11-12T13:49:15Z,2025-11-12T07:49:15Z,70.4,21.0,2.022,5.916,153.86
2025-11-12T13:50:15Z,2025-11-12T07:50:15Z,69.9,21.2,1.973,5.365,105.589
2025-11-12T13:51:15Z,2025-11-12T07:51:15Z,69.3,21.3,2.06,5.512,119.22
2025-11-12T13:52:15Z,2025-11-12T07:52:15Z,68.8,21.5,2.391,5.721,127.039
2025-11-12T13:53:15Z,2025-11-12T07:53:15Z,68.2,21.7,2.547,5.947,105.473
2025-11-12T13:54:15Z,2025-11-12T07:54:15Z,67.8,21.8,2.501,5.684,139.368
2025-11-12T13:55:15Z,2025-11-12T07:55:15Z,67.2,22.0,2.45,5.606,105.007
2025-11-12T13:56:15Z,2025-11-12T07:56:15Z,66.6,22.1,2.307,5.728,138.257
2025-11-12T13:57:16Z,2025-11-12T07:57:16Z,66.1,22.3,2.471,6.588,139.215
2025-11-12T13:58:16Z,2025-11-12T07:58:16Z,65.7,22.4,2.383,5.674,149.645
2025-11-12T13:59:16Z,2025-11-12T07:59:16Z,65.2,22.6,2.458,5.835,142.904
2025-11-12T14:00:16Z,2025-11-12T08:00:16Z,64.7,22.7,2.492,5.879,100.771
2025-11-12T14:01:16Z,2025-11-12T08:01:16Z,64.4,22.8,2.576,5.966,159.701
2025-11-12T14:02:16Z,2025-11-12T08:02:16Z,64.1,23.0,2.751,6.487,102.877
2025-11-12T14:03:16Z,2025-11-12T08:03:16Z,63.5,23.1,2.842,6.597,87.685
2025-11-12T14:04:16Z,2025-11-12T08:04:16Z,63.2,23.3,2.841,6.664,132.838
2025-11-12T14:05:16Z,2025-11-12T08:05:16Z,62.6,23.4,3.148,7.572,388.059
2025-11-12T14:06:16Z,2025-11-12T08:06:16Z,62.0,23.6,2.792,6.815,268.703
2025-11-12T14:07:16Z,2025-11-12T08:07:16Z,61.5,23.7,2.485,6.945,264.805
2025-11-12T14:08:16Z,2025-11-12T08:08:16Z,61.6,23.8,2.794,7.758,462.93
2025-11-12T14:09:16Z,2025-11-12T08:09:16Z,61.1,24.0,2.592,7.211,352.859
2025-11-12T14:10:16Z,2025-11-12T08:10:16Z,60.5,24.1,2.667,6.762,156.872
2025-11-12T14:11:16Z,2025-11-12T08:11:16Z,60.0,24.2,2.23,5.304,110.349
2025-11-12T14:12:16Z,2025-11-12T08:12:16Z,59.5,24.4,1.752,5.24,83.122
2025-11-12T14:13:16Z,2025-11-12T08:13:16Z,59.1,24.5,2.351,5.806,63.604
2025-11-12T14:14:16Z,2025-11-12T08:14:16Z,58.8,24.6,4.335,8.031,89.948
2025-11-12T14:15:16Z,2025-11-12T08:15:16Z,58.8,24.7,3.448,6.566,109.02
2025-11-12T14:16:16Z,2025-11-12T08:16:16Z,58.4,24.8,3.455,6.806,166.36
2025-11-12T14:17:16Z,2025-11-12T08:17:16Z,58.2,24.9,3.311,6.318,63.955
2025-11-12T14:18:17Z,2025-11-12T08:18:17Z,57.9,25.0,3.202,6.328,99.702
2025-11-12T14:19:17Z,2025-11-12T08:19:17Z,57.5,25.1,2.802,6.239,118.438
2025-11-12T14:20:17Z,2025-11-12T08:20:17Z,57.6,25.2,2.827,6.171,97.891
2025-11-12T14:21:17Z,2025-11-12T08:21:17Z,57.3,25.3,2.866,6.097,97.892
2025-11-12T14:22:17Z,2025-11-12T08:22:17Z,56.8,25.4,2.402,5.64,103.211
2025-11-12T14:23:17Z,2025-11-12T08:23:17Z,56.4,25.5,2.466,5.551,91.048
2025-11-12T14:24:17Z,2025-11-12T08:24:17Z,56.2,25.6,2.104,4.867,107.387
2025-11-12T14:25:17Z,2025-11-12T08:25:17Z,55.9,25.7,2.255,4.91,73.4
2025-11-12T14:51:43Z,2025-11-12T08:51:43Z,52.5,26.6,1.742,5.342,91.997
2025-11-12T14:52:28Z,2025-11-12T08:52:28Z,52.5,26.6,2.018,4.893,117.3
2025-11-12T14:53:28Z,2025-11-12T08:53:28Z,52.6,26.5,1.951,4.84,61.742
2025-11-12T14:54:28Z,2025-11-12T08:54:28Z,53.0,26.5,1.861,4.921,76.083
2025-11-12T14:55:29Z,2025-11-12T08:55:29Z,53.0,26.4,2.246,5.25,72.447
2025-11-12T15:21:12Z,2025-11-12T09:21:12Z,53.4,26.7,1.848,5.384,100.482
2025-11-12T15:21:57Z,2025-11-12T09:21:57Z,52.8,26.7,1.98,4.808,85.55
2025-11-12T15:22:57Z,2025-11-12T09:22:57Z,52.3,26.7,1.736,4.817,100.784
2025-11-12T15:23:57Z,2025-11-12T09:23:57Z,52.6,26.8,1.933,4.774,104.419
2025-11-12T15:24:57Z,2025-11-12T09:24:57Z,52.4,26.9,1.949,4.868,64.063
2025-11-12T15:48:11Z,2025-11-12T09:48:11Z,49.2,28.3,1.398,4.199,84.992
2025-11-12T15:48:56Z,2025-11-12T09:48:56Z,49.2,28.3,2.07,4.618,97.604
2025-11-12T15:49:56Z,2025-11-12T09:49:56Z,49.0,28.4,2.393,5.087,102.805
2025-11-12T15:50:56Z,2025-11-12T09:50:56Z,49.2,28.4,1.899,4.667,75.807
2025-11-12T15:51:56Z,2025-11-12T09:51:56Z,48.4,28.5,1.488,3.842,60.901
2025-11-12T16:37:07Z,2025-11-12T10:37:07Z,46.3,29.5,1.224,3.381,43.435
2025-11-12T16:37:47Z,2025-11-12T10:37:47Z,46.0,29.5,1.643,4.08,70.55
2025-11-12T16:38:48Z,2025-11-12T10:38:48Z,45.9,29.5,1.464,3.902,37.335
2025-11-12T16:39:48Z,2025-11-12T10:39:48Z,45.6,29.5,1.444,3.772,52.421
2025-11-12T16:40:48Z,2025-11-12T10:40:48Z,45.5,29.5,1.529,3.807,63.009
2025-11-12T16:41:54Z,2025-11-12T10:41:54Z,45.3,29.6,1.522,4.042,40.474
2025-11-12T16:42:54Z,2025-11-12T10:42:54Z,45.5,29.7,1.578,4.014,32.041
2025-11-12T16:43:54Z,2025-11-12T10:43:54Z,45.4,29.8,1.412,4.078,46.161
2025-11-12T16:44:54Z,2025-11-12T10:44:54Z,45.2,29.8,1.509,3.565,19.131
2025-11-12T16:45:54Z,2025-11-12T10:45:54Z,45.0,29.9,1.514,4.0,41.703
2025-11-12T17:25:00Z,2025-11-12T11:25:00Z,36.7,32.3,1.492,3.425,56.824
2025-11-12T17:25:45Z,2025-11-12T11:25:45Z,36.8,32.2,1.458,3.225,28.822
2025-11-12T17:26:45Z,2025-11-12T11:26:45Z,37.6,32.0,1.504,3.431,36.65
2025-11-12T17:27:45Z,2025-11-12T11:27:45Z,37.6,31.9,2.146,4.055,40.223
2025-11-12T17:28:45Z,2025-11-12T11:28:45Z,38.1,31.8,1.842,3.438,16.859
2025-11-12T17:29:45Z,2025-11-12T11:29:45Z,38.6,31.6,1.77,3.613,33.658
2025-11-12T17:30:45Z,2025-11-12T11:30:45Z,38.2,31.6,1.582,3.575,37.77
2025-11-12T17:31:45Z,2025-11-12T11:31:45Z,38.5,31.6,1.47,3.267,45.955
2025-11-12T17:32:45Z,2025-11-12T11:32:45Z,38.3,31.6,1.443,3.089,13.607
2025-11-12T17:33:45Z,2025-11-12T11:33:45Z,38.1,31.7,1.554,2.9,21.544
2025-11-12T18:13:01Z,2025-11-12T12:13:01Z,37.3,31.9,1.581,3.516,14.708
2025-11-12T18:13:46Z,2025-11-12T12:13:46Z,37.2,31.9,2.048,3.627,26.856
2025-11-12T18:14:46Z,2025-11-12T12:14:46Z,37.4,31.9,1.926,3.66,38.151
2025-11-12T18:15:46Z,2025-11-12T12:15:46Z,37.7,32.0,1.908,3.596,17.018
2025-11-12T18:16:46Z,2025-11-12T12:16:46Z,37.7,32.0,1.848,3.381,21.866
2025-11-12T18:17:46Z,2025-11-12T12:17:46Z,37.8,32.0,2.017,3.92,31.763
2025-11-12T18:18:46Z,2025-11-12T12:18:46Z,37.8,32.0,2.177,3.786,24.699
2025-11-12T18:19:46Z,2025-11-12T12:19:46Z,37.1,32.1,1.937,3.732,20.454
2025-11-12T18:20:47Z,2025-11-12T12:20:47Z,37.8,32.1,1.949,3.748,26.341
2025-11-12T18:21:47Z,2025-11-12T12:21:47Z,37.4,32.0,1.795,3.478,25.899
2025-11-12T19:01:51Z,2025-11-12T13:01:51Z,37.3,31.3,2.231,5.253,81.542
2025-11-12T19:02:31Z,2025-11-12T13:02:31Z,36.8,31.2,2.784,5.38,81.88
2025-11-12T19:03:31Z,2025-11-12T13:03:31Z,37.7,31.1,2.997,5.647,43.756
2025-11-12T19:04:31Z,2025-11-12T13:04:31Z,38.1,31.0,3.31,5.956,68.54
2025-11-12T19:05:31Z,2025-11-12T13:05:31Z,38.0,31.0,2.673,4.551,70.879
2025-11-12T19:26:55Z,2025-11-12T13:26:55Z,37.9,31.3,2.955,4.436,34.77
2025-11-12T19:27:40Z,2025-11-12T13:27:40Z,37.9,31.2,3.455,5.104,53.826
2025-11-12T19:28:40Z,2025-11-12T13:28:40Z,37.9,31.1,3.63,5.512,15.249
2025-11-12T19:29:40Z,2025-11-12T13:29:40Z,37.8,31.1,3.891,5.689,35.335
2025-11-12T19:30:40Z,2025-11-12T13:30:40Z,38.2,31.0,3.592,5.459,38.505
2025-11-12T19:31:45Z,2025-11-12T13:31:45Z,38.2,31.0,3.307,4.913,28.851
2025-11-12T19:32:45Z,2025-11-12T13:32:45Z,38.4,31.0,3.286,5.128,36.189
2025-11-12T19:33:45Z,2025-11-12T13:33:45Z,38.6,30.9,3.303,5.004,27.351
2025-11-12T19:34:45Z,2025-11-12T13:34:45Z,38.5,30.9,3.021,4.872,53.608
2025-11-12T19:35:45Z,2025-11-12T13:35:45Z,38.5,30.8,3.186,5.21,15.912
2025-11-13T13:34:49Z,2025-11-13T07:34:49Z,91.9,19.5,4.928,7.769,213.916
2025-11-13T13:35:29Z,2025-11-13T07:35:29Z,92.1,19.5,2.067,6.419,369.842
2025-11-13T13:36:30Z,2025-11-13T07:36:30Z,92.2,19.6,2.331,7.457,204.113
2025-11-13T13:37:30Z,2025-11-13T07:37:30Z,91.7,19.7,2.341,7.732,230.495
2025-11-13T13:38:30Z,2025-11-13T07:38:30Z,91.4,19.8,5.846,10.162,197.261
2025-11-13T13:41:19Z,2025-11-13T07:41:19Z,90.6,20.0,3.053,7.877,256.116
2025-11-13T13:42:04Z,2025-11-13T07:42:04Z,90.3,20.1,2.375,7.673,327.737
2025-11-13T13:43:04Z,2025-11-13T07:43:04Z,90.1,20.2,3.033,6.716,136.786
2025-11-13T13:44:04Z,2025-11-13T07:44:04Z,89.9,20.3,3.094,7.556,204.825
2025-11-13T13:45:04Z,2025-11-13T07:45:04Z,89.1,20.4,3.175,7.478,121.674
2025-11-13T13:46:09Z,2025-11-13T07:46:09Z,88.7,20.5,2.965,6.684,135.47
2025-11-13T13:47:09Z,2025-11-13T07:47:09Z,88.2,20.7,2.964,6.888,107.891
2025-11-13T13:48:04Z,2025-11-13T07:48:04Z,87.8,20.8,3.025,7.713,147.85
2025-11-13T13:49:04Z,2025-11-13T07:49:04Z,87.3,20.9,3.012,7.106,119.377
2025-11-13T13:50:04Z,2025-11-13T07:50:04Z,86.5,21.0,3.214,7.049,160.277
2025-11-13T17:38:14Z,2025-11-13T11:38:14Z,43.6,31.9,1.807,4.442,104.823
2025-11-13T17:38:59Z,2025-11-13T11:38:59Z,43.0,31.9,2.558,4.638,42.086
2025-11-13T17:40:00Z,2025-11-13T11:40:00Z,42.2,31.9,2.02,4.305,51.68
2025-11-13T17:41:00Z,2025-11-13T11:41:00Z,42.4,31.8,2.195,3.9,55.055
2025-11-13T17:42:00Z,2025-11-13T11:42:00Z,42.8,31.7,2.17,4.447,60.263
2025-11-13T17:43:05Z,2025-11-13T11:43:05Z,43.3,31.7,2.252,4.675,26.501
2025-11-13T17:44:05Z,2025-11-13T11:44:05Z,42.7,31.8,2.202,4.352,41.198
2025-11-13T17:45:05Z,2025-11-13T11:45:05Z,42.3,31.8,2.024,3.613,12.801
2025-11-13T17:46:05Z,2025-11-13T11:46:05Z,41.9,31.9,2.144,3.932,25.171
2025-11-13T17:47:05Z,2025-11-13T11:47:05Z,42.1,32.1,2.059,4.152,54.944
2025-11-13T17:48:05Z,2025-11-13T11:48:05Z,41.5,32.2,2.322,4.198,30.869
2025-11-13T17:49:05Z,2025-11-13T11:49:05Z,40.8,32.4,2.287,4.373,42.1
2025-11-13T17:50:06Z,2025-11-13T11:50:06Z,40.8,32.6,1.708,3.431,73.345
2025-11-13T17:51:06Z,2025-11-13T11:51:06Z,40.3,32.7,2.404,4.39,55.814
2025-11-13T17:52:06Z,2025-11-13T11:52:06Z,39.9,32.9,1.972,4.152,40.897
2025-11-13T17:53:06Z,2025-11-13T11:53:06Z,39.6,33.0,1.996,4.31,20.153
2025-11-13T17:54:06Z,2025-11-13T11:54:06Z,39.8,33.1,1.974,3.616,24.334
2025-11-13T17:55:06Z,2025-11-13T11:55:06Z,40.4,33.3,2.018,3.723,49.316
2025-11-13T17:56:06Z,2025-11-13T11:56:06Z,39.1,33.5,1.536,3.639,31.591
2025-11-13T17:57:06Z,2025-11-13T11:57:06Z,38.5,33.7,2.048,4.797,24.694
2025-11-13T17:58:06Z,2025-11-13T11:58:06Z,37.9,33.8,1.921,3.719,59.767
2025-11-13T17:59:06Z,2025-11-13T11:59:06Z,37.9,33.9,2.383,5.108,105.235
2025-11-13T18:00:06Z,2025-11-13T12:00:06Z,37.8,34.0,1.728,3.411,80.152
2025-11-13T18:01:06Z,2025-11-13T12:01:06Z,38.2,34.0,1.698,4.351,78.276
2025-11-13T18:02:06Z,2025-11-13T12:02:06Z,38.1,34.1,2.966,6.246,115.955
2025-11-13T18:03:06Z,2025-11-13T12:03:06Z,37.7,34.2,2.06,4.928,123.157
2025-11-13T18:04:06Z,2025-11-13T12:04:06Z,37.3,34.3,2.351,4.159,48.294
2025-11-13T18:05:06Z,2025-11-13T12:05:06Z,37.6,34.4,2.653,5.084,52.182
2025-11-13T18:06:06Z,2025-11-13T12:06:06Z,36.8,34.4,2.936,4.69,29.636
2025-11-13T18:07:06Z,2025-11-13T12:07:06Z,36.6,34.4,2.309,4.057,30.709
2025-11-13T18:28:57Z,2025-11-13T12:28:57Z,38.1,33.2,1.652,3.969,37.86
2025-11-13T18:29:37Z,2025-11-13T12:29:37Z,37.8,33.2,2.253,3.97,27.128
2025-11-13T18:30:37Z,2025-11-13T12:30:37Z,38.1,33.3,2.03,4.061,36.928
2025-11-13T18:31:37Z,2025-11-13T12:31:37Z,37.9,33.3,1.969,4.072,54.65
2025-11-13T18:32:37Z,2025-11-13T12:32:37Z,37.8,33.3,2.061,3.948,40.155
2025-11-13T18:33:43Z,2025-11-13T12:33:43Z,37.6,33.4,2.19,3.764,18.563
2025-11-13T18:34:43Z,2025-11-13T12:34:43Z,37.1,33.4,2.245,3.825,43.23
2025-11-13T18:35:43Z,2025-11-13T12:35:43Z,37.2,33.4,2.166,4.118,35.764
2025-11-13T18:36:43Z,2025-11-13T12:36:43Z,37.1,33.3,2.075,4.194,34.262
2025-11-13T18:37:43Z,2025-11-13T12:37:43Z,37.1,33.3,2.364,4.459,42.957
2025-11-13T18:38:43Z,2025-11-13T12:38:43Z,37.4,33.2,2.242,4.264,78.935
2025-11-13T18:39:43Z,2025-11-13T12:39:43Z,37.1,33.1,2.192,4.15,28.682
2025-11-13T18:40:44Z,2025-11-13T12:40:44Z,37.6,33.1,2.233,4.237,14.081
2025-11-13T18:41:44Z,2025-11-13T12:41:44Z,37.7,33.0,2.025,4.225,24.294
2025-11-13T18:42:44Z,2025-11-13T12:42:44Z,38.3,32.9,1.963,3.64,18.281
2025-11-13T18:43:44Z,2025-11-13T12:43:44Z,38.7,32.8,1.883,3.679,29.887
2025-11-13T18:44:44Z,2025-11-13T12:44:44Z,38.4,32.7,1.792,3.769,36.45
2025-11-13T18:45:44Z,2025-11-13T12:45:44Z,39.1,32.7,1.91,4.114,38.174
2025-11-13T18:46:44Z,2025-11-13T12:46:44Z,39.3,32.6,1.889,8.127,142.958
2025-11-13T18:47:44Z,2025-11-13T12:47:44Z,39.1,32.5,2.014,5.603,62.92
2025-11-13T18:48:44Z,2025-11-13T12:48:44Z,39.7,32.5,1.798,3.929,34.245
2025-11-13T18:49:44Z,2025-11-13T12:49:44Z,39.2,32.4,1.966,3.972,27.393
2025-11-13T18:50:44Z,2025-11-13T12:50:44Z,39.4,32.4,1.859,3.706,21.934
2025-11-13T18:51:44Z,2025-11-13T12:51:44Z,38.6,32.4,1.623,3.649,17.372
2025-11-13T18:52:44Z,2025-11-13T12:52:44Z,39.0,32.5,1.604,3.41,26.583
2025-11-13T18:53:44Z,2025-11-13T12:53:44Z,39.4,32.6,1.688,3.952,36.273
2025-11-13T18:54:44Z,2025-11-13T12:54:44Z,38.8,32.7,1.489,3.782,22.318
2025-11-13T18:55:44Z,2025-11-13T12:55:44Z,38.9,32.8,1.958,4.213,96.172
2025-11-13T18:56:44Z,2025-11-13T12:56:44Z,38.6,32.9,1.947,3.959,40.247
2025-11-13T18:57:44Z,2025-11-13T12:57:44Z,38.3,32.9,1.976,4.044,12.62
2025-11-13T19:10:18Z,2025-11-13T13:10:18Z,37.8,33.4,0.933,3.363,31.077
2025-11-13T19:11:03Z,2025-11-13T13:11:03Z,37.3,33.4,1.752,3.409,53.242
2025-11-13T19:12:03Z,2025-11-13T13:12:03Z,36.8,33.4,1.879,3.603,33.407
2025-11-13T19:13:03Z,2025-11-13T13:13:03Z,36.6,33.5,1.812,3.665,10.233
2025-11-13T19:14:03Z,2025-11-13T13:14:03Z,36.9,33.5,1.917,3.77,34.579
2025-11-13T19:15:08Z,2025-11-13T13:15:08Z,37.4,33.6,1.723,3.7,13.838
2025-11-13T19:16:08Z,2025-11-13T13:16:08Z,37.3,33.7,1.645,4.024,50.296
2025-11-13T19:17:08Z,2025-11-13T13:17:08Z,37.3,33.8,1.265,3.005,26.929
2025-11-13T19:18:08Z,2025-11-13T13:18:08Z,37.1,34.0,1.789,4.165,77.534
2025-11-13T19:19:08Z,2025-11-13T13:19:08Z,36.1,34.1,1.829,3.59,36.229
2025-11-13T19:20:08Z,2025-11-13T13:20:08Z,34.9,34.2,1.599,3.079,30.934
2025-11-13T19:21:08Z,2025-11-13T13:21:08Z,34.5,34.3,1.789,3.445,27.039
2025-11-13T19:22:09Z,2025-11-13T13:22:09Z,35.1,34.3,1.497,3.097,14.021
2025-11-13T19:23:09Z,2025-11-13T13:23:09Z,35.8,34.3,1.843,3.632,34.559
2025-11-13T19:24:09Z,2025-11-13T13:24:09Z,35.8,34.3,1.541,3.33,21.15
2025-11-13T19:25:09Z,2025-11-13T13:25:09Z,36.1,34.3,1.536,3.219,35.633
2025-11-13T19:26:09Z,2025-11-13T13:26:09Z,36.4,34.3,1.883,3.736,18.5
2025-11-13T19:27:09Z,2025-11-13T13:27:09Z,36.2,34.3,1.645,3.107,18.836
2025-11-13T19:28:09Z,2025-11-13T13:28:09Z,36.8,34.3,1.533,3.398,18.898
2025-11-13T19:29:09Z,2025-11-13T13:29:09Z,37.1,34.3,1.519,3.387,36.02
2025-11-13T19:30:09Z,2025-11-13T13:30:09Z,37.0,34.4,1.659,5.063,103.601
2025-11-13T19:31:09Z,2025-11-13T13:31:09Z,36.7,34.5,1.587,8.151,124.397
2025-11-13T19:32:09Z,2025-11-13T13:32:09Z,36.2,34.6,1.008,4.533,111.346
2025-11-13T19:33:09Z,2025-11-13T13:33:09Z,35.7,34.7,1.176,2.925,27.876
2025-11-13T19:34:09Z,2025-11-13T13:34:09Z,35.7,34.7,1.42,4.193,43.354
2025-11-13T20:13:17Z,2025-11-13T14:13:17Z,35.5,35.1,1.398,3.561,62.758
2025-11-13T20:14:02Z,2025-11-13T14:14:02Z,35.1,34.9,1.504,3.221,27.165
2025-11-13T20:15:02Z,2025-11-13T14:15:02Z,35.2,34.8,1.856,4.055,42.539
2025-11-13T20:16:02Z,2025-11-13T14:16:02Z,35.2,34.7,1.733,3.658,29.446
2025-11-13T20:17:02Z,2025-11-13T14:17:02Z,35.8,34.6,1.682,3.623,40.012
2025-11-13T20:18:02Z,2025-11-13T14:18:02Z,35.6,34.6,1.821,3.814,84.801
2025-11-13T20:19:02Z,2025-11-13T14:19:02Z,35.4,34.5,1.677,3.865,52.216
2025-11-13T20:20:02Z,2025-11-13T14:20:02Z,35.4,34.5,1.425,2.809,13.771
2025-11-13T20:21:02Z,2025-11-13T14:21:02Z,35.2,34.5,1.571,3.127,43.642
2025-11-13T20:22:02Z,2025-11-13T14:22:02Z,34.9,34.5,1.546,2.971,18.668
2025-11-13T20:23:02Z,2025-11-13T14:23:02Z,35.4,34.5,1.577,3.09,59.156
2025-11-13T20:24:02Z,2025-11-13T14:24:02Z,35.6,34.6,1.725,3.986,77.195
2025-11-13T20:25:03Z,2025-11-13T14:25:03Z,35.0,34.6,1.463,3.222,31.678
2025-11-13T20:26:03Z,2025-11-13T14:26:03Z,35.1,34.6,0.957,3.326,68.502
2025-11-13T20:27:03Z,2025-11-13T14:27:03Z,35.0,34.6,1.216,2.991,46.928
2025-11-13T20:28:03Z,2025-11-13T14:28:03Z,35.1,34.6,0.917,2.81,23.609
2025-11-13T20:29:03Z,2025-11-13T14:29:03Z,35.0,34.7,1.243,2.988,21.668
2025-11-13T20:30:03Z,2025-11-13T14:30:03Z,35.4,34.7,1.837,4.352,71.011
2025-11-13T20:31:03Z,2025-11-13T14:31:03Z,34.9,34.7,1.005,3.798,183.239
2025-11-13T20:32:03Z,2025-11-13T14:32:03Z,34.9,34.7,1.281,3.256,60.284
2025-11-13T20:33:03Z,2025-11-13T14:33:03Z,35.2,34.7,1.931,5.169,220.803
2025-11-13T20:34:03Z,2025-11-13T14:34:03Z,35.6,34.7,1.315,4.131,134.972
2025-11-13T20:35:03Z,2025-11-13T14:35:03Z,35.7,34.7,1.83,4.924,83.102
2025-11-13T20:36:03Z,2025-11-13T14:36:03Z,35.7,34.7,1.571,4.928,177.084
2025-11-13T20:37:03Z,2025-11-13T14:37:03Z,35.0,34.7,1.665,4.741,91.435
2025-11-13T20:38:03Z,2025-11-13T14:38:03Z,35.4,34.7,1.514,3.832,69.558
2025-11-13T20:39:03Z,2025-11-13T14:39:03Z,35.0,34.7,1.171,3.281,55.26
2025-11-13T20:40:03Z,2025-11-13T14:40:03Z,35.0,34.7,1.444,5.014,117.858
2025-11-13T20:41:03Z,2025-11-13T14:41:03Z,34.5,34.7,0.947,3.413,63.218
2025-11-13T20:42:03Z,2025-11-13T14:42:03Z,34.4,34.8,0.901,3.168,40.975
2025-11-13T20:43:03Z,2025-11-13T14:43:03Z,34.9,34.8,1.189,3.673,72.814
2025-11-13T20:44:03Z,2025-11-13T14:44:03Z,35.2,34.8,1.123,3.996,86.864
2025-11-13T20:45:03Z,2025-11-13T14:45:03Z,34.7,34.8,1.486,3.28,51.928
2025-11-13T20:46:03Z,2025-11-13T14:46:03Z,34.7,34.7,1.74,3.37,19.232
2025-11-13T20:47:03Z,2025-11-13T14:47:03Z,34.8,34.7,1.505,3.113,14.953
2025-11-13T20:48:05Z,2025-11-13T14:48:05Z,34.5,34.7,1.625,3.405,28.559
2025-11-13T20:49:05Z,2025-11-13T14:49:05Z,35.0,34.6,1.614,3.611,32.108
2025-11-13T20:50:05Z,2025-11-13T14:50:05Z,35.7,34.6,1.661,3.714,47.719
2025-11-13T20:51:05Z,2025-11-13T14:51:05Z,35.7,34.5,1.04,2.919,75.066
2025-11-13T20:52:05Z,2025-11-13T14:52:05Z,35.5,34.5,1.451,3.433,12.261
2025-11-13T20:53:05Z,2025-11-13T14:53:05Z,35.4,34.5,1.567,3.455,16.822
2025-11-13T20:54:06Z,2025-11-13T14:54:06Z,35.5,34.4,1.525,3.296,36.284
2025-11-13T20:55:06Z,2025-11-13T14:55:06Z,35.5,34.4,1.225,2.538,19.951
2025-11-13T20:56:06Z,2025-11-13T14:56:06Z,35.4,34.3,1.552,3.055,15.254
2025-11-13T20:57:06Z,2025-11-13T14:57:06Z,35.6,34.3,1.519,3.354,35.3
2025-11-13T20:58:06Z,2025-11-13T14:58:06Z,35.5,34.2,1.527,3.297,25.259
2025-11-13T20:59:06Z,2025-11-13T14:59:06Z,35.7,34.2,1.483,2.839,13.939
2025-11-13T21:00:06Z,2025-11-13T15:00:06Z,35.6,34.2,1.561,3.445,11.46
2025-11-13T21:01:06Z,2025-11-13T15:01:06Z,35.5,34.1,1.181,2.573,29.318
2025-11-13T21:02:06Z,2025-11-13T15:02:06Z,36.2,34.0,1.5,3.342,18.943
2025-11-13T21:03:06Z,2025-11-13T15:03:06Z,36.5,34.0,1.324,3.91,56.844
2025-11-13T21:04:06Z,2025-11-13T15:04:06Z,36.2,34.0,1.609,3.301,33.352
2025-11-13T21:05:06Z,2025-11-13T15:05:06Z,36.5,33.9,1.372,3.441,21.967
2025-11-13T21:06:06Z,2025-11-13T15:06:06Z,36.6,33.9,1.557,3.368,15.067
2025-11-13T21:07:06Z,2025-11-13T15:07:06Z,36.3,33.8,1.637,3.494,26.043
2025-11-13T21:08:06Z,2025-11-13T15:08:06Z,36.8,33.8,1.395,3.013,48.837
2025-11-13T21:09:06Z,2025-11-13T15:09:06Z,36.5,33.7,1.73,3.197,25.064
2025-11-13T21:10:06Z,2025-11-13T15:10:06Z,36.6,33.7,1.451,3.143,28.358
2025-11-13T21:11:06Z,2025-11-13T15:11:06Z,36.6,33.6,1.67,3.288,32.548
2025-11-13T21:12:06Z,2025-11-13T15:12:06Z,36.4,33.6,1.472,3.622,47.367
2025-11-13T21:13:06Z,2025-11-13T15:13:06Z,36.8,33.5,1.456,3.787,41.844
2025-11-13T21:14:06Z,2025-11-13T15:14:06Z,36.7,33.5,1.184,3.074,21.907
2025-11-13T21:15:06Z,2025-11-13T15:15:06Z,37.1,33.4,1.528,3.024,38.405
2025-11-13T21:16:06Z,2025-11-13T15:16:06Z,37.3,33.4,1.449,3.1,52.565
2025-11-13T21:17:06Z,2025-11-13T15:17:06Z,37.2,33.3,1.398,2.718,63.652
2025-11-14T15:43:02Z,2025-11-14T09:43:02Z,50.2,30.3,2.201,3.995,58.498
2025-11-14T15:43:47Z,2025-11-14T09:43:47Z,50.6,30.3,1.683,3.44,81.53
2025-11-14T15:44:47Z,2025-11-14T09:44:47Z,50.4,30.3,1.823,4.013,54.932
2025-11-14T15:45:47Z,2025-11-14T09:45:47Z,49.9,30.2,1.565,3.5,37.7
2025-11-14T15:46:47Z,2025-11-14T09:46:47Z,49.9,30.2,1.362,3.292,49.566
2025-11-14T15:47:47Z,2025-11-14T09:47:47Z,50.0,30.2,1.541,3.369,42.953
2025-11-14T15:48:47Z,2025-11-14T09:48:47Z,50.1,30.3,1.682,3.834,73.526
2025-11-14T15:49:47Z,2025-11-14T09:49:47Z,50.0,30.3,1.492,3.504,55.622
2025-11-14T15:50:47Z,2025-11-14T09:50:47Z,49.4,30.4,1.412,3.388,30.501
2025-11-14T15:51:47Z,2025-11-14T09:51:47Z,49.0,30.5,1.29,2.807,31.752
2025-11-14T15:52:47Z,2025-11-14T09:52:47Z,49.1,30.5,1.527,3.421,28.205
2025-11-14T15:53:47Z,2025-11-14T09:53:47Z,48.8,30.6,1.363,3.718,31.624
2025-11-14T15:54:47Z,2025-11-14T09:54:47Z,48.4,30.6,1.633,3.766,22.356
2025-11-14T15:55:47Z,2025-11-14T09:55:47Z,48.2,30.7,1.149,3.235,10.978
2025-11-14T15:56:47Z,2025-11-14T09:56:47Z,48.3,30.7,1.24,3.366,27.093
2025-11-14T15:57:47Z,2025-11-14T09:57:47Z,48.5,30.7,1.588,3.782,36.221
2025-11-14T15:58:47Z,2025-11-14T09:58:47Z,48.1,30.8,1.36,2.78,24.383
2025-11-14T15:59:47Z,2025-11-14T09:59:47Z,48.2,30.9,1.564,3.613,32.041
2025-11-14T16:00:47Z,2025-11-14T10:00:47Z,48.0,30.9,1.552,3.37,22.283
2025-11-14T16:01:47Z,2025-11-14T10:01:47Z,47.7,31.0,1.515,3.339,26.801
2025-11-14T16:02:47Z,2025-11-14T10:02:47Z,47.5,31.0,1.466,3.139,41.327
2025-11-14T16:03:48Z,2025-11-14T10:03:48Z,47.3,31.1,1.617,3.39,19.906
2025-11-14T16:04:48Z,2025-11-14T10:04:48Z,46.7,31.1,1.512,3.122,37.888
2025-11-14T16:05:48Z,2025-11-14T10:05:48Z,47.1,31.2,1.296,3.01,50.718
2025-11-14T16:06:48Z,2025-11-14T10:06:48Z,47.0,31.2,1.789,3.634,23.732
2025-11-14T16:07:48Z,2025-11-14T10:07:48Z,47.1,31.3,1.383,3.138,12.573
2025-11-14T16:08:48Z,2025-11-14T10:08:48Z,46.8,31.4,1.791,3.854,42.293
2025-11-14T16:09:48Z,2025-11-14T10:09:48Z,46.9,31.4,1.629,3.043,17.413
2025-11-14T16:10:48Z,2025-11-14T10:10:48Z,47.3,31.5,1.749,3.783,31.454
2025-11-14T16:11:48Z,2025-11-14T10:11:48Z,47.0,31.6,1.777,4.032,39.287
2025-11-14T16:32:39Z,2025-11-14T10:32:39Z,41.0,32.6,1.099,2.859,19.674
2025-11-14T16:33:25Z,2025-11-14T10:33:25Z,40.7,32.5,1.266,2.565,10.775
2025-11-14T16:34:25Z,2025-11-14T10:34:25Z,40.7,32.4,1.139,2.439,10.915
2025-11-14T16:35:25Z,2025-11-14T10:35:25Z,41.5,32.2,1.189,2.313,20.779
2025-11-14T16:36:25Z,2025-11-14T10:36:25Z,41.8,32.1,1.063,2.311,17.803
2025-11-14T16:37:25Z,2025-11-14T10:37:25Z,41.3,32.1,0.982,2.222,14.173
2025-11-14T16:38:25Z,2025-11-14T10:38:25Z,41.7,32.1,1.216,2.499,12.993
2025-11-14T16:39:25Z,2025-11-14T10:39:25Z,41.1,32.1,1.182,2.566,16.825
2025-11-14T16:40:25Z,2025-11-14T10:40:25Z,41.3,32.1,1.192,2.37,51.737
2025-11-14T16:41:25Z,2025-11-14T10:41:25Z,41.2,32.2,1.132,2.449,22.724
2025-11-14T16:42:25Z,2025-11-14T10:42:25Z,40.2,32.2,1.175,2.42,23.636
2025-11-14T16:43:25Z,2025-11-14T10:43:25Z,40.7,32.2,1.3,2.602,11.209
2025-11-14T16:44:25Z,2025-11-14T10:44:25Z,40.5,32.3,2.985,4.142,18.485
2025-11-14T16:45:25Z,2025-11-14T10:45:25Z,40.5,32.3,1.129,2.64,22.459
2025-11-14T16:46:25Z,2025-11-14T10:46:25Z,40.4,32.2,1.215,2.639,5.954
2025-11-14T16:47:25Z,2025-11-14T10:47:25Z,40.9,32.2,1.447,2.747,10.687
2025-11-14T16:48:25Z,2025-11-14T10:48:25Z,41.4,32.1,1.124,2.53,21.256
2025-11-14T16:49:25Z,2025-11-14T10:49:25Z,41.4,32.1,1.157,2.173,10.963
2025-11-14T16:50:25Z,2025-11-14T10:50:25Z,41.3,32.1,1.209,2.52,26.196
2025-11-14T16:51:25Z,2025-11-14T10:51:25Z,40.5,32.2,1.342,2.575,24.163
2025-11-14T16:52:25Z,2025-11-14T10:52:25Z,40.2,32.2,1.23,2.356,16.578
2025-11-14T16:53:25Z,2025-11-14T10:53:25Z,40.4,32.2,1.043,2.346,18.155
2025-11-14T16:54:25Z,2025-11-14T10:54:25Z,40.6,32.2,1.22,2.348,16.177
2025-11-14T16:55:25Z,2025-11-14T10:55:25Z,40.4,32.2,1.184,2.573,14.589
2025-11-14T16:56:26Z,2025-11-14T10:56:26Z,40.6,32.3,1.209,2.423,11.613
2025-11-14T16:57:26Z,2025-11-14T10:57:26Z,40.5,32.4,1.164,2.41,12.311
2025-11-14T16:58:26Z,2025-11-14T10:58:26Z,40.3,32.5,1.171,2.683,18.101
2025-11-14T16:59:26Z,2025-11-14T10:59:26Z,39.5,32.7,1.124,2.287,11.737
2025-11-14T17:00:26Z,2025-11-14T11:00:26Z,39.4,32.8,1.061,2.356,10.092
2025-11-14T17:01:26Z,2025-11-14T11:01:26Z,39.3,32.8,1.154,2.261,17.483
2025-11-14T17:02:26Z,2025-11-14T11:02:26Z,39.2,32.9,1.368,2.854,18.696
2025-11-14T17:03:26Z,2025-11-14T11:03:26Z,38.8,33.0,1.231,2.932,20.406
2025-11-14T17:04:26Z,2025-11-14T11:04:26Z,38.5,33.0,1.11,2.793,22.479
2025-11-14T17:05:26Z,2025-11-14T11:05:26Z,38.9,33.1,1.311,2.807,17.706
2025-11-14T17:06:26Z,2025-11-14T11:06:26Z,38.7,33.1,0.928,1.938,22.552
2025-11-14T17:07:26Z,2025-11-14T11:07:26Z,38.6,33.1,1.239,2.432,15.864
2025-11-14T17:08:26Z,2025-11-14T11:08:26Z,39.1,33.1,1.337,2.505,14.067
2025-11-14T17:09:26Z,2025-11-14T11:09:26Z,39.0,33.0,1.328,2.632,23.775
2025-11-14T17:10:26Z,2025-11-14T11:10:26Z,39.4,33.0,1.395,2.605,10.608
2025-11-14T17:11:26Z,2025-11-14T11:11:26Z,39.1,33.0,1.376,2.561,10.881
2025-11-14T17:12:26Z,2025-11-14T11:12:26Z,39.3,32.9,1.319,2.461,25.282
2025-11-14T17:13:26Z,2025-11-14T11:13:26Z,38.9,32.9,1.348,2.68,12.627
2025-11-14T17:14:26Z,2025-11-14T11:14:26Z,39.4,32.9,1.108,2.633,8.27
2025-11-14T17:15:26Z,2025-11-14T11:15:26Z,39.1,32.8,1.35,2.795,18.564
2025-11-14T17:16:26Z,2025-11-14T11:16:26Z,39.1,32.8,1.29,2.736,18.062
2025-11-14T17:17:26Z,2025-11-14T11:17:26Z,39.0,32.8,1.408,2.824,16.671
2025-11-14T17:18:26Z,2025-11-14T11:18:26Z,39.1,32.9,1.236,2.596,9.193
2025-11-14T17:19:26Z,2025-11-14T11:19:26Z,39.1,32.9,1.164,2.54,11.619
2025-11-14T17:20:26Z,2025-11-14T11:20:26Z,38.3,33.0,1.124,2.298,21.245
2025-11-14T17:21:27Z,2025-11-14T11:21:27Z,38.0,33.1,1.234,2.537,12.427
2025-11-14T17:22:28Z,2025-11-14T11:22:28Z,38.7,33.2,1.056,2.55,11.177
2025-11-14T17:23:28Z,2025-11-14T11:23:28Z,38.9,33.3,1.414,2.737,7.69
2025-11-14T17:24:28Z,2025-11-14T11:24:28Z,38.6,33.4,1.214,2.584,7.676
2025-11-14T17:25:28Z,2025-11-14T11:25:28Z,38.0,33.4,1.406,2.886,8.539
2025-11-14T17:26:28Z,2025-11-14T11:26:28Z,37.6,33.5,1.294,2.78,6.716
2025-11-14T17:27:29Z,2025-11-14T11:27:29Z,37.3,33.6,1.213,2.733,19.003
2025-11-14T17:28:29Z,2025-11-14T11:28:29Z,36.3,33.7,0.962,2.355,6.527
2025-11-14T17:29:29Z,2025-11-14T11:29:29Z,36.4,33.8,1.369,2.59,11.998
2025-11-14T17:30:29Z,2025-11-14T11:30:29Z,36.7,33.8,1.266,2.629,19.391
2025-11-14T17:31:29Z,2025-11-14T11:31:29Z,36.0,33.9,1.236,2.508,16.981
2025-11-14T17:32:29Z,2025-11-14T11:32:29Z,36.6,34.0,1.329,2.665,19.291
2025-11-14T17:33:29Z,2025-11-14T11:33:29Z,36.1,34.1,1.231,2.674,12.77
2025-11-14T17:34:29Z,2025-11-14T11:34:29Z,35.7,34.1,1.444,2.586,34.171
2025-11-14T17:35:29Z,2025-11-14T11:35:29Z,35.7,34.1,1.251,2.297,18.576
2025-11-14T17:36:29Z,2025-11-14T11:36:29Z,35.9,34.1,1.283,2.628,16.175
2025-11-14T17:37:29Z,2025-11-14T11:37:29Z,36.0,34.0,1.133,2.032,27.375
2025-11-14T17:38:29Z,2025-11-14T11:38:29Z,36.0,34.0,1.352,2.486,19.497
2025-11-14T17:39:29Z,2025-11-14T11:39:29Z,36.4,33.9,1.315,2.634,9.939
2025-11-14T17:40:29Z,2025-11-14T11:40:29Z,36.2,33.9,1.201,2.292,16.592
2025-11-14T17:41:29Z,2025-11-14T11:41:29Z,36.0,34.0,1.307,2.599,11.086
2025-11-14T18:00:57Z,2025-11-14T12:00:57Z,33.3,35.2,1.593,2.636,32.44
2025-11-14T18:01:42Z,2025-11-14T12:01:42Z,33.5,35.2,1.338,2.371,6.92
2025-11-14T18:02:42Z,2025-11-14T12:02:42Z,33.4,35.1,1.261,2.287,10.279
2025-11-14T18:03:42Z,2025-11-14T12:03:42Z,33.7,35.0,1.081,1.934,25.222
2025-11-14T18:04:42Z,2025-11-14T12:04:42Z,33.8,35.0,1.203,2.275,23.274
2025-11-14T18:05:48Z,2025-11-14T12:05:48Z,34.4,34.9,1.187,2.647,45.602
2025-11-14T18:06:48Z,2025-11-14T12:06:48Z,34.0,34.9,1.205,2.484,18.196
2025-11-14T18:07:48Z,2025-11-14T12:07:48Z,33.9,34.9,1.081,2.383,10.517
2025-11-14T18:08:48Z,2025-11-14T12:08:48Z,33.8,34.9,1.18,2.059,23.533
2025-11-14T18:09:48Z,2025-11-14T12:09:48Z,33.4,35.0,1.233,2.411,9.786
2025-11-14T18:10:48Z,2025-11-14T12:10:48Z,33.1,35.1,1.189,2.241,23.588
2025-11-14T18:11:48Z,2025-11-14T12:11:48Z,33.3,35.1,1.263,2.081,9.961
2025-11-14T18:12:49Z,2025-11-14T12:12:49Z,33.2,35.2,1.198,2.5,11.119
2025-11-14T18:13:44Z,2025-11-14T12:13:44Z,33.0,35.3,1.082,1.99,19.555
2025-11-14T18:14:44Z,2025-11-14T12:14:44Z,33.1,35.4,1.282,2.411,6.665
2025-11-14T18:15:44Z,2025-11-14T12:15:44Z,32.6,35.5,1.154,2.387,21.641
2025-11-14T18:16:44Z,2025-11-14T12:16:44Z,32.3,35.6,1.354,2.49,67.538
2025-11-14T18:17:44Z,2025-11-14T12:17:44Z,33.1,35.7,1.336,3.049,58.707
2025-11-14T18:18:44Z,2025-11-14T12:18:44Z,32.2,35.8,1.39,2.846,22.263
2025-11-14T18:19:44Z,2025-11-14T12:19:44Z,30.7,35.9,1.167,2.236,10.692
2025-11-14T18:20:44Z,2025-11-14T12:20:44Z,30.8,35.9,0.919,2.105,10.797
2025-11-14T18:21:44Z,2025-11-14T12:21:44Z,30.7,35.9,0.967,1.779,17.507
2025-11-14T18:22:44Z,2025-11-14T12:22:44Z,30.4,35.9,0.995,2.043,22.738
2025-11-14T18:23:44Z,2025-11-14T12:23:44Z,30.0,35.9,1.112,2.268,10.303
2025-11-14T18:24:44Z,2025-11-14T12:24:44Z,31.1,35.9,1.131,2.523,30.463
2025-11-14T18:25:44Z,2025-11-14T12:25:44Z,31.5,35.9,1.226,2.84,91.363
2025-11-14T18:26:44Z,2025-11-14T12:26:44Z,31.0,35.9,1.144,2.952,80.197
2025-11-14T18:27:44Z,2025-11-14T12:27:44Z,31.2,35.9,1.07,2.018,54.765
2025-11-14T18:28:44Z,2025-11-14T12:28:44Z,31.3,35.9,1.359,2.105,36.168
2025-11-14T18:29:44Z,2025-11-14T12:29:44Z,31.8,35.9,1.124,2.301,13.009
2025-11-14T18:30:44Z,2025-11-14T12:30:44Z,32.3,35.9,1.591,3.067,98.565
2025-11-14T18:31:44Z,2025-11-14T12:31:44Z,32.1,35.9,1.378,3.226,88.368
2025-11-14T18:32:44Z,2025-11-14T12:32:44Z,32.2,35.9,1.362,2.891,42.315
2025-11-14T18:33:45Z,2025-11-14T12:33:45Z,32.1,35.9,1.398,2.733,21.815
2025-11-14T18:34:45Z,2025-11-14T12:34:45Z,31.8,35.9,1.244,2.995,75.323
2025-11-14T18:35:45Z,2025-11-14T12:35:45Z,32.0,36.0,1.432,2.976,23.103
2025-11-14T18:36:45Z,2025-11-14T12:36:45Z,31.5,36.0,1.191,2.658,11.509
2025-11-14T18:37:45Z,2025-11-14T12:37:45Z,31.4,36.0,1.275,2.435,13.274
2025-11-14T18:38:45Z,2025-11-14T12:38:45Z,31.3,36.0,1.361,3.173,99.658
2025-11-14T18:39:45Z,2025-11-14T12:39:45Z,31.0,36.1,1.137,2.351,23.212
2025-11-14T18:40:45Z,2025-11-14T12:40:45Z,30.6,36.1,1.177,2.118,12.758
2025-11-14T18:41:45Z,2025-11-14T12:41:45Z,29.9,36.1,1.032,1.933,14.892
2025-11-14T18:42:45Z,2025-11-14T12:42:45Z,29.8,36.1,0.936,1.914,4.376
2025-11-14T18:43:45Z,2025-11-14T12:43:45Z,29.6,36.2,1.013,1.893,5.787
2025-11-14T18:44:45Z,2025-11-14T12:44:45Z,29.8,36.2,1.012,1.892,14.742
2025-11-14T18:45:45Z,2025-11-14T12:45:45Z,30.1,36.2,1.083,1.904,4.664
2025-11-14T18:46:45Z,2025-11-14T12:46:45Z,30.2,36.3,1.113,2.214,19.931
2025-11-14T18:47:45Z,2025-11-14T12:47:45Z,30.2,36.3,1.171,2.006,8.196
2025-11-14T18:48:45Z,2025-11-14T12:48:45Z,30.5,36.3,1.304,2.355,28.746
2025-11-14T18:49:45Z,2025-11-14T12:49:45Z,30.4,36.4,1.186,2.048,24.213
2025-11-14T18:50:45Z,2025-11-14T12:50:45Z,30.6,36.4,1.194,2.162,9.57
2025-11-14T18:51:45Z,2025-11-14T12:51:45Z,30.7,36.4,1.245,2.726,19.575
2025-11-14T18:52:45Z,2025-11-14T12:52:45Z,31.0,36.4,1.322,2.427,28.318
2025-11-14T18:53:45Z,2025-11-14T12:53:45Z,30.9,36.3,1.294,2.411,13.505
2025-11-14T18:54:45Z,2025-11-14T12:54:45Z,30.9,36.3,1.097,2.209,8.924
2025-11-14T18:55:45Z,2025-11-14T12:55:45Z,30.7,36.3,1.288,2.304,23.083
2025-11-14T18:56:45Z,2025-11-14T12:56:45Z,30.1,36.3,1.099,2.405,8.943
2025-11-14T18:57:46Z,2025-11-14T12:57:46Z,30.4,36.3,1.256,2.156,22.759
2025-11-14T18:58:46Z,2025-11-14T12:58:46Z,30.3,36.2,1.689,2.84,8.699
2025-11-14T18:59:46Z,2025-11-14T12:59:46Z,30.2,36.3,1.205,2.114,15.161
2025-11-14T19:00:46Z,2025-11-14T13:00:46Z,30.3,36.3,1.235,1.877,10.292
2025-11-14T19:01:46Z,2025-11-14T13:01:46Z,30.7,36.4,0.856,1.79,27.752
2025-11-14T19:02:46Z,2025-11-14T13:02:46Z,31.2,36.4,1.711,3.23,43.9
2025-11-14T19:03:46Z,2025-11-14T13:03:46Z,30.3,36.5,1.219,2.517,8.892
2025-11-14T19:04:46Z,2025-11-14T13:04:46Z,30.5,36.5,1.382,2.672,14.944
2025-11-14T19:05:46Z,2025-11-14T13:05:46Z,30.9,36.5,1.2,2.365,11.904
2025-11-14T19:06:46Z,2025-11-14T13:06:46Z,30.5,36.5,1.224,2.316,21.553
2025-11-14T19:07:46Z,2025-11-14T13:07:46Z,30.0,36.5,1.173,2.046,11.809
2025-11-14T19:08:46Z,2025-11-14T13:08:46Z,29.9,36.4,1.131,2.088,10.392
2025-11-14T19:09:46Z,2025-11-14T13:09:46Z,30.0,36.3,1.275,2.212,11.893
2025-11-14T19:16:36Z,2025-11-14T13:16:36Z,30.9,36.2,1.131,2.102,17.796
2025-11-14T19:17:21Z,2025-11-14T13:17:21Z,30.9,36.0,1.055,2.111,14.811
2025-11-14T19:18:21Z,2025-11-14T13:18:21Z,31.3,35.9,1.306,2.386,17.008
2025-11-14T19:19:21Z,2025-11-14T13:19:21Z,31.4,35.8,1.359,2.616,15.276
2025-11-14T19:20:21Z,2025-11-14T13:20:21Z,31.5,35.7,1.671,6.977,244.731
2025-11-14T19:21:26Z,2025-11-14T13:21:26Z,32.0,35.6,1.627,3.323,43.552
2025-11-14T19:22:26Z,2025-11-14T13:22:26Z,32.0,35.5,1.192,2.52,58.992
2025-11-14T19:23:26Z,2025-11-14T13:23:26Z,32.1,35.5,1.371,2.639,37.418
2025-11-14T19:24:26Z,2025-11-14T13:24:26Z,32.4,35.4,1.416,2.408,26.824
2025-11-14T19:25:27Z,2025-11-14T13:25:27Z,32.5,35.2,1.495,3.119,69.823
2025-11-14T19:26:27Z,2025-11-14T13:26:27Z,32.8,35.1,1.741,2.978,20.175
2025-11-14T19:27:27Z,2025-11-14T13:27:27Z,33.2,35.0,1.7,3.204,29.404
2025-11-14T19:28:27Z,2025-11-14T13:28:27Z,33.2,34.9,1.757,3.523,34.983
2025-11-14T19:29:27Z,2025-11-14T13:29:27Z,33.9,34.8,2.571,4.437,57.34
2025-11-14T19:30:27Z,2025-11-14T13:30:27Z,32.6,34.8,1.555,2.585,45.742
2025-11-14T19:31:22Z,2025-11-14T13:31:22Z,32.5,34.8,2.317,3.782,60.027
2025-11-14T19:32:22Z,2025-11-14T13:32:22Z,32.3,34.8,1.302,2.922,54.889
2025-11-14T19:33:22Z,2025-11-14T13:33:22Z,31.8,34.9,1.146,2.352,25.466
2025-11-14T19:34:22Z,2025-11-14T13:34:22Z,32.0,34.9,1.405,3.256,86.55
2025-11-14T19:35:22Z,2025-11-14T13:35:22Z,32.1,35.0,1.505,3.526,45.286
2025-11-14T19:36:22Z,2025-11-14T13:36:22Z,32.2,35.0,1.64,4.983,165.83
2025-11-14T19:37:22Z,2025-11-14T13:37:22Z,32.3,35.0,1.52,4.437,215.209
2025-11-14T19:38:22Z,2025-11-14T13:38:22Z,32.3,35.1,1.739,4.452,149.103
2025-11-14T19:39:22Z,2025-11-14T13:39:22Z,32.1,35.0,1.521,4.725,199.54
2025-11-14T19:40:22Z,2025-11-14T13:40:22Z,32.2,34.9,1.662,2.873,100.017
2025-11-14T19:41:22Z,2025-11-14T13:41:22Z,32.5,34.8,1.435,2.503,34.411
2025-11-14T19:42:22Z,2025-11-14T13:42:22Z,32.9,34.7,1.281,2.663,34.233
2025-11-14T19:43:22Z,2025-11-14T13:43:22Z,33.2,34.5,1.386,2.35,9.264
2025-11-14T19:44:22Z,2025-11-14T13:44:22Z,33.1,34.4,1.472,2.539,8.832
2025-11-14T19:45:22Z,2025-11-14T13:45:22Z,33.5,34.4,1.295,2.615,24.973
2025-11-14T19:46:23Z,2025-11-14T13:46:23Z,33.1,34.3,1.367,2.307,9.492
2025-11-14T19:47:23Z,2025-11-14T13:47:23Z,33.5,34.4,1.321,2.2,32.493
2025-11-14T19:48:23Z,2025-11-14T13:48:23Z,33.5,34.4,1.539,2.84,56.814
2025-11-14T19:49:23Z,2025-11-14T13:49:23Z,33.5,34.4,1.392,2.766,24.966
2025-11-14T19:50:23Z,2025-11-14T13:50:23Z,33.3,34.4,1.206,2.187,15.416
2025-11-14T19:51:23Z,2025-11-14T13:51:23Z,33.0,34.4,1.518,2.555,12.395
2025-11-14T19:52:23Z,2025-11-14T13:52:23Z,33.0,34.4,1.289,2.451,8.959
2025-11-14T19:53:23Z,2025-11-14T13:53:23Z,33.5,34.3,1.59,3.17,89.613
2025-11-14T19:54:23Z,2025-11-14T13:54:23Z,33.5,34.3,1.538,3.521,147.081
2025-11-14T19:55:23Z,2025-11-14T13:55:23Z,33.6,34.4,1.243,3.087,103.828
2025-11-14T19:56:23Z,2025-11-14T13:56:23Z,33.0,34.4,1.508,3.13,53.943
2025-11-14T19:57:23Z,2025-11-14T13:57:23Z,32.7,34.5,1.118,3.116,88.13
2025-11-14T19:58:23Z,2025-11-14T13:58:23Z,33.0,34.6,1.44,3.043,25.826
2025-11-14T19:59:23Z,2025-11-14T13:59:23Z,32.4,34.7,1.521,2.616,21.534
2025-11-14T20:00:23Z,2025-11-14T14:00:23Z,32.7,34.8,1.229,2.452,20.844
2025-11-14T20:01:23Z,2025-11-14T14:01:23Z,32.5,34.9,1.387,2.991,45.339
2025-11-14T20:02:23Z,2025-11-14T14:02:23Z,32.5,34.9,1.486,2.937,82.218
2025-11-14T20:03:23Z,2025-11-14T14:03:23Z,32.0,35.0,1.577,2.426,60.009
2025-11-14T20:04:23Z,2025-11-14T14:04:23Z,31.5,35.0,1.44,2.578,27.18
2025-11-14T20:05:23Z,2025-11-14T14:05:23Z,31.6,35.0,1.429,2.41,23.815
2025-11-14T20:06:23Z,2025-11-14T14:06:23Z,31.8,35.0,1.343,2.911,47.003
2025-11-14T20:07:23Z,2025-11-14T14:07:23Z,31.9,35.1,1.496,2.67,22.76
2025-11-14T20:08:23Z,2025-11-14T14:08:23Z,31.7,35.1,1.287,2.125,14.189
2025-11-14T20:09:24Z,2025-11-14T14:09:24Z,32.0,35.1,1.46,2.479,10.57
2025-11-14T20:10:24Z,2025-11-14T14:10:24Z,31.6,35.2,1.36,2.164,15.383
2025-11-14T20:11:24Z,2025-11-14T14:11:24Z,31.5,35.3,1.38,2.637,22.298
2025-11-14T20:12:24Z,2025-11-14T14:12:24Z,31.5,35.3,1.51,2.498,12.41
2025-11-14T20:13:24Z,2025-11-14T14:13:24Z,31.5,35.4,1.332,2.391,32.053
2025-11-14T20:14:24Z,2025-11-14T14:14:24Z,31.6,35.5,1.296,2.375,11.281
2025-11-14T20:15:24Z,2025-11-14T14:15:24Z,31.6,35.6,1.421,2.578,59.199
2025-11-14T20:16:24Z,2025-11-14T14:16:24Z,31.2,35.7,1.528,2.721,20.485
2025-11-14T20:17:24Z,2025-11-14T14:17:24Z,31.1,35.7,1.78,4.083,87.866
2025-11-14T20:18:24Z,2025-11-14T14:18:24Z,31.0,35.7,1.643,4.84,174.828
2025-11-14T20:19:24Z,2025-11-14T14:19:24Z,31.2,35.8,1.591,3.892,91.284
2025-11-14T20:20:24Z,2025-11-14T14:20:24Z,30.9,35.9,1.612,2.842,34.944
2025-11-14T20:21:24Z,2025-11-14T14:21:24Z,30.7,36.0,1.577,3.264,70.667
2025-11-14T20:22:24Z,2025-11-14T14:22:24Z,31.4,36.0,1.644,3.111,49.238
2025-11-14T20:23:24Z,2025-11-14T14:23:24Z,31.2,36.0,1.694,3.687,116.79
2025-11-14T20:24:24Z,2025-11-14T14:24:24Z,31.4,35.9,2.08,6.863,421.537
2025-11-14T20:25:24Z,2025-11-14T14:25:24Z,30.7,35.9,1.765,3.171,51.619
2025-11-15T16:29:52Z,2025-11-15T10:29:52Z,45.0,31.7,0.917,2.111,53.966
2025-11-15T16:30:37Z,2025-11-15T10:30:37Z,45.2,31.6,1.307,2.924,65.414
2025-11-15T16:31:37Z,2025-11-15T10:31:37Z,45.4,31.6,1.217,2.836,37.971
2025-11-15T16:32:37Z,2025-11-15T10:32:37Z,45.4,31.6,1.163,2.977,29.62
2025-11-15T16:33:37Z,2025-11-15T10:33:37Z,45.3,31.6,1.204,3.099,24.306
2025-11-15T16:34:37Z,2025-11-15T10:34:37Z,45.5,31.6,1.125,3.376,18.979
2025-11-15T16:35:37Z,2025-11-15T10:35:37Z,45.4,31.6,1.08,2.576,30.612
2025-11-15T16:36:37Z,2025-11-15T10:36:37Z,45.5,31.6,1.288,2.797,58.491
2025-11-15T16:37:37Z,2025-11-15T10:37:37Z,45.4,31.6,1.129,3.096,32.592
2025-11-15T16:38:37Z,2025-11-15T10:38:37Z,45.5,31.6,1.331,3.036,13.849
2025-11-15T16:39:37Z,2025-11-15T10:39:37Z,45.6,31.6,1.079,2.273,12.304
2025-11-15T16:40:37Z,2025-11-15T10:40:37Z,45.4,31.6,1.193,2.977,11.706
2025-11-15T16:41:37Z,2025-11-15T10:41:37Z,45.5,31.6,1.261,2.531,22.86
2025-11-15T16:42:37Z,2025-11-15T10:42:37Z,45.6,31.6,1.357,2.767,31.319
2025-11-15T16:43:37Z,2025-11-15T10:43:37Z,45.5,31.6,1.407,2.545,44.94
2025-11-15T16:50:12Z,2025-11-15T10:50:12Z,44.7,32.0,28.825,30.294,38.344
2025-11-15T16:50:57Z,2025-11-15T10:50:57Z,44.6,32.0,1.324,2.4,32.848
2025-11-15T16:51:58Z,2025-11-15T10:51:58Z,44.7,31.9,1.353,2.836,32.91
2025-11-15T16:52:58Z,2025-11-15T10:52:58Z,45.1,31.9,1.563,3.083,30.957
2025-11-15T16:53:58Z,2025-11-15T10:53:58Z,45.0,31.9,1.328,2.832,70.974
2025-11-15T16:54:58Z,2025-11-15T10:54:58Z,45.0,31.9,1.243,2.431,23.226
2025-11-15T16:55:58Z,2025-11-15T10:55:58Z,45.0,31.9,1.289,2.71,19.918
2025-11-15T16:56:58Z,2025-11-15T10:56:58Z,45.0,31.9,1.323,2.875,21.955
2025-11-15T16:57:58Z,2025-11-15T10:57:58Z,45.0,32.0,1.347,2.702,22.309
2025-11-15T16:58:58Z,2025-11-15T10:58:58Z,44.9,32.0,1.398,2.67,23.099
2025-11-15T16:59:58Z,2025-11-15T10:59:58Z,44.8,32.1,1.21,2.48,29.702
2025-11-15T17:00:58Z,2025-11-15T11:00:58Z,44.5,32.2,1.683,3.239,42.746
2025-11-15T17:01:58Z,2025-11-15T11:01:58Z,44.4,32.3,1.298,2.802,37.669
2025-11-15T17:02:58Z,2025-11-15T11:02:58Z,44.1,32.4,1.399,2.953,26.389
2025-11-15T17:03:58Z,2025-11-15T11:03:58Z,43.9,32.6,1.484,3.151,19.43
2025-11-15T17:04:58Z,2025-11-15T11:04:58Z,43.1,32.7,1.384,2.702,14.059
2025-11-15T17:05:58Z,2025-11-15T11:05:58Z,43.6,32.9,1.543,2.845,35.882
2025-11-15T17:06:58Z,2025-11-15T11:06:58Z,43.1,33.0,1.414,2.429,28.845
2025-11-15T17:07:58Z,2025-11-15T11:07:58Z,42.6,33.1,1.707,3.252,21.859
2025-11-15T17:08:58Z,2025-11-15T11:08:58Z,42.4,33.2,1.38,2.729,51.482
2025-11-15T17:09:58Z,2025-11-15T11:09:58Z,42.6,33.4,1.549,3.026,22.419
2025-11-15T17:10:58Z,2025-11-15T11:10:58Z,41.6,33.5,1.41,2.683,35.906
2025-11-15T17:11:58Z,2025-11-15T11:11:58Z,41.5,33.6,1.377,2.692,25.517
2025-11-15T17:12:58Z,2025-11-15T11:12:58Z,41.4,33.7,1.26,2.584,40.122
2025-11-15T17:13:59Z,2025-11-15T11:13:59Z,41.3,33.7,1.42,2.578,12.533
2025-11-15T17:14:59Z,2025-11-15T11:14:59Z,41.0,33.7,1.395,2.92,12.893
2025-11-15T17:15:59Z,2025-11-15T11:15:59Z,41.0,33.7,1.417,2.652,23.257
2025-11-15T17:16:59Z,2025-11-15T11:16:59Z,41.1,33.7,1.406,2.926,8.756
2025-11-15T17:17:59Z,2025-11-15T11:17:59Z,41.2,33.7,1.395,2.865,29.664
2025-11-15T17:18:59Z,2025-11-15T11:18:59Z,40.9,33.8,1.426,2.707,8.806
2025-11-15T17:19:59Z,2025-11-15T11:19:59Z,40.9,33.8,1.434,3.043,28.083
2025-11-15T17:20:59Z,2025-11-15T11:20:59Z,41.0,33.9,1.338,2.611,7.267
2025-11-15T17:21:59Z,2025-11-15T11:21:59Z,40.9,34.0,1.403,2.825,49.284
2025-11-15T17:22:59Z,2025-11-15T11:22:59Z,40.6,34.2,1.308,2.991,19.836
2025-11-15T17:23:59Z,2025-11-15T11:23:59Z,40.3,34.3,1.519,3.144,27.62
2025-11-15T17:24:59Z,2025-11-15T11:24:59Z,40.4,34.5,1.266,2.717,35.565
2025-11-15T17:25:59Z,2025-11-15T11:25:59Z,39.7,34.7,1.398,2.651,10.638
2025-11-15T17:26:59Z,2025-11-15T11:26:59Z,39.3,34.8,1.58,3.328,24.131
2025-11-15T17:27:59Z,2025-11-15T11:27:59Z,39.6,34.9,1.379,2.722,11.44
2025-11-15T17:28:59Z,2025-11-15T11:28:59Z,39.6,35.0,1.431,2.844,32.915
2025-11-15T17:42:50Z,2025-11-15T11:42:50Z,36.2,36.6,1.155,2.433,7.613
2025-11-15T17:43:35Z,2025-11-15T11:43:35Z,36.4,36.6,1.508,2.95,11.155
2025-11-15T17:44:35Z,2025-11-15T11:44:35Z,35.8,36.6,1.682,2.747,22.019
2025-11-15T17:45:36Z,2025-11-15T11:45:36Z,35.7,36.5,1.524,2.86,26.319
2025-11-15T17:46:36Z,2025-11-15T11:46:36Z,35.9,36.4,1.483,2.863,33.86
2025-11-15T17:47:41Z,2025-11-15T11:47:41Z,36.1,36.4,1.849,3.482,21.877
2025-11-15T17:48:41Z,2025-11-15T11:48:41Z,36.2,36.3,1.623,3.008,14.352
2025-11-15T17:49:41Z,2025-11-15T11:49:41Z,36.3,36.2,1.656,3.246,14.686
2025-11-15T17:50:41Z,2025-11-15T11:50:41Z,36.5,36.1,1.563,2.748,12.69
2025-11-15T17:51:41Z,2025-11-15T11:51:41Z,36.7,36.0,1.634,2.818,20.442
2025-11-15T18:06:23Z,2025-11-15T12:06:23Z,36.3,36.0,1.693,2.803,23.767
2025-11-15T18:07:08Z,2025-11-15T12:07:08Z,36.2,36.0,1.493,3.012,16.961
2025-11-15T18:08:08Z,2025-11-15T12:08:08Z,35.9,36.0,1.683,2.805,29.123
2025-11-15T18:09:08Z,2025-11-15T12:09:08Z,36.2,36.0,1.511,2.653,6.884
2025-11-15T18:10:08Z,2025-11-15T12:10:08Z,36.4,36.0,1.584,2.781,13.737
2025-11-15T18:11:08Z,2025-11-15T12:11:08Z,35.9,36.0,1.67,2.987,20.33
2025-11-15T18:12:08Z,2025-11-15T12:12:08Z,35.6,36.0,1.733,3.063,11.804
2025-11-15T18:13:08Z,2025-11-15T12:13:08Z,35.4,36.0,1.84,3.045,11.099
2025-11-15T18:14:08Z,2025-11-15T12:14:08Z,35.7,35.9,1.892,3.223,28.046
2025-11-15T18:15:08Z,2025-11-15T12:15:08Z,36.0,35.9,1.781,2.974,8.235
2025-11-15T18:16:08Z,2025-11-15T12:16:08Z,35.9,36.0,1.727,3.136,20.84
2025-11-15T18:17:08Z,2025-11-15T12:17:08Z,35.6,36.0,1.747,3.216,7.506
2025-11-15T18:18:08Z,2025-11-15T12:18:08Z,35.3,36.0,1.832,3.0,13.07
2025-11-15T18:19:08Z,2025-11-15T12:19:08Z,35.1,36.1,1.905,3.099,35.719
2025-11-15T18:20:08Z,2025-11-15T12:20:08Z,35.2,36.2,1.64,3.001,21.626
2025-11-15T18:21:08Z,2025-11-15T12:21:08Z,35.0,36.3,2.015,3.443,17.285
2025-11-15T18:22:08Z,2025-11-15T12:22:08Z,35.1,36.4,1.902,3.259,22.88
2025-11-15T18:23:08Z,2025-11-15T12:23:08Z,35.4,36.5,1.727,3.146,16.159
2025-11-15T18:24:08Z,2025-11-15T12:24:08Z,35.5,36.6,1.893,3.395,16.347
2025-11-15T18:25:08Z,2025-11-15T12:25:08Z,34.5,36.6,1.929,3.521,18.259
2025-11-15T18:26:08Z,2025-11-15T12:26:08Z,34.5,36.7,1.697,2.759,12.371
2025-11-15T18:27:08Z,2025-11-15T12:27:08Z,34.7,36.6,1.91,3.269,37.898
2025-11-15T18:28:08Z,2025-11-15T12:28:08Z,34.3,36.6,1.965,3.096,13.211
2025-11-15T18:29:08Z,2025-11-15T12:29:08Z,34.2,36.5,1.526,2.668,10.2
2025-11-15T18:30:08Z,2025-11-15T12:30:08Z,34.5,36.4,1.772,3.238,23.139
2025-11-15T18:31:08Z,2025-11-15T12:31:08Z,34.9,36.3,1.583,2.776,26.966
2025-11-15T18:32:08Z,2025-11-15T12:32:08Z,35.0,36.3,1.829,3.019,28.417
2025-11-15T18:33:09Z,2025-11-15T12:33:09Z,35.6,36.3,1.978,3.128,8.554
2025-11-15T18:34:09Z,2025-11-15T12:34:09Z,35.8,36.2,1.884,3.225,12.097
2025-11-15T18:35:09Z,2025-11-15T12:35:09Z,35.4,36.2,2.066,3.241,39.817
2025-11-15T18:36:09Z,2025-11-15T12:36:09Z,35.2,36.2,1.808,2.905,27.387
2025-11-15T18:37:09Z,2025-11-15T12:37:09Z,35.3,36.2,1.859,3.06,29.893
2025-11-15T18:38:09Z,2025-11-15T12:38:09Z,35.4,36.3,1.972,2.909,8.948
2025-11-15T18:39:09Z,2025-11-15T12:39:09Z,35.4,36.4,1.526,2.604,22.122
2025-11-15T18:40:09Z,2025-11-15T12:40:09Z,35.3,36.5,1.863,3.103,12.637
2025-11-15T18:41:09Z,2025-11-15T12:41:09Z,35.1,36.6,1.848,2.995,17.846
2025-11-15T18:42:09Z,2025-11-15T12:42:09Z,34.9,36.7,1.742,3.284,19.564
2025-11-15T18:43:09Z,2025-11-15T12:43:09Z,34.9,36.7,1.889,3.618,14.456
2025-11-15T18:44:09Z,2025-11-15T12:44:09Z,34.8,36.8,1.964,3.2,18.984
2025-11-15T18:45:09Z,2025-11-15T12:45:09Z,34.8,36.9,1.748,3.1,17.331
2025-11-15T18:46:09Z,2025-11-15T12:46:09Z,33.5,37.0,1.961,3.097,12.635
2025-11-15T18:47:09Z,2025-11-15T12:47:09Z,32.8,37.1,1.966,2.9,16.844
2025-11-15T18:48:09Z,2025-11-15T12:48:09Z,33.0,37.1,1.998,3.25,9.245
2025-11-15T18:49:09Z,2025-11-15T12:49:09Z,33.0,37.2,2.018,2.952,21.091
2025-11-15T18:50:09Z,2025-11-15T12:50:09Z,32.7,37.2,1.93,3.327,21.097
2025-11-15T18:51:09Z,2025-11-15T12:51:09Z,32.9,37.3,1.996,3.421,9.631
2025-11-15T18:52:09Z,2025-11-15T12:52:09Z,32.6,37.3,1.825,3.071,33.55
2025-11-15T18:53:10Z,2025-11-15T12:53:10Z,32.6,37.3,1.939,3.1,13.408
2025-11-15T18:54:10Z,2025-11-15T12:54:10Z,32.7,37.3,1.913,3.024,18.88
2025-11-15T18:55:10Z,2025-11-15T12:55:10Z,32.4,37.4,1.971,3.178,28.634
2025-11-15T19:05:32Z,2025-11-15T13:05:32Z,32.7,37.5,2.163,5.114,43.369
2025-11-15T19:06:17Z,2025-11-15T13:06:17Z,32.7,37.4,2.126,3.358,40.862
2025-11-15T19:07:17Z,2025-11-15T13:07:17Z,33.0,37.2,2.186,4.584,34.293
2025-11-15T19:08:18Z,2025-11-15T13:08:18Z,33.3,37.0,2.233,3.586,29.706
2025-11-15T19:09:18Z,2025-11-15T13:09:18Z,33.5,36.9,2.043,3.176,6.845
2025-11-15T19:10:23Z,2025-11-15T13:10:23Z,33.7,36.8,1.973,2.869,23.598
2025-11-15T19:11:23Z,2025-11-15T13:11:23Z,33.9,36.7,1.847,3.189,15.488
2025-11-15T19:12:23Z,2025-11-15T13:12:23Z,33.7,36.7,2.12,3.458,27.103
2025-11-15T19:13:23Z,2025-11-15T13:13:23Z,33.8,36.6,1.964,3.424,11.902
2025-11-15T19:14:23Z,2025-11-15T13:14:23Z,33.9,36.6,1.901,3.151,21.501
2025-11-15T19:15:23Z,2025-11-15T13:15:23Z,34.1,36.6,2.298,3.301,7.404
2025-11-15T19:16:24Z,2025-11-15T13:16:24Z,33.7,36.7,2.215,3.057,11.178
2025-11-15T19:17:24Z,2025-11-15T13:17:24Z,33.6,36.7,2.287,3.699,27.631
2025-11-15T19:18:24Z,2025-11-15T13:18:24Z,33.4,36.8,2.363,3.689,28.71
2025-11-15T19:19:24Z,2025-11-15T13:19:24Z,33.4,36.8,2.602,3.953,9.363
2025-11-15T19:20:24Z,2025-11-15T13:20:24Z,33.1,36.8,2.098,3.719,39.015
2025-11-15T19:21:24Z,2025-11-15T13:21:24Z,33.1,36.9,2.251,3.447,29.575
2025-11-15T19:22:24Z,2025-11-15T13:22:24Z,32.8,36.9,2.091,3.372,7.391
2025-11-15T19:23:24Z,2025-11-15T13:23:24Z,32.7,36.9,2.023,3.433,12.639
2025-11-15T19:24:24Z,2025-11-15T13:24:24Z,32.7,36.9,2.232,3.435,14.564
2025-11-15T19:25:24Z,2025-11-15T13:25:24Z,32.5,36.9,2.231,3.584,30.626
2025-11-15T19:26:24Z,2025-11-15T13:26:24Z,32.5,36.9,2.038,3.386,20.224
2025-11-15T19:27:24Z,2025-11-15T13:27:24Z,32.7,36.9,2.526,3.808,11.401
2025-11-15T19:28:24Z,2025-11-15T13:28:24Z,32.1,36.8,2.332,3.513,18.72
2025-11-15T19:29:24Z,2025-11-15T13:29:24Z,32.4,36.7,2.687,4.167,22.145
2025-11-15T19:30:24Z,2025-11-15T13:30:24Z,32.9,36.6,2.99,4.726,25.634
2025-11-15T19:31:24Z,2025-11-15T13:31:24Z,33.1,36.6,3.357,4.396,16.08
2025-11-15T19:32:24Z,2025-11-15T13:32:24Z,33.2,36.6,3.336,5.123,11.649
2025-11-15T19:33:24Z,2025-11-15T13:33:24Z,33.0,36.6,3.562,5.322,18.375
2025-11-15T19:34:24Z,2025-11-15T13:34:24Z,32.8,36.6,4.457,6.363,16.749
2025-11-15T19:35:24Z,2025-11-15T13:35:24Z,32.7,36.7,4.149,5.551,34.009
2025-11-15T19:36:24Z,2025-11-15T13:36:24Z,32.6,36.7,4.651,5.939,17.213
2025-11-15T19:37:24Z,2025-11-15T13:37:24Z,32.6,36.8,5.713,7.201,45.677
2025-11-15T19:38:24Z,2025-11-15T13:38:24Z,32.2,36.8,5.738,7.08,23.879
2025-11-15T19:39:25Z,2025-11-15T13:39:25Z,32.3,36.7,5.815,6.925,24.91
2025-11-15T19:56:14Z,2025-11-15T13:56:14Z,33.7,36.3,4.724,5.74,23.48
2025-11-15T19:56:59Z,2025-11-15T13:56:59Z,33.8,36.2,5.265,6.379,24.965
2025-11-15T19:57:59Z,2025-11-15T13:57:59Z,34.2,36.1,5.691,6.89,21.255
2025-11-15T19:58:59Z,2025-11-15T13:58:59Z,33.9,36.1,5.779,6.839,17.607
2025-11-15T19:59:59Z,2025-11-15T13:59:59Z,34.2,36.1,6.093,7.205,10.907
2025-11-15T20:01:04Z,2025-11-15T14:01:04Z,34.1,36.0,5.316,6.408,35.046
2025-11-15T20:02:04Z,2025-11-15T14:02:04Z,34.2,36.0,5.979,7.179,41.26
2025-11-15T20:03:04Z,2025-11-15T14:03:04Z,34.2,36.1,4.202,5.503,39.752
2025-11-15T20:04:04Z,2025-11-15T14:04:04Z,33.9,36.1,5.472,6.928,26.708
2025-11-15T20:05:04Z,2025-11-15T14:05:04Z,33.7,36.1,5.185,6.534,17.242
2025-11-15T20:06:04Z,2025-11-15T14:06:04Z,33.6,36.1,5.414,6.461,15.009
2025-11-15T20:07:04Z,2025-11-15T14:07:04Z,33.9,36.1,5.245,6.892,19.36
2025-11-15T20:08:05Z,2025-11-15T14:08:05Z,33.4,36.1,3.953,5.17,9.842
2025-11-15T20:09:05Z,2025-11-15T14:09:05Z,33.2,36.2,3.516,4.902,20.387
2025-11-15T20:10:05Z,2025-11-15T14:10:05Z,33.2,36.2,3.878,5.1,38.31
2025-11-15T20:11:05Z,2025-11-15T14:11:05Z,33.0,36.3,3.494,4.849,22.843
2025-11-15T20:12:05Z,2025-11-15T14:12:05Z,33.2,36.3,3.79,4.842,19.559
2025-11-15T20:13:05Z,2025-11-15T14:13:05Z,32.7,36.4,3.346,4.682,29.099
2025-11-15T20:14:05Z,2025-11-15T14:14:05Z,32.8,36.4,2.944,4.203,10.351
2025-11-15T20:15:05Z,2025-11-15T14:15:05Z,32.9,36.4,2.994,4.121,21.651
2025-11-15T20:16:05Z,2025-11-15T14:16:05Z,33.2,36.4,3.075,4.197,9.699
2025-11-15T20:17:05Z,2025-11-15T14:17:05Z,32.7,36.4,3.247,4.673,30.072
2025-11-15T20:18:05Z,2025-11-15T14:18:05Z,32.7,36.5,3.327,5.017,15.011
2025-11-15T20:19:05Z,2025-11-15T14:19:05Z,32.8,36.5,2.681,4.16,20.513
2025-11-15T20:20:05Z,2025-11-15T14:20:05Z,32.7,36.4,3.11,4.759,9.293
2025-11-15T20:21:05Z,2025-11-15T14:21:05Z,32.7,36.4,2.96,4.388,18.307
2025-11-15T20:22:05Z,2025-11-15T14:22:05Z,33.0,36.5,3.046,4.231,25.943
2025-11-15T20:23:05Z,2025-11-15T14:23:05Z,33.1,36.5,3.238,4.533,33.5
2025-11-15T20:24:05Z,2025-11-15T14:24:05Z,33.0,36.5,3.598,4.919,13.571
2025-11-15T20:25:05Z,2025-11-15T14:25:05Z,33.2,36.5,3.895,5.562,20.303
2025-11-15T20:49:05Z,2025-11-15T14:49:05Z,32.1,36.9,3.256,4.496,9.093
2025-11-15T20:49:50Z,2025-11-15T14:49:50Z,32.4,36.8,3.703,4.919,12.385
2025-11-15T20:50:50Z,2025-11-15T14:50:50Z,32.3,36.6,4.255,5.275,21.208
2025-11-15T20:51:50Z,2025-11-15T14:51:50Z,32.2,36.4,4.303,5.682,28.139
2025-11-15T20:52:51Z,2025-11-15T14:52:51Z,32.6,36.2,4.597,5.629,25.855
2025-11-15T20:53:51Z,2025-11-15T14:53:51Z,32.7,36.0,4.392,5.399,15.431
2025-11-15T20:54:51Z,2025-11-15T14:54:51Z,33.1,35.9,4.371,5.655,23.384
2025-11-15T20:55:51Z,2025-11-15T14:55:51Z,33.4,35.7,4.662,5.83,20.285
2025-11-15T20:56:51Z,2025-11-15T14:56:51Z,34.0,35.6,4.454,5.462,17.663
2025-11-15T20:57:51Z,2025-11-15T14:57:51Z,34.0,35.5,3.806,5.086,28.305
2025-11-15T20:58:52Z,2025-11-15T14:58:52Z,34.0,35.4,4.531,5.811,45.001
2025-11-15T20:59:52Z,2025-11-15T14:59:52Z,34.0,35.3,4.468,5.846,15.145
2025-11-15T21:00:52Z,2025-11-15T15:00:52Z,34.3,35.3,4.309,5.595,32.194
2025-11-15T21:01:52Z,2025-11-15T15:01:52Z,34.2,35.2,4.154,5.402,23.93
2025-11-15T21:02:52Z,2025-11-15T15:02:52Z,34.3,35.2,4.051,4.962,18.182
2025-11-15T21:03:52Z,2025-11-15T15:03:52Z,34.0,35.1,4.126,5.387,22.652
2025-11-15T21:04:52Z,2025-11-15T15:04:52Z,34.4,35.1,4.156,5.393,22.628
2025-11-15T21:05:52Z,2025-11-15T15:05:52Z,34.7,35.1,4.442,5.496,11.096
2025-11-15T21:06:52Z,2025-11-15T15:06:52Z,34.7,35.0,4.155,5.413,16.185
2025-11-15T21:07:52Z,2025-11-15T15:07:52Z,35.2,35.0,4.454,5.388,16.945
2025-11-15T21:08:52Z,2025-11-15T15:08:52Z,34.7,35.0,4.07,5.414,32.617
2025-11-15T21:09:52Z,2025-11-15T15:09:52Z,34.5,35.1,1.85,3.254,29.257
2025-11-15T21:10:52Z,2025-11-15T15:10:52Z,34.7,35.1,2.436,3.951,29.494
2025-11-15T21:11:52Z,2025-11-15T15:11:52Z,34.9,35.0,3.934,5.416,31.397
2025-11-15T21:12:52Z,2025-11-15T15:12:52Z,34.9,35.0,4.097,5.822,23.227
2025-11-16T13:50:54Z,2025-11-16T07:50:54Z,88.0,22.9,1.772,4.71,83.852
2025-11-16T13:51:39Z,2025-11-16T07:51:39Z,87.8,23.0,1.703,4.336,77.927
2025-11-16T13:52:39Z,2025-11-16T07:52:39Z,87.6,23.0,1.839,4.782,62.534
2025-11-16T13:53:39Z,2025-11-16T07:53:39Z,87.5,23.1,1.703,4.442,93.806
2025-11-16T13:54:39Z,2025-11-16T07:54:39Z,87.2,23.2,1.827,4.026,88.745
2025-11-16T13:58:26Z,2025-11-16T07:58:26Z,86.2,23.5,1.753,4.745,135.624
2025-11-16T13:59:11Z,2025-11-16T07:59:11Z,85.7,23.6,1.822,4.726,55.839
2025-11-16T14:00:11Z,2025-11-16T08:00:11Z,85.3,23.7,1.918,4.177,67.636
2025-11-16T14:01:11Z,2025-11-16T08:01:11Z,84.9,23.8,1.919,5.223,57.911
2025-11-16T14:02:11Z,2025-11-16T08:02:11Z,84.5,23.8,1.777,4.581,82.278
2025-11-16T14:03:16Z,2025-11-16T08:03:16Z,84.3,23.9,1.776,4.579,80.288
2025-11-16T14:04:16Z,2025-11-16T08:04:16Z,84.3,24.0,1.776,4.61,33.504
2025-11-16T14:05:16Z,2025-11-16T08:05:16Z,83.9,24.1,1.87,4.613,78.036
2025-11-16T14:06:16Z,2025-11-16T08:06:16Z,83.9,24.2,1.74,4.58,57.015
2025-11-16T14:07:16Z,2025-11-16T08:07:16Z,83.2,24.3,1.83,4.516,71.437
2025-11-16T15:04:47Z,2025-11-16T09:04:47Z,67.9,28.0,1.852,4.291,44.394
2025-11-16T15:05:32Z,2025-11-16T09:05:32Z,67.8,28.0,2.056,4.848,47.842
2025-11-16T15:06:32Z,2025-11-16T09:06:32Z,68.0,28.1,2.065,4.373,88.747
2025-11-16T15:07:32Z,2025-11-16T09:07:32Z,67.2,28.2,1.808,4.51,82.461
2025-11-16T15:08:32Z,2025-11-16T09:08:32Z,66.6,28.3,1.932,4.605,57.499
2025-11-16T15:09:37Z,2025-11-16T09:09:37Z,66.0,28.4,1.693,4.108,83.881
2025-11-16T15:10:37Z,2025-11-16T09:10:37Z,65.7,28.5,1.857,4.452,51.658
2025-11-16T15:11:37Z,2025-11-16T09:11:37Z,65.3,28.6,1.737,4.389,51.554
2025-11-16T15:12:37Z,2025-11-16T09:12:37Z,65.1,28.7,1.559,4.102,63.698
2025-11-16T15:13:37Z,2025-11-16T09:13:37Z,64.7,28.8,1.931,4.76,40.1
2025-11-16T15:14:38Z,2025-11-16T09:14:38Z,64.2,28.9,1.994,4.568,74.938
2025-11-16T15:15:38Z,2025-11-16T09:15:38Z,63.9,29.0,1.85,4.251,26.612
2025-11-16T15:16:38Z,2025-11-16T09:16:38Z,63.4,29.2,1.988,4.371,72.117
2025-11-16T15:17:38Z,2025-11-16T09:17:38Z,62.9,29.3,1.787,4.403,51.384
2025-11-16T15:18:38Z,2025-11-16T09:18:38Z,62.6,29.4,1.916,4.355,57.268
2025-11-16T15:19:38Z,2025-11-16T09:19:38Z,62.2,29.5,1.973,5.014,58.569
2025-11-16T15:20:38Z,2025-11-16T09:20:38Z,61.8,29.6,1.833,4.655,66.057
2025-11-16T15:21:38Z,2025-11-16T09:21:38Z,61.3,29.7,1.866,4.534,48.695
2025-11-16T15:22:38Z,2025-11-16T09:22:38Z,61.3,29.8,1.707,4.596,32.774
2025-11-16T15:23:38Z,2025-11-16T09:23:38Z,60.8,29.8,2.027,4.638,60.852
2025-11-16T15:24:38Z,2025-11-16T09:24:38Z,60.1,29.9,1.807,4.838,51.636
2025-11-16T15:25:38Z,2025-11-16T09:25:38Z,60.1,29.9,2.052,4.406,57.28
2025-11-16T15:26:38Z,2025-11-16T09:26:38Z,60.5,29.9,1.669,4.443,68.187
2025-11-16T15:27:38Z,2025-11-16T09:27:38Z,60.4,29.9,1.823,4.405,56.958
2025-11-16T15:28:38Z,2025-11-16T09:28:38Z,60.4,29.9,1.879,4.119,50.788
2025-11-16T15:29:38Z,2025-11-16T09:29:38Z,59.7,30.0,1.651,4.875,66.692
2025-11-16T15:30:38Z,2025-11-16T09:30:38Z,59.5,30.1,1.745,4.642,100.302
2025-11-16T15:31:38Z,2025-11-16T09:31:38Z,59.4,30.1,1.747,4.554,31.122
2025-11-16T15:32:38Z,2025-11-16T09:32:38Z,59.1,30.2,1.702,4.446,59.298
2025-11-16T15:33:38Z,2025-11-16T09:33:38Z,59.0,30.2,1.695,4.029,43.715
2025-11-16T15:34:38Z,2025-11-16T09:34:38Z,58.9,30.3,1.728,4.864,60.059
2025-11-16T15:35:38Z,2025-11-16T09:35:38Z,59.0,30.4,1.886,4.487,58.44
2025-11-16T15:36:38Z,2025-11-16T09:36:38Z,58.4,30.5,1.744,4.757,29.925
2025-11-16T15:37:38Z,2025-11-16T09:37:38Z,58.0,30.5,1.723,4.051,53.57
2025-11-16T15:38:39Z,2025-11-16T09:38:39Z,57.7,30.6,1.352,4.048,41.844
2025-11-16T15:39:39Z,2025-11-16T09:39:39Z,57.6,30.6,1.463,4.081,107.501
2025-11-16T15:40:39Z,2025-11-16T09:40:39Z,57.7,30.6,1.414,4.253,54.727
2025-11-16T15:41:39Z,2025-11-16T09:41:39Z,57.7,30.6,1.557,4.447,41.278
2025-11-16T15:42:39Z,2025-11-16T09:42:39Z,57.6,30.7,1.445,4.429,63.308
2025-11-16T15:43:39Z,2025-11-16T09:43:39Z,57.4,30.8,1.59,4.485,50.727
2025-11-16T15:44:39Z,2025-11-16T09:44:39Z,57.4,30.8,1.983,4.585,41.125
2025-11-16T15:45:39Z,2025-11-16T09:45:39Z,57.7,30.9,1.691,4.531,94.116
2025-11-16T15:46:39Z,2025-11-16T09:46:39Z,57.2,30.9,1.674,4.247,74.342
2025-11-16T15:47:39Z,2025-11-16T09:47:39Z,56.9,31.0,1.535,4.359,57.651
2025-11-16T15:48:39Z,2025-11-16T09:48:39Z,56.5,31.2,1.59,4.509,51.736
2025-11-16T15:49:39Z,2025-11-16T09:49:39Z,55.9,31.3,1.797,5.004,83.161
2025-11-16T15:50:39Z,2025-11-16T09:50:39Z,55.7,31.4,1.511,4.896,51.331
2025-11-16T15:51:39Z,2025-11-16T09:51:39Z,55.4,31.5,1.502,4.103,52.477
2025-11-16T15:52:39Z,2025-11-16T09:52:39Z,55.1,31.6,1.552,4.235,52.867
2025-11-16T15:53:39Z,2025-11-16T09:53:39Z,54.4,31.7,1.504,4.115,64.789
2025-11-16T15:54:39Z,2025-11-16T09:54:39Z,54.3,31.8,1.811,4.366,48.582
2025-11-16T15:55:39Z,2025-11-16T09:55:39Z,54.2,31.9,1.643,4.194,50.317
2025-11-16T15:56:39Z,2025-11-16T09:56:39Z,53.7,32.0,1.585,4.528,29.293
2025-11-16T15:57:40Z,2025-11-16T09:57:40Z,53.7,32.0,1.675,4.283,36.639
2025-11-16T15:58:40Z,2025-11-16T09:58:40Z,53.7,32.1,1.866,4.525,48.685
2025-11-16T15:59:40Z,2025-11-16T09:59:40Z,53.7,32.2,1.706,4.187,57.544
2025-11-16T16:00:40Z,2025-11-16T10:00:40Z,53.1,32.3,1.688,5.432,54.645
2025-11-16T16:01:40Z,2025-11-16T10:01:40Z,52.6,32.4,1.691,4.476,50.733
2025-11-16T16:02:40Z,2025-11-16T10:02:40Z,52.4,32.5,1.686,4.183,66.274
2025-11-16T16:03:40Z,2025-11-16T10:03:40Z,52.3,32.6,1.625,3.748,81.722
2025-11-16T16:04:35Z,2025-11-16T10:04:35Z,51.7,32.7,1.744,4.033,48.028
2025-11-16T16:05:35Z,2025-11-16T10:05:35Z,51.3,32.7,1.818,4.054,56.349
2025-11-16T16:06:35Z,2025-11-16T10:06:35Z,50.9,32.7,1.479,3.978,56.667
2025-11-16T16:07:35Z,2025-11-16T10:07:35Z,50.7,32.7,1.474,4.054,51.867
2025-11-16T16:08:35Z,2025-11-16T10:08:35Z,51.1,32.7,1.387,4.108,39.265
2025-11-23T20:24:54Z,2025-11-23T14:24:54Z,49.2,25.0,6.362,9.722,21.075
2025-11-23T20:25:39Z,2025-11-23T14:25:39Z,49.1,25.0,5.088,7.654,19.269
2025-11-23T20:26:39Z,2025-11-23T14:26:39Z,49.1,25.1,6.147,8.92,59.136
2025-11-23T20:27:39Z,2025-11-23T14:27:39Z,48.8,25.1,7.234,9.725,41.424
2025-11-23T20:28:39Z,2025-11-23T14:28:39Z,48.5,25.2,8.662,11.032,33.825
2025-11-23T20:29:39Z,2025-11-23T14:29:39Z,48.3,25.4,9.213,11.911,41.799
2025-11-23T20:30:39Z,2025-11-23T14:30:39Z,47.9,25.5,5.646,7.616,15.784
2025-11-23T20:31:39Z,2025-11-23T14:31:39Z,46.1,25.7,4.387,5.879,13.305
2025-11-23T20:32:39Z,2025-11-23T14:32:39Z,45.4,25.9,4.046,4.959,31.72
2025-11-23T20:33:39Z,2025-11-23T14:33:39Z,45.0,26.0,16.976,17.828,25.23
2025-11-23T20:34:39Z,2025-11-23T14:34:39Z,44.7,26.1,4.336,5.165,12.095
2025-11-23T20:35:39Z,2025-11-23T14:35:39Z,44.5,26.3,3.009,3.647,23.87
2025-11-23T20:36:40Z,2025-11-23T14:36:40Z,43.9,26.4,2.948,3.506,8.358
2025-11-23T20:37:40Z,2025-11-23T14:37:40Z,43.6,26.5,4.836,5.679,22.109
2025-11-23T20:38:40Z,2025-11-23T14:38:40Z,43.6,26.6,5.833,6.635,37.341
2025-11-23T20:39:40Z,2025-11-23T14:39:40Z,43.2,26.7,4.458,5.258,40.834
2025-11-23T20:40:40Z,2025-11-23T14:40:40Z,42.9,26.8,5.911,6.561,15.31
2025-11-23T20:41:40Z,2025-11-23T14:41:40Z,42.5,26.9,4.352,4.842,28.631
2025-11-23T20:42:40Z,2025-11-23T14:42:40Z,42.6,27.0,5.412,5.889,10.077
2025-11-23T20:43:40Z,2025-11-23T14:43:40Z,42.4,27.1,5.378,5.786,8.51
2025-11-23T21:30:02Z,2025-11-23T15:30:02Z,44.6,26.4,3.706,4.557,21.247
2025-11-23T21:30:47Z,2025-11-23T15:30:47Z,44.5,26.4,3.371,4.155,12.571
2025-11-23T21:31:47Z,2025-11-23T15:31:47Z,44.6,26.4,3.349,4.103,48.236
2025-11-23T21:32:47Z,2025-11-23T15:32:47Z,44.7,26.4,4.164,4.708,14.541
2025-11-23T21:33:47Z,2025-11-23T15:33:47Z,44.8,26.5,4.267,5.049,37.386
2025-11-24T14:25:56Z,2025-11-24T08:25:56Z,85.0,24.9,2.355,6.263,124.667
2025-11-24T14:26:41Z,2025-11-24T08:26:41Z,84.8,25.0,4.946,8.909,118.258
2025-11-24T14:27:41Z,2025-11-24T08:27:41Z,84.6,25.0,3.667,7.945,137.36
2025-11-24T14:28:41Z,2025-11-24T08:28:41Z,84.5,25.1,2.868,7.885,251.297
2025-11-24T14:34:38Z,2025-11-24T08:34:38Z,83.2,25.5,2.218,6.64,63.17
2025-11-24T14:35:23Z,2025-11-24T08:35:23Z,82.7,25.6,2.697,6.465,71.111
2025-11-24T14:36:23Z,2025-11-24T08:36:23Z,82.1,25.7,3.637,7.263,39.413
2025-11-24T14:37:23Z,2025-11-24T08:37:23Z,81.5,25.8,3.909,7.988,84.405
2025-11-24T14:38:23Z,2025-11-24T08:38:23Z,81.3,25.8,2.9,7.096,95.271
2025-11-24T14:43:53Z,2025-11-24T08:43:53Z,79.5,26.2,3.335,8.421,108.484
2025-11-24T14:44:38Z,2025-11-24T08:44:38Z,79.6,26.2,2.388,5.603,56.897
2025-11-24T14:45:38Z,2025-11-24T08:45:38Z,79.6,26.2,3.173,6.906,50.68
2025-11-24T14:46:38Z,2025-11-24T08:46:38Z,79.4,26.2,2.485,5.247,85.918
2025-11-24T14:47:38Z,2025-11-24T08:47:38Z,79.3,26.3,3.599,6.45,60.299
2025-11-24T15:25:54Z,2025-11-24T09:25:54Z,76.1,26.6,3.516,7.595,120.16
2025-11-24T15:26:39Z,2025-11-24T09:26:39Z,75.7,26.6,5.295,9.379,71.292
2025-11-24T15:27:39Z,2025-11-24T09:27:39Z,76.0,26.7,3.903,7.651,62.351
2025-11-24T15:28:39Z,2025-11-24T09:28:39Z,75.8,26.7,3.013,5.946,65.418
2025-11-24T15:29:40Z,2025-11-24T09:29:40Z,75.3,26.8,3.441,6.801,83.831
2025-11-24T15:40:16Z,2025-11-24T09:40:16Z,72.2,27.6,3.566,7.136,55.945
2025-11-24T15:41:01Z,2025-11-24T09:41:01Z,72.0,27.6,3.406,7.29,70.373
2025-11-24T15:42:01Z,2025-11-24T09:42:01Z,72.0,27.6,3.245,6.641,44.74
2025-11-24T15:43:01Z,2025-11-24T09:43:01Z,71.7,27.7,2.939,6.878,83.883
2025-11-24T15:44:01Z,2025-11-24T09:44:01Z,71.6,27.7,4.724,8.513,97.933
2025-11-24T15:45:01Z,2025-11-24T09:45:01Z,71.3,27.8,4.081,7.792,41.064
2025-11-24T15:46:01Z,2025-11-24T09:46:01Z,71.0,27.8,4.266,7.399,67.378
2025-11-24T15:47:02Z,2025-11-24T09:47:02Z,71.0,27.9,3.268,7.224,55.481
2025-11-24T15:48:02Z,2025-11-24T09:48:02Z,70.6,28.0,4.033,7.716,96.306
2025-11-24T15:49:02Z,2025-11-24T09:49:02Z,70.3,28.0,4.369,7.126,43.254
2025-11-26T16:45:56Z,2025-11-26T10:45:56Z,56.8,19.2,13.623,13.997,23.083
2025-11-26T16:46:41Z,2025-11-26T10:46:41Z,56.2,19.2,10.021,10.829,32.377
2025-11-26T16:47:42Z,2025-11-26T10:47:42Z,56.3,19.2,16.294,17.121,114.67
2025-11-26T16:48:42Z,2025-11-26T10:48:42Z,56.4,19.3,3.961,4.549,60.304
2025-11-26T16:49:42Z,2025-11-26T10:49:42Z,56.2,19.3,5.601,6.09,39.151
2025-11-26T19:41:59Z,2025-11-26T13:41:59Z,48.2,20.9,5.023,5.695,14.822
2025-11-26T19:42:44Z,2025-11-26T13:42:44Z,47.2,20.9,5.713,6.282,37.115
2025-11-26T19:43:44Z,2025-11-26T13:43:44Z,46.5,21.0,9.481,9.825,33.642
2025-11-26T19:44:44Z,2025-11-26T13:44:44Z,47.2,21.1,5.428,5.975,12.498
2025-11-26T19:45:44Z,2025-11-26T13:45:44Z,48.1,21.2,5.792,6.19,9.501
2025-11-26T19:46:45Z,2025-11-26T13:46:45Z,47.8,21.3,5.789,6.237,23.258
2025-11-26T19:47:45Z,2025-11-26T13:47:45Z,47.6,21.4,5.49,5.868,25.936
2025-11-26T19:48:45Z,2025-11-26T13:48:45Z,45.5,21.5,4.339,5.111,18.013
2025-11-26T19:49:45Z,2025-11-26T13:49:45Z,44.6,21.5,3.955,4.558,24.979
2025-11-26T19:50:45Z,2025-11-26T13:50:45Z,44.5,21.6,4.888,5.338,11.619
2025-11-26T19:51:45Z,2025-11-26T13:51:45Z,44.4,21.7,4.716,5.211,18.393
2025-11-26T19:52:45Z,2025-11-26T13:52:45Z,43.7,21.8,4.256,4.821,18.129
2025-11-26T19:53:45Z,2025-11-26T13:53:45Z,43.6,21.8,4.992,5.443,9.047
2025-11-26T19:54:45Z,2025-11-26T13:54:45Z,43.4,21.8,4.902,5.352,23.787
2025-11-26T19:55:45Z,2025-11-26T13:55:45Z,43.9,21.9,5.213,5.645,12.558
2025-11-26T19:56:45Z,2025-11-26T13:56:45Z,43.6,21.9,4.953,5.312,27.25
2025-11-26T19:57:45Z,2025-11-26T13:57:45Z,43.5,21.9,4.487,5.033,33.717
2025-11-26T19:58:45Z,2025-11-26T13:58:45Z,43.0,22.0,4.021,4.738,25.258
2025-11-26T19:59:45Z,2025-11-26T13:59:45Z,43.2,22.0,3.61,4.046,19.452
2025-11-26T20:00:45Z,2025-11-26T14:00:45Z,42.8,22.0,4.681,4.985,27.857
2025-11-26T20:01:45Z,2025-11-26T14:01:45Z,43.1,22.1,4.823,5.378,9.781
2025-11-26T20:02:45Z,2025-11-26T14:02:45Z,43.8,22.1,5.202,5.637,14.636
2025-11-26T20:03:45Z,2025-11-26T14:03:45Z,43.7,22.2,4.675,5.096,10.217
2025-11-26T20:04:45Z,2025-11-26T14:04:45Z,43.1,22.2,4.039,4.696,22.768
2025-11-26T20:05:45Z,2025-11-26T14:05:45Z,43.3,22.2,4.383,4.927,18.045
2025-11-26T20:06:46Z,2025-11-26T14:06:46Z,42.9,22.3,5.134,5.677,16.443
2025-11-26T20:07:46Z,2025-11-26T14:07:46Z,42.5,22.3,4.428,5.143,25.283
2025-11-26T20:08:46Z,2025-11-26T14:08:46Z,41.5,22.4,4.088,4.639,37.748
2025-11-26T20:09:46Z,2025-11-26T14:09:46Z,41.2,22.4,5.02,5.376,13.883
2025-11-26T20:10:46Z,2025-11-26T14:10:46Z,41.2,22.4,4.545,5.084,15.675
2025-11-26T20:11:46Z,2025-11-26T14:11:46Z,41.4,22.5,4.158,4.79,16.291
2025-11-26T20:12:46Z,2025-11-26T14:12:46Z,41.1,22.5,3.764,4.217,13.633
2025-11-26T20:13:46Z,2025-11-26T14:13:46Z,40.5,22.6,3.454,3.785,14.229
2025-11-26T20:14:46Z,2025-11-26T14:14:46Z,41.1,22.6,4.503,4.749,11.667
2025-11-26T20:15:46Z,2025-11-26T14:15:46Z,42.0,22.6,4.947,5.479,22.85
2025-11-26T20:16:46Z,2025-11-26T14:16:46Z,41.8,22.6,5.226,5.668,14.725
2025-11-26T20:17:46Z,2025-11-26T14:17:46Z,41.7,22.7,4.413,5.152,62.238
2025-11-26T20:18:46Z,2025-11-26T14:18:46Z,41.0,22.7,5.269,5.697,25.827
2025-11-26T20:19:46Z,2025-11-26T14:19:46Z,41.2,22.8,4.684,5.095,19.635
2025-11-26T20:20:46Z,2025-11-26T14:20:46Z,41.7,22.8,4.651,5.117,16.142
2025-11-26T21:07:11Z,2025-11-26T15:07:11Z,40.1,22.3,17.396,17.941,36.839
2025-11-26T21:07:56Z,2025-11-26T15:07:56Z,40.0,22.3,4.016,4.715,13.803
2025-11-26T21:08:56Z,2025-11-26T15:08:56Z,41.2,22.2,20.347,20.821,36.363
2025-11-26T21:09:56Z,2025-11-26T15:09:56Z,40.9,22.2,5.072,5.615,11.362
2025-11-26T21:10:56Z,2025-11-26T15:10:56Z,39.8,22.2,18.248,18.765,30.026
2025-11-26T21:19:59Z,2025-11-26T15:19:59Z,38.3,22.5,40.995,41.661,47.826
2025-11-26T21:20:44Z,2025-11-26T15:20:44Z,38.1,22.4,3.366,3.912,10.944
2025-11-26T21:21:44Z,2025-11-26T15:21:44Z,38.2,22.4,5.611,6.252,35.766
2025-11-26T21:22:44Z,2025-11-26T15:22:44Z,38.7,22.5,4.407,5.682,64.15
2025-11-26T21:23:44Z,2025-11-26T15:23:44Z,38.5,22.5,14.514,15.171,26.968
2025-11-26T21:55:13Z,2025-11-26T15:55:13Z,37.7,22.0,9.461,10.048,27.612
2025-11-26T21:55:58Z,2025-11-26T15:55:58Z,36.2,22.0,2.63,3.103,60.615
2025-11-26T21:56:58Z,2025-11-26T15:56:58Z,36.3,22.0,5.748,6.31,13.598
2025-11-26T21:57:58Z,2025-11-26T15:57:58Z,36.6,21.9,3.204,3.87,34.886
2025-11-26T21:58:58Z,2025-11-26T15:58:58Z,36.3,21.9,5.406,5.993,8.213
2025-11-27T15:55:57Z,2025-11-27T09:55:57Z,36.5,15.5,5.059,5.911,25.645
2025-11-27T15:56:42Z,2025-11-27T09:56:42Z,35.2,15.5,1.796,2.715,8.137
2025-11-27T15:57:42Z,2025-11-27T09:57:42Z,35.0,15.5,4.148,4.71,8.658
2025-11-27T15:58:42Z,2025-11-27T09:58:42Z,35.6,15.5,3.013,3.421,5.423
2025-11-27T15:59:42Z,2025-11-27T09:59:42Z,36.0,15.5,2.73,3.275,16.66
2025-11-27T16:24:04Z,2025-11-27T10:24:04Z,33.8,16.2,1.548,2.104,3.623
2025-11-27T16:24:49Z,2025-11-27T10:24:49Z,33.5,16.2,2.146,2.493,17.345
2025-11-27T16:25:49Z,2025-11-27T10:25:49Z,33.6,16.2,20.894,21.303,28.242
2025-11-27T16:26:49Z,2025-11-27T10:26:49Z,32.7,16.3,2.049,2.577,18.46
2025-11-27T16:27:49Z,2025-11-27T10:27:49Z,32.7,16.4,2.822,3.291,17.633
2025-11-27T16:28:54Z,2025-11-27T10:28:54Z,32.6,16.4,2.597,2.918,12.118
2025-11-27T16:29:54Z,2025-11-27T10:29:54Z,32.6,16.5,2.421,2.931,8.212
2025-11-27T16:30:54Z,2025-11-27T10:30:54Z,32.5,16.6,2.608,3.014,10.593
2025-11-27T16:31:54Z,2025-11-27T10:31:54Z,32.5,16.7,2.377,2.822,21.994
2025-11-27T16:32:54Z,2025-11-27T10:32:54Z,32.4,16.7,2.647,3.223,6.506
2025-11-27T18:37:51Z,2025-11-27T12:37:51Z,30.0,17.9,3.27,3.54,6.206
2025-11-27T18:38:37Z,2025-11-27T12:38:37Z,30.7,17.9,2.777,3.277,15.683
2025-11-27T18:39:37Z,2025-11-27T12:39:37Z,31.1,17.9,2.497,3.001,5.676
2025-11-27T18:40:37Z,2025-11-27T12:40:37Z,31.0,17.9,2.741,3.337,8.876
2025-11-27T18:41:37Z,2025-11-27T12:41:37Z,32.0,18.0,3.101,3.556,15.562
2025-11-27T18:51:49Z,2025-11-27T12:51:49Z,29.2,18.2,2.049,2.554,28.88
2025-11-27T18:52:34Z,2025-11-27T12:52:34Z,29.8,18.2,2.717,3.024,12.639
2025-11-27T18:53:34Z,2025-11-27T12:53:34Z,29.4,18.2,2.685,2.985,4.036
2025-11-27T18:54:34Z,2025-11-27T12:54:34Z,29.2,18.2,2.474,2.859,9.682
2025-11-27T18:55:34Z,2025-11-27T12:55:34Z,29.7,18.3,2.574,2.995,5.867
2025-11-27T18:56:40Z,2025-11-27T12:56:40Z,28.2,18.3,2.624,3.056,4.049
2025-11-27T18:57:40Z,2025-11-27T12:57:40Z,28.9,18.3,2.224,2.544,12.557
2025-11-27T18:58:40Z,2025-11-27T12:58:40Z,28.9,18.4,2.314,2.713,14.824
2025-11-27T18:59:40Z,2025-11-27T12:59:40Z,29.2,18.4,2.641,3.072,13.591
2025-11-27T19:00:40Z,2025-11-27T13:00:40Z,29.9,18.4,2.843,3.207,23.077
2025-11-27T20:01:44Z,2025-11-27T14:01:44Z,27.7,19.1,3.835,4.326,7.701
2025-11-27T20:02:29Z,2025-11-27T14:02:29Z,25.0,19.1,3.032,3.355,17.418
2025-11-27T20:03:29Z,2025-11-27T14:03:29Z,25.5,19.1,6.363,6.74,9.053
2025-11-27T20:04:29Z,2025-11-27T14:04:29Z,26.4,19.1,3.106,3.415,18.918
2025-11-27T20:05:29Z,2025-11-27T14:05:29Z,27.3,19.1,5.0,5.412,6.367
2025-11-27T20:06:30Z,2025-11-27T14:06:30Z,26.9,19.1,2.958,3.431,9.345
2025-11-27T20:07:30Z,2025-11-27T14:07:30Z,25.3,19.2,2.812,3.329,11.71
2025-11-27T20:08:30Z,2025-11-27T14:08:30Z,25.1,19.2,6.777,7.084,15.693
2025-11-27T20:09:30Z,2025-11-27T14:09:30Z,25.0,19.3,2.938,3.248,5.887
2025-11-27T20:10:30Z,2025-11-27T14:10:30Z,24.8,19.3,2.352,2.859,11.238
2025-11-27T20:11:30Z,2025-11-27T14:11:30Z,25.7,19.4,2.741,3.115,4.95
2025-11-27T20:12:30Z,2025-11-27T14:12:30Z,25.6,19.5,3.324,3.817,15.254
2025-11-27T20:13:30Z,2025-11-27T14:13:30Z,24.7,19.6,3.28,3.698,22.627
2025-11-27T20:14:30Z,2025-11-27T14:14:30Z,25.4,19.6,2.961,3.341,12.317
2025-11-27T20:15:30Z,2025-11-27T14:15:30Z,26.3,19.7,3.288,3.67,11.619
2025-11-27T20:16:30Z,2025-11-27T14:16:30Z,25.6,19.8,3.213,3.599,21.481
2025-11-27T20:17:30Z,2025-11-27T14:17:30Z,25.4,19.8,3.126,3.448,10.002
2025-11-27T20:18:30Z,2025-11-27T14:18:30Z,25.6,19.9,3.237,3.583,6.429
2025-11-27T20:19:30Z,2025-11-27T14:19:30Z,26.4,19.9,3.141,3.575,28.473
2025-11-27T20:20:30Z,2025-11-27T14:20:30Z,25.5,20.0,3.348,3.717,10.194
2025-11-28T15:24:26Z,2025-11-28T09:24:26Z,43.5,15.2,12.835,14.276,18.409
2025-11-28T15:25:11Z,2025-11-28T09:25:11Z,43.6,15.2,1.656,2.974,4.959
2025-11-28T15:26:12Z,2025-11-28T09:26:12Z,43.5,15.2,16.118,17.127,58.009
2025-11-28T15:27:12Z,2025-11-28T09:27:12Z,43.7,15.3,0.882,2.27,32.557
2025-11-28T15:28:12Z,2025-11-28T09:28:12Z,43.3,15.3,17.155,18.465,35.281
2025-11-28T21:29:36Z,2025-11-28T15:29:36Z,48.1,20.0,0.572,3.989,76.01
2025-11-28T21:30:21Z,2025-11-28T15:30:21Z,48.1,20.0,0.873,3.638,40.195
2025-11-28T21:31:21Z,2025-11-28T15:31:21Z,48.2,19.9,3.965,6.273,54.913
2025-11-28T21:32:22Z,2025-11-28T15:32:22Z,48.3,19.9,0.859,2.475,49.89
2025-11-28T21:33:22Z,2025-11-28T15:33:22Z,48.3,19.9,1.052,2.67,9.507
2025-11-29T15:42:49Z,2025-11-29T09:42:49Z,64.0,22.8,0.863,7.516,149.599
2025-11-29T15:43:34Z,2025-11-29T09:43:34Z,64.1,22.8,1.022,6.947,134.606
2025-11-29T15:44:34Z,2025-11-29T09:44:34Z,64.1,22.8,1.133,6.542,177.348
2025-11-29T15:45:34Z,2025-11-29T09:45:34Z,64.0,22.9,1.047,6.591,133.385
2025-11-29T15:46:34Z,2025-11-29T09:46:34Z,63.7,22.9,0.971,6.871,212.106
2025-11-29T18:57:29Z,2025-11-29T12:57:29Z,66.3,24.3,0.778,8.145,190.033
2025-11-29T18:58:14Z,2025-11-29T12:58:14Z,66.4,24.3,1.096,7.381,154.66
2025-11-29T18:59:14Z,2025-11-29T12:59:14Z,66.6,24.4,1.17,7.809,135.039
2025-11-29T19:00:14Z,2025-11-29T13:00:14Z,66.4,24.5,1.201,6.415,129.404
2025-11-29T19:01:14Z,2025-11-29T13:01:14Z,66.1,24.5,1.809,5.818,117.823
2025-11-29T19:02:19Z,2025-11-29T13:02:19Z,65.6,24.6,1.63,5.849,65.438
2025-11-29T19:03:19Z,2025-11-29T13:03:19Z,65.1,24.8,1.531,6.042,82.825
2025-11-29T19:04:19Z,2025-11-29T13:04:19Z,64.9,24.8,1.54,5.415,65.059
2025-11-29T19:05:14Z,2025-11-29T13:05:14Z,64.7,24.9,1.186,7.815,105.036
2025-11-29T19:06:15Z,2025-11-29T13:06:15Z,64.7,25.0,1.474,6.721,127.778
2025-11-29T19:07:15Z,2025-11-29T13:07:15Z,64.3,25.1,1.485,6.955,106.378
2025-11-29T19:08:15Z,2025-11-29T13:08:15Z,64.1,25.2,1.646,7.423,110.944
2025-11-29T19:09:15Z,2025-11-29T13:09:15Z,64.1,25.3,1.315,6.423,77.301
2025-11-29T19:10:15Z,2025-11-29T13:10:15Z,63.8,25.4,1.481,5.441,38.39
2025-11-29T19:11:15Z,2025-11-29T13:11:15Z,63.6,25.5,0.94,5.455,54.64
2025-11-29T19:12:15Z,2025-11-29T13:12:15Z,63.5,25.6,1.277,5.995,53.921
2025-11-29T19:13:15Z,2025-11-29T13:13:15Z,63.3,25.6,1.354,5.901,44.63
2025-11-29T19:14:15Z,2025-11-29T13:14:15Z,63.2,25.7,1.221,5.431,34.663
2025-11-29T19:15:15Z,2025-11-29T13:15:15Z,63.1,25.7,1.237,5.534,53.174
2025-11-29T19:16:15Z,2025-11-29T13:16:15Z,63.2,25.8,1.099,5.771,53.562
2025-11-29T19:17:15Z,2025-11-29T13:17:15Z,63.9,25.8,1.274,6.745,88.114
2025-11-29T19:18:15Z,2025-11-29T13:18:15Z,64.1,25.8,0.892,6.111,71.002
2025-11-29T19:19:15Z,2025-11-29T13:19:15Z,63.9,25.8,1.042,6.35,98.662
2025-11-29T19:20:15Z,2025-11-29T13:20:15Z,63.7,25.9,1.697,5.408,10.692
2025-11-29T19:21:15Z,2025-11-29T13:21:15Z,63.5,25.9,1.263,5.142,34.889
2025-11-29T19:22:15Z,2025-11-29T13:22:15Z,63.6,25.9,0.998,7.336,82.66
2025-11-29T19:23:15Z,2025-11-29T13:23:15Z,63.8,25.9,1.056,7.539,94.822
2025-11-29T19:24:15Z,2025-11-29T13:24:15Z,63.9,25.9,1.177,5.538,40.199
2025-11-29T19:25:15Z,2025-11-29T13:25:15Z,64.0,25.9,1.095,6.285,62.709
2025-11-29T19:26:16Z,2025-11-29T13:26:16Z,64.1,25.9,1.268,6.44,65.688
2025-11-29T19:27:16Z,2025-11-29T13:27:16Z,64.2,25.9,1.14,6.71,81.983
2025-11-29T19:28:16Z,2025-11-29T13:28:16Z,64.1,25.9,1.73,5.805,23.906
2025-11-29T19:29:16Z,2025-11-29T13:29:16Z,64.3,26.0,1.173,6.303,167.654
2025-11-29T19:30:16Z,2025-11-29T13:30:16Z,64.3,25.9,1.278,6.953,89.219
2025-11-29T19:31:16Z,2025-11-29T13:31:16Z,64.4,25.9,1.324,6.105,94.413
2025-11-29T19:37:02Z,2025-11-29T13:37:02Z,63.9,26.0,1.327,6.829,125.877
2025-11-29T19:37:47Z,2025-11-29T13:37:47Z,64.2,25.9,6.806,11.446,58.495
2025-11-29T19:38:47Z,2025-11-29T13:38:47Z,64.3,25.9,1.689,7.158,49.284
2025-11-29T19:39:48Z,2025-11-29T13:39:48Z,64.4,25.9,1.861,6.978,59.319
2025-11-29T19:40:48Z,2025-11-29T13:40:48Z,64.9,25.8,1.213,6.885,38.452
2025-11-29T19:41:53Z,2025-11-29T13:41:53Z,65.0,25.8,1.624,6.497,66.244
2025-11-29T19:42:53Z,2025-11-29T13:42:53Z,65.0,25.8,1.392,6.431,107.525
2025-11-29T19:43:53Z,2025-11-29T13:43:53Z,65.1,25.8,1.358,6.932,122.241
2025-11-29T19:44:53Z,2025-11-29T13:44:53Z,65.6,25.7,1.386,7.151,85.816
2025-11-29T19:45:53Z,2025-11-29T13:45:53Z,65.5,25.7,1.374,6.524,85.323
2025-11-29T19:46:53Z,2025-11-29T13:46:53Z,65.8,25.7,2.219,7.75,103.232
2025-11-29T19:47:53Z,2025-11-29T13:47:53Z,65.8,25.7,1.529,6.986,100.669
2025-11-29T19:48:54Z,2025-11-29T13:48:54Z,65.9,25.7,1.764,7.582,117.847
2025-11-29T19:49:54Z,2025-11-29T13:49:54Z,66.1,25.7,2.582,7.495,54.628
2025-11-29T19:50:54Z,2025-11-29T13:50:54Z,65.9,25.7,1.53,8.273,124.925
2025-11-29T19:51:54Z,2025-11-29T13:51:54Z,65.9,25.8,1.285,7.068,115.232
2025-11-29T19:52:54Z,2025-11-29T13:52:54Z,65.9,25.8,1.514,7.372,90.487
2025-11-29T19:53:54Z,2025-11-29T13:53:54Z,65.9,25.8,0.945,5.512,100.146
2025-11-29T19:54:54Z,2025-11-29T13:54:54Z,65.9,25.9,0.863,5.896,83.453
2025-11-29T19:55:54Z,2025-11-29T13:55:54Z,65.9,25.9,1.094,7.276,77.827
2025-11-29T19:56:54Z,2025-11-29T13:56:54Z,65.9,25.9,1.17,6.767,96.721
2025-11-29T19:57:54Z,2025-11-29T13:57:54Z,65.7,25.9,1.069,6.016,105.045
2025-11-29T19:58:54Z,2025-11-29T13:58:54Z,65.7,26.0,2.068,7.793,78.979
2025-11-29T19:59:54Z,2025-11-29T13:59:54Z,65.9,26.0,3.653,8.54,70.957
2025-11-29T20:00:54Z,2025-11-29T14:00:54Z,66.0,26.0,2.601,7.989,99.772
2025-11-29T20:01:54Z,2025-11-29T14:01:54Z,65.5,26.1,1.28,6.129,143.661
2025-11-29T20:02:54Z,2025-11-29T14:02:54Z,65.0,26.1,1.389,6.504,64.842
2025-11-29T20:03:54Z,2025-11-29T14:03:54Z,65.0,26.1,1.394,7.677,138.319
2025-11-29T20:04:54Z,2025-11-29T14:04:54Z,65.1,26.2,1.468,6.81,93.632
2025-11-29T20:05:54Z,2025-11-29T14:05:54Z,64.7,26.2,1.04,6.042,97.295
2025-11-29T20:06:54Z,2025-11-29T14:06:54Z,64.5,26.2,1.321,6.72,101.43
2025-11-29T20:07:54Z,2025-11-29T14:07:54Z,64.1,26.3,1.364,6.202,77.095
2025-11-29T20:08:54Z,2025-11-29T14:08:54Z,63.5,26.3,1.544,6.815,73.15
2025-11-29T20:09:55Z,2025-11-29T14:09:55Z,63.8,26.3,1.629,7.077,94.841
2025-11-29T20:10:55Z,2025-11-29T14:10:55Z,63.5,26.4,1.136,5.703,89.017
2025-11-29T22:19:19Z,2025-11-29T16:19:19Z,68.8,24.3,2.648,10.656,177.688
2025-11-29T22:20:04Z,2025-11-29T16:20:04Z,68.8,24.3,2.711,9.612,186.211
2025-11-29T22:21:05Z,2025-11-29T16:21:05Z,68.6,24.4,2.386,8.096,170.065
2025-11-29T22:22:05Z,2025-11-29T16:22:05Z,68.5,24.5,2.393,7.901,111.951
2025-11-29T22:23:05Z,2025-11-29T16:23:05Z,68.3,24.5,1.846,8.164,130.855
2025-11-29T22:24:10Z,2025-11-29T16:24:10Z,68.0,24.6,2.169,7.729,166.126
2025-11-29T22:25:10Z,2025-11-29T16:25:10Z,67.7,24.7,2.499,8.568,143.393
2025-11-29T22:26:10Z,2025-11-29T16:26:10Z,67.4,24.8,2.512,9.255,182.026
2025-11-29T22:27:10Z,2025-11-29T16:27:10Z,67.2,24.8,2.66,8.652,115.111
2025-11-29T22:28:10Z,2025-11-29T16:28:10Z,66.7,24.9,2.436,8.454,96.446
2025-11-29T22:29:10Z,2025-11-29T16:29:10Z,66.6,25.0,2.731,8.224,104.274
2025-11-29T22:30:10Z,2025-11-29T16:30:10Z,66.3,25.0,2.168,7.83,102.684
2025-11-29T22:31:11Z,2025-11-29T16:31:11Z,66.3,25.1,2.409,8.361,104.2
2025-11-29T22:32:11Z,2025-11-29T16:32:11Z,65.9,25.2,2.49,8.629,115.712
2025-11-29T22:33:11Z,2025-11-29T16:33:11Z,65.7,25.2,2.202,7.961,63.671
2025-11-29T22:34:11Z,2025-11-29T16:34:11Z,65.6,25.3,2.721,8.569,138.425
2025-11-29T22:35:11Z,2025-11-29T16:35:11Z,65.4,25.3,2.924,8.72,90.874
2025-11-29T22:36:11Z,2025-11-29T16:36:11Z,65.3,25.4,2.839,8.125,105.811
2025-11-29T22:37:11Z,2025-11-29T16:37:11Z,65.2,25.4,3.028,8.737,151.372
2025-11-29T22:38:11Z,2025-11-29T16:38:11Z,65.0,25.4,2.363,8.372,127.138
2025-11-29T22:39:11Z,2025-11-29T16:39:11Z,64.9,25.5,2.4,8.102,148.111
2025-11-29T22:40:11Z,2025-11-29T16:40:11Z,64.9,25.5,2.488,8.023,138.655
2025-11-29T22:41:11Z,2025-11-29T16:41:11Z,64.8,25.5,2.329,8.226,125.596
2025-11-29T22:42:11Z,2025-11-29T16:42:11Z,64.7,25.6,2.609,8.339,113.514
2025-11-29T22:43:11Z,2025-11-29T16:43:11Z,64.6,25.6,2.499,8.482,135.13
2025-11-29T22:44:06Z,2025-11-29T16:44:06Z,64.6,25.6,2.299,8.284,117.469
2025-11-29T22:45:06Z,2025-11-29T16:45:06Z,64.5,25.6,2.209,8.768,132.376
2025-11-29T22:46:06Z,2025-11-29T16:46:06Z,64.4,25.6,2.11,7.96,95.37
2025-11-29T22:47:06Z,2025-11-29T16:47:06Z,64.3,25.7,2.403,7.666,104.57
2025-11-29T22:48:06Z,2025-11-29T16:48:06Z,64.3,25.7,2.631,8.583,126.141
2025-11-29T22:49:06Z,2025-11-29T16:49:06Z,64.3,25.7,2.232,7.654,94.201
2025-11-29T22:50:06Z,2025-11-29T16:50:06Z,64.3,25.7,2.386,8.194,116.572
2025-11-29T22:51:06Z,2025-11-29T16:51:06Z,64.2,25.7,2.155,7.887,150.592
2025-11-29T22:52:06Z,2025-11-29T16:52:06Z,64.2,25.7,1.895,7.725,140.894
2025-11-29T22:53:07Z,2025-11-29T16:53:07Z,64.2,25.7,2.284,7.577,146.8
2025-11-29T22:54:07Z,2025-11-29T16:54:07Z,64.1,25.7,2.047,8.076,132.367
2025-11-29T22:55:07Z,2025-11-29T16:55:07Z,64.2,25.7,2.176,7.696,86.584
2025-11-29T22:56:07Z,2025-11-29T16:56:07Z,64.2,25.7,2.494,8.418,67.848
2025-11-29T22:57:07Z,2025-11-29T16:57:07Z,64.1,25.7,2.109,8.353,148.77
2025-11-29T22:58:07Z,2025-11-29T16:58:07Z,64.2,25.7,2.56,8.292,128.33
2025-11-29T22:59:07Z,2025-11-29T16:59:07Z,64.1,25.7,2.237,8.216,124.467
2025-11-29T23:00:07Z,2025-11-29T17:00:07Z,64.2,25.7,2.386,7.971,158.024
2025-11-29T23:01:07Z,2025-11-29T17:01:07Z,64.2,25.7,2.194,8.037,165.966
2025-11-29T23:02:07Z,2025-11-29T17:02:07Z,64.2,25.7,2.229,8.314,95.389
2025-11-29T23:03:07Z,2025-11-29T17:03:07Z,64.2,25.7,2.88,8.479,82.806
2025-11-29T23:04:07Z,2025-11-29T17:04:07Z,64.2,25.7,2.487,8.242,94.769
2025-11-29T23:05:07Z,2025-11-29T17:05:07Z,64.3,25.7,2.604,9.029,119.595
2025-11-29T23:06:07Z,2025-11-29T17:06:07Z,64.3,25.7,2.174,7.315,132.69
2025-11-29T23:07:07Z,2025-11-29T17:07:07Z,64.3,25.7,2.109,8.005,179.163
2025-11-29T23:08:07Z,2025-11-29T17:08:07Z,64.3,25.7,2.455,8.861,117.522
2025-11-29T23:09:07Z,2025-11-29T17:09:07Z,64.3,25.7,2.326,8.262,110.655
2025-11-29T23:10:07Z,2025-11-29T17:10:07Z,64.3,25.7,2.211,7.42,106.178
2025-11-29T23:11:07Z,2025-11-29T17:11:07Z,64.3,25.7,2.497,8.547,86.545
2025-11-29T23:12:07Z,2025-11-29T17:12:07Z,64.3,25.7,3.078,9.467,108.931
2025-11-29T23:13:07Z,2025-11-29T17:13:07Z,64.4,25.7,2.332,8.368,149.351
2025-11-29T23:14:07Z,2025-11-29T17:14:07Z,64.3,25.7,2.515,8.984,109.332
2025-11-29T23:15:07Z,2025-11-29T17:15:07Z,64.3,25.7,2.164,7.478,138.855
2025-11-29T23:16:07Z,2025-11-29T17:16:07Z,64.3,25.7,2.075,7.646,78.029
2025-11-29T23:17:08Z,2025-11-29T17:17:08Z,64.3,25.7,2.178,7.774,90.273
2025-11-29T23:18:08Z,2025-11-29T17:18:08Z,64.4,25.6,2.498,8.696,89.669
2025-11-29T23:19:08Z,2025-11-29T17:19:08Z,64.4,25.6,2.91,8.085,97.449
2025-11-29T23:20:08Z,2025-11-29T17:20:08Z,64.5,25.6,2.862,8.674,125.733
2025-11-29T23:21:08Z,2025-11-29T17:21:08Z,64.4,25.6,2.66,9.15,77.596
2025-11-29T23:22:08Z,2025-11-29T17:22:08Z,64.6,25.6,2.322,7.98,125.73
2025-11-29T23:23:08Z,2025-11-29T17:23:08Z,64.5,25.6,2.276,8.432,78.657
2025-11-29T23:24:08Z,2025-11-29T17:24:08Z,64.6,25.6,2.42,8.108,122.489
2025-11-29T23:25:08Z,2025-11-29T17:25:08Z,64.6,25.6,2.278,7.99,128.043
2025-11-29T23:26:08Z,2025-11-29T17:26:08Z,64.7,25.6,2.889,9.845,121.772
2025-11-29T23:27:08Z,2025-11-29T17:27:08Z,64.6,25.6,2.356,7.9,90.242
2025-11-29T23:28:08Z,2025-11-29T17:28:08Z,64.7,25.6,2.395,7.979,80.073
2025-11-29T23:29:08Z,2025-11-29T17:29:08Z,64.7,25.5,2.468,9.008,150.007
2025-11-29T23:30:08Z,2025-11-29T17:30:08Z,64.8,25.5,2.395,8.499,120.165
2025-11-29T23:31:08Z,2025-11-29T17:31:08Z,64.9,25.5,2.505,7.929,111.752
2025-11-29T23:32:08Z,2025-11-29T17:32:08Z,64.8,25.5,2.336,8.097,138.937
2025-11-29T23:33:08Z,2025-11-29T17:33:08Z,64.9,25.5,2.116,7.286,138.468
2025-11-29T23:34:08Z,2025-11-29T17:34:08Z,64.9,25.5,2.246,8.845,162.029
2025-11-29T23:35:08Z,2025-11-29T17:35:08Z,64.9,25.5,2.489,7.892,78.628
2025-11-29T23:36:08Z,2025-11-29T17:36:08Z,64.9,25.5,1.824,7.733,106.496
2025-11-29T23:37:08Z,2025-11-29T17:37:08Z,65.0,25.5,2.15,7.379,91.166
2025-11-29T23:38:09Z,2025-11-29T17:38:09Z,65.0,25.5,2.257,7.487,106.232
2025-11-29T23:39:10Z,2025-11-29T17:39:10Z,65.0,25.5,2.081,8.296,196.954
2025-11-29T23:40:10Z,2025-11-29T17:40:10Z,65.0,25.5,2.239,7.67,94.802
2025-11-29T23:41:10Z,2025-11-29T17:41:10Z,65.0,25.5,2.194,7.681,124.179
2025-11-29T23:42:10Z,2025-11-29T17:42:10Z,65.2,25.5,2.156,8.3,110.192
2025-11-29T23:43:11Z,2025-11-29T17:43:11Z,65.4,25.5,2.431,8.465,110.063
2025-11-29T23:44:11Z,2025-11-29T17:44:11Z,65.4,25.5,2.035,7.826,141.697
2025-11-29T23:45:11Z,2025-11-29T17:45:11Z,65.4,25.5,2.186,8.236,194.875
2025-11-29T23:46:11Z,2025-11-29T17:46:11Z,65.4,25.5,2.07,8.384,158.519
2025-11-29T23:47:11Z,2025-11-29T17:47:11Z,65.6,25.5,2.301,7.717,143.474
2025-11-29T23:48:11Z,2025-11-29T17:48:11Z,65.5,25.5,2.285,8.297,145.592
2025-11-29T23:49:11Z,2025-11-29T17:49:11Z,65.6,25.4,2.395,8.686,162.943
2025-11-29T23:50:11Z,2025-11-29T17:50:11Z,65.5,25.4,2.096,8.648,134.829
2025-11-29T23:51:11Z,2025-11-29T17:51:11Z,65.5,25.4,2.292,8.141,178.361
2025-11-29T23:52:11Z,2025-11-29T17:52:11Z,65.5,25.4,2.251,8.005,124.151
2025-11-29T23:53:11Z,2025-11-29T17:53:11Z,65.5,25.4,1.968,7.565,140.779
2025-11-29T23:54:11Z,2025-11-29T17:54:11Z,65.6,25.4,2.207,8.763,125.175
2025-11-29T23:55:11Z,2025-11-29T17:55:11Z,65.6,25.4,2.194,8.013,148.045
2025-11-29T23:56:11Z,2025-11-29T17:56:11Z,65.7,25.4,2.246,8.155,105.254
2025-11-29T23:57:11Z,2025-11-29T17:57:11Z,65.6,25.4,2.311,8.157,112.942
2025-11-29T23:58:11Z,2025-11-29T17:58:11Z,65.6,25.4,2.129,8.103,92.39
2025-11-29T23:59:11Z,2025-11-29T17:59:11Z,65.7,25.4,2.083,7.988,115.24
2025-11-30T00:00:11Z,2025-11-29T18:00:11Z,65.7,25.4,2.306,8.461,120.318
2025-11-30T00:01:11Z,2025-11-29T18:01:11Z,65.8,25.4,2.276,8.383,152.353
2025-11-30T00:02:11Z,2025-11-29T18:02:11Z,65.8,25.4,2.34,7.952,167.935
2025-11-30T00:03:11Z,2025-11-29T18:03:11Z,65.8,25.4,2.199,8.522,174.119
2025-11-30T00:04:11Z,2025-11-29T18:04:11Z,65.8,25.4,2.316,7.927,110.972
2025-11-30T00:05:11Z,2025-11-29T18:05:11Z,65.7,25.3,2.203,8.581,97.112
2025-11-30T00:06:12Z,2025-11-29T18:06:12Z,65.8,25.3,2.503,8.519,135.629
2025-11-30T00:07:12Z,2025-11-29T18:07:12Z,65.7,25.3,2.11,8.502,121.213
2025-11-30T00:08:12Z,2025-11-29T18:08:12Z,65.8,25.3,2.268,8.233,119.726
2025-11-30T00:09:12Z,2025-11-29T18:09:12Z,65.8,25.3,2.508,8.275,143.337
2025-11-30T00:10:12Z,2025-11-29T18:10:12Z,65.9,25.3,2.551,8.511,130.536
2025-11-30T00:11:12Z,2025-11-29T18:11:12Z,65.9,25.3,2.522,8.403,160.798
2025-11-30T00:12:12Z,2025-11-29T18:12:12Z,65.9,25.3,2.46,8.298,137.686
2025-11-30T00:13:12Z,2025-11-29T18:13:12Z,65.9,25.3,2.399,8.723,159.919
2025-11-30T00:14:12Z,2025-11-29T18:14:12Z,65.9,25.3,2.385,9.285,155.27
2025-11-30T00:15:12Z,2025-11-29T18:15:12Z,65.8,25.3,2.685,8.033,117.404
2025-11-30T00:16:12Z,2025-11-29T18:16:12Z,65.8,25.3,2.381,8.556,158.844
2025-11-30T00:17:12Z,2025-11-29T18:17:12Z,65.7,25.3,2.27,7.871,142.898
2025-11-30T00:18:12Z,2025-11-29T18:18:12Z,65.8,25.3,2.167,8.694,138.238
2025-11-30T00:19:12Z,2025-11-29T18:19:12Z,65.8,25.3,2.473,8.72,103.372
2025-11-30T00:20:12Z,2025-11-29T18:20:12Z,65.8,25.3,2.381,8.42,119.786
2025-11-30T00:21:12Z,2025-11-29T18:21:12Z,65.7,25.3,2.09,7.628,143.135
2025-11-30T00:22:12Z,2025-11-29T18:22:12Z,65.7,25.3,2.173,8.024,147.154
2025-11-30T00:23:12Z,2025-11-29T18:23:12Z,65.8,25.3,2.508,8.404,143.858
2025-11-30T00:24:12Z,2025-11-29T18:24:12Z,65.7,25.3,2.324,8.084,138.006
2025-11-30T00:25:12Z,2025-11-29T18:25:12Z,65.7,25.3,2.135,7.449,164.954
2025-11-30T00:26:08Z,2025-11-29T18:26:08Z,65.7,25.3,2.277,8.409,122.857
2025-11-30T00:27:08Z,2025-11-29T18:27:08Z,65.8,25.3,2.326,8.068,125.751
2025-11-30T00:28:08Z,2025-11-29T18:28:08Z,65.7,25.3,2.244,8.237,187.369
2025-11-30T00:29:08Z,2025-11-29T18:29:08Z,65.8,25.2,2.347,8.31,148.967
2025-11-30T00:30:08Z,2025-11-29T18:30:08Z,65.8,25.3,2.378,7.868,105.943
2025-11-30T00:31:08Z,2025-11-29T18:31:08Z,65.8,25.2,2.304,8.515,143.697
2025-11-30T00:32:08Z,2025-11-29T18:32:08Z,65.9,25.2,1.915,7.672,127.931
2025-11-30T00:33:08Z,2025-11-29T18:33:08Z,65.9,25.2,2.039,7.753,97.739
2025-11-30T00:34:08Z,2025-11-29T18:34:08Z,65.9,25.2,2.176,7.6,149.326
2025-11-30T00:35:08Z,2025-11-29T18:35:08Z,65.9,25.2,2.346,8.661,195.27
2025-11-30T00:36:08Z,2025-11-29T18:36:08Z,65.9,25.2,2.276,8.372,143.761
2025-11-30T00:37:08Z,2025-11-29T18:37:08Z,66.0,25.2,2.157,8.14,111.435
2025-11-30T00:38:08Z,2025-11-29T18:38:08Z,66.0,25.2,2.127,7.769,112.715
2025-11-30T00:39:08Z,2025-11-29T18:39:08Z,66.0,25.2,2.361,7.469,92.967
2025-11-30T00:40:08Z,2025-11-29T18:40:08Z,66.0,25.2,2.339,8.509,112.924
2025-11-30T00:41:08Z,2025-11-29T18:41:08Z,66.1,25.2,2.329,7.652,134.459
2025-11-30T00:42:08Z,2025-11-29T18:42:08Z,66.1,25.2,2.001,8.523,136.698
2025-11-30T00:43:08Z,2025-11-29T18:43:08Z,66.1,25.2,2.226,8.158,126.173
2025-11-30T00:44:08Z,2025-11-29T18:44:08Z,66.1,25.2,2.35,7.855,130.028
2025-11-30T00:45:08Z,2025-11-29T18:45:08Z,66.2,25.2,2.443,8.107,124.624
2025-11-30T00:46:09Z,2025-11-29T18:46:09Z,66.2,25.2,2.575,8.91,114.903
2025-11-30T00:47:09Z,2025-11-29T18:47:09Z,66.2,25.1,2.477,8.576,150.883
2025-11-30T00:48:09Z,2025-11-29T18:48:09Z,66.2,25.1,2.422,7.838,116.864
2025-11-30T00:49:10Z,2025-11-29T18:49:10Z,66.2,25.1,2.069,8.525,188.813
2025-11-30T00:50:10Z,2025-11-29T18:50:10Z,66.3,25.1,2.375,8.296,105.978
2025-11-30T00:51:11Z,2025-11-29T18:51:11Z,66.3,25.1,2.391,9.028,145.516
2025-11-30T00:52:11Z,2025-11-29T18:52:11Z,66.2,25.1,1.986,7.877,126.813
2025-11-30T00:53:11Z,2025-11-29T18:53:11Z,66.2,25.1,2.266,8.692,79.992
2025-11-30T00:54:11Z,2025-11-29T18:54:11Z,66.3,25.1,2.412,7.823,147.345
2025-11-30T00:55:11Z,2025-11-29T18:55:11Z,66.4,25.1,2.372,8.566,156.015
2025-11-30T00:56:11Z,2025-11-29T18:56:11Z,66.3,25.1,2.333,8.403,123.292
2025-11-30T00:57:11Z,2025-11-29T18:57:11Z,66.4,25.1,2.493,8.213,173.266
2025-11-30T00:58:11Z,2025-11-29T18:58:11Z,66.5,25.1,2.252,8.471,125.512
2025-11-30T00:59:11Z,2025-11-29T18:59:11Z,66.4,25.0,2.424,9.018,153.848
2025-11-30T01:00:11Z,2025-11-29T19:00:11Z,66.4,25.0,1.957,7.991,155.817
2025-11-30T01:01:11Z,2025-11-29T19:01:11Z,66.5,25.0,2.453,8.398,111.853
2025-11-30T01:02:11Z,2025-11-29T19:02:11Z,66.5,25.0,2.768,8.277,194.747
2025-11-30T01:03:11Z,2025-11-29T19:03:11Z,66.6,25.0,2.575,7.94,130.498
2025-11-30T01:04:11Z,2025-11-29T19:04:11Z,66.5,25.0,2.309,7.948,149.402
2025-11-30T01:05:11Z,2025-11-29T19:05:11Z,66.6,25.0,2.174,8.059,134.864
2025-11-30T01:06:11Z,2025-11-29T19:06:11Z,66.7,25.0,2.281,8.528,123.258
2025-11-30T01:07:11Z,2025-11-29T19:07:11Z,66.7,25.0,2.703,9.329,161.715
2025-11-30T01:08:11Z,2025-11-29T19:08:11Z,66.7,25.0,2.427,8.997,133.368
2025-11-30T01:09:11Z,2025-11-29T19:09:11Z,66.7,25.0,2.371,8.404,187.188
2025-11-30T01:10:11Z,2025-11-29T19:10:11Z,66.7,25.0,2.358,8.556,168.97
2025-11-30T01:11:11Z,2025-11-29T19:11:11Z,66.8,25.0,2.587,8.38,230.102
2025-11-30T01:12:11Z,2025-11-29T19:12:11Z,66.8,25.0,2.288,8.272,115.772
2025-11-30T01:13:12Z,2025-11-29T19:13:12Z,66.8,24.9,2.644,8.965,150.325
2025-11-30T01:14:12Z,2025-11-29T19:14:12Z,66.9,24.9,2.357,7.898,177.05
2025-11-30T01:15:12Z,2025-11-29T19:15:12Z,66.9,24.9,2.597,8.655,81.855
2025-11-30T01:16:12Z,2025-11-29T19:16:12Z,66.9,24.9,2.431,8.211,181.652
2025-11-30T01:17:12Z,2025-11-29T19:17:12Z,66.9,24.9,2.472,8.207,122.334
2025-11-30T01:18:12Z,2025-11-29T19:18:12Z,67.0,24.9,2.185,8.462,127.153
2025-11-30T01:19:12Z,2025-11-29T19:19:12Z,67.0,24.9,2.359,8.134,121.556
2025-11-30T01:20:12Z,2025-11-29T19:20:12Z,67.0,24.9,2.6,9.728,140.488
2025-11-30T01:21:12Z,2025-11-29T19:21:12Z,67.1,24.9,2.477,9.287,114.285
2025-11-30T01:22:12Z,2025-11-29T19:22:12Z,67.1,24.9,2.655,8.809,122.642
2025-11-30T01:23:12Z,2025-11-29T19:23:12Z,67.1,24.9,2.422,8.268,147.011
2025-11-30T01:24:12Z,2025-11-29T19:24:12Z,67.2,24.9,2.657,8.993,131.004
2025-11-30T01:25:12Z,2025-11-29T19:25:12Z,67.2,24.9,2.609,9.224,135.313
2025-11-30T01:26:12Z,2025-11-29T19:26:12Z,67.1,24.8,2.151,7.606,125.201
2025-11-30T01:27:12Z,2025-11-29T19:27:12Z,67.2,24.8,2.575,8.721,140.781
2025-11-30T01:28:12Z,2025-11-29T19:28:12Z,67.1,24.8,2.051,7.383,155.357
2025-11-30T01:29:12Z,2025-11-29T19:29:12Z,67.2,24.8,2.291,8.044,122.377
2025-11-30T01:30:12Z,2025-11-29T19:30:12Z,67.2,24.8,2.564,8.393,190.763
2025-11-30T01:31:13Z,2025-11-29T19:31:13Z,67.2,24.8,2.232,8.146,98.997
2025-11-30T01:32:13Z,2025-11-29T19:32:13Z,67.3,24.8,2.649,8.161,168.418
2025-11-30T01:33:13Z,2025-11-29T19:33:13Z,67.4,24.8,2.239,8.329,106.732
2025-11-30T01:34:13Z,2025-11-29T19:34:13Z,67.4,24.8,2.317,8.751,141.058
2025-11-30T01:35:13Z,2025-11-29T19:35:13Z,67.3,24.8,2.111,8.111,162.783
2025-11-30T01:36:13Z,2025-11-29T19:36:13Z,67.4,24.8,2.062,7.834,134.806
2025-11-30T01:37:13Z,2025-11-29T19:37:13Z,67.4,24.8,2.214,8.631,126.996
2025-11-30T01:38:13Z,2025-11-29T19:38:13Z,67.5,24.8,2.396,8.604,124.75
2025-11-30T01:39:13Z,2025-11-29T19:39:13Z,67.5,24.8,2.485,7.939,133.595
2025-11-30T01:40:13Z,2025-11-29T19:40:13Z,67.5,24.8,2.391,8.296,148.738
2025-11-30T01:41:13Z,2025-11-29T19:41:13Z,67.6,24.8,2.051,7.412,168.362
2025-11-30T01:42:13Z,2025-11-29T19:42:13Z,67.6,24.8,2.434,9.063,153.127
2025-11-30T01:43:13Z,2025-11-29T19:43:13Z,67.6,24.7,2.196,8.136,175.876
2025-11-30T01:44:13Z,2025-11-29T19:44:13Z,67.7,24.7,2.502,8.186,150.691
2025-11-30T01:45:13Z,2025-11-29T19:45:13Z,67.7,24.7,2.71,8.73,157.086
2025-11-30T01:46:13Z,2025-11-29T19:46:13Z,67.8,24.7,2.409,7.97,159.036
2025-11-30T01:47:13Z,2025-11-29T19:47:13Z,67.8,24.7,2.401,8.018,160.006
2025-11-30T01:48:13Z,2025-11-29T19:48:13Z,67.8,24.7,2.896,8.682,127.686
2025-11-30T01:49:13Z,2025-11-29T19:49:13Z,67.8,24.7,2.371,9.018,113.378
2025-11-30T01:50:13Z,2025-11-29T19:50:13Z,67.8,24.7,2.341,8.372,103.158
2025-11-30T01:51:13Z,2025-11-29T19:51:13Z,68.0,24.7,2.446,7.846,178.768
2025-11-30T01:52:13Z,2025-11-29T19:52:13Z,68.0,24.7,2.493,8.778,130.141
2025-11-30T01:53:14Z,2025-11-29T19:53:14Z,68.0,24.7,2.704,9.46,173.729
2025-11-30T01:54:14Z,2025-11-29T19:54:14Z,68.0,24.7,2.178,8.813,126.259
2025-11-30T01:55:14Z,2025-11-29T19:55:14Z,68.1,24.7,2.526,9.545,145.541
2025-11-30T01:56:14Z,2025-11-29T19:56:14Z,68.1,24.7,2.022,7.568,195.427
2025-11-30T01:57:14Z,2025-11-29T19:57:14Z,68.1,24.7,2.396,8.63,121.082
2025-11-30T01:58:14Z,2025-11-29T19:58:14Z,68.2,24.7,2.504,8.672,129.122
2025-11-30T01:59:10Z,2025-11-29T19:59:10Z,68.2,24.7,2.487,7.994,128.155
2025-11-30T02:00:11Z,2025-11-29T20:00:11Z,68.3,24.7,2.669,8.698,157.428
2025-11-30T02:01:11Z,2025-11-29T20:01:11Z,68.3,24.7,2.313,7.823,126.742
2025-11-30T02:02:11Z,2025-11-29T20:02:11Z,68.4,24.6,2.599,8.62,138.344
2025-11-30T02:03:11Z,2025-11-29T20:03:11Z,68.5,24.6,2.503,8.589,151.974
2025-11-30T02:04:11Z,2025-11-29T20:04:11Z,68.6,24.6,2.356,7.853,152.831
2025-11-30T02:05:11Z,2025-11-29T20:05:11Z,68.6,24.6,2.616,8.516,136.335
2025-11-30T02:06:11Z,2025-11-29T20:06:11Z,68.7,24.6,2.48,9.416,175.095
2025-11-30T02:07:11Z,2025-11-29T20:07:11Z,68.8,24.6,2.716,9.489,146.631
2025-11-30T02:08:11Z,2025-11-29T20:08:11Z,68.9,24.6,2.514,9.404,176.544
2025-11-30T02:09:11Z,2025-11-29T20:09:11Z,68.9,24.5,2.07,7.892,142.888
2025-11-30T02:10:11Z,2025-11-29T20:10:11Z,69.0,24.5,2.625,9.024,162.728
2025-11-30T02:11:11Z,2025-11-29T20:11:11Z,69.0,24.5,2.85,9.141,238.591
2025-11-30T02:12:11Z,2025-11-29T20:12:11Z,69.1,24.5,2.767,8.986,135.734
2025-11-30T02:13:11Z,2025-11-29T20:13:11Z,69.2,24.5,2.802,9.162,156.504
2025-11-30T02:14:11Z,2025-11-29T20:14:11Z,69.3,24.5,2.558,9.427,132.479
2025-11-30T02:15:11Z,2025-11-29T20:15:11Z,69.4,24.4,2.796,9.281,156.339
2025-11-30T02:16:11Z,2025-11-29T20:16:11Z,69.5,24.4,2.557,9.318,179.444
2025-11-30T02:17:11Z,2025-11-29T20:17:11Z,69.6,24.4,2.538,8.854,126.861
2025-11-30T02:18:11Z,2025-11-29T20:18:11Z,69.7,24.4,2.278,8.752,134.873
2025-11-30T02:19:11Z,2025-11-29T20:19:11Z,69.9,24.4,2.68,9.816,161.663
2025-11-30T02:20:11Z,2025-11-29T20:20:11Z,69.9,24.3,2.592,8.903,156.292
2025-11-30T02:21:11Z,2025-11-29T20:21:11Z,70.0,24.3,2.594,9.85,113.768
2025-11-30T02:22:12Z,2025-11-29T20:22:12Z,70.1,24.3,2.377,8.87,201.923
2025-11-30T02:23:12Z,2025-11-29T20:23:12Z,70.3,24.3,2.445,9.285,150.414
2025-11-30T02:24:12Z,2025-11-29T20:24:12Z,70.4,24.3,2.486,8.809,134.258
2025-11-30T02:25:12Z,2025-11-29T20:25:12Z,70.5,24.2,2.636,9.17,199.335
2025-11-30T02:26:12Z,2025-11-29T20:26:12Z,70.5,24.2,3.012,10.248,156.587
2025-11-30T02:27:12Z,2025-11-29T20:27:12Z,70.6,24.2,2.491,10.027,167.025
2025-11-30T02:28:12Z,2025-11-29T20:28:12Z,70.7,24.2,2.31,8.679,123.948
2025-11-30T02:29:12Z,2025-11-29T20:29:12Z,70.8,24.2,2.52,9.194,159.903
2025-11-30T02:30:12Z,2025-11-29T20:30:12Z,70.9,24.2,2.601,9.17,225.819
2025-11-30T02:31:12Z,2025-11-29T20:31:12Z,71.0,24.2,2.099,8.684,162.43
2025-11-30T02:32:12Z,2025-11-29T20:32:12Z,71.1,24.2,2.614,9.012,159.368
2025-11-30T02:33:12Z,2025-11-29T20:33:12Z,71.2,24.1,2.379,8.922,135.714
2025-11-30T02:34:12Z,2025-11-29T20:34:12Z,71.2,24.1,2.306,9.397,191.364
2025-11-30T02:35:12Z,2025-11-29T20:35:12Z,71.3,24.1,2.677,9.577,167.815
2025-11-30T02:36:12Z,2025-11-29T20:36:12Z,71.3,24.1,2.515,8.79,206.684
2025-11-30T02:37:12Z,2025-11-29T20:37:12Z,71.4,24.1,2.509,9.83,161.023
2025-11-30T02:38:12Z,2025-11-29T20:38:12Z,71.5,24.1,2.529,9.237,177.268
2025-11-30T02:39:12Z,2025-11-29T20:39:12Z,71.6,24.1,2.455,8.734,129.39
2025-11-30T02:40:12Z,2025-11-29T20:40:12Z,71.7,24.1,2.68,9.804,212.016
2025-11-30T02:41:12Z,2025-11-29T20:41:12Z,71.7,24.0,2.514,9.461,199.287
2025-11-30T02:42:12Z,2025-11-29T20:42:12Z,71.8,24.0,2.525,8.764,151.471
2025-11-30T02:43:12Z,2025-11-29T20:43:12Z,71.8,24.0,2.366,9.593,182.758
2025-11-30T02:44:12Z,2025-11-29T20:44:12Z,71.9,24.0,2.555,10.297,147.69
2025-11-30T02:45:12Z,2025-11-29T20:45:12Z,71.9,24.0,2.574,9.982,173.82
2025-11-30T02:46:12Z,2025-11-29T20:46:12Z,72.0,24.0,2.301,9.682,120.126
2025-11-30T02:47:12Z,2025-11-29T20:47:12Z,72.1,24.0,2.542,9.772,168.039
2025-11-30T02:48:13Z,2025-11-29T20:48:13Z,72.2,24.0,2.345,9.309,148.904
2025-11-30T02:49:13Z,2025-11-29T20:49:13Z,72.2,24.0,2.466,9.746,164.213
2025-11-30T02:50:13Z,2025-11-29T20:50:13Z,72.3,24.0,2.588,9.385,151.648
2025-11-30T02:51:13Z,2025-11-29T20:51:13Z,72.4,23.9,2.196,10.132,161.771
2025-11-30T02:52:13Z,2025-11-29T20:52:13Z,72.4,23.9,2.5,9.905,174.008
2025-11-30T02:53:13Z,2025-11-29T20:53:13Z,72.5,23.9,2.563,9.052,190.076
2025-11-30T02:54:13Z,2025-11-29T20:54:13Z,72.5,23.9,2.774,10.02,168.507
2025-11-30T02:55:13Z,2025-11-29T20:55:13Z,72.6,23.9,2.78,9.926,139.206
2025-11-30T02:56:13Z,2025-11-29T20:56:13Z,72.7,23.9,2.436,9.078,207.762
2025-11-30T02:57:13Z,2025-11-29T20:57:13Z,72.7,23.9,2.653,10.251,205.23
2025-11-30T02:58:13Z,2025-11-29T20:58:13Z,72.8,23.9,2.734,9.172,125.296
2025-11-30T02:59:13Z,2025-11-29T20:59:13Z,72.8,23.9,2.621,9.523,198.783
2025-11-30T03:00:13Z,2025-11-29T21:00:13Z,72.9,23.9,2.489,10.017,219.998
2025-11-30T03:01:13Z,2025-11-29T21:01:13Z,73.0,23.8,2.438,9.221,178.368
2025-11-30T03:02:13Z,2025-11-29T21:02:13Z,73.0,23.8,2.35,9.478,143.91
2025-11-30T03:03:13Z,2025-11-29T21:03:13Z,73.1,23.8,2.795,9.823,162.996
2025-11-30T03:04:13Z,2025-11-29T21:04:13Z,73.1,23.8,2.714,9.621,156.06
2025-11-30T03:05:13Z,2025-11-29T21:05:13Z,73.2,23.8,2.557,9.393,220.088
2025-11-30T03:06:14Z,2025-11-29T21:06:14Z,73.2,23.8,2.706,9.877,186.252
2025-11-30T03:07:14Z,2025-11-29T21:07:14Z,73.3,23.8,2.642,9.076,225.572
2025-11-30T03:08:14Z,2025-11-29T21:08:14Z,73.3,23.8,2.538,9.432,192.264
2025-11-30T03:09:11Z,2025-11-29T21:09:11Z,73.4,23.8,2.446,9.914,185.783
2025-11-30T03:10:11Z,2025-11-29T21:10:11Z,73.4,23.8,2.648,9.662,260.927
2025-11-30T03:11:11Z,2025-11-29T21:11:11Z,73.5,23.8,2.369,10.095,181.198
2025-11-30T03:12:11Z,2025-11-29T21:12:11Z,73.5,23.7,2.426,9.522,136.974
2025-11-30T03:13:11Z,2025-11-29T21:13:11Z,73.6,23.7,2.571,9.489,187.004
2025-11-30T03:14:11Z,2025-11-29T21:14:11Z,73.6,23.7,2.5,10.238,188.726
2025-11-30T03:15:11Z,2025-11-29T21:15:11Z,73.7,23.7,2.433,9.689,224.596
2025-11-30T03:16:11Z,2025-11-29T21:16:11Z,73.7,23.7,2.374,10.987,139.38
2025-11-30T03:17:11Z,2025-11-29T21:17:11Z,73.8,23.7,2.473,10.353,179.632
2025-11-30T03:18:11Z,2025-11-29T21:18:11Z,73.8,23.7,2.676,9.373,243.352
2025-11-30T03:19:11Z,2025-11-29T21:19:11Z,73.9,23.7,2.633,9.798,182.565
2025-11-30T03:20:11Z,2025-11-29T21:20:11Z,73.9,23.7,2.447,10.083,251.692
2025-11-30T03:21:11Z,2025-11-29T21:21:11Z,74.0,23.7,2.483,9.814,232.425
2025-11-30T03:22:11Z,2025-11-29T21:22:11Z,74.0,23.7,2.814,10.648,146.838
2025-11-30T03:23:11Z,2025-11-29T21:23:11Z,74.1,23.7,2.615,10.409,197.349
2025-11-30T03:24:11Z,2025-11-29T21:24:11Z,74.1,23.7,2.607,10.024,141.665
2025-11-30T03:25:11Z,2025-11-29T21:25:11Z,74.1,23.7,2.621,9.776,176.792
2025-11-30T03:26:11Z,2025-11-29T21:26:11Z,74.2,23.7,2.725,10.345,227.615
2025-11-30T03:27:11Z,2025-11-29T21:27:11Z,74.2,23.7,2.846,10.026,191.474
2025-11-30T03:28:12Z,2025-11-29T21:28:12Z,74.2,23.7,2.673,10.25,213.592
2025-11-30T03:29:12Z,2025-11-29T21:29:12Z,74.3,23.7,2.44,10.012,181.482
2025-11-30T03:30:12Z,2025-11-29T21:30:12Z,74.4,23.6,3.014,10.302,165.873
2025-11-30T03:31:12Z,2025-11-29T21:31:12Z,74.4,23.6,2.91,9.941,194.758
2025-11-30T03:32:12Z,2025-11-29T21:32:12Z,74.5,23.6,2.547,10.425,215.063
2025-11-30T03:33:12Z,2025-11-29T21:33:12Z,74.5,23.6,2.777,10.096,215.428
2025-11-30T03:34:12Z,2025-11-29T21:34:12Z,74.5,23.6,2.648,10.211,224.02
2025-11-30T03:35:12Z,2025-11-29T21:35:12Z,74.5,23.6,2.606,9.665,260.313
2025-11-30T03:36:12Z,2025-11-29T21:36:12Z,74.6,23.6,2.404,10.389,154.658
2025-11-30T03:37:12Z,2025-11-29T21:37:12Z,74.6,23.6,2.293,8.637,202.875
2025-11-30T03:38:12Z,2025-11-29T21:38:12Z,74.6,23.6,2.692,9.499,189.51
2025-11-30T03:39:12Z,2025-11-29T21:39:12Z,74.7,23.6,2.174,10.228,158.061
2025-11-30T03:40:12Z,2025-11-29T21:40:12Z,74.7,23.6,2.279,9.266,225.794
2025-11-30T03:41:12Z,2025-11-29T21:41:12Z,74.7,23.6,2.563,8.859,174.562
2025-11-30T03:42:12Z,2025-11-29T21:42:12Z,74.7,23.6,2.164,10.29,228.97
2025-11-30T03:43:12Z,2025-11-29T21:43:12Z,74.8,23.6,2.402,9.827,150.574
2025-11-30T03:44:12Z,2025-11-29T21:44:12Z,74.8,23.6,2.265,9.641,203.261
2025-11-30T03:45:12Z,2025-11-29T21:45:12Z,74.8,23.6,2.217,10.189,168.412
2025-11-30T03:46:12Z,2025-11-29T21:46:12Z,74.9,23.6,2.29,9.794,159.259
2025-11-30T03:47:12Z,2025-11-29T21:47:12Z,74.9,23.6,2.116,10.291,176.168
2025-11-30T03:48:12Z,2025-11-29T21:48:12Z,74.9,23.6,2.04,9.911,164.448
2025-11-30T03:49:12Z,2025-11-29T21:49:12Z,74.9,23.6,2.109,9.186,217.193
2025-11-30T03:50:13Z,2025-11-29T21:50:13Z,74.9,23.6,2.383,10.272,224.464
2025-11-30T03:51:13Z,2025-11-29T21:51:13Z,75.0,23.6,2.261,9.258,200.073
2025-11-30T03:52:13Z,2025-11-29T21:52:13Z,75.0,23.6,2.088,9.782,201.523
2025-11-30T03:53:13Z,2025-11-29T21:53:13Z,75.0,23.6,2.321,10.76,186.168
2025-11-30T03:54:13Z,2025-11-29T21:54:13Z,75.0,23.6,2.31,10.212,187.707
2025-11-30T03:55:13Z,2025-11-29T21:55:13Z,75.0,23.6,2.265,9.821,255.813
2025-11-30T03:56:13Z,2025-11-29T21:56:13Z,75.0,23.6,2.241,9.588,200.266
2025-11-30T03:57:13Z,2025-11-29T21:57:13Z,75.1,23.6,2.093,9.947,185.153
2025-11-30T03:58:13Z,2025-11-29T21:58:13Z,75.1,23.6,2.229,10.1,244.86
2025-11-30T03:59:13Z,2025-11-29T21:59:13Z,75.1,23.6,2.157,10.27,200.435
2025-11-30T04:00:13Z,2025-11-29T22:00:13Z,75.1,23.6,2.062,9.455,188.869
2025-11-30T04:01:13Z,2025-11-29T22:01:13Z,75.1,23.6,2.178,9.944,240.811
2025-11-30T04:02:13Z,2025-11-29T22:02:13Z,75.2,23.6,2.191,10.143,131.092
2025-11-30T04:03:13Z,2025-11-29T22:03:13Z,75.2,23.6,1.953,9.469,268.66
2025-11-30T04:04:13Z,2025-11-29T22:04:13Z,75.2,23.6,2.324,9.982,215.002
2025-11-30T04:05:13Z,2025-11-29T22:05:13Z,75.2,23.6,2.224,10.485,214.496
2025-11-30T04:06:13Z,2025-11-29T22:06:13Z,75.3,23.6,2.266,10.418,184.452
2025-11-30T04:07:13Z,2025-11-29T22:07:13Z,75.3,23.6,2.233,9.515,215.433
2025-11-30T04:08:13Z,2025-11-29T22:08:13Z,75.3,23.6,2.279,9.542,226.794
2025-11-30T04:09:13Z,2025-11-29T22:09:13Z,75.4,23.5,2.135,9.31,225.735
2025-11-30T04:10:13Z,2025-11-29T22:10:13Z,75.4,23.6,2.295,10.663,174.637
2025-11-30T04:11:13Z,2025-11-29T22:11:13Z,75.4,23.5,1.953,10.323,206.079
2025-11-30T04:12:13Z,2025-11-29T22:12:13Z,75.4,23.6,2.017,10.35,191.235
2025-11-30T04:13:13Z,2025-11-29T22:13:13Z,75.4,23.6,2.438,10.094,154.382
2025-11-30T04:14:14Z,2025-11-29T22:14:14Z,75.4,23.6,2.532,9.776,166.483
2025-11-30T04:15:14Z,2025-11-29T22:15:14Z,75.4,23.6,2.298,9.841,207.197
2025-11-30T04:16:14Z,2025-11-29T22:16:14Z,75.4,23.6,2.274,9.66,186.519
2025-11-30T04:17:14Z,2025-11-29T22:17:14Z,75.4,23.6,1.937,9.369,229.085
2025-11-30T04:18:14Z,2025-11-29T22:18:14Z,75.4,23.6,2.017,9.065,178.242
2025-11-30T04:19:14Z,2025-11-29T22:19:14Z,75.4,23.6,2.273,9.396,175.263
2025-11-30T04:20:14Z,2025-11-29T22:20:14Z,75.4,23.6,2.193,10.35,206.118
2025-11-30T04:21:14Z,2025-11-29T22:21:14Z,75.4,23.6,2.416,9.382,187.125
2025-11-30T04:22:14Z,2025-11-29T22:22:14Z,75.4,23.6,2.267,9.63,228.061
2025-11-30T04:23:14Z,2025-11-29T22:23:14Z,75.3,23.6,2.288,10.152,251.443
2025-11-30T04:24:11Z,2025-11-29T22:24:11Z,75.3,23.6,2.186,10.673,184.372
2025-11-30T04:25:11Z,2025-11-29T22:25:11Z,75.3,23.6,2.05,9.882,162.93
2025-11-30T04:26:11Z,2025-11-29T22:26:11Z,75.3,23.7,2.3,10.759,243.757
2025-11-30T04:27:11Z,2025-11-29T22:27:11Z,75.3,23.7,2.11,10.316,161.321
2025-11-30T04:28:11Z,2025-11-29T22:28:11Z,75.3,23.7,2.191,10.115,216.404
2025-11-30T04:29:11Z,2025-11-29T22:29:11Z,75.3,23.7,2.317,9.616,175.653
2025-11-30T04:30:11Z,2025-11-29T22:30:11Z,75.2,23.7,2.686,10.484,214.662
2025-11-30T04:31:11Z,2025-11-29T22:31:11Z,75.2,23.7,2.269,9.277,222.228
2025-11-30T04:32:11Z,2025-11-29T22:32:11Z,75.2,23.7,2.099,9.734,235.488
2025-11-30T04:33:11Z,2025-11-29T22:33:11Z,75.2,23.7,1.846,9.181,170.319
2025-11-30T04:34:11Z,2025-11-29T22:34:11Z,75.1,23.7,2.111,9.838,177.555
2025-11-30T04:35:11Z,2025-11-29T22:35:11Z,75.1,23.7,2.311,9.695,215.72
2025-11-30T04:36:11Z,2025-11-29T22:36:11Z,75.1,23.7,2.463,9.622,169.632
2025-11-30T04:37:11Z,2025-11-29T22:37:11Z,75.1,23.8,2.147,10.57,169.844
2025-11-30T04:38:11Z,2025-11-29T22:38:11Z,75.1,23.8,2.324,10.331,226.026
2025-11-30T04:39:11Z,2025-11-29T22:39:11Z,75.1,23.8,2.338,11.004,224.178
2025-11-30T04:40:12Z,2025-11-29T22:40:12Z,75.0,23.8,2.461,10.713,292.922
2025-11-30T04:41:12Z,2025-11-29T22:41:12Z,75.0,23.8,2.367,9.341,206.189
2025-11-30T04:42:12Z,2025-11-29T22:42:12Z,75.0,23.8,2.22,10.354,221.784
2025-11-30T04:43:12Z,2025-11-29T22:43:12Z,75.0,23.8,2.09,9.61,209.308
2025-11-30T04:44:12Z,2025-11-29T22:44:12Z,75.0,23.8,2.245,10.138,202.094
2025-11-30T04:45:12Z,2025-11-29T22:45:12Z,75.0,23.8,2.407,10.49,242.967
2025-11-30T04:46:12Z,2025-11-29T22:46:12Z,75.0,23.8,2.42,9.992,195.99
2025-11-30T04:47:12Z,2025-11-29T22:47:12Z,75.0,23.8,2.295,10.167,198.466
2025-11-30T04:48:12Z,2025-11-29T22:48:12Z,75.0,23.8,2.647,10.189,188.703
2025-11-30T04:49:12Z,2025-11-29T22:49:12Z,75.0,23.8,2.355,9.219,172.236
2025-11-30T04:50:12Z,2025-11-29T22:50:12Z,75.0,23.8,2.246,9.196,205.817
2025-11-30T04:51:12Z,2025-11-29T22:51:12Z,75.0,23.8,2.216,10.56,235.876
2025-11-30T04:52:12Z,2025-11-29T22:52:12Z,75.1,23.8,2.27,11.278,190.864
2025-11-30T04:53:12Z,2025-11-29T22:53:12Z,75.0,23.8,2.245,9.767,253.559
2025-11-30T04:54:12Z,2025-11-29T22:54:12Z,75.1,23.8,2.232,9.947,159.455
2025-11-30T04:55:12Z,2025-11-29T22:55:12Z,75.1,23.8,2.294,9.72,190.336
2025-11-30T04:56:12Z,2025-11-29T22:56:12Z,75.1,23.8,2.136,9.932,167.758
2025-11-30T04:57:12Z,2025-11-29T22:57:12Z,75.1,23.8,2.51,10.831,217.589
2025-11-30T04:58:12Z,2025-11-29T22:58:12Z,75.1,23.8,2.543,11.005,205.127
2025-11-30T04:59:12Z,2025-11-29T22:59:12Z,75.1,23.9,2.411,10.532,182.009
2025-11-30T05:00:12Z,2025-11-29T23:00:12Z,75.1,23.8,2.705,9.201,168.093
2025-11-30T05:01:12Z,2025-11-29T23:01:12Z,75.1,23.8,2.738,9.892,183.682
2025-11-30T05:02:12Z,2025-11-29T23:02:12Z,75.1,23.9,2.895,10.047,157.019
2025-11-30T05:03:13Z,2025-11-29T23:03:13Z,75.1,23.9,3.715,10.695,137.03
2025-11-30T05:04:13Z,2025-11-29T23:04:13Z,75.1,23.9,3.602,11.413,172.589
2025-11-30T05:05:13Z,2025-11-29T23:05:13Z,75.1,23.9,3.292,11.261,234.908
2025-11-30T05:06:13Z,2025-11-29T23:06:13Z,75.2,23.9,3.344,10.264,148.226
2025-11-30T05:07:13Z,2025-11-29T23:07:13Z,75.2,23.9,3.101,10.812,196.88
2025-11-30T05:08:13Z,2025-11-29T23:08:13Z,75.2,23.8,2.798,10.369,153.002
2025-11-30T05:09:13Z,2025-11-29T23:09:13Z,75.2,23.8,2.995,10.544,255.039
2025-11-30T05:10:13Z,2025-11-29T23:10:13Z,75.2,23.8,3.142,10.074,146.425
2025-11-30T05:11:13Z,2025-11-29T23:11:13Z,75.2,23.8,3.117,10.89,215.703
2025-11-30T05:12:13Z,2025-11-29T23:12:13Z,75.3,23.8,2.937,10.545,172.895
2025-11-30T05:13:13Z,2025-11-29T23:13:13Z,75.3,23.8,2.654,10.507,142.374
2025-11-30T05:14:13Z,2025-11-29T23:14:13Z,75.3,23.8,2.584,9.973,171.669
2025-11-30T05:15:13Z,2025-11-29T23:15:13Z,75.3,23.8,2.535,9.942,241.349
2025-11-30T05:16:13Z,2025-11-29T23:16:13Z,75.3,23.8,2.466,10.473,176.958
2025-11-30T05:17:13Z,2025-11-29T23:17:13Z,75.3,23.8,2.622,9.797,175.015
2025-11-30T05:18:13Z,2025-11-29T23:18:13Z,75.3,23.8,2.494,9.776,141.245
2025-11-30T05:19:13Z,2025-11-29T23:19:13Z,75.3,23.8,2.633,10.389,211.604
2025-11-30T05:20:13Z,2025-11-29T23:20:13Z,75.3,23.8,2.408,10.755,145.215
2025-11-30T05:21:13Z,2025-11-29T23:21:13Z,75.5,23.9,2.42,10.528,251.978
2025-11-30T05:22:13Z,2025-11-29T23:22:13Z,75.5,23.8,2.368,10.163,188.636
2025-11-30T05:23:13Z,2025-11-29T23:23:13Z,75.4,23.9,2.354,9.985,189.674
2025-11-30T05:24:13Z,2025-11-29T23:24:13Z,75.4,23.9,2.174,10.307,196.69
2025-11-30T05:25:13Z,2025-11-29T23:25:13Z,75.4,23.9,2.326,10.475,277.024
2025-11-30T05:26:13Z,2025-11-29T23:26:13Z,75.4,23.9,2.296,9.903,178.011
2025-11-30T05:27:14Z,2025-11-29T23:27:14Z,75.5,23.9,2.137,10.466,290.231
2025-11-30T05:28:14Z,2025-11-29T23:28:14Z,75.4,23.9,2.411,10.299,208.637
2025-11-30T05:29:14Z,2025-11-29T23:29:14Z,75.4,23.9,2.477,9.978,146.162
2025-11-30T05:30:14Z,2025-11-29T23:30:14Z,75.4,23.9,2.389,10.251,190.756
2025-11-30T05:31:14Z,2025-11-29T23:31:14Z,75.4,23.9,2.243,10.625,215.825
2025-11-30T05:32:14Z,2025-11-29T23:32:14Z,75.4,23.9,2.482,10.154,204.994
2025-11-30T05:33:14Z,2025-11-29T23:33:14Z,75.4,23.9,2.212,9.445,166.601
2025-11-30T05:34:14Z,2025-11-29T23:34:14Z,75.4,23.9,2.345,10.028,196.921
2025-11-30T05:35:14Z,2025-11-29T23:35:14Z,75.4,23.9,2.442,11.278,161.931
2025-11-30T05:36:14Z,2025-11-29T23:36:14Z,75.4,23.9,2.697,10.635,187.596
2025-11-30T05:37:14Z,2025-11-29T23:37:14Z,75.4,23.9,2.933,10.157,164.275
2025-11-30T05:38:14Z,2025-11-29T23:38:14Z,75.4,23.9,2.755,10.166,157.283
2025-11-30T05:39:11Z,2025-11-29T23:39:11Z,75.4,23.9,2.991,10.074,206.372
2025-11-30T05:40:11Z,2025-11-29T23:40:11Z,75.5,23.9,3.472,10.324,145.92
2025-11-30T05:41:11Z,2025-11-29T23:41:11Z,75.5,23.9,4.053,11.328,239.036
2025-11-30T05:42:11Z,2025-11-29T23:42:11Z,75.5,23.9,4.25,11.614,198.207
2025-11-30T05:43:11Z,2025-11-29T23:43:11Z,75.5,23.9,3.973,10.785,204.243
2025-11-30T05:44:11Z,2025-11-29T23:44:11Z,75.5,23.9,3.345,11.622,163.554
2025-11-30T05:45:11Z,2025-11-29T23:45:11Z,75.5,23.9,3.09,10.71,149.335
2025-11-30T05:46:11Z,2025-11-29T23:46:11Z,75.5,23.8,2.784,10.081,150.372
2025-11-30T05:47:11Z,2025-11-29T23:47:11Z,75.5,23.8,2.876,10.238,149.787
2025-11-30T05:48:11Z,2025-11-29T23:48:11Z,75.5,23.8,2.321,9.432,201.469
2025-11-30T05:49:11Z,2025-11-29T23:49:11Z,75.5,23.8,2.583,9.86,188.567
2025-11-30T05:50:11Z,2025-11-29T23:50:11Z,75.5,23.8,2.614,9.77,182.211
2025-11-30T05:51:11Z,2025-11-29T23:51:11Z,75.5,23.8,3.271,10.781,179.672
2025-11-30T05:52:12Z,2025-11-29T23:52:12Z,75.5,23.8,2.935,9.894,162.168
2025-11-30T05:53:12Z,2025-11-29T23:53:12Z,75.6,23.8,2.577,10.102,226.72
2025-11-30T05:54:12Z,2025-11-29T23:54:12Z,75.6,23.8,2.415,9.75,185.553
2025-11-30T05:55:12Z,2025-11-29T23:55:12Z,75.6,23.8,2.375,10.736,193.319
2025-11-30T05:56:12Z,2025-11-29T23:56:12Z,75.6,23.8,2.37,10.507,240.888
2025-11-30T05:57:12Z,2025-11-29T23:57:12Z,75.5,23.8,2.629,10.021,193.75
2025-11-30T05:58:12Z,2025-11-29T23:58:12Z,75.5,23.8,2.383,10.309,200.289
2025-11-30T05:59:12Z,2025-11-29T23:59:12Z,75.5,23.9,2.463,10.838,204.723
2025-11-30T06:00:12Z,2025-11-30T00:00:12Z,75.5,23.9,2.491,10.493,206.279
2025-11-30T06:01:12Z,2025-11-30T00:01:12Z,75.5,23.8,2.392,11.543,282.882
2025-11-30T06:02:12Z,2025-11-30T00:02:12Z,75.5,23.9,2.274,9.83,194.225
2025-11-30T06:03:12Z,2025-11-30T00:03:12Z,75.5,23.8,2.504,10.564,196.091
2025-11-30T06:04:12Z,2025-11-30T00:04:12Z,75.5,23.8,2.011,9.477,213.673
2025-11-30T06:05:12Z,2025-11-30T00:05:12Z,75.5,23.8,2.242,9.713,174.46
2025-11-30T06:06:12Z,2025-11-30T00:06:12Z,75.5,23.8,2.316,9.491,218.885
2025-11-30T06:07:12Z,2025-11-30T00:07:12Z,75.5,23.9,2.305,9.574,189.13
2025-11-30T06:08:12Z,2025-11-30T00:08:12Z,75.5,23.8,2.478,9.544,159.296
2025-11-30T06:09:12Z,2025-11-30T00:09:12Z,75.5,23.8,2.291,9.166,195.56
2025-11-30T06:10:12Z,2025-11-30T00:10:12Z,75.5,23.8,2.239,10.422,197.523
2025-11-30T06:11:12Z,2025-11-30T00:11:12Z,75.6,23.8,2.254,9.163,173.192
2025-11-30T06:12:12Z,2025-11-30T00:12:12Z,75.6,23.8,2.333,9.714,217.611
2025-11-30T06:13:13Z,2025-11-30T00:13:13Z,75.6,23.8,2.387,10.84,150.854
2025-11-30T06:14:13Z,2025-11-30T00:14:13Z,75.6,23.8,2.262,10.701,221.014
2025-11-30T06:15:13Z,2025-11-30T00:15:13Z,75.6,23.8,2.366,10.057,217.538
2025-11-30T06:16:13Z,2025-11-30T00:16:13Z,75.6,23.8,2.283,9.437,240.03
2025-11-30T06:17:13Z,2025-11-30T00:17:13Z,75.6,23.8,2.506,10.117,182.289
2025-11-30T06:18:13Z,2025-11-30T00:18:13Z,75.6,23.8,2.14,9.222,176.669
2025-11-30T06:19:13Z,2025-11-30T00:19:13Z,75.6,23.8,1.933,10.34,216.341
2025-11-30T06:20:13Z,2025-11-30T00:20:13Z,75.6,23.8,2.311,8.959,232.575
2025-11-30T06:21:13Z,2025-11-30T00:21:13Z,75.6,23.8,2.272,10.852,211.727
2025-11-30T06:22:13Z,2025-11-30T00:22:13Z,75.7,23.8,2.173,10.507,154.069
2025-11-30T06:23:13Z,2025-11-30T00:23:13Z,75.7,23.8,2.296,9.532,216.572
2025-11-30T06:24:13Z,2025-11-30T00:24:13Z,75.7,23.8,2.384,9.441,248.899
2025-11-30T06:25:13Z,2025-11-30T00:25:13Z,75.7,23.8,2.272,10.179,193.893
2025-11-30T06:26:13Z,2025-11-30T00:26:13Z,75.8,23.8,2.223,9.519,185.259
2025-11-30T06:27:13Z,2025-11-30T00:27:13Z,75.8,23.8,2.335,9.536,204.319
2025-11-30T06:28:13Z,2025-11-30T00:28:13Z,75.8,23.8,2.141,9.095,150.95
2025-11-30T06:29:13Z,2025-11-30T00:29:13Z,75.8,23.8,2.155,10.153,193.102
2025-11-30T06:30:13Z,2025-11-30T00:30:13Z,75.8,23.8,2.33,10.115,180.663
2025-11-30T06:31:13Z,2025-11-30T00:31:13Z,75.8,23.8,2.405,10.521,180.326
2025-11-30T06:32:13Z,2025-11-30T00:32:13Z,75.8,23.8,1.768,10.082,219.884
2025-11-30T06:33:13Z,2025-11-30T00:33:13Z,75.8,23.8,2.217,10.239,205.89
2025-11-30T06:34:13Z,2025-11-30T00:34:13Z,75.9,23.8,2.386,10.503,222.645
2025-11-30T06:35:13Z,2025-11-30T00:35:13Z,76.0,23.8,2.301,9.77,159.989
2025-11-30T06:36:13Z,2025-11-30T00:36:13Z,76.3,23.8,2.451,9.706,234.678
2025-11-30T06:37:14Z,2025-11-30T00:37:14Z,76.3,23.8,2.503,11.17,247.972
2025-11-30T06:38:14Z,2025-11-30T00:38:14Z,76.4,23.8,2.136,9.378,210.958
2025-11-30T06:39:14Z,2025-11-30T00:39:14Z,76.5,23.8,2.467,10.347,208.778
2025-11-30T06:40:14Z,2025-11-30T00:40:14Z,76.4,23.7,2.591,10.748,176.122
2025-11-30T06:41:14Z,2025-11-30T00:41:14Z,76.4,23.7,2.374,10.685,166.21
2025-11-30T06:42:14Z,2025-11-30T00:42:14Z,76.4,23.7,2.478,9.539,214.814
2025-11-30T06:43:14Z,2025-11-30T00:43:14Z,76.5,23.7,2.075,10.014,187.618
2025-11-30T06:44:14Z,2025-11-30T00:44:14Z,76.5,23.7,2.35,10.075,186.454
2025-11-30T06:45:14Z,2025-11-30T00:45:14Z,76.5,23.7,2.588,11.174,176.489
2025-11-30T06:46:14Z,2025-11-30T00:46:14Z,76.5,23.7,2.397,10.352,213.682
2025-11-30T06:47:14Z,2025-11-30T00:47:14Z,76.6,23.7,2.115,9.966,192.874
2025-11-30T06:48:14Z,2025-11-30T00:48:14Z,76.6,23.7,2.395,9.63,166.726
2025-11-30T06:49:14Z,2025-11-30T00:49:14Z,76.6,23.7,2.079,10.118,187.503
2025-11-30T06:50:14Z,2025-11-30T00:50:14Z,76.6,23.7,2.337,10.198,176.901
2025-11-30T06:51:14Z,2025-11-30T00:51:14Z,76.6,23.7,2.312,10.71,190.148
2025-11-30T06:52:14Z,2025-11-30T00:52:14Z,76.6,23.7,2.371,9.731,218.73
2025-11-30T06:53:14Z,2025-11-30T00:53:14Z,76.8,23.7,2.404,10.101,168.226
2025-11-30T06:54:11Z,2025-11-30T00:54:11Z,77.4,23.7,2.192,10.131,169.261
2025-11-30T06:55:11Z,2025-11-30T00:55:11Z,77.6,23.7,2.277,10.302,214.983
2025-11-30T06:56:11Z,2025-11-30T00:56:11Z,77.8,23.7,2.335,10.536,168.487
2025-11-30T06:57:11Z,2025-11-30T00:57:11Z,78.2,23.7,2.507,10.99,192.181
2025-11-30T06:58:11Z,2025-11-30T00:58:11Z,78.4,23.7,2.413,11.385,237.994
2025-11-30T06:59:11Z,2025-11-30T00:59:11Z,78.3,23.6,2.353,10.32,142.036
2025-11-30T07:00:11Z,2025-11-30T01:00:11Z,78.8,23.6,2.019,9.685,219.994
2025-11-30T07:01:11Z,2025-11-30T01:01:11Z,79.0,23.6,2.253,10.46,180.464
2025-11-30T07:02:11Z,2025-11-30T01:02:11Z,78.7,23.6,2.23,11.469,252.138
2025-11-30T07:03:11Z,2025-11-30T01:03:11Z,79.2,23.6,2.288,10.166,210.156
2025-11-30T07:04:11Z,2025-11-30T01:04:11Z,78.9,23.5,2.363,10.839,207.031
2025-11-30T07:05:12Z,2025-11-30T01:05:12Z,79.3,23.5,2.277,10.252,152.827
2025-11-30T07:06:12Z,2025-11-30T01:06:12Z,79.7,23.5,2.415,10.099,136.77
2025-11-30T07:07:12Z,2025-11-30T01:07:12Z,79.5,23.5,2.592,10.435,157.085
2025-11-30T07:08:12Z,2025-11-30T01:08:12Z,79.7,23.5,2.406,11.05,205.32
2025-11-30T07:09:12Z,2025-11-30T01:09:12Z,79.8,23.4,2.567,11.467,173.13
2025-11-30T07:10:12Z,2025-11-30T01:10:12Z,80.1,23.4,2.3,12.086,193.018
2025-11-30T07:11:12Z,2025-11-30T01:11:12Z,80.0,23.4,2.538,11.457,217.167
2025-11-30T07:12:12Z,2025-11-30T01:12:12Z,80.1,23.4,2.329,11.602,218.19
2025-11-30T07:13:12Z,2025-11-30T01:13:12Z,80.3,23.4,2.237,10.567,255.04
2025-11-30T07:14:12Z,2025-11-30T01:14:12Z,80.3,23.4,1.996,10.621,238.19
2025-11-30T07:15:12Z,2025-11-30T01:15:12Z,80.2,23.3,1.828,11.234,208.907
2025-11-30T07:16:12Z,2025-11-30T01:16:12Z,80.6,23.3,2.147,10.481,152.618
2025-11-30T07:17:12Z,2025-11-30T01:17:12Z,80.6,23.3,2.238,10.904,229.407
2025-11-30T07:18:12Z,2025-11-30T01:18:12Z,80.5,23.3,2.005,9.952,197.799
2025-11-30T07:19:12Z,2025-11-30T01:19:12Z,80.8,23.3,2.065,10.853,175.804
2025-11-30T07:20:12Z,2025-11-30T01:20:12Z,80.7,23.3,2.048,10.646,227.764
2025-11-30T07:21:12Z,2025-11-30T01:21:12Z,80.9,23.3,2.308,10.884,184.442
2025-11-30T07:22:12Z,2025-11-30T01:22:12Z,81.0,23.2,1.927,10.556,183.112
2025-11-30T07:23:12Z,2025-11-30T01:23:12Z,81.1,23.2,2.155,11.479,179.921
2025-11-30T07:24:12Z,2025-11-30T01:24:12Z,81.2,23.2,2.112,11.661,163.714
2025-11-30T07:25:12Z,2025-11-30T01:25:12Z,81.2,23.2,2.211,11.503,226.681
2025-11-30T07:26:12Z,2025-11-30T01:26:12Z,81.5,23.2,2.14,10.835,188.985
2025-11-30T07:27:12Z,2025-11-30T01:27:12Z,81.5,23.2,2.266,11.748,181.53
2025-11-30T07:28:13Z,2025-11-30T01:28:13Z,81.4,23.2,2.114,10.725,170.847
2025-11-30T07:29:13Z,2025-11-30T01:29:13Z,81.4,23.2,2.174,11.028,264.226
2025-11-30T07:30:13Z,2025-11-30T01:30:13Z,81.5,23.2,2.167,10.68,212.388
2025-11-30T07:31:13Z,2025-11-30T01:31:13Z,81.4,23.2,2.045,10.368,135.829
2025-11-30T07:32:13Z,2025-11-30T01:32:13Z,81.4,23.1,2.394,10.675,204.703
2025-11-30T07:33:13Z,2025-11-30T01:33:13Z,81.6,23.1,2.231,10.576,171.007
2025-11-30T07:34:13Z,2025-11-30T01:34:13Z,81.7,23.1,2.183,10.396,225.813
2025-11-30T07:35:13Z,2025-11-30T01:35:13Z,81.8,23.1,2.376,10.866,174.871
2025-11-30T07:36:13Z,2025-11-30T01:36:13Z,81.7,23.1,2.065,10.804,165.684
2025-11-30T07:37:13Z,2025-11-30T01:37:13Z,81.7,23.1,2.016,11.272,166.684
2025-11-30T07:38:13Z,2025-11-30T01:38:13Z,81.8,23.1,2.047,9.809,202.611
2025-11-30T07:39:13Z,2025-11-30T01:39:13Z,81.9,23.1,2.078,11.042,150.597
2025-11-30T07:40:13Z,2025-11-30T01:40:13Z,81.8,23.1,2.393,11.426,214.347
2025-11-30T07:41:13Z,2025-11-30T01:41:13Z,82.1,23.1,2.537,14.395,296.334
2025-11-30T07:42:13Z,2025-11-30T01:42:13Z,82.2,23.1,2.602,13.491,252.353
2025-11-30T07:43:13Z,2025-11-30T01:43:13Z,82.2,23.1,2.173,12.554,223.674
2025-11-30T07:44:13Z,2025-11-30T01:44:13Z,82.5,23.1,2.378,11.634,221.843
2025-11-30T07:45:13Z,2025-11-30T01:45:13Z,82.7,23.0,2.311,12.026,182.33
2025-11-30T07:46:13Z,2025-11-30T01:46:13Z,82.5,23.0,2.098,11.89,170.442
2025-11-30T07:47:14Z,2025-11-30T01:47:14Z,82.5,23.0,1.976,10.953,167.698
2025-11-30T07:48:14Z,2025-11-30T01:48:14Z,82.4,23.0,2.071,11.735,222.645
2025-11-30T07:49:14Z,2025-11-30T01:49:14Z,82.6,23.0,2.134,12.555,153.584
2025-11-30T07:50:14Z,2025-11-30T01:50:14Z,82.5,23.0,2.319,11.113,175.456
2025-11-30T07:51:14Z,2025-11-30T01:51:14Z,82.4,23.0,2.138,11.699,233.416
2025-11-30T07:52:14Z,2025-11-30T01:52:14Z,82.4,23.0,2.089,11.569,242.72
2025-11-30T07:53:14Z,2025-11-30T01:53:14Z,82.5,23.0,2.134,11.174,164.442
2025-11-30T07:54:14Z,2025-11-30T01:54:14Z,82.6,23.0,2.024,10.691,197.665
2025-11-30T07:55:14Z,2025-11-30T01:55:14Z,82.5,23.0,2.017,11.613,198.549
2025-11-30T07:56:14Z,2025-11-30T01:56:14Z,83.0,23.0,2.235,11.941,224.778
2025-11-30T07:57:14Z,2025-11-30T01:57:14Z,83.1,23.0,2.043,10.602,192.815
2025-11-30T07:58:14Z,2025-11-30T01:58:14Z,83.3,23.0,2.138,11.928,209.394
2025-11-30T07:59:14Z,2025-11-30T01:59:14Z,83.6,23.0,2.04,11.685,214.005
2025-11-30T08:00:14Z,2025-11-30T02:00:14Z,83.7,23.0,2.283,11.214,244.825
2025-11-30T08:01:14Z,2025-11-30T02:01:14Z,83.7,23.0,2.095,11.556,162.155
2025-11-30T08:02:14Z,2025-11-30T02:02:14Z,83.5,22.9,2.195,11.124,208.708
2025-11-30T08:03:14Z,2025-11-30T02:03:14Z,83.5,22.9,2.089,11.457,152.919
2025-11-30T08:04:11Z,2025-11-30T02:04:11Z,83.4,22.9,1.98,11.866,189.335
2025-11-30T08:05:11Z,2025-11-30T02:05:11Z,83.7,22.9,2.053,10.101,173.418
2025-11-30T08:06:11Z,2025-11-30T02:06:11Z,83.8,22.9,2.111,10.29,110.742
2025-11-30T08:07:11Z,2025-11-30T02:07:11Z,81.5,22.9,2.317,7.72,81.473
2025-11-30T08:08:11Z,2025-11-30T02:08:11Z,79.2,22.9,2.597,5.416,52.739
2025-11-30T08:09:11Z,2025-11-30T02:09:11Z,78.4,22.8,2.291,4.573,11.943
2025-11-30T08:10:11Z,2025-11-30T02:10:11Z,78.3,22.7,2.11,4.501,16.823
2025-11-30T08:11:11Z,2025-11-30T02:11:11Z,78.0,22.7,1.82,3.814,18.447
2025-11-30T08:12:11Z,2025-11-30T02:12:11Z,76.4,22.6,0.968,2.332,17.189
2025-11-30T08:13:11Z,2025-11-30T02:13:11Z,76.3,22.5,0.859,2.177,11.315
2025-11-30T08:14:11Z,2025-11-30T02:14:11Z,76.5,22.4,0.737,1.767,3.439
2025-11-30T08:15:12Z,2025-11-30T02:15:12Z,76.8,22.3,0.608,1.466,27.136
2025-11-30T08:16:12Z,2025-11-30T02:16:12Z,77.3,22.2,0.72,1.906,16.963
2025-11-30T08:17:12Z,2025-11-30T02:17:12Z,77.7,22.0,0.76,2.269,16.236
2025-11-30T08:18:12Z,2025-11-30T02:18:12Z,78.2,21.9,0.724,2.664,18.593
2025-11-30T08:19:12Z,2025-11-30T02:19:12Z,78.8,21.8,0.887,4.321,96.595
2025-11-30T08:20:12Z,2025-11-30T02:20:12Z,79.1,21.7,1.018,4.069,77.505
2025-11-30T08:21:12Z,2025-11-30T02:21:12Z,79.6,21.6,0.942,3.801,63.901
2025-11-30T08:22:12Z,2025-11-30T02:22:12Z,80.2,21.5,0.793,4.079,119.236
2025-11-30T08:23:12Z,2025-11-30T02:23:12Z,80.7,21.4,0.928,5.274,122.921
2025-11-30T08:24:12Z,2025-11-30T02:24:12Z,81.0,21.3,0.87,4.638,138.57
2025-11-30T08:25:12Z,2025-11-30T02:25:12Z,81.2,21.2,0.777,5.125,118.855
2025-11-30T08:26:12Z,2025-11-30T02:26:12Z,81.4,21.1,0.556,3.114,94.764
2025-11-30T08:27:12Z,2025-11-30T02:27:12Z,81.5,21.1,0.482,2.15,47.132
2025-11-30T08:28:12Z,2025-11-30T02:28:12Z,81.7,21.0,0.289,1.612,33.457
2025-11-30T08:29:12Z,2025-11-30T02:29:12Z,81.9,20.9,0.303,1.389,14.94
2025-11-30T08:30:12Z,2025-11-30T02:30:12Z,82.2,20.8,0.248,1.733,79.381
2025-11-30T08:31:12Z,2025-11-30T02:31:12Z,82.4,20.7,0.257,1.215,31.343
2025-11-30T08:32:12Z,2025-11-30T02:32:12Z,82.7,20.7,0.25,1.309,39.715
2025-11-30T08:33:12Z,2025-11-30T02:33:12Z,83.1,20.6,0.348,1.007,60.745
2025-11-30T08:34:12Z,2025-11-30T02:34:12Z,83.4,20.5,0.343,1.367,102.256
2025-11-30T08:35:13Z,2025-11-30T02:35:13Z,83.9,20.5,0.406,1.793,164.959
2025-11-30T08:36:13Z,2025-11-30T02:36:13Z,84.1,20.4,0.433,1.803,174.537
2025-11-30T08:37:13Z,2025-11-30T02:37:13Z,84.4,20.4,0.424,2.125,90.883
2025-11-30T08:38:13Z,2025-11-30T02:38:13Z,84.7,20.3,0.419,2.226,108.48
2025-11-30T08:39:13Z,2025-11-30T02:39:13Z,84.9,20.3,0.362,1.446,53.724
2025-11-30T08:40:13Z,2025-11-30T02:40:13Z,84.8,20.2,0.318,1.033,73.055
2025-11-30T08:41:13Z,2025-11-30T02:41:13Z,84.9,20.2,0.237,0.761,36.17
2025-11-30T08:42:13Z,2025-11-30T02:42:13Z,84.9,20.2,0.267,1.05,53.922
2025-11-30T08:43:13Z,2025-11-30T02:43:13Z,84.8,20.1,0.247,0.842,62.775
2025-11-30T08:44:13Z,2025-11-30T02:44:13Z,85.2,20.1,0.291,0.941,75.316
2025-11-30T08:45:13Z,2025-11-30T02:45:13Z,85.5,20.0,0.308,1.043,86.414
2025-11-30T08:46:13Z,2025-11-30T02:46:13Z,85.3,20.0,0.344,0.811,100.167
2025-11-30T08:47:13Z,2025-11-30T02:47:13Z,85.2,20.0,0.196,0.879,73.706
2025-11-30T08:48:13Z,2025-11-30T02:48:13Z,85.6,19.9,0.281,0.871,43.441
2025-11-30T08:49:13Z,2025-11-30T02:49:13Z,85.5,19.9,0.252,0.884,95.382
2025-11-30T08:50:13Z,2025-11-30T02:50:13Z,85.9,19.9,0.284,1.213,100.26
2025-11-30T08:51:13Z,2025-11-30T02:51:13Z,86.2,19.8,0.441,1.943,154.886
2025-11-30T08:52:13Z,2025-11-30T02:52:13Z,86.5,19.8,0.575,2.496,197.353
2025-11-30T08:53:13Z,2025-11-30T02:53:13Z,86.4,19.8,0.334,1.493,41.745
2025-11-30T08:54:13Z,2025-11-30T02:54:13Z,86.3,19.8,0.28,1.358,113.568
2025-11-30T08:55:13Z,2025-11-30T02:55:13Z,86.3,19.7,0.317,1.407,47.26
2025-11-30T08:56:14Z,2025-11-30T02:56:14Z,86.5,19.7,0.394,1.306,66.06
2025-11-30T08:57:14Z,2025-11-30T02:57:14Z,86.7,19.7,0.314,1.105,68.603
2025-11-30T08:58:14Z,2025-11-30T02:58:14Z,86.6,19.7,0.226,1.075,46.663
2025-11-30T08:59:14Z,2025-11-30T02:59:14Z,86.8,19.7,0.193,0.602,36.244
2025-11-30T09:00:14Z,2025-11-30T03:00:14Z,86.6,19.7,0.179,0.773,1.716
2025-11-30T09:01:14Z,2025-11-30T03:01:14Z,86.5,19.7,0.148,0.511,3.36
2025-11-30T09:02:14Z,2025-11-30T03:02:14Z,86.3,19.6,0.142,0.507,1.492
2025-11-30T09:03:14Z,2025-11-30T03:03:14Z,86.1,19.6,0.106,0.538,0.766
2025-11-30T09:04:14Z,2025-11-30T03:04:14Z,86.3,19.6,0.166,0.515,1.219
2025-11-30T09:05:14Z,2025-11-30T03:05:14Z,86.5,19.6,0.211,0.531,14.082
2025-11-30T09:06:14Z,2025-11-30T03:06:14Z,86.6,19.6,0.309,0.606,19.788
2025-11-30T09:07:14Z,2025-11-30T03:07:14Z,86.8,19.6,0.243,0.422,15.831
2025-11-30T09:08:14Z,2025-11-30T03:08:14Z,87.0,19.5,0.264,0.627,15.568
2025-11-30T09:09:14Z,2025-11-30T03:09:14Z,86.9,19.5,0.238,0.63,40.587
2025-11-30T09:10:14Z,2025-11-30T03:10:14Z,86.9,19.5,0.197,0.533,16.569
2025-11-30T09:11:14Z,2025-11-30T03:11:14Z,86.9,19.5,0.18,0.466,9.031
2025-11-30T09:12:14Z,2025-11-30T03:12:14Z,86.9,19.5,0.142,0.442,2.644
2025-11-30T09:13:14Z,2025-11-30T03:13:14Z,87.3,19.5,0.226,0.875,23.696
2025-11-30T09:14:11Z,2025-11-30T03:14:11Z,87.2,19.5,0.175,0.464,15.32
2025-11-30T09:15:11Z,2025-11-30T03:15:11Z,87.2,19.5,0.133,0.663,10.962
2025-11-30T09:16:11Z,2025-11-30T03:16:11Z,87.2,19.5,0.198,0.583,10.281
2025-11-30T09:17:11Z,2025-11-30T03:17:11Z,87.4,19.4,0.196,0.58,1.038
2025-11-30T09:18:11Z,2025-11-30T03:18:11Z,87.4,19.4,0.204,0.518,19.768
2025-11-30T09:19:11Z,2025-11-30T03:19:11Z,87.2,19.4,0.121,0.482,19.538
2025-11-30T09:20:11Z,2025-11-30T03:20:11Z,87.4,19.4,0.173,0.616,5.397
2025-11-30T09:21:11Z,2025-11-30T03:21:11Z,87.3,19.4,0.213,0.617,17.411
2025-11-30T09:22:12Z,2025-11-30T03:22:12Z,87.2,19.4,0.202,0.45,10.741
2025-11-30T09:23:12Z,2025-11-30T03:23:12Z,87.3,19.4,0.239,0.463,16.814
2025-11-30T09:24:12Z,2025-11-30T03:24:12Z,87.4,19.4,0.202,0.494,12.433
2025-11-30T09:25:12Z,2025-11-30T03:25:12Z,87.5,19.4,0.208,0.51,20.663
2025-11-30T09:26:12Z,2025-11-30T03:26:12Z,87.4,19.4,0.2,0.553,30.498
2025-11-30T09:27:12Z,2025-11-30T03:27:12Z,87.5,19.4,0.205,0.465,28.262
2025-11-30T09:28:12Z,2025-11-30T03:28:12Z,87.6,19.4,0.289,0.991,45.018
2025-11-30T09:29:12Z,2025-11-30T03:29:12Z,87.6,19.4,0.316,0.792,51.317
2025-11-30T09:30:12Z,2025-11-30T03:30:12Z,87.5,19.4,0.293,0.876,17.751
2025-11-30T09:31:12Z,2025-11-30T03:31:12Z,87.5,19.4,0.294,1.038,4.775
2025-11-30T09:32:12Z,2025-11-30T03:32:12Z,87.7,19.4,0.258,0.643,15.717
2025-11-30T09:33:12Z,2025-11-30T03:33:12Z,87.8,19.4,0.284,0.738,25.927
2025-11-30T09:34:12Z,2025-11-30T03:34:12Z,87.9,19.4,0.255,0.73,17.065
2025-11-30T09:35:12Z,2025-11-30T03:35:12Z,87.8,19.4,0.258,0.513,12.164
2025-11-30T09:36:12Z,2025-11-30T03:36:12Z,87.7,19.4,0.249,0.479,5.601
2025-11-30T09:37:12Z,2025-11-30T03:37:12Z,87.8,19.4,0.243,0.644,18.036
2025-11-30T09:38:12Z,2025-11-30T03:38:12Z,87.8,19.4,0.254,0.669,32.103
2025-11-30T09:39:12Z,2025-11-30T03:39:12Z,88.0,19.4,0.3,0.934,46.214
2025-11-30T09:40:12Z,2025-11-30T03:40:12Z,88.0,19.3,0.263,0.576,44.37
2025-11-30T09:41:12Z,2025-11-30T03:41:12Z,86.7,19.3,0.268,0.744,23.174
2025-11-30T09:42:12Z,2025-11-30T03:42:12Z,84.2,19.3,0.251,0.584,15.468
2025-11-30T09:43:13Z,2025-11-30T03:43:13Z,82.3,19.3,0.359,0.544,12.965
2025-11-30T09:44:13Z,2025-11-30T03:44:13Z,81.7,19.2,0.365,0.915,3.39
2025-11-30T09:45:13Z,2025-11-30T03:45:13Z,81.5,19.2,0.444,0.858,5.787
2025-11-30T09:46:13Z,2025-11-30T03:46:13Z,81.3,19.1,0.394,0.58,5.801
2025-11-30T09:47:13Z,2025-11-30T03:47:13Z,81.0,19.0,0.449,0.727,6.305
2025-11-30T09:48:13Z,2025-11-30T03:48:13Z,81.1,18.9,0.491,0.622,3.048
2025-11-30T09:49:13Z,2025-11-30T03:49:13Z,81.0,18.8,0.476,0.791,1.54
2025-11-30T09:50:13Z,2025-11-30T03:50:13Z,80.8,18.7,0.435,0.712,11.385
2025-11-30T09:51:13Z,2025-11-30T03:51:13Z,81.1,18.7,0.56,0.859,0.909
2025-11-30T09:52:13Z,2025-11-30T03:52:13Z,81.4,18.6,0.411,0.688,1.271
2025-11-30T09:53:13Z,2025-11-30T03:53:13Z,81.6,18.5,0.503,0.71,12.136
2025-11-30T09:54:13Z,2025-11-30T03:54:13Z,81.6,18.4,0.43,0.785,2.613
2025-11-30T09:55:13Z,2025-11-30T03:55:13Z,81.6,18.3,0.552,0.828,2.153
2025-11-30T09:56:13Z,2025-11-30T03:56:13Z,82.0,18.3,0.626,0.756,1.413
2025-11-30T09:57:13Z,2025-11-30T03:57:13Z,82.1,18.2,0.641,0.989,2.005
2025-11-30T09:58:13Z,2025-11-30T03:58:13Z,82.2,18.1,0.533,0.881,1.308
2025-11-30T09:59:13Z,2025-11-30T03:59:13Z,82.5,18.1,0.726,0.987,1.685
2025-11-30T10:00:13Z,2025-11-30T04:00:13Z,82.2,18.0,0.592,0.871,1.117
2025-11-30T10:01:13Z,2025-11-30T04:01:13Z,82.2,17.9,0.597,0.827,1.356
2025-11-30T10:02:14Z,2025-11-30T04:02:14Z,82.6,17.9,0.637,0.916,1.145
2025-11-30T10:03:14Z,2025-11-30T04:03:14Z,82.8,17.8,0.696,0.842,12.208
2025-11-30T10:04:14Z,2025-11-30T04:04:14Z,83.1,17.8,0.663,0.944,1.52
2025-11-30T10:05:14Z,2025-11-30T04:05:14Z,83.2,17.7,0.684,1.009,12.089
2025-11-30T10:06:14Z,2025-11-30T04:06:14Z,83.5,17.7,0.661,0.819,7.362
2025-11-30T10:07:14Z,2025-11-30T04:07:14Z,83.5,17.6,0.73,0.854,5.942
2025-11-30T10:08:14Z,2025-11-30T04:08:14Z,83.6,17.6,0.702,1.101,11.457
2025-11-30T10:09:14Z,2025-11-30T04:09:14Z,83.4,17.5,0.619,0.917,1.335
2025-11-30T10:10:14Z,2025-11-30T04:10:14Z,83.4,17.5,0.703,0.935,3.158
2025-11-30T10:11:14Z,2025-11-30T04:11:14Z,83.8,17.4,0.741,0.981,6.093
2025-11-30T10:12:14Z,2025-11-30T04:12:14Z,84.0,17.4,0.764,1.153,11.671
2025-11-30T10:13:14Z,2025-11-30T04:13:14Z,84.1,17.4,0.766,0.957,11.409
2025-11-30T10:14:14Z,2025-11-30T04:14:14Z,84.0,17.3,0.761,1.062,2.057
2025-11-30T10:15:14Z,2025-11-30T04:15:14Z,84.4,17.3,0.796,0.955,2.76
2025-11-30T10:16:14Z,2025-11-30T04:16:14Z,84.5,17.3,0.785,1.081,3.26
2025-11-30T10:17:14Z,2025-11-30T04:17:14Z,84.7,17.2,0.69,0.842,4.357
2025-11-30T10:18:14Z,2025-11-30T04:18:14Z,83.7,17.2,0.822,1.043,1.709
2025-11-30T10:19:14Z,2025-11-30T04:19:14Z,83.9,17.2,1.071,1.253,1.737
2025-11-30T10:20:14Z,2025-11-30T04:20:14Z,83.4,17.1,1.017,1.209,9.052
2025-11-30T10:21:14Z,2025-11-30T04:21:14Z,82.8,17.1,1.124,1.3,2.542
2025-11-30T10:22:14Z,2025-11-30T04:22:14Z,82.2,17.1,1.235,1.49,5.149
2025-11-30T10:23:14Z,2025-11-30T04:23:14Z,81.9,17.0,1.461,1.694,2.206
2025-11-30T10:24:14Z,2025-11-30T04:24:14Z,82.2,17.0,1.552,1.766,2.878
2025-11-30T10:25:15Z,2025-11-30T04:25:15Z,82.6,16.9,1.622,1.796,15.259
2025-11-30T10:26:15Z,2025-11-30T04:26:15Z,82.1,16.9,1.695,1.892,3.927
2025-11-30T10:27:15Z,2025-11-30T04:27:15Z,81.7,16.8,1.593,1.7,1.73
2025-11-30T10:28:15Z,2025-11-30T04:28:15Z,82.0,16.8,1.812,1.973,12.272
2025-11-30T10:29:11Z,2025-11-30T04:29:11Z,82.3,16.7,1.734,1.915,3.957
2025-11-30T10:30:11Z,2025-11-30T04:30:11Z,82.0,16.7,1.92,2.026,12.117
2025-11-30T10:31:11Z,2025-11-30T04:31:11Z,82.5,16.6,1.876,2.083,2.782
2025-11-30T10:32:12Z,2025-11-30T04:32:12Z,82.7,16.6,1.765,2.001,3.143
2025-11-30T10:33:12Z,2025-11-30T04:33:12Z,82.9,16.5,1.836,2.067,4.116
2025-11-30T10:34:12Z,2025-11-30T04:34:12Z,82.1,16.5,2.005,2.15,3.058
2025-11-30T10:35:12Z,2025-11-30T04:35:12Z,82.3,16.4,2.34,2.499,5.651
2025-11-30T10:36:12Z,2025-11-30T04:36:12Z,82.4,16.4,2.256,2.367,5.927
2025-11-30T10:37:12Z,2025-11-30T04:37:12Z,82.7,16.3,2.478,2.622,8.469
2025-11-30T10:38:12Z,2025-11-30T04:38:12Z,83.1,16.3,2.427,2.569,8.397
2025-11-30T10:39:12Z,2025-11-30T04:39:12Z,83.1,16.3,2.302,2.635,7.066
2025-11-30T10:40:12Z,2025-11-30T04:40:12Z,83.3,16.2,2.226,2.46,4.159
2025-11-30T10:41:12Z,2025-11-30T04:41:12Z,83.7,16.2,2.406,2.592,3.552
2025-11-30T10:42:12Z,2025-11-30T04:42:12Z,83.9,16.2,2.52,2.745,10.281
2025-11-30T10:43:12Z,2025-11-30T04:43:12Z,84.2,16.1,2.411,2.7,3.951
2025-11-30T10:44:12Z,2025-11-30T04:44:12Z,83.5,16.1,2.031,2.207,2.574
2025-11-30T10:45:12Z,2025-11-30T04:45:12Z,83.9,16.1,2.276,2.422,6.477
2025-11-30T10:46:12Z,2025-11-30T04:46:12Z,84.1,16.0,2.281,2.432,3.032
2025-11-30T10:47:12Z,2025-11-30T04:47:12Z,84.3,16.0,2.639,2.856,3.316
2025-11-30T10:48:12Z,2025-11-30T04:48:12Z,84.4,16.0,2.507,2.811,4.402
2025-11-30T10:49:12Z,2025-11-30T04:49:12Z,84.0,16.0,2.671,2.818,3.275
2025-11-30T10:50:12Z,2025-11-30T04:50:12Z,83.8,16.0,2.717,2.782,7.247
2025-11-30T10:51:12Z,2025-11-30T04:51:12Z,83.9,15.9,2.653,2.924,4.339
2025-11-30T10:52:13Z,2025-11-30T04:52:13Z,83.5,15.9,2.757,2.834,3.765
2025-11-30T10:53:13Z,2025-11-30T04:53:13Z,83.9,15.9,2.978,3.186,4.108
2025-11-30T10:54:13Z,2025-11-30T04:54:13Z,84.2,15.9,3.0,3.114,12.474
2025-11-30T10:55:13Z,2025-11-30T04:55:13Z,84.3,15.8,2.687,2.941,4.196
2025-11-30T10:56:13Z,2025-11-30T04:56:13Z,83.8,15.8,2.748,2.941,15.792
2025-11-30T10:57:13Z,2025-11-30T04:57:13Z,83.9,15.8,2.936,3.173,12.671
2025-11-30T10:58:13Z,2025-11-30T04:58:13Z,84.0,15.8,2.752,2.98,3.322
2025-11-30T10:59:13Z,2025-11-30T04:59:13Z,84.3,15.8,2.934,3.243,13.089
2025-11-30T11:00:13Z,2025-11-30T05:00:13Z,84.1,15.7,2.771,3.098,6.79
2025-11-30T11:01:13Z,2025-11-30T05:01:13Z,84.1,15.7,2.954,3.218,8.444
2025-11-30T11:02:13Z,2025-11-30T05:02:13Z,83.8,15.7,2.67,2.987,9.156
2025-11-30T11:03:13Z,2025-11-30T05:03:13Z,83.8,15.7,3.115,3.235,3.591
2025-11-30T11:04:13Z,2025-11-30T05:04:13Z,84.2,15.7,3.045,3.249,22.972
2025-11-30T11:05:13Z,2025-11-30T05:05:13Z,83.8,15.6,2.798,2.924,7.532
2025-11-30T11:06:13Z,2025-11-30T05:06:13Z,83.9,15.6,3.087,3.337,4.416
2025-11-30T11:07:13Z,2025-11-30T05:07:13Z,84.3,15.6,3.143,3.362,4.052
2025-11-30T11:08:13Z,2025-11-30T05:08:13Z,84.3,15.6,3.609,3.864,10.593
2025-11-30T11:09:13Z,2025-11-30T05:09:13Z,84.8,15.6,3.432,3.759,5.493
2025-11-30T11:10:13Z,2025-11-30T05:10:13Z,84.7,15.6,3.258,3.507,5.415
2025-11-30T11:11:13Z,2025-11-30T05:11:13Z,84.6,15.6,3.405,3.731,13.252
2025-11-30T11:12:13Z,2025-11-30T05:12:13Z,84.2,15.5,3.239,3.556,4.707
2025-11-30T11:13:14Z,2025-11-30T05:13:14Z,84.0,15.5,3.702,3.876,4.817
2025-11-30T11:14:14Z,2025-11-30T05:14:14Z,84.1,15.5,3.672,3.977,5.063
2025-11-30T11:15:14Z,2025-11-30T05:15:14Z,84.1,15.5,3.817,4.188,5.891
2025-11-30T11:16:14Z,2025-11-30T05:16:14Z,84.3,15.5,3.651,4.148,9.704
2025-11-30T11:17:14Z,2025-11-30T05:17:14Z,84.1,15.4,3.984,4.393,9.341
2025-11-30T11:18:14Z,2025-11-30T05:18:14Z,84.5,15.4,4.107,4.392,14.261
2025-11-30T11:19:14Z,2025-11-30T05:19:14Z,84.2,15.4,3.871,4.149,13.047
2025-11-30T11:20:14Z,2025-11-30T05:20:14Z,84.0,15.4,4.337,4.81,32.51
2025-11-30T11:21:14Z,2025-11-30T05:21:14Z,83.6,15.4,4.138,4.509,13.079
2025-11-30T11:22:14Z,2025-11-30T05:22:14Z,83.9,15.3,4.492,4.923,7.922
2025-11-30T11:23:14Z,2025-11-30T05:23:14Z,84.1,15.3,4.681,5.232,7.428
2025-11-30T11:24:14Z,2025-11-30T05:24:14Z,84.2,15.3,4.973,5.282,7.443
2025-11-30T11:25:14Z,2025-11-30T05:25:14Z,84.0,15.3,5.221,5.608,9.564
2025-11-30T11:26:14Z,2025-11-30T05:26:14Z,84.1,15.3,5.415,5.978,9.257
2025-11-30T11:27:14Z,2025-11-30T05:27:14Z,84.0,15.2,5.027,5.487,15.256
2025-11-30T11:28:14Z,2025-11-30T05:28:14Z,83.4,15.2,5.037,5.468,15.294
2025-11-30T11:29:14Z,2025-11-30T05:29:14Z,83.8,15.2,5.153,5.75,17.362
2025-11-30T11:30:14Z,2025-11-30T05:30:14Z,83.8,15.2,5.42,5.91,25.413
2025-11-30T11:31:14Z,2025-11-30T05:31:14Z,83.7,15.1,5.358,6.046,17.71
2025-11-30T11:32:14Z,2025-11-30T05:32:14Z,84.0,15.1,5.754,6.454,20.073
2025-11-30T11:33:15Z,2025-11-30T05:33:15Z,84.1,15.1,5.64,6.223,22.495
2025-11-30T11:34:15Z,2025-11-30T05:34:15Z,84.5,15.1,5.643,6.355,12.033
2025-11-30T11:35:15Z,2025-11-30T05:35:15Z,84.5,15.1,5.896,6.405,20.547
2025-11-30T11:36:15Z,2025-11-30T05:36:15Z,84.7,15.1,6.118,7.163,14.259
2025-11-30T11:37:15Z,2025-11-30T05:37:15Z,84.8,15.0,6.253,7.008,19.862
2025-11-30T11:38:15Z,2025-11-30T05:38:15Z,85.2,15.0,6.26,6.832,35.478
2025-11-30T11:39:12Z,2025-11-30T05:39:12Z,84.7,15.0,5.942,6.592,16.449
2025-11-30T11:40:12Z,2025-11-30T05:40:12Z,84.7,15.0,6.389,7.014,9.05
2025-11-30T11:41:12Z,2025-11-30T05:41:12Z,84.9,15.0,5.955,6.455,12.065
2025-11-30T11:42:12Z,2025-11-30T05:42:12Z,84.5,15.0,5.782,6.376,22.538
2025-11-30T11:43:12Z,2025-11-30T05:43:12Z,84.1,15.0,5.903,6.585,21.186
2025-11-30T11:44:12Z,2025-11-30T05:44:12Z,84.3,14.9,5.606,6.141,13.362
2025-11-30T11:45:12Z,2025-11-30T05:45:12Z,84.4,14.9,5.971,6.597,25.279
2025-11-30T11:46:12Z,2025-11-30T05:46:12Z,83.9,14.9,5.262,5.924,19.211
2025-11-30T11:47:12Z,2025-11-30T05:47:12Z,84.1,14.9,6.17,6.794,12.473
2025-11-30T11:48:12Z,2025-11-30T05:48:12Z,84.2,14.9,6.145,6.901,20.2
2025-11-30T11:49:12Z,2025-11-30T05:49:12Z,84.3,14.9,6.334,6.854,31.498
2025-11-30T11:50:12Z,2025-11-30T05:50:12Z,84.2,14.9,5.921,6.677,10.172
2025-11-30T11:51:12Z,2025-11-30T05:51:12Z,84.1,14.8,6.072,6.812,11.085
2025-11-30T11:52:12Z,2025-11-30T05:52:12Z,83.9,14.8,6.425,7.107,9.974
2025-11-30T11:53:12Z,2025-11-30T05:53:12Z,84.0,14.8,6.962,7.509,10.576
2025-11-30T11:54:12Z,2025-11-30T05:54:12Z,84.1,14.8,6.674,7.347,17.633
2025-11-30T11:55:12Z,2025-11-30T05:55:12Z,84.0,14.8,6.349,6.657,10.397
2025-11-30T11:56:12Z,2025-11-30T05:56:12Z,84.0,14.8,6.565,7.246,9.762
2025-11-30T11:57:12Z,2025-11-30T05:57:12Z,84.0,14.8,6.048,6.767,14.68
2025-11-30T11:58:12Z,2025-11-30T05:58:12Z,84.4,14.7,6.207,6.821,11.382
2025-11-30T11:59:12Z,2025-11-30T05:59:12Z,83.8,14.7,5.546,6.112,11.19
2025-11-30T12:00:13Z,2025-11-30T06:00:13Z,84.1,14.7,6.199,6.786,11.616
2025-11-30T12:01:13Z,2025-11-30T06:01:13Z,84.1,14.7,6.481,7.433,14.347
2025-11-30T12:02:13Z,2025-11-30T06:02:13Z,84.3,14.7,6.244,6.861,14.283
2025-11-30T12:03:13Z,2025-11-30T06:03:13Z,84.5,14.7,6.206,6.844,26.476
2025-11-30T12:04:13Z,2025-11-30T06:04:13Z,84.5,14.7,5.958,6.63,9.105
2025-11-30T12:05:13Z,2025-11-30T06:05:13Z,84.1,14.7,5.833,6.332,11.843
2025-11-30T12:06:13Z,2025-11-30T06:06:13Z,83.7,14.7,5.872,6.542,11.079
2025-11-30T12:07:13Z,2025-11-30T06:07:13Z,83.5,14.7,5.295,5.792,7.853
2025-11-30T12:08:13Z,2025-11-30T06:08:13Z,83.5,14.7,5.557,5.925,7.809
2025-11-30T12:09:13Z,2025-11-30T06:09:13Z,83.3,14.6,5.273,5.656,13.581
2025-11-30T12:10:13Z,2025-11-30T06:10:13Z,83.4,14.6,5.788,6.447,7.492
2025-11-30T12:11:13Z,2025-11-30T06:11:13Z,83.8,14.6,5.505,5.87,8.293
2025-11-30T12:12:13Z,2025-11-30T06:12:13Z,83.7,14.6,5.823,6.217,11.645
2025-11-30T12:13:13Z,2025-11-30T06:13:13Z,84.1,14.6,5.567,6.042,12.64
2025-11-30T12:14:13Z,2025-11-30T06:14:13Z,83.3,14.6,5.346,5.876,15.733
2025-11-30T12:15:13Z,2025-11-30T06:15:13Z,83.7,14.6,5.506,5.987,7.686
2025-11-30T12:16:13Z,2025-11-30T06:16:13Z,83.6,14.6,5.814,6.13,18.751
2025-11-30T12:17:14Z,2025-11-30T06:17:14Z,83.3,14.6,5.221,5.691,11.624
2025-11-30T12:18:14Z,2025-11-30T06:18:14Z,82.6,14.6,4.957,5.373,9.299
2025-11-30T12:19:14Z,2025-11-30T06:19:14Z,82.8,14.6,5.248,5.932,14.678
2025-11-30T12:20:14Z,2025-11-30T06:20:14Z,83.1,14.5,5.426,5.954,11.604
2025-11-30T12:21:14Z,2025-11-30T06:21:14Z,83.2,14.5,5.649,6.263,12.348
2025-11-30T12:22:14Z,2025-11-30T06:22:14Z,83.0,14.5,5.302,5.972,9.398
2025-11-30T12:23:14Z,2025-11-30T06:23:14Z,82.6,14.5,5.476,5.866,13.031
2025-11-30T12:24:14Z,2025-11-30T06:24:14Z,83.2,14.5,5.707,6.086,7.167
2025-11-30T12:25:14Z,2025-11-30T06:25:14Z,82.7,14.5,5.059,5.496,18.539
2025-11-30T12:26:14Z,2025-11-30T06:26:14Z,82.6,14.5,5.062,5.794,14.695
2025-11-30T12:27:14Z,2025-11-30T06:27:14Z,82.6,14.5,5.421,5.992,14.719
2025-11-30T12:28:14Z,2025-11-30T06:28:14Z,82.6,14.4,5.262,5.727,13.552
2025-11-30T12:29:14Z,2025-11-30T06:29:14Z,83.0,14.4,5.331,5.828,13.083
2025-11-30T12:30:14Z,2025-11-30T06:30:14Z,83.2,14.4,5.558,6.124,15.318
2025-11-30T12:31:14Z,2025-11-30T06:31:14Z,83.1,14.4,4.917,5.418,8.054
2025-11-30T12:32:14Z,2025-11-30T06:32:14Z,83.0,14.4,5.236,5.751,15.431
2025-11-30T12:33:15Z,2025-11-30T06:33:15Z,83.0,14.4,5.413,5.967,26.018
2025-11-30T12:34:15Z,2025-11-30T06:34:15Z,83.1,14.4,5.114,5.332,13.238
2025-11-30T12:35:15Z,2025-11-30T06:35:15Z,83.0,14.4,4.931,5.45,8.844
2025-11-30T12:36:15Z,2025-11-30T06:36:15Z,82.7,14.4,4.409,4.767,9.002
2025-11-30T12:37:15Z,2025-11-30T06:37:15Z,82.8,14.4,5.377,5.898,12.63
2025-11-30T12:38:15Z,2025-11-30T06:38:15Z,82.7,14.3,5.225,5.663,9.623
2025-11-30T12:39:12Z,2025-11-30T06:39:12Z,83.0,14.3,5.072,5.609,16.817
2025-11-30T12:40:12Z,2025-11-30T06:40:12Z,83.4,14.3,5.359,5.798,12.107
2025-11-30T12:41:12Z,2025-11-30T06:41:12Z,82.9,14.3,4.901,5.502,6.85
2025-11-30T12:42:12Z,2025-11-30T06:42:12Z,82.6,14.3,4.687,5.232,6.39
2025-11-30T12:43:12Z,2025-11-30T06:43:12Z,82.9,14.3,5.582,6.197,7.481
2025-11-30T12:44:12Z,2025-11-30T06:44:12Z,83.3,14.3,5.222,5.765,7.102
2025-11-30T12:45:12Z,2025-11-30T06:45:12Z,83.6,14.3,5.68,6.225,13.518
2025-11-30T12:46:12Z,2025-11-30T06:46:12Z,83.5,14.3,5.47,5.981,8.74
2025-11-30T12:47:12Z,2025-11-30T06:47:12Z,83.1,14.3,5.125,5.748,18.757
2025-11-30T12:48:12Z,2025-11-30T06:48:12Z,82.7,14.3,5.307,5.961,8.22
2025-11-30T12:49:12Z,2025-11-30T06:49:12Z,83.3,14.3,5.809,6.262,20.448
2025-11-30T12:50:12Z,2025-11-30T06:50:12Z,83.4,14.3,5.154,5.676,10.649
2025-11-30T12:51:12Z,2025-11-30T06:51:12Z,82.9,14.3,5.539,5.91,12.065
2025-11-30T12:52:12Z,2025-11-30T06:52:12Z,82.6,14.3,5.04,5.648,11.46
2025-11-30T12:53:12Z,2025-11-30T06:53:12Z,83.0,14.3,5.571,6.111,10.049
2025-11-30T12:54:12Z,2025-11-30T06:54:12Z,83.3,14.3,5.817,6.468,12.281
2025-11-30T12:55:12Z,2025-11-30T06:55:12Z,83.4,14.3,5.642,6.07,13.599
2025-11-30T12:56:12Z,2025-11-30T06:56:12Z,83.5,14.3,5.928,6.406,11.026
2025-11-30T12:57:12Z,2025-11-30T06:57:12Z,83.2,14.3,5.728,6.288,12.841
2025-11-30T12:58:12Z,2025-11-30T06:58:12Z,83.3,14.3,5.568,6.154,13.345
2025-11-30T12:59:12Z,2025-11-30T06:59:12Z,83.1,14.3,5.697,6.224,18.175
2025-11-30T13:00:13Z,2025-11-30T07:00:13Z,83.4,14.3,5.436,5.907,6.988
2025-11-30T13:01:13Z,2025-11-30T07:01:13Z,83.4,14.3,5.675,6.228,9.089
2025-11-30T13:02:13Z,2025-11-30T07:02:13Z,83.1,14.3,5.323,6.063,10.395
2025-11-30T13:03:13Z,2025-11-30T07:03:13Z,82.9,14.3,4.772,5.256,9.904
2025-11-30T13:04:13Z,2025-11-30T07:04:13Z,82.9,14.3,5.677,6.237,11.171
2025-11-30T13:05:13Z,2025-11-30T07:05:13Z,83.1,14.2,5.283,5.766,14.609
2025-11-30T13:06:13Z,2025-11-30T07:06:13Z,82.9,14.3,5.688,6.272,11.143
2025-11-30T13:07:13Z,2025-11-30T07:07:13Z,83.2,14.2,5.591,6.195,6.81
2025-11-30T13:08:13Z,2025-11-30T07:08:13Z,83.1,14.2,5.349,6.186,10.879
2025-11-30T13:09:13Z,2025-11-30T07:09:13Z,83.0,14.2,4.975,5.602,16.77
2025-11-30T13:10:13Z,2025-11-30T07:10:13Z,83.0,14.2,5.103,5.632,17.084
2025-11-30T13:11:13Z,2025-11-30T07:11:13Z,83.2,14.2,5.592,6.239,11.403
2025-11-30T13:12:13Z,2025-11-30T07:12:13Z,83.3,14.2,5.217,5.681,16.287
2025-11-30T13:13:13Z,2025-11-30T07:13:13Z,83.6,14.2,5.432,5.844,13.929
2025-11-30T13:14:13Z,2025-11-30T07:14:13Z,84.2,14.3,5.207,5.851,21.69
2025-11-30T13:15:13Z,2025-11-30T07:15:13Z,83.7,14.3,5.424,5.918,13.727
2025-11-30T13:16:13Z,2025-11-30T07:16:13Z,83.5,14.3,5.29,6.079,9.455
2025-11-30T13:17:13Z,2025-11-30T07:17:13Z,82.9,14.3,4.956,5.403,10.369
2025-11-30T13:18:13Z,2025-11-30T07:18:13Z,83.3,14.3,5.256,5.779,16.231
2025-11-30T13:19:13Z,2025-11-30T07:19:13Z,83.2,14.3,5.12,5.64,10.011
2025-11-30T13:20:13Z,2025-11-30T07:20:13Z,82.8,14.3,4.861,5.289,7.281
2025-11-30T13:21:14Z,2025-11-30T07:21:14Z,82.6,14.3,4.705,5.143,12.709
2025-11-30T13:22:14Z,2025-11-30T07:22:14Z,82.7,14.3,5.021,5.789,14.4
2025-11-30T13:23:14Z,2025-11-30T07:23:14Z,83.1,14.3,4.88,5.331,13.088
2025-11-30T13:24:14Z,2025-11-30T07:24:14Z,83.4,14.3,5.388,6.132,13.366
2025-11-30T13:25:14Z,2025-11-30T07:25:14Z,83.6,14.3,5.317,5.982,9.286
2025-11-30T13:26:14Z,2025-11-30T07:26:14Z,83.2,14.3,5.032,5.512,10.096
2025-11-30T13:27:14Z,2025-11-30T07:27:14Z,83.0,14.3,5.424,5.92,13.861
2025-11-30T13:28:14Z,2025-11-30T07:28:14Z,83.0,14.3,5.169,5.757,14.464
2025-11-30T13:29:14Z,2025-11-30T07:29:14Z,82.8,14.3,4.964,5.514,10.909
2025-11-30T13:30:14Z,2025-11-30T07:30:14Z,82.8,14.3,4.652,5.115,8.415
2025-11-30T13:31:14Z,2025-11-30T07:31:14Z,82.1,14.3,4.654,5.21,9.298
2025-11-30T13:32:14Z,2025-11-30T07:32:14Z,82.1,14.3,4.405,4.889,12.634
2025-11-30T13:33:14Z,2025-11-30T07:33:14Z,81.9,14.3,4.297,4.737,13.372
2025-11-30T13:34:14Z,2025-11-30T07:34:14Z,82.0,14.3,4.398,4.901,9.943
2025-11-30T13:35:14Z,2025-11-30T07:35:14Z,82.5,14.3,5.523,6.424,9.121
2025-11-30T13:36:14Z,2025-11-30T07:36:14Z,83.1,14.3,5.131,5.937,17.813
2025-11-30T13:37:14Z,2025-11-30T07:37:14Z,82.3,14.3,4.736,5.102,7.639
2025-11-30T13:38:14Z,2025-11-30T07:38:14Z,82.0,14.3,4.383,5.108,11.297
2025-11-30T13:39:15Z,2025-11-30T07:39:15Z,82.6,14.3,4.481,5.003,12.697
2025-11-30T13:40:15Z,2025-11-30T07:40:15Z,82.4,14.3,4.379,4.887,5.908
2025-11-30T13:41:15Z,2025-11-30T07:41:15Z,82.7,14.3,4.408,4.989,6.705
2025-11-30T13:42:15Z,2025-11-30T07:42:15Z,82.5,14.3,4.52,5.12,11.662
2025-11-30T13:43:15Z,2025-11-30T07:43:15Z,82.1,14.3,4.532,5.241,11.131
2025-11-30T13:44:15Z,2025-11-30T07:44:15Z,81.7,14.3,4.076,4.727,16.048
2025-11-30T13:45:15Z,2025-11-30T07:45:15Z,81.8,14.3,4.993,5.693,9.885
2025-11-30T13:46:15Z,2025-11-30T07:46:15Z,81.7,14.3,5.126,5.714,9.258
2025-11-30T13:47:15Z,2025-11-30T07:47:15Z,81.9,14.3,4.907,5.713,8.59
2025-11-30T13:48:15Z,2025-11-30T07:48:15Z,82.0,14.3,5.372,6.109,9.968
2025-11-30T13:49:17Z,2025-11-30T07:49:17Z,81.9,14.3,5.325,6.269,12.437
2025-11-30T13:50:12Z,2025-11-30T07:50:12Z,81.3,14.3,5.082,5.603,17.36
2025-11-30T13:51:12Z,2025-11-30T07:51:12Z,81.5,14.3,5.411,6.155,18.066
2025-11-30T13:52:12Z,2025-11-30T07:52:12Z,81.3,14.3,5.37,6.151,26.131
2025-11-30T13:53:12Z,2025-11-30T07:53:12Z,81.3,14.3,5.211,6.037,10.046
2025-11-30T13:54:12Z,2025-11-30T07:54:12Z,81.3,14.3,5.52,6.016,12.026
2025-11-30T13:55:12Z,2025-11-30T07:55:12Z,81.0,14.3,5.073,5.838,8.212
2025-11-30T13:56:12Z,2025-11-30T07:56:12Z,81.2,14.3,5.545,6.111,9.968
2025-11-30T13:57:12Z,2025-11-30T07:57:12Z,81.5,14.3,5.842,6.688,22.987
2025-11-30T13:58:12Z,2025-11-30T07:58:12Z,81.4,14.2,5.285,6.261,26.025
2025-11-30T13:59:12Z,2025-11-30T07:59:12Z,81.5,14.2,5.378,6.097,7.804
2025-11-30T14:00:12Z,2025-11-30T08:00:12Z,81.4,14.2,5.913,6.789,16.29
2025-11-30T14:01:12Z,2025-11-30T08:01:12Z,81.4,14.2,5.508,6.461,15.85
2025-11-30T14:02:13Z,2025-11-30T08:02:13Z,81.3,14.2,5.687,6.396,12.971
2025-11-30T14:03:13Z,2025-11-30T08:03:13Z,81.2,14.2,5.473,6.4,16.257
2025-11-30T14:04:13Z,2025-11-30T08:04:13Z,81.0,14.2,5.084,6.068,12.483
2025-11-30T14:05:13Z,2025-11-30T08:05:13Z,81.2,14.2,5.309,5.923,10.352
2025-11-30T14:06:13Z,2025-11-30T08:06:13Z,81.6,14.2,5.066,5.831,7.861
2025-11-30T14:07:13Z,2025-11-30T08:07:13Z,81.0,14.2,5.222,6.001,10.58
2025-11-30T14:08:13Z,2025-11-30T08:08:13Z,81.0,14.2,5.092,5.817,8.087
2025-11-30T14:09:13Z,2025-11-30T08:09:13Z,81.7,14.2,5.379,6.11,12.324
2025-11-30T14:10:13Z,2025-11-30T08:10:13Z,81.2,14.2,5.061,5.762,16.239
2025-11-30T14:11:13Z,2025-11-30T08:11:13Z,80.8,14.2,4.815,5.432,12.17
2025-11-30T14:12:13Z,2025-11-30T08:12:13Z,81.4,14.2,5.028,5.847,15.174
2025-11-30T14:13:13Z,2025-11-30T08:13:13Z,81.6,14.2,4.953,5.69,11.402
2025-11-30T14:14:13Z,2025-11-30T08:14:13Z,80.8,14.2,4.654,5.285,13.909
2025-11-30T14:15:13Z,2025-11-30T08:15:13Z,80.8,14.2,4.748,5.385,9.993
2025-11-30T14:16:13Z,2025-11-30T08:16:13Z,80.9,14.2,4.884,5.705,14.005
2025-11-30T14:17:13Z,2025-11-30T08:17:13Z,80.7,14.2,4.854,5.352,6.733
2025-11-30T14:18:13Z,2025-11-30T08:18:13Z,80.5,14.2,4.656,5.304,10.043
2025-11-30T14:19:13Z,2025-11-30T08:19:13Z,80.8,14.2,4.217,4.742,11.61
2025-11-30T14:20:13Z,2025-11-30T08:20:13Z,80.2,14.2,4.047,4.811,10.276
2025-11-30T14:21:14Z,2025-11-30T08:21:14Z,80.4,14.1,4.501,5.24,12.373
2025-11-30T14:22:14Z,2025-11-30T08:22:14Z,80.6,14.1,4.871,5.724,9.343
2025-11-30T14:23:14Z,2025-11-30T08:23:14Z,80.5,14.1,4.491,4.978,10.399
2025-11-30T14:24:14Z,2025-11-30T08:24:14Z,80.6,14.1,4.856,5.454,7.507
2025-11-30T14:25:14Z,2025-11-30T08:25:14Z,81.1,14.1,4.604,5.181,18.244
2025-11-30T14:26:14Z,2025-11-30T08:26:14Z,80.7,14.1,4.618,5.309,15.326
2025-11-30T14:27:14Z,2025-11-30T08:27:14Z,80.8,14.1,4.292,4.973,7.648
2025-11-30T14:28:14Z,2025-11-30T08:28:14Z,81.1,14.1,4.319,4.851,11.572
2025-11-30T14:29:14Z,2025-11-30T08:29:14Z,81.7,14.1,4.606,5.081,6.548
2025-11-30T14:30:14Z,2025-11-30T08:30:14Z,81.6,14.1,4.743,5.331,12.858
2025-11-30T14:31:14Z,2025-11-30T08:31:14Z,81.7,14.1,4.312,4.924,14.114
2025-11-30T14:32:14Z,2025-11-30T08:32:14Z,81.5,14.1,4.472,5.454,10.353
2025-11-30T14:33:14Z,2025-11-30T08:33:14Z,81.4,14.1,4.191,5.022,12.494
2025-11-30T14:34:14Z,2025-11-30T08:34:14Z,81.7,14.1,4.295,4.845,28.007
2025-11-30T14:35:14Z,2025-11-30T08:35:14Z,81.5,14.1,4.564,5.083,9.861
2025-11-30T14:36:14Z,2025-11-30T08:36:14Z,81.7,14.1,4.686,5.241,15.11
2025-11-30T14:37:14Z,2025-11-30T08:37:14Z,81.6,14.1,4.875,5.82,14.045
2025-11-30T14:38:14Z,2025-11-30T08:38:14Z,81.2,14.1,4.554,5.182,18.002
2025-11-30T14:39:14Z,2025-11-30T08:39:14Z,80.6,14.1,4.75,5.328,15.38
2025-11-30T14:40:14Z,2025-11-30T08:40:14Z,80.7,14.1,4.568,5.312,11.363
2025-11-30T14:41:14Z,2025-11-30T08:41:14Z,80.8,14.1,4.824,5.573,24.994
2025-11-30T14:42:14Z,2025-11-30T08:42:14Z,81.1,14.0,4.899,5.476,12.312
2025-11-30T14:43:14Z,2025-11-30T08:43:14Z,81.0,14.0,5.122,6.051,13.071
2025-11-30T14:44:14Z,2025-11-30T08:44:14Z,80.6,14.0,4.294,5.144,11.209
2025-11-30T14:45:15Z,2025-11-30T08:45:15Z,81.1,14.0,5.367,6.196,12.58
2025-11-30T14:46:15Z,2025-11-30T08:46:15Z,81.2,14.0,4.891,5.68,10.876
2025-11-30T14:47:15Z,2025-11-30T08:47:15Z,81.3,14.0,4.837,5.244,7.566
2025-11-30T14:48:15Z,2025-11-30T08:48:15Z,81.3,14.0,4.762,5.382,10.247
2025-11-30T14:49:15Z,2025-11-30T08:49:15Z,81.4,14.0,4.718,5.509,7.816
2025-11-30T14:50:15Z,2025-11-30T08:50:15Z,81.1,13.9,4.939,5.729,11.24
2025-11-30T14:51:15Z,2025-11-30T08:51:15Z,81.6,13.9,4.958,5.486,19.065
2025-11-30T14:52:15Z,2025-11-30T08:52:15Z,82.4,13.9,5.145,5.812,10.387
2025-11-30T14:53:15Z,2025-11-30T08:53:15Z,81.7,13.9,5.12,5.908,14.863
2025-11-30T14:54:17Z,2025-11-30T08:54:17Z,81.8,13.9,5.211,5.877,28.416
2025-11-30T14:55:17Z,2025-11-30T08:55:17Z,81.6,13.9,5.049,6.059,8.169
2025-11-30T14:56:17Z,2025-11-30T08:56:17Z,81.4,13.9,5.262,5.69,13.563
2025-11-30T14:57:17Z,2025-11-30T08:57:17Z,81.0,13.9,4.938,5.699,15.53
2025-11-30T14:58:17Z,2025-11-30T08:58:17Z,80.7,13.9,4.901,5.825,16.768
2025-11-30T14:59:17Z,2025-11-30T08:59:17Z,80.7,13.9,5.176,6.021,10.269
2025-11-30T15:00:17Z,2025-11-30T09:00:17Z,80.1,13.9,4.671,5.433,21.587
2025-11-30T15:01:17Z,2025-11-30T09:01:17Z,81.2,13.9,5.678,6.473,8.759
2025-11-30T15:02:17Z,2025-11-30T09:02:17Z,80.5,13.9,5.118,6.181,14.812
2025-11-30T15:03:17Z,2025-11-30T09:03:17Z,79.9,13.9,5.175,5.99,20.786
2025-11-30T15:04:17Z,2025-11-30T09:04:17Z,79.9,13.9,5.224,6.07,10.853
2025-11-30T15:05:17Z,2025-11-30T09:05:17Z,79.7,13.8,4.563,5.109,15.228
2025-11-30T15:06:17Z,2025-11-30T09:06:17Z,80.2,13.8,5.523,6.453,16.123
2025-11-30T15:07:17Z,2025-11-30T09:07:17Z,80.0,13.8,5.205,6.22,9.3
2025-11-30T15:08:12Z,2025-11-30T09:08:12Z,80.4,13.8,5.317,6.045,10.852
2025-11-30T15:09:12Z,2025-11-30T09:09:12Z,80.5,13.8,5.499,6.196,15.903
2025-11-30T15:10:12Z,2025-11-30T09:10:12Z,80.5,13.8,5.589,6.494,15.697
2025-11-30T15:11:13Z,2025-11-30T09:11:13Z,80.0,13.8,4.833,5.787,11.542
2025-11-30T15:12:13Z,2025-11-30T09:12:13Z,79.5,13.8,4.922,5.573,11.429
2025-11-30T15:13:13Z,2025-11-30T09:13:13Z,79.2,13.8,4.833,5.435,10.538
2025-11-30T15:14:13Z,2025-11-30T09:14:13Z,79.0,13.7,4.736,5.551,8.16
2025-11-30T15:15:13Z,2025-11-30T09:15:13Z,79.4,13.7,5.278,6.03,19.72
2025-11-30T15:16:13Z,2025-11-30T09:16:13Z,79.6,13.7,5.925,6.576,18.073
2025-11-30T15:17:13Z,2025-11-30T09:17:13Z,79.6,13.7,5.848,6.579,16.042
2025-11-30T15:18:13Z,2025-11-30T09:18:13Z,78.8,13.7,4.426,4.946,9.686
2025-11-30T15:19:13Z,2025-11-30T09:19:13Z,78.0,13.6,4.963,5.496,19.534
2025-11-30T15:20:13Z,2025-11-30T09:20:13Z,78.6,13.6,5.342,6.03,11.655
2025-11-30T15:21:13Z,2025-11-30T09:21:13Z,79.2,13.6,5.486,6.453,14.063
2025-11-30T15:22:13Z,2025-11-30T09:22:13Z,79.4,13.6,5.519,6.217,11.163
2025-11-30T15:23:13Z,2025-11-30T09:23:13Z,79.2,13.6,5.465,6.226,8.694
2025-11-30T15:24:13Z,2025-11-30T09:24:13Z,79.4,13.6,5.508,6.13,19.039
2025-11-30T15:25:13Z,2025-11-30T09:25:13Z,79.5,13.5,5.738,6.495,25.063
2025-11-30T15:26:13Z,2025-11-30T09:26:13Z,79.4,13.5,5.263,6.0,14.431
2025-11-30T15:27:13Z,2025-11-30T09:27:13Z,79.3,13.5,5.653,6.309,14.147
2025-11-30T15:28:13Z,2025-11-30T09:28:13Z,78.9,13.5,5.276,5.68,9.096
2025-11-30T15:29:13Z,2025-11-30T09:29:13Z,78.5,13.5,4.852,5.721,14.352
2025-11-30T15:30:14Z,2025-11-30T09:30:14Z,78.0,13.5,5.21,6.173,15.31
2025-11-30T15:31:14Z,2025-11-30T09:31:14Z,77.6,13.5,5.077,6.003,20.19
2025-11-30T15:32:14Z,2025-11-30T09:32:14Z,77.5,13.4,4.782,5.464,12.885
2025-11-30T15:33:14Z,2025-11-30T09:33:14Z,77.7,13.4,4.97,5.811,11.198
2025-11-30T15:34:14Z,2025-11-30T09:34:14Z,77.4,13.4,4.926,5.841,9.293
2025-11-30T15:35:14Z,2025-11-30T09:35:14Z,76.7,13.4,4.61,5.433,13.453
2025-11-30T15:36:14Z,2025-11-30T09:36:14Z,76.8,13.3,4.682,5.252,10.954
2025-11-30T15:37:14Z,2025-11-30T09:37:14Z,76.6,13.3,5.04,5.865,21.63
2025-11-30T15:38:14Z,2025-11-30T09:38:14Z,76.4,13.3,4.629,5.306,28.736
2025-11-30T15:39:14Z,2025-11-30T09:39:14Z,76.1,13.3,4.629,5.497,16.61
2025-11-30T15:40:14Z,2025-11-30T09:40:14Z,75.9,13.2,4.436,5.149,17.324
2025-11-30T15:41:14Z,2025-11-30T09:41:14Z,75.9,13.2,4.228,5.182,27.103
2025-11-30T15:42:14Z,2025-11-30T09:42:14Z,75.7,13.1,4.283,4.931,10.413
2025-11-30T15:43:14Z,2025-11-30T09:43:14Z,76.0,13.1,4.618,5.095,14.492
2025-11-30T15:44:14Z,2025-11-30T09:44:14Z,76.3,13.1,4.537,5.057,12.255
2025-11-30T15:45:14Z,2025-11-30T09:45:14Z,76.2,13.0,4.395,5.235,16.657
2025-11-30T15:46:14Z,2025-11-30T09:46:14Z,76.8,13.0,4.968,5.642,12.699
2025-11-30T15:47:14Z,2025-11-30T09:47:14Z,76.7,13.0,4.484,5.163,15.112
2025-11-30T15:48:14Z,2025-11-30T09:48:14Z,76.3,13.0,4.466,5.207,13.526
2025-11-30T15:49:14Z,2025-11-30T09:49:14Z,75.8,13.0,4.175,4.846,15.498
2025-11-30T15:50:14Z,2025-11-30T09:50:14Z,75.7,12.9,4.4,5.05,8.753
2025-11-30T15:51:14Z,2025-11-30T09:51:14Z,75.9,12.9,4.496,4.995,20.149
2025-11-30T15:52:14Z,2025-11-30T09:52:14Z,75.5,12.9,3.606,4.319,23.355
2025-11-30T15:53:15Z,2025-11-30T09:53:15Z,75.9,12.9,4.275,4.589,7.445
2025-11-30T15:54:15Z,2025-11-30T09:54:15Z,75.8,12.8,4.051,4.726,12.438
2025-11-30T15:55:15Z,2025-11-30T09:55:15Z,75.3,12.8,4.126,4.778,26.222
2025-11-30T15:56:15Z,2025-11-30T09:56:15Z,75.2,12.8,3.934,4.318,17.615
2025-11-30T15:57:15Z,2025-11-30T09:57:15Z,75.5,12.8,3.942,4.408,9.182
2025-11-30T15:58:15Z,2025-11-30T09:58:15Z,75.7,12.7,4.012,4.414,10.942
2025-11-30T15:59:15Z,2025-11-30T09:59:15Z,75.7,12.7,4.317,4.862,24.353
2025-11-30T16:00:15Z,2025-11-30T10:00:15Z,75.1,12.7,4.007,4.579,14.223
2025-11-30T16:01:15Z,2025-11-30T10:01:15Z,75.3,12.7,3.553,4.24,8.854
2025-11-30T16:02:15Z,2025-11-30T10:02:15Z,74.5,12.7,3.24,3.58,18.664
2025-11-30T16:03:15Z,2025-11-30T10:03:15Z,74.5,12.6,3.537,4.227,17.71
2025-11-30T16:04:17Z,2025-11-30T10:04:17Z,74.8,12.6,3.692,4.318,16.63
2025-11-30T16:05:17Z,2025-11-30T10:05:17Z,74.9,12.6,3.566,3.898,6.071
2025-11-30T16:06:17Z,2025-11-30T10:06:17Z,75.0,12.6,3.64,4.059,20.04
2025-11-30T16:07:17Z,2025-11-30T10:07:17Z,75.0,12.6,3.794,4.242,15.783
2025-11-30T16:08:17Z,2025-11-30T10:08:17Z,75.5,12.5,3.838,4.53,16.636
2025-11-30T16:09:17Z,2025-11-30T10:09:17Z,75.9,12.5,3.921,4.489,14.167
2025-11-30T16:10:17Z,2025-11-30T10:10:17Z,75.7,12.5,3.783,4.418,7.705
2025-11-30T16:11:17Z,2025-11-30T10:11:17Z,75.7,12.5,3.849,4.41,16.558
2025-11-30T16:12:17Z,2025-11-30T10:12:17Z,75.6,12.5,3.717,4.122,19.339
2025-11-30T16:13:17Z,2025-11-30T10:13:17Z,75.9,12.5,3.739,4.327,21.95
2025-11-30T16:14:17Z,2025-11-30T10:14:17Z,75.7,12.5,3.161,3.781,12.535
2025-11-30T16:15:17Z,2025-11-30T10:15:17Z,76.0,12.4,3.864,4.404,12.099
2025-11-30T16:16:18Z,2025-11-30T10:16:18Z,75.7,12.4,3.377,4.007,9.21
2025-11-30T16:17:18Z,2025-11-30T10:17:18Z,75.8,12.4,3.921,4.268,26.115
2025-11-30T16:18:18Z,2025-11-30T10:18:18Z,75.6,12.4,3.646,4.156,8.449
2025-11-30T16:19:18Z,2025-11-30T10:19:18Z,75.8,12.4,3.79,4.222,16.892
2025-11-30T16:20:18Z,2025-11-30T10:20:18Z,76.1,12.4,3.758,4.272,11.296
2025-11-30T16:21:18Z,2025-11-30T10:21:18Z,75.8,12.4,3.131,3.769,12.805
2025-11-30T16:22:18Z,2025-11-30T10:22:18Z,75.8,12.4,3.799,4.367,19.592
2025-11-30T16:23:18Z,2025-11-30T10:23:18Z,76.1,12.4,3.726,4.169,10.316
2025-11-30T16:24:18Z,2025-11-30T10:24:18Z,76.0,12.3,3.541,4.085,6.382
2025-11-30T16:25:18Z,2025-11-30T10:25:18Z,75.9,12.3,3.683,4.428,7.548
2025-11-30T16:26:18Z,2025-11-30T10:26:18Z,76.0,12.3,3.398,3.954,10.877
2025-11-30T16:27:18Z,2025-11-30T10:27:18Z,76.2,12.3,3.544,4.346,17.805
2025-11-30T16:28:18Z,2025-11-30T10:28:18Z,76.1,12.3,4.021,4.335,7.696
2025-11-30T16:29:18Z,2025-11-30T10:29:18Z,75.8,12.3,3.705,4.176,5.713
2025-11-30T16:30:18Z,2025-11-30T10:30:18Z,75.7,12.3,3.362,3.901,10.571
2025-11-30T16:31:18Z,2025-11-30T10:31:18Z,76.0,12.3,3.892,4.389,9.145
2025-11-30T16:32:18Z,2025-11-30T10:32:18Z,76.3,12.3,3.825,4.195,10.56
2025-11-30T16:33:18Z,2025-11-30T10:33:18Z,75.8,12.3,3.734,4.14,12.896
2025-11-30T16:34:18Z,2025-11-30T10:34:18Z,76.4,12.3,3.894,4.191,19.791
2025-11-30T16:35:18Z,2025-11-30T10:35:18Z,76.2,12.3,3.579,3.928,9.194
2025-11-30T16:36:18Z,2025-11-30T10:36:18Z,75.4,12.3,3.732,4.25,20.344
2025-11-30T16:37:18Z,2025-11-30T10:37:18Z,75.6,12.3,3.551,4.195,21.862
2025-11-30T16:38:18Z,2025-11-30T10:38:18Z,75.6,12.2,3.579,3.944,11.603
2025-11-30T16:39:19Z,2025-11-30T10:39:19Z,75.9,12.2,3.586,4.079,20.998
2025-11-30T16:40:19Z,2025-11-30T10:40:19Z,75.8,12.2,3.746,4.242,9.672
2025-11-30T16:41:19Z,2025-11-30T10:41:19Z,76.1,12.2,4.055,4.578,9.569
2025-11-30T16:42:19Z,2025-11-30T10:42:19Z,75.8,12.2,3.44,3.773,9.339
2025-11-30T16:43:19Z,2025-11-30T10:43:19Z,76.1,12.2,4.005,4.543,5.685
2025-11-30T16:44:19Z,2025-11-30T10:44:19Z,76.2,12.2,3.817,4.404,11.904
2025-11-30T16:45:19Z,2025-11-30T10:45:19Z,76.8,12.2,4.012,4.487,5.686
2025-11-30T16:46:19Z,2025-11-30T10:46:19Z,76.1,12.2,3.532,3.907,17.966
2025-11-30T16:47:19Z,2025-11-30T10:47:19Z,75.9,12.2,3.672,4.068,7.437
2025-11-30T16:48:19Z,2025-11-30T10:48:19Z,76.1,12.2,3.673,4.112,10.432
2025-11-30T16:49:19Z,2025-11-30T10:49:19Z,76.3,12.2,3.927,4.466,12.859
2025-11-30T16:50:19Z,2025-11-30T10:50:19Z,76.0,12.2,3.503,3.862,8.684
2025-11-30T16:51:19Z,2025-11-30T10:51:19Z,75.9,12.2,3.7,4.165,7.87
2025-11-30T16:52:19Z,2025-11-30T10:52:19Z,76.1,12.2,3.954,4.386,22.383
2025-11-30T16:53:19Z,2025-11-30T10:53:19Z,76.2,12.2,4.049,4.448,14.324
2025-11-30T16:54:19Z,2025-11-30T10:54:19Z,76.5,12.2,3.799,4.382,6.902
2025-11-30T16:55:19Z,2025-11-30T10:55:19Z,76.7,12.2,4.255,4.477,9.675
2025-11-30T16:56:19Z,2025-11-30T10:56:19Z,76.3,12.2,3.833,4.193,12.287
2025-11-30T16:57:19Z,2025-11-30T10:57:19Z,75.7,12.2,3.896,4.353,6.231
2025-11-30T16:58:19Z,2025-11-30T10:58:19Z,75.1,12.2,3.15,3.623,14.455
2025-11-30T16:59:20Z,2025-11-30T10:59:20Z,75.2,12.2,3.738,4.317,10.997
2025-11-30T17:00:20Z,2025-11-30T11:00:20Z,74.8,12.2,3.694,4.068,28.583
2025-11-30T17:01:20Z,2025-11-30T11:01:20Z,74.9,12.2,3.77,4.25,20.645
2025-11-30T17:02:15Z,2025-11-30T11:02:15Z,75.1,12.2,3.852,4.332,11.462
2025-11-30T17:03:15Z,2025-11-30T11:03:15Z,74.9,12.2,3.719,4.122,6.441
2025-11-30T17:04:15Z,2025-11-30T11:04:15Z,75.0,12.2,3.871,4.237,14.34
2025-11-30T17:05:15Z,2025-11-30T11:05:15Z,75.1,12.2,3.531,3.915,5.751
2025-11-30T17:06:15Z,2025-11-30T11:06:15Z,74.9,12.2,3.718,4.113,10.326
2025-11-30T17:07:15Z,2025-11-30T11:07:15Z,75.1,12.2,3.935,4.428,8.086
2025-11-30T17:08:15Z,2025-11-30T11:08:15Z,75.0,12.2,3.951,4.38,7.073
2025-11-30T17:09:15Z,2025-11-30T11:09:15Z,76.0,12.2,4.256,4.68,10.01
2025-11-30T17:10:15Z,2025-11-30T11:10:15Z,75.5,12.2,4.136,4.653,10.149
2025-11-30T17:11:15Z,2025-11-30T11:11:15Z,75.3,12.2,4.119,4.485,22.12
2025-11-30T17:12:15Z,2025-11-30T11:12:15Z,75.0,12.2,3.756,4.085,6.494
2025-11-30T17:13:15Z,2025-11-30T11:13:15Z,74.6,12.2,3.908,4.297,6.738
2025-11-30T17:14:17Z,2025-11-30T11:14:17Z,74.9,12.2,4.022,4.393,9.67
2025-11-30T17:15:17Z,2025-11-30T11:15:17Z,75.0,12.2,3.998,4.236,15.836
2025-11-30T17:16:17Z,2025-11-30T11:16:17Z,74.8,12.2,4.21,4.665,11.181
2025-11-30T17:17:17Z,2025-11-30T11:17:17Z,74.8,12.2,3.938,4.117,5.641
2025-11-30T17:18:17Z,2025-11-30T11:18:17Z,74.5,12.2,3.884,4.153,11.659
2025-11-30T17:19:17Z,2025-11-30T11:19:17Z,74.5,12.2,3.695,3.983,17.372
2025-11-30T17:20:17Z,2025-11-30T11:20:17Z,74.6,12.2,4.095,4.631,10.004
2025-11-30T17:21:17Z,2025-11-30T11:21:17Z,74.5,12.3,3.605,4.066,5.987
2025-11-30T17:22:17Z,2025-11-30T11:22:17Z,74.0,12.3,3.383,3.742,8.029
2025-11-30T17:23:17Z,2025-11-30T11:23:17Z,74.0,12.3,3.475,3.846,9.279
2025-11-30T17:24:17Z,2025-11-30T11:24:17Z,73.9,12.3,3.672,4.072,8.384
2025-11-30T17:25:17Z,2025-11-30T11:25:17Z,74.0,12.2,3.387,3.626,6.267
2025-11-30T17:26:17Z,2025-11-30T11:26:17Z,74.9,12.2,4.143,4.458,7.39
2025-11-30T17:27:18Z,2025-11-30T11:27:18Z,74.8,12.2,4.105,4.374,7.122
2025-11-30T17:28:18Z,2025-11-30T11:28:18Z,74.7,12.2,3.933,4.371,17.38
2025-11-30T17:29:18Z,2025-11-30T11:29:18Z,75.0,12.2,4.308,4.794,10.936
2025-11-30T17:30:18Z,2025-11-30T11:30:18Z,74.7,12.2,4.028,4.494,7.809
2025-11-30T17:31:18Z,2025-11-30T11:31:18Z,74.5,12.3,4.084,4.513,7.702
2025-11-30T17:32:18Z,2025-11-30T11:32:18Z,73.9,12.3,3.903,4.275,12.409
2025-11-30T17:33:18Z,2025-11-30T11:33:18Z,73.4,12.3,3.713,3.953,7.516
2025-11-30T17:34:18Z,2025-11-30T11:34:18Z,73.4,12.3,4.27,4.721,11.904
2025-11-30T17:35:18Z,2025-11-30T11:35:18Z,73.6,12.3,3.907,4.198,11.624
2025-11-30T17:36:18Z,2025-11-30T11:36:18Z,73.4,12.3,3.733,4.152,8.502
2025-11-30T17:37:18Z,2025-11-30T11:37:18Z,73.7,12.3,4.0,4.428,9.669
2025-11-30T17:38:18Z,2025-11-30T11:38:18Z,74.2,12.3,4.106,4.242,13.382
2025-11-30T17:39:18Z,2025-11-30T11:39:18Z,73.6,12.3,3.85,4.365,5.974
2025-11-30T17:40:18Z,2025-11-30T11:40:18Z,74.0,12.3,4.072,4.487,7.989
2025-11-30T17:41:18Z,2025-11-30T11:41:18Z,73.7,12.3,4.035,4.439,17.236
2025-11-30T17:42:18Z,2025-11-30T11:42:18Z,73.6,12.3,3.996,4.343,8.723
2025-11-30T17:43:18Z,2025-11-30T11:43:18Z,73.6,12.3,4.241,4.657,9.25
2025-11-30T17:44:18Z,2025-11-30T11:44:18Z,73.3,12.3,4.376,4.686,9.847
2025-11-30T17:45:18Z,2025-11-30T11:45:18Z,72.9,12.3,3.977,4.327,23.172
2025-11-30T17:46:18Z,2025-11-30T11:46:18Z,71.7,12.3,3.234,3.618,5.584
2025-11-30T17:47:18Z,2025-11-30T11:47:18Z,71.7,12.3,3.839,4.239,5.613
2025-11-30T17:48:18Z,2025-11-30T11:48:18Z,71.5,12.3,3.479,3.706,22.014
2025-11-30T17:49:18Z,2025-11-30T11:49:18Z,71.1,12.3,3.298,3.753,13.373
2025-11-30T17:50:18Z,2025-11-30T11:50:18Z,71.4,12.3,3.91,4.367,10.457
2025-11-30T17:51:18Z,2025-11-30T11:51:18Z,71.5,12.3,3.63,4.208,7.304
2025-11-30T17:52:19Z,2025-11-30T11:52:19Z,71.8,12.3,4.149,4.554,11.439
2025-11-30T17:53:19Z,2025-11-30T11:53:19Z,71.8,12.2,3.892,4.234,4.853
2025-11-30T17:54:19Z,2025-11-30T11:54:19Z,71.4,12.2,3.567,3.875,6.488
2025-11-30T17:55:19Z,2025-11-30T11:55:19Z,71.3,12.2,3.813,4.188,13.912
2025-11-30T17:56:19Z,2025-11-30T11:56:19Z,71.7,12.2,4.151,4.722,6.442
2025-11-30T17:57:19Z,2025-11-30T11:57:19Z,72.2,12.2,3.897,4.316,5.203
2025-11-30T17:58:19Z,2025-11-30T11:58:19Z,71.6,12.2,3.872,4.415,5.197
2025-11-30T17:59:19Z,2025-11-30T11:59:19Z,72.1,12.2,4.081,4.403,7.453
2025-11-30T18:00:19Z,2025-11-30T12:00:19Z,72.1,12.2,4.179,4.828,18.269
2025-11-30T18:01:19Z,2025-11-30T12:01:19Z,72.5,12.2,4.267,4.672,11.982
2025-11-30T18:02:19Z,2025-11-30T12:02:19Z,72.5,12.3,4.066,4.569,6.866
2025-11-30T18:03:19Z,2025-11-30T12:03:19Z,72.5,12.3,4.887,5.301,6.957
2025-11-30T18:04:19Z,2025-11-30T12:04:19Z,71.7,12.3,4.169,4.457,8.492
2025-11-30T18:05:19Z,2025-11-30T12:05:19Z,72.0,12.3,4.242,4.596,29.643
2025-11-30T18:06:19Z,2025-11-30T12:06:19Z,72.2,12.4,3.948,4.48,16.881
2025-11-30T18:07:19Z,2025-11-30T12:07:19Z,71.3,12.4,4.312,4.738,9.223
2025-11-30T18:08:19Z,2025-11-30T12:08:19Z,71.1,12.4,4.17,4.674,10.042
2025-11-30T18:09:19Z,2025-11-30T12:09:19Z,71.0,12.4,3.819,4.124,16.761
2025-11-30T18:10:20Z,2025-11-30T12:10:20Z,71.5,12.5,4.251,4.54,8.96
2025-11-30T18:11:20Z,2025-11-30T12:11:20Z,71.9,12.5,4.21,4.586,14.165
2025-11-30T18:12:20Z,2025-11-30T12:12:20Z,71.1,12.5,4.005,4.409,8.083
2025-11-30T18:13:20Z,2025-11-30T12:13:20Z,70.8,12.5,4.001,4.428,5.635
2025-11-30T18:14:20Z,2025-11-30T12:14:20Z,70.7,12.5,4.3,4.601,12.79
2025-11-30T18:15:20Z,2025-11-30T12:15:20Z,70.3,12.5,3.632,3.921,9.104
2025-11-30T18:16:20Z,2025-11-30T12:16:20Z,70.0,12.6,3.878,4.182,9.084
2025-11-30T18:17:20Z,2025-11-30T12:17:20Z,69.4,12.6,3.65,3.952,12.639
2025-11-30T18:18:20Z,2025-11-30T12:18:20Z,69.2,12.6,3.672,4.01,7.276
2025-11-30T18:19:20Z,2025-11-30T12:19:20Z,69.0,12.6,3.511,3.835,4.149
2025-11-30T18:20:20Z,2025-11-30T12:20:20Z,69.3,12.5,3.856,4.347,25.703
2025-11-30T18:21:20Z,2025-11-30T12:21:20Z,69.6,12.5,4.014,4.469,6.537
2025-11-30T18:22:20Z,2025-11-30T12:22:20Z,69.2,12.5,3.765,4.145,8.463
2025-11-30T18:23:20Z,2025-11-30T12:23:20Z,68.7,12.5,3.489,3.762,17.285
2025-11-30T18:24:20Z,2025-11-30T12:24:20Z,68.4,12.5,3.486,4.057,4.977
2025-11-30T18:25:20Z,2025-11-30T12:25:20Z,68.4,12.5,3.272,3.663,8.071
2025-11-30T18:26:20Z,2025-11-30T12:26:20Z,68.8,12.5,3.714,4.044,8.766
2025-11-30T18:27:20Z,2025-11-30T12:27:20Z,68.7,12.5,4.09,4.541,16.768
2025-11-30T18:28:20Z,2025-11-30T12:28:20Z,68.9,12.5,3.809,4.166,18.33
2025-11-30T18:29:17Z,2025-11-30T12:29:17Z,68.9,12.5,3.802,4.238,12.051
2025-11-30T18:30:17Z,2025-11-30T12:30:17Z,69.2,12.4,3.879,4.429,9.88
2025-11-30T18:31:17Z,2025-11-30T12:31:17Z,69.7,12.4,3.898,4.492,11.76
2025-11-30T18:32:17Z,2025-11-30T12:32:17Z,68.9,12.4,3.696,4.093,16.632
2025-11-30T18:33:17Z,2025-11-30T12:33:17Z,68.5,12.4,3.3,3.709,11.108
2025-11-30T18:34:17Z,2025-11-30T12:34:17Z,69.0,12.4,4.2,4.613,12.862
2025-11-30T18:35:17Z,2025-11-30T12:35:17Z,69.0,12.4,3.675,3.905,11.889
2025-11-30T18:36:17Z,2025-11-30T12:36:17Z,68.8,12.4,3.877,4.479,23.157
2025-11-30T18:37:18Z,2025-11-30T12:37:18Z,68.3,12.4,3.685,4.131,7.205
2025-11-30T18:38:18Z,2025-11-30T12:38:18Z,68.7,12.5,3.871,4.267,24.026
2025-11-30T18:39:18Z,2025-11-30T12:39:18Z,69.0,12.5,4.348,4.968,8.391
2025-11-30T18:40:18Z,2025-11-30T12:40:18Z,69.0,12.5,3.925,4.328,19.344
2025-11-30T18:41:18Z,2025-11-30T12:41:18Z,68.5,12.5,4.031,4.48,8.147
2025-11-30T18:42:18Z,2025-11-30T12:42:18Z,69.0,12.5,4.28,4.669,18.009
2025-11-30T18:43:18Z,2025-11-30T12:43:18Z,69.0,12.5,4.527,5.016,7.231
2025-11-30T18:44:18Z,2025-11-30T12:44:18Z,68.5,12.5,4.229,4.719,19.03
2025-11-30T18:45:18Z,2025-11-30T12:45:18Z,68.1,12.6,3.818,4.392,7.948
2025-11-30T18:46:18Z,2025-11-30T12:46:18Z,67.8,12.6,4.048,4.392,12.559
2025-11-30T18:47:18Z,2025-11-30T12:47:18Z,67.4,12.6,3.678,4.09,10.245
2025-11-30T18:48:18Z,2025-11-30T12:48:18Z,67.7,12.6,4.14,4.601,7.567
2025-11-30T18:49:18Z,2025-11-30T12:49:18Z,68.0,12.6,4.211,4.59,6.779
2025-11-30T18:50:18Z,2025-11-30T12:50:18Z,67.8,12.6,4.032,4.527,8.114
2025-11-30T18:51:18Z,2025-11-30T12:51:18Z,69.0,12.6,4.424,5.038,13.627
2025-11-30T18:52:18Z,2025-11-30T12:52:18Z,67.9,12.6,3.991,4.442,15.713
2025-11-30T18:53:19Z,2025-11-30T12:53:19Z,67.2,12.6,3.777,4.226,5.944
2025-11-30T18:54:19Z,2025-11-30T12:54:19Z,67.9,12.6,4.614,5.165,6.321
2025-11-30T18:55:19Z,2025-11-30T12:55:19Z,68.1,12.6,4.464,4.959,10.085
2025-11-30T18:56:19Z,2025-11-30T12:56:19Z,68.3,12.6,4.432,4.906,7.44
2025-11-30T18:57:19Z,2025-11-30T12:57:19Z,67.9,12.7,4.415,4.797,6.152
2025-11-30T18:58:19Z,2025-11-30T12:58:19Z,67.4,12.7,3.992,4.417,7.398
2025-11-30T18:59:19Z,2025-11-30T12:59:19Z,67.9,12.7,4.026,4.625,7.412
2025-11-30T19:00:19Z,2025-11-30T13:00:19Z,67.4,12.7,4.093,4.397,6.68
2025-11-30T19:01:19Z,2025-11-30T13:01:19Z,66.9,12.7,4.358,4.847,18.721
2025-11-30T19:02:19Z,2025-11-30T13:02:19Z,67.7,12.8,4.424,4.88,10.601
2025-11-30T19:03:19Z,2025-11-30T13:03:19Z,68.0,12.8,4.56,4.958,5.269
2025-11-30T19:04:19Z,2025-11-30T13:04:19Z,67.4,12.8,4.407,4.821,22.177
2025-11-30T19:05:19Z,2025-11-30T13:05:19Z,66.5,12.9,4.329,4.873,14.754
2025-11-30T19:06:19Z,2025-11-30T13:06:19Z,66.2,12.9,3.769,4.348,5.696
2025-11-30T19:07:19Z,2025-11-30T13:07:19Z,66.6,12.9,4.27,4.76,11.796
2025-11-30T19:08:19Z,2025-11-30T13:08:19Z,66.5,13.0,4.288,4.561,5.489
2025-11-30T19:09:19Z,2025-11-30T13:09:19Z,66.0,13.0,4.356,4.683,8.186
2025-11-30T19:10:19Z,2025-11-30T13:10:19Z,65.9,13.0,3.91,4.378,7.352
2025-11-30T19:11:19Z,2025-11-30T13:11:19Z,66.0,13.1,4.249,4.64,5.925
2025-11-30T19:12:19Z,2025-11-30T13:12:19Z,66.1,13.1,4.354,4.788,15.073
2025-11-30T19:13:19Z,2025-11-30T13:13:19Z,66.4,13.1,4.044,4.473,8.06
2025-11-30T19:14:20Z,2025-11-30T13:14:20Z,66.0,13.2,4.343,4.733,17.364
2025-11-30T19:15:20Z,2025-11-30T13:15:20Z,66.2,13.2,4.333,4.622,22.811
2025-11-30T19:16:20Z,2025-11-30T13:16:20Z,65.8,13.3,4.529,4.95,6.41
2025-11-30T19:17:20Z,2025-11-30T13:17:20Z,65.8,13.3,4.441,4.783,12.305
2025-11-30T19:18:20Z,2025-11-30T13:18:20Z,65.5,13.3,4.333,4.868,7.962
2025-11-30T19:19:20Z,2025-11-30T13:19:20Z,65.2,13.4,4.606,5.05,15.396
2025-11-30T19:20:20Z,2025-11-30T13:20:20Z,64.6,13.4,4.315,4.861,6.277
2025-11-30T19:21:20Z,2025-11-30T13:21:20Z,66.6,13.4,4.446,4.986,19.454
2025-11-30T19:22:20Z,2025-11-30T13:22:20Z,65.6,13.5,4.622,5.024,17.269
2025-11-30T19:23:20Z,2025-11-30T13:23:20Z,64.9,13.5,4.416,4.956,5.858
2025-11-30T19:24:20Z,2025-11-30T13:24:20Z,63.8,13.6,4.496,4.997,9.653
2025-11-30T19:25:20Z,2025-11-30T13:25:20Z,63.9,13.6,4.408,4.933,7.824
2025-11-30T19:26:20Z,2025-11-30T13:26:20Z,64.3,13.6,4.578,4.977,5.874
2025-11-30T19:27:20Z,2025-11-30T13:27:20Z,63.6,13.6,4.678,5.167,10.983
2025-11-30T19:28:20Z,2025-11-30T13:28:20Z,63.4,13.6,4.388,4.843,11.822
2025-11-30T19:29:20Z,2025-11-30T13:29:20Z,63.7,13.7,4.265,4.596,8.433
2025-11-30T19:30:20Z,2025-11-30T13:30:20Z,65.9,13.7,4.805,5.16,8.136
2025-11-30T19:31:20Z,2025-11-30T13:31:20Z,65.6,13.7,4.697,5.256,14.524
2025-11-30T19:32:21Z,2025-11-30T13:32:21Z,63.9,13.7,4.554,5.081,9.151
2025-11-30T19:33:21Z,2025-11-30T13:33:21Z,62.5,13.7,3.9,4.175,8.226
2025-11-30T19:34:17Z,2025-11-30T13:34:17Z,62.7,13.8,4.655,5.201,9.907
2025-11-30T19:35:17Z,2025-11-30T13:35:17Z,64.1,13.8,4.736,5.115,8.211
2025-11-30T19:36:17Z,2025-11-30T13:36:17Z,64.1,13.8,4.377,4.776,5.61
2025-11-30T19:37:17Z,2025-11-30T13:37:17Z,64.6,13.8,4.858,5.085,16.489
2025-11-30T19:38:17Z,2025-11-30T13:38:17Z,64.7,13.8,5.069,5.498,7.564
2025-11-30T19:39:18Z,2025-11-30T13:39:18Z,65.9,13.8,4.962,5.215,17.448
2025-11-30T19:40:18Z,2025-11-30T13:40:18Z,63.3,13.9,4.636,5.069,14.726
2025-11-30T19:41:18Z,2025-11-30T13:41:18Z,63.6,13.9,4.828,5.208,8.13
2025-11-30T19:42:18Z,2025-11-30T13:42:18Z,63.6,13.9,4.244,4.566,8.998
2025-11-30T19:43:18Z,2025-11-30T13:43:18Z,62.4,13.9,3.739,4.248,8.466
2025-11-30T19:44:18Z,2025-11-30T13:44:18Z,62.3,13.9,4.152,4.584,10.186
2025-11-30T19:45:18Z,2025-11-30T13:45:18Z,62.2,13.9,4.093,4.552,32.429
2025-11-30T19:46:18Z,2025-11-30T13:46:18Z,62.5,13.9,4.118,4.589,7.932
2025-11-30T19:47:18Z,2025-11-30T13:47:18Z,62.9,13.8,4.53,4.884,7.51
2025-11-30T19:48:18Z,2025-11-30T13:48:18Z,62.3,13.8,4.711,5.077,13.597
2025-11-30T19:49:18Z,2025-11-30T13:49:18Z,62.9,13.8,4.408,4.719,12.026
2025-11-30T19:50:18Z,2025-11-30T13:50:18Z,62.3,13.8,4.722,5.032,22.97
2025-11-30T19:51:18Z,2025-11-30T13:51:18Z,62.6,13.8,4.625,5.19,13.981
2025-11-30T19:52:18Z,2025-11-30T13:52:18Z,63.1,13.7,4.194,4.642,6.554
2025-11-30T19:53:18Z,2025-11-30T13:53:18Z,62.9,13.7,4.051,4.51,8.184
2025-11-30T19:54:18Z,2025-11-30T13:54:18Z,62.5,13.7,3.919,4.161,11.786
2025-11-30T19:55:18Z,2025-11-30T13:55:18Z,62.4,13.7,4.108,4.336,23.74
2025-11-30T19:56:19Z,2025-11-30T13:56:19Z,62.4,13.7,3.91,4.115,6.429
2025-11-30T19:57:19Z,2025-11-30T13:57:19Z,62.8,13.7,3.885,4.246,13.374
2025-11-30T19:58:19Z,2025-11-30T13:58:19Z,62.6,13.7,4.317,4.63,12.398
2025-11-30T19:59:19Z,2025-11-30T13:59:19Z,63.2,13.6,4.324,4.835,8.626
2025-11-30T20:00:19Z,2025-11-30T14:00:19Z,64.0,13.6,4.181,4.712,8.538
2025-11-30T20:01:19Z,2025-11-30T14:01:19Z,65.0,13.6,4.725,5.058,8.407
2025-11-30T20:02:19Z,2025-11-30T14:02:19Z,63.8,13.7,4.908,5.368,10.532
2025-11-30T20:03:19Z,2025-11-30T14:03:19Z,64.0,13.7,4.587,4.993,12.281
2025-11-30T20:04:19Z,2025-11-30T14:04:19Z,66.0,13.7,5.068,5.628,7.297
2025-11-30T20:05:19Z,2025-11-30T14:05:19Z,64.2,13.7,4.548,4.991,13.919
2025-11-30T20:06:19Z,2025-11-30T14:06:19Z,63.3,13.7,4.65,5.039,9.981
2025-11-30T20:07:19Z,2025-11-30T14:07:19Z,64.1,13.8,4.838,5.235,19.227
2025-11-30T20:08:19Z,2025-11-30T14:08:19Z,62.9,13.8,4.584,4.985,8.192
2025-11-30T20:09:19Z,2025-11-30T14:09:19Z,63.6,13.8,4.398,4.838,14.312
2025-11-30T20:10:19Z,2025-11-30T14:10:19Z,63.5,13.8,4.54,4.854,6.823
2025-11-30T20:11:19Z,2025-11-30T14:11:19Z,63.5,13.8,4.657,5.221,6.218
2025-11-30T20:12:19Z,2025-11-30T14:12:19Z,63.6,13.9,4.182,4.548,13.505
2025-11-30T20:13:19Z,2025-11-30T14:13:19Z,63.8,13.9,4.724,5.315,8.274
2025-11-30T20:14:19Z,2025-11-30T14:14:19Z,63.4,13.9,4.558,4.907,9.022
2025-11-30T20:15:19Z,2025-11-30T14:15:19Z,62.5,13.9,4.46,4.955,8.717
2025-11-30T20:16:19Z,2025-11-30T14:16:19Z,62.7,13.9,4.511,4.839,6.831
2025-11-30T20:17:19Z,2025-11-30T14:17:19Z,62.5,13.9,4.434,4.907,25.749
2025-11-30T20:18:20Z,2025-11-30T14:18:20Z,62.9,13.9,4.668,4.987,8.134
2025-11-30T20:19:20Z,2025-11-30T14:19:20Z,62.6,13.9,4.814,5.205,6.458
2025-11-30T20:20:20Z,2025-11-30T14:20:20Z,62.9,14.0,4.403,4.767,9.688
2025-11-30T20:21:20Z,2025-11-30T14:21:20Z,63.2,14.0,4.716,5.165,18.247
2025-11-30T20:22:20Z,2025-11-30T14:22:20Z,63.5,14.0,4.547,4.89,11.636
2025-11-30T20:23:20Z,2025-11-30T14:23:20Z,63.7,14.0,4.737,5.212,11.777
2025-11-30T20:24:20Z,2025-11-30T14:24:20Z,62.3,14.0,4.443,4.837,20.098
2025-11-30T20:25:20Z,2025-11-30T14:25:20Z,62.2,14.0,4.301,4.736,10.432
2025-11-30T20:26:20Z,2025-11-30T14:26:20Z,62.3,14.0,4.852,5.36,12.675
2025-11-30T20:27:20Z,2025-11-30T14:27:20Z,62.4,13.9,4.292,4.679,7.686
2025-11-30T20:28:20Z,2025-11-30T14:28:20Z,61.9,13.9,4.091,4.421,7.673
2025-11-30T20:29:20Z,2025-11-30T14:29:20Z,61.9,13.9,4.062,4.455,8.301
2025-11-30T20:30:20Z,2025-11-30T14:30:20Z,62.0,13.9,4.481,4.917,5.597
2025-11-30T20:31:20Z,2025-11-30T14:31:20Z,62.2,13.9,4.442,4.814,9.117
2025-11-30T20:32:20Z,2025-11-30T14:32:20Z,62.7,13.9,4.32,4.789,18.816
2025-11-30T20:33:20Z,2025-11-30T14:33:20Z,63.1,13.8,4.712,5.238,8.939
2025-11-30T20:34:20Z,2025-11-30T14:34:20Z,62.3,13.8,4.616,4.991,7.356
2025-11-30T20:35:20Z,2025-11-30T14:35:20Z,63.0,13.8,4.611,4.957,12.817
2025-11-30T20:36:20Z,2025-11-30T14:36:20Z,63.6,13.8,4.962,5.427,7.051
2025-11-30T20:37:20Z,2025-11-30T14:37:20Z,63.6,13.8,4.836,5.297,10.099
2025-11-30T20:38:20Z,2025-11-30T14:38:20Z,64.1,13.8,4.835,5.198,12.972
2025-11-30T20:39:17Z,2025-11-30T14:39:17Z,63.3,13.8,4.84,5.266,7.328
2025-11-30T20:40:17Z,2025-11-30T14:40:17Z,63.3,13.8,5.022,5.39,11.067
2025-11-30T20:41:17Z,2025-11-30T14:41:17Z,63.4,13.8,4.925,5.32,8.77
2025-11-30T20:42:17Z,2025-11-30T14:42:17Z,64.2,13.8,5.153,5.546,14.03
2025-11-30T20:43:18Z,2025-11-30T14:43:18Z,64.5,13.8,4.751,5.261,9.853
2025-11-30T20:44:18Z,2025-11-30T14:44:18Z,63.6,13.8,4.576,5.129,19.138
2025-11-30T20:45:18Z,2025-11-30T14:45:18Z,62.8,13.8,4.431,4.93,6.119
2025-11-30T20:46:18Z,2025-11-30T14:46:18Z,62.7,13.8,4.839,5.224,10.021
2025-11-30T20:47:18Z,2025-11-30T14:47:18Z,62.9,13.8,4.615,5.05,10.497
2025-11-30T20:48:18Z,2025-11-30T14:48:18Z,62.8,13.8,5.025,5.512,6.739
2025-11-30T20:49:18Z,2025-11-30T14:49:18Z,63.1,13.8,4.607,5.049,8.775
2025-11-30T20:50:18Z,2025-11-30T14:50:18Z,63.1,13.8,5.025,5.44,13.083
2025-11-30T20:51:18Z,2025-11-30T14:51:18Z,62.9,13.7,4.541,5.012,28.101
2025-11-30T20:52:18Z,2025-11-30T14:52:18Z,63.1,13.7,4.484,4.905,11.084
2025-11-30T20:53:18Z,2025-11-30T14:53:18Z,62.9,13.7,4.4,4.811,9.982
2025-11-30T20:54:18Z,2025-11-30T14:54:18Z,63.5,13.7,5.039,5.42,19.16
2025-11-30T20:55:18Z,2025-11-30T14:55:18Z,63.3,13.7,4.738,5.148,16.387
2025-11-30T20:56:18Z,2025-11-30T14:56:18Z,63.3,13.7,4.262,4.734,9.484
2025-11-30T20:57:18Z,2025-11-30T14:57:18Z,62.7,13.7,4.611,4.977,9.051
2025-11-30T20:58:18Z,2025-11-30T14:58:18Z,62.8,13.7,4.564,5.011,18.694
2025-11-30T20:59:18Z,2025-11-30T14:59:18Z,62.9,13.7,4.223,4.613,5.929
2025-11-30T21:00:18Z,2025-11-30T15:00:18Z,62.6,13.7,4.624,5.052,12.5
2025-11-30T21:01:18Z,2025-11-30T15:01:18Z,62.7,13.6,4.554,4.944,6.039
2025-11-30T21:02:18Z,2025-11-30T15:02:18Z,63.3,13.6,4.668,5.477,8.58
2025-11-30T21:03:18Z,2025-11-30T15:03:18Z,63.2,13.6,4.551,5.03,7.008
2025-11-30T21:04:18Z,2025-11-30T15:04:18Z,63.7,13.6,4.766,5.09,23.853
2025-11-30T21:05:19Z,2025-11-30T15:05:19Z,64.0,13.6,5.095,5.399,10.706
2025-11-30T21:06:19Z,2025-11-30T15:06:19Z,63.6,13.6,4.913,5.334,7.523
2025-11-30T21:07:19Z,2025-11-30T15:07:19Z,64.3,13.6,4.755,5.231,6.803
2025-11-30T21:08:19Z,2025-11-30T15:08:19Z,63.5,13.6,4.167,4.592,5.23
2025-11-30T21:09:19Z,2025-11-30T15:09:19Z,63.9,13.5,4.529,5.0,8.546
2025-11-30T21:10:19Z,2025-11-30T15:10:19Z,63.9,13.5,4.908,5.181,9.788
2025-11-30T21:11:19Z,2025-11-30T15:11:19Z,64.8,13.5,4.594,4.946,10.204
2025-11-30T21:12:19Z,2025-11-30T15:12:19Z,65.3,13.5,5.159,5.504,11.367
2025-11-30T21:13:19Z,2025-11-30T15:13:19Z,65.5,13.5,4.857,5.203,11.274
2025-11-30T21:14:19Z,2025-11-30T15:14:19Z,64.9,13.5,4.707,5.2,7.132
2025-11-30T21:15:19Z,2025-11-30T15:15:19Z,65.3,13.6,5.125,5.559,21.916
2025-11-30T21:16:19Z,2025-11-30T15:16:19Z,66.1,13.6,5.448,5.866,24.452
2025-11-30T21:17:19Z,2025-11-30T15:17:19Z,64.8,13.6,4.76,5.073,8.63
2025-11-30T21:18:19Z,2025-11-30T15:18:19Z,65.9,13.6,4.864,5.313,24.927
2025-11-30T21:19:19Z,2025-11-30T15:19:19Z,65.2,13.6,5.072,5.528,10.941
2025-11-30T21:20:19Z,2025-11-30T15:20:19Z,64.1,13.6,4.352,4.842,7.322
2025-11-30T21:21:19Z,2025-11-30T15:21:19Z,63.9,13.6,4.486,4.747,17.745
2025-11-30T21:22:19Z,2025-11-30T15:22:19Z,63.7,13.6,4.702,5.083,6.837
2025-11-30T21:23:19Z,2025-11-30T15:23:19Z,63.7,13.6,4.589,5.043,10.581
2025-11-30T21:24:19Z,2025-11-30T15:24:19Z,63.9,13.6,4.69,5.044,7.058
2025-11-30T21:25:19Z,2025-11-30T15:25:19Z,63.6,13.6,4.378,4.73,10.395
2025-11-30T21:26:20Z,2025-11-30T15:26:20Z,64.2,13.6,4.67,5.23,7.202
2025-11-30T21:27:20Z,2025-11-30T15:27:20Z,63.5,13.6,4.97,5.438,12.874
2025-11-30T21:28:20Z,2025-11-30T15:28:20Z,63.8,13.6,4.757,5.183,9.122
2025-11-30T21:29:20Z,2025-11-30T15:29:20Z,64.0,13.6,4.696,5.084,12.069
2025-11-30T21:30:20Z,2025-11-30T15:30:20Z,64.1,13.6,4.847,5.434,18.15
2025-11-30T21:31:20Z,2025-11-30T15:31:20Z,64.6,13.5,5.142,5.561,13.936
2025-11-30T21:32:20Z,2025-11-30T15:32:20Z,64.7,13.5,4.681,5.139,6.771
2025-11-30T21:33:20Z,2025-11-30T15:33:20Z,64.5,13.5,4.79,5.245,16.945
2025-11-30T21:34:20Z,2025-11-30T15:34:20Z,64.2,13.5,4.698,5.089,6.614
2025-11-30T21:35:20Z,2025-11-30T15:35:20Z,64.4,13.5,4.822,5.444,9.776
2025-11-30T21:36:20Z,2025-11-30T15:36:20Z,64.6,13.5,4.746,5.08,6.844
2025-11-30T21:37:20Z,2025-11-30T15:37:20Z,64.4,13.5,4.951,5.213,8.307
2025-11-30T21:38:20Z,2025-11-30T15:38:20Z,64.2,13.5,4.783,5.235,14.27
2025-11-30T21:39:20Z,2025-11-30T15:39:20Z,64.8,13.5,5.06,5.403,12.16
2025-11-30T21:40:20Z,2025-11-30T15:40:20Z,64.9,13.5,4.645,4.887,21.832
2025-11-30T21:41:20Z,2025-11-30T15:41:20Z,65.3,13.5,4.864,5.216,12.436
2025-11-30T21:42:20Z,2025-11-30T15:42:20Z,64.8,13.5,4.984,5.505,9.861
2025-11-30T21:43:20Z,2025-11-30T15:43:20Z,64.2,13.4,4.33,4.793,8.468
2025-11-30T21:44:20Z,2025-11-30T15:44:20Z,64.1,13.4,4.613,4.984,21.042
2025-11-30T21:45:21Z,2025-11-30T15:45:21Z,64.0,13.4,4.554,4.979,8.004
2025-11-30T21:46:21Z,2025-11-30T15:46:21Z,63.8,13.4,4.546,5.041,10.72
2025-11-30T21:47:21Z,2025-11-30T15:47:21Z,64.2,13.4,4.921,5.287,6.345
2025-11-30T21:48:21Z,2025-11-30T15:48:21Z,64.5,13.4,4.638,4.96,9.727
2025-11-30T21:49:17Z,2025-11-30T15:49:17Z,65.4,13.4,4.831,5.313,9.394
2025-11-30T21:50:17Z,2025-11-30T15:50:17Z,64.8,13.4,4.717,5.047,14.534
2025-11-30T21:51:17Z,2025-11-30T15:51:17Z,64.3,13.4,4.456,4.899,9.257
2025-11-30T21:52:18Z,2025-11-30T15:52:18Z,64.0,13.4,4.368,4.894,9.039
2025-11-30T21:53:18Z,2025-11-30T15:53:18Z,64.2,13.4,4.341,4.931,16.731
2025-11-30T21:54:18Z,2025-11-30T15:54:18Z,63.9,13.4,4.098,4.534,12.403
2025-11-30T21:55:18Z,2025-11-30T15:55:18Z,63.9,13.4,4.583,5.001,8.329
2025-11-30T21:56:18Z,2025-11-30T15:56:18Z,63.9,13.4,4.242,4.481,13.127
2025-11-30T21:57:18Z,2025-11-30T15:57:18Z,64.1,13.4,4.515,4.965,11.518
2025-11-30T21:58:18Z,2025-11-30T15:58:18Z,64.0,13.4,4.101,4.665,7.933
2025-11-30T21:59:18Z,2025-11-30T15:59:18Z,64.2,13.4,4.638,5.062,10.978
2025-11-30T22:00:18Z,2025-11-30T16:00:18Z,64.1,13.4,4.563,5.015,13.062
2025-11-30T22:01:18Z,2025-11-30T16:01:18Z,64.3,13.4,4.336,4.585,5.849
2025-11-30T22:02:18Z,2025-11-30T16:02:18Z,64.1,13.4,4.264,4.749,10.133
2025-11-30T22:03:18Z,2025-11-30T16:03:18Z,64.3,13.4,4.536,4.946,5.761
2025-11-30T22:04:18Z,2025-11-30T16:04:18Z,64.3,13.4,4.412,4.788,8.921
2025-11-30T22:05:18Z,2025-11-30T16:05:18Z,64.0,13.4,4.68,5.276,25.081
2025-11-30T22:06:18Z,2025-11-30T16:06:18Z,63.9,13.4,4.126,4.603,9.29
2025-11-30T22:07:18Z,2025-11-30T16:07:18Z,64.4,13.4,4.686,5.106,17.44
2025-11-30T22:08:18Z,2025-11-30T16:08:18Z,64.2,13.4,4.461,4.964,5.42
2025-11-30T22:09:18Z,2025-11-30T16:09:18Z,64.4,13.4,4.66,5.055,5.996
2025-11-30T22:10:18Z,2025-11-30T16:10:18Z,64.8,13.3,4.538,5.184,8.861
2025-11-30T22:11:18Z,2025-11-30T16:11:18Z,64.0,13.4,4.084,4.482,21.168
2025-11-30T22:12:18Z,2025-11-30T16:12:18Z,64.0,13.3,4.315,4.777,7.76
2025-11-30T22:13:18Z,2025-11-30T16:13:18Z,64.4,13.3,4.619,5.179,10.935
2025-11-30T22:14:19Z,2025-11-30T16:14:19Z,64.3,13.3,4.83,5.483,6.8
2025-11-30T22:15:19Z,2025-11-30T16:15:19Z,64.5,13.3,4.617,5.184,13.68
2025-11-30T22:16:19Z,2025-11-30T16:16:19Z,64.3,13.3,4.358,4.935,6.258
2025-11-30T22:17:19Z,2025-11-30T16:17:19Z,64.1,13.3,4.332,4.769,8.968
2025-11-30T22:18:19Z,2025-11-30T16:18:19Z,64.1,13.3,4.396,4.87,7.97
2025-11-30T22:19:19Z,2025-11-30T16:19:19Z,64.1,13.3,4.249,4.603,8.804
2025-11-30T22:20:19Z,2025-11-30T16:20:19Z,63.9,13.3,4.151,4.628,10.085
2025-11-30T22:21:19Z,2025-11-30T16:21:19Z,64.0,13.3,4.151,4.62,8.329
2025-11-30T22:22:19Z,2025-11-30T16:22:19Z,63.9,13.3,4.273,4.573,15.409
2025-11-30T22:23:19Z,2025-11-30T16:23:19Z,64.0,13.3,4.117,4.492,21.122
2025-11-30T22:24:19Z,2025-11-30T16:24:19Z,64.0,13.2,4.288,4.736,7.888
2025-11-30T22:25:19Z,2025-11-30T16:25:19Z,64.6,13.2,4.638,4.978,7.955
2025-11-30T22:26:19Z,2025-11-30T16:26:19Z,64.5,13.2,4.323,4.891,8.905
2025-11-30T22:27:19Z,2025-11-30T16:27:19Z,64.7,13.2,4.588,5.096,18.496
2025-11-30T22:28:19Z,2025-11-30T16:28:19Z,64.6,13.2,4.821,5.289,12.111
2025-11-30T22:29:19Z,2025-11-30T16:29:19Z,64.3,13.2,4.499,4.828,14.108
2025-11-30T22:30:19Z,2025-11-30T16:30:19Z,64.7,13.2,4.309,4.725,14.427
2025-11-30T22:31:20Z,2025-11-30T16:31:20Z,64.5,13.2,4.359,4.656,15.85
2025-11-30T22:32:20Z,2025-11-30T16:32:20Z,64.4,13.2,4.361,4.653,6.687
2025-11-30T22:33:20Z,2025-11-30T16:33:20Z,64.3,13.2,4.558,5.046,6.634
2025-11-30T22:34:20Z,2025-11-30T16:34:20Z,64.4,13.2,4.266,4.601,5.53
2025-11-30T22:35:20Z,2025-11-30T16:35:20Z,64.6,13.2,4.57,4.902,8.723
2025-11-30T22:36:20Z,2025-11-30T16:36:20Z,64.9,13.1,4.353,4.833,11.181
2025-11-30T22:37:20Z,2025-11-30T16:37:20Z,65.0,13.1,4.415,4.744,15.797
2025-11-30T22:38:20Z,2025-11-30T16:38:20Z,64.9,13.1,4.187,4.684,6.825
2025-11-30T22:39:20Z,2025-11-30T16:39:20Z,65.1,13.1,4.531,4.903,8.044
2025-11-30T22:40:20Z,2025-11-30T16:40:20Z,64.9,13.1,4.389,4.673,7.317
2025-11-30T22:41:20Z,2025-11-30T16:41:20Z,65.1,13.1,4.699,5.019,7.767
2025-11-30T22:42:20Z,2025-11-30T16:42:20Z,64.9,13.1,4.405,4.872,10.404
2025-11-30T22:43:20Z,2025-11-30T16:43:20Z,64.8,13.1,4.51,4.994,22.314
2025-11-30T22:44:20Z,2025-11-30T16:44:20Z,64.9,13.1,4.346,4.687,9.159
2025-11-30T22:45:20Z,2025-11-30T16:45:20Z,65.3,13.1,4.458,4.806,6.076
2025-11-30T22:46:20Z,2025-11-30T16:46:20Z,65.8,13.1,4.475,4.733,5.509
2025-11-30T22:47:20Z,2025-11-30T16:47:20Z,65.8,13.1,4.317,4.579,7.381
2025-11-30T22:48:20Z,2025-11-30T16:48:20Z,65.4,13.0,4.36,4.66,6.304
2025-11-30T22:49:20Z,2025-11-30T16:49:20Z,65.0,13.0,3.855,4.242,5.453
2025-11-30T22:50:21Z,2025-11-30T16:50:21Z,65.2,13.0,4.376,4.744,9.57
2025-11-30T22:51:21Z,2025-11-30T16:51:21Z,65.1,13.0,3.845,4.087,4.95
2025-11-30T22:52:21Z,2025-11-30T16:52:21Z,65.2,13.0,4.113,4.363,6.364
2025-11-30T22:53:21Z,2025-11-30T16:53:21Z,65.7,13.0,4.43,4.675,6.739
2025-11-30T22:54:17Z,2025-11-30T16:54:17Z,65.7,13.0,4.279,4.656,20.805
2025-11-30T22:55:17Z,2025-11-30T16:55:17Z,65.7,13.0,4.374,4.716,5.264
2025-11-30T22:56:18Z,2025-11-30T16:56:18Z,65.6,13.0,4.636,5.14,14.438
2025-11-30T22:57:18Z,2025-11-30T16:57:18Z,66.2,12.9,4.495,4.821,5.596
2025-11-30T22:58:18Z,2025-11-30T16:58:18Z,66.0,12.9,4.3,4.662,6.241
2025-11-30T22:59:18Z,2025-11-30T16:59:18Z,65.7,12.9,3.93,4.303,16.104
2025-11-30T23:00:18Z,2025-11-30T17:00:18Z,65.8,12.9,4.155,4.501,13.723
2025-11-30T23:01:18Z,2025-11-30T17:01:18Z,65.8,12.9,4.201,4.473,5.809
2025-11-30T23:02:18Z,2025-11-30T17:02:18Z,65.9,12.9,4.16,4.361,6.811
2025-11-30T23:03:18Z,2025-11-30T17:03:18Z,66.1,12.9,4.293,4.545,7.471
2025-11-30T23:04:18Z,2025-11-30T17:04:18Z,66.1,12.9,4.274,4.558,8.218
2025-11-30T23:05:18Z,2025-11-30T17:05:18Z,66.1,12.9,4.414,4.796,7.802
2025-11-30T23:06:18Z,2025-11-30T17:06:18Z,66.7,12.9,4.704,5.213,7.331
2025-11-30T23:07:18Z,2025-11-30T17:07:18Z,66.9,12.9,4.867,5.257,7.518
2025-11-30T23:08:18Z,2025-11-30T17:08:18Z,67.2,12.9,4.649,5.045,5.855
2025-11-30T23:09:18Z,2025-11-30T17:09:18Z,67.3,12.8,4.897,5.257,8.768
2025-11-30T23:10:18Z,2025-11-30T17:10:18Z,67.4,12.9,5.011,5.414,14.502
2025-11-30T23:11:18Z,2025-11-30T17:11:18Z,67.8,12.9,4.718,4.98,7.094
2025-11-30T23:12:19Z,2025-11-30T17:12:19Z,67.4,12.9,4.532,4.923,5.907
2025-11-30T23:13:19Z,2025-11-30T17:13:19Z,67.1,12.9,4.744,5.031,15.284
2025-11-30T23:14:19Z,2025-11-30T17:14:19Z,66.1,12.9,4.223,4.581,17.533
2025-11-30T23:15:19Z,2025-11-30T17:15:19Z,66.9,12.9,4.704,5.045,11.774
2025-11-30T23:16:19Z,2025-11-30T17:16:19Z,66.9,12.9,4.367,4.826,12.06
2025-11-30T23:17:19Z,2025-11-30T17:17:19Z,67.2,12.9,4.533,4.774,6.439
2025-11-30T23:18:19Z,2025-11-30T17:18:19Z,67.2,12.9,4.62,4.982,6.221
2025-11-30T23:19:19Z,2025-11-30T17:19:19Z,67.1,12.9,4.686,4.934,19.145
2025-11-30T23:20:19Z,2025-11-30T17:20:19Z,67.8,12.9,4.386,4.741,9.64
2025-11-30T23:21:19Z,2025-11-30T17:21:19Z,68.0,12.9,4.732,5.044,7.476
2025-11-30T23:22:19Z,2025-11-30T17:22:19Z,67.4,12.9,4.555,4.841,5.699
2025-11-30T23:23:19Z,2025-11-30T17:23:19Z,66.7,12.9,4.311,4.518,6.217
2025-11-30T23:24:19Z,2025-11-30T17:24:19Z,66.6,12.9,4.478,4.877,14.023
2025-11-30T23:25:19Z,2025-11-30T17:25:19Z,66.6,12.9,4.713,5.139,18.401
2025-11-30T23:26:19Z,2025-11-30T17:26:19Z,65.9,12.9,4.245,4.622,9.452
2025-11-30T23:27:19Z,2025-11-30T17:27:19Z,66.1,12.9,4.41,4.784,17.314
2025-11-30T23:28:19Z,2025-11-30T17:28:19Z,66.3,12.9,4.436,4.682,12.525
2025-11-30T23:29:19Z,2025-11-30T17:29:19Z,66.4,12.9,4.205,4.529,4.989
2025-11-30T23:30:19Z,2025-11-30T17:30:19Z,65.9,12.9,4.103,4.372,8.77
2025-11-30T23:31:19Z,2025-11-30T17:31:19Z,66.6,12.9,4.52,4.825,9.677
2025-11-30T23:32:20Z,2025-11-30T17:32:20Z,66.9,12.9,4.326,4.831,16.833
2025-11-30T23:33:20Z,2025-11-30T17:33:20Z,67.9,12.9,4.449,4.899,8.564
2025-11-30T23:34:20Z,2025-11-30T17:34:20Z,67.9,12.9,4.572,4.954,11.347
2025-11-30T23:35:20Z,2025-11-30T17:35:20Z,67.5,12.9,4.37,4.678,7.465
2025-11-30T23:36:20Z,2025-11-30T17:36:20Z,67.5,12.9,4.182,4.411,8.324
2025-11-30T23:37:20Z,2025-11-30T17:37:20Z,67.4,12.9,4.681,5.127,15.44
2025-11-30T23:38:20Z,2025-11-30T17:38:20Z,67.0,12.9,4.537,4.75,6.649
2025-11-30T23:39:20Z,2025-11-30T17:39:20Z,67.2,12.9,4.391,4.702,13.824
2025-11-30T23:40:20Z,2025-11-30T17:40:20Z,66.7,12.9,4.371,4.778,20.466
2025-11-30T23:41:20Z,2025-11-30T17:41:20Z,66.6,12.9,4.767,5.409,10.314
2025-11-30T23:42:20Z,2025-11-30T17:42:20Z,66.4,12.9,4.365,4.682,9.282
2025-11-30T23:43:20Z,2025-11-30T17:43:20Z,66.7,12.9,4.569,4.877,15.117
2025-11-30T23:44:20Z,2025-11-30T17:44:20Z,66.9,12.8,4.792,5.219,7.75
2025-11-30T23:45:20Z,2025-11-30T17:45:20Z,67.9,12.8,4.658,4.982,5.04
2025-11-30T23:46:20Z,2025-11-30T17:46:20Z,67.4,12.8,4.885,5.294,5.755
2025-11-30T23:47:20Z,2025-11-30T17:47:20Z,68.0,12.8,4.599,4.906,7.224
2025-11-30T23:48:20Z,2025-11-30T17:48:20Z,67.8,12.8,4.564,4.865,7.085
2025-11-30T23:49:20Z,2025-11-30T17:49:20Z,67.6,12.8,4.524,4.96,14.6
2025-11-30T23:50:21Z,2025-11-30T17:50:21Z,66.4,12.8,4.336,4.841,11.496
2025-11-30T23:51:21Z,2025-11-30T17:51:21Z,66.2,12.9,4.453,4.74,12.507
2025-11-30T23:52:21Z,2025-11-30T17:52:21Z,66.0,12.8,4.142,4.636,18.235
2025-11-30T23:53:21Z,2025-11-30T17:53:21Z,66.7,12.8,4.784,5.244,7.876
2025-11-30T23:54:17Z,2025-11-30T17:54:17Z,67.3,12.8,4.9,5.366,6.217
2025-11-30T23:55:18Z,2025-11-30T17:55:18Z,67.0,12.8,4.937,5.385,9.061
2025-11-30T23:56:18Z,2025-11-30T17:56:18Z,66.9,12.8,4.846,5.161,8.605
2025-11-30T23:57:18Z,2025-11-30T17:57:18Z,67.9,12.8,4.803,5.227,5.832
2025-11-30T23:58:18Z,2025-11-30T17:58:18Z,66.8,12.8,4.606,4.839,11.141
2025-11-30T23:59:18Z,2025-11-30T17:59:18Z,67.6,12.8,5.325,5.75,8.097
