timestamp,timestamp_local,sample_rh,sample_temp,pm1,pm25,pm10
2026-09-01T00:00:28Z,2026-08-31T19:00:28Z,57.0,34.0,9.374,10.183,14.736
2026-09-01T00:01:28Z,2026-08-31T19:01:28Z,57.0,34.0,10.326,11.192,30.346
2026-09-01T00:02:28Z,2026-08-31T19:02:28Z,56.7,33.9,10.091,10.925,32.974
2026-09-01T00:03:28Z,2026-08-31T19:03:28Z,57.5,33.9,10.003,10.751,20.608
2026-09-01T00:04:28Z,2026-08-31T19:04:28Z,57.5,33.9,9.495,10.451,14.086
2026-09-01T00:05:28Z,2026-08-31T19:05:28Z,57.3,33.9,9.433,10.517,16.672
2026-09-01T00:06:28Z,2026-08-31T19:06:28Z,57.5,33.9,9.841,10.924,46.137
2026-09-01T00:07:28Z,2026-08-31T19:07:28Z,57.7,33.8,8.923,9.826,36.799
2026-09-01T00:08:28Z,2026-08-31T19:08:28Z,57.1,33.8,9.628,10.463,16.818
2026-09-01T00:09:28Z,2026-08-31T19:09:28Z,57.3,33.8,9.363,10.093,14.357
2026-09-01T00:10:29Z,2026-08-31T19:10:29Z,57.6,33.8,9.72,10.694,26.627
2026-09-01T00:11:29Z,2026-08-31T19:11:29Z,57.8,33.8,9.775,10.739,24.504
2026-09-01T00:12:29Z,2026-08-31T19:12:29Z,57.8,33.7,9.979,10.915,18.36
2026-09-01T00:13:29Z,2026-08-31T19:13:29Z,57.9,33.7,9.224,9.956,24.984
2026-09-01T00:14:29Z,2026-08-31T19:14:29Z,58.3,33.7,9.56,10.428,13.34
2026-09-01T00:15:29Z,2026-08-31T19:15:29Z,58.6,33.7,9.948,10.766,19.104
2026-09-01T00:16:29Z,2026-08-31T19:16:29Z,58.8,33.6,10.122,10.914,22.457
2026-09-01T00:17:29Z,2026-08-31T19:17:29Z,58.1,33.6,9.88,10.872,27.037
2026-09-01T00:18:29Z,2026-08-31T19:18:29Z,58.2,33.6,9.524,10.329,12.154
2026-09-01T00:19:29Z,2026-08-31T19:19:29Z,58.1,33.6,9.492,10.257,34.928
2026-09-01T00:20:29Z,2026-08-31T19:20:29Z,58.6,33.5,9.823,10.528,20.871
2026-09-01T00:21:29Z,2026-08-31T19:21:29Z,58.3,33.5,9.353,10.136,18.825
2026-09-01T00:22:29Z,2026-08-31T19:22:29Z,58.9,33.5,9.547,10.448,21.992
2026-09-01T00:23:29Z,2026-08-31T19:23:29Z,58.9,33.5,9.815,10.648,17.638
2026-09-01T00:24:29Z,2026-08-31T19:24:29Z,58.6,33.4,9.612,10.529,23.609
2026-09-01T00:25:29Z,2026-08-31T19:25:29Z,58.7,33.4,9.107,9.787,27.19
2026-09-01T00:26:29Z,2026-08-31T19:26:29Z,58.3,33.4,9.253,10.12,15.898
2026-09-01T00:27:29Z,2026-08-31T19:27:29Z,58.9,33.3,9.61,10.367,17.99
2026-09-01T00:28:29Z,2026-08-31T19:28:29Z,58.5,33.3,9.606,10.554,22.634
2026-09-01T00:29:29Z,2026-08-31T19:29:29Z,58.6,33.3,9.255,10.061,24.08
2026-09-01T00:30:29Z,2026-08-31T19:30:29Z,58.5,33.3,9.555,10.407,15.411
2026-09-01T00:31:29Z,2026-08-31T19:31:29Z,58.1,33.2,9.084,9.879,18.27
2026-09-01T00:32:29Z,2026-08-31T19:32:29Z,58.5,33.2,8.953,9.734,31.189
2026-09-01T00:33:30Z,2026-08-31T19:33:30Z,58.5,33.2,9.232,10.017,21.713
2026-09-01T00:34:30Z,2026-08-31T19:34:30Z,58.5,33.2,9.347,10.1,23.025
2026-09-01T00:35:30Z,2026-08-31T19:35:30Z,58.6,33.1,9.068,9.921,22.903
2026-09-01T00:36:30Z,2026-08-31T19:36:30Z,58.6,33.1,8.89,9.812,26.205
2026-09-01T00:37:30Z,2026-08-31T19:37:30Z,58.8,33.1,8.838,9.781,15.446
2026-09-01T00:38:30Z,2026-08-31T19:38:30Z,58.5,33.0,9.369,10.315,17.707
2026-09-01T00:39:30Z,2026-08-31T19:39:30Z,58.9,33.0,9.043,10.108,27.328
2026-09-01T00:40:30Z,2026-08-31T19:40:30Z,59.2,33.0,8.858,9.875,15.651
2026-09-01T00:41:30Z,2026-08-31T19:41:30Z,59.0,33.0,9.112,10.134,18.441
2026-09-01T00:42:30Z,2026-08-31T19:42:30Z,59.6,32.9,8.715,9.591,18.853
2026-09-01T00:43:30Z,2026-08-31T19:43:30Z,59.6,32.9,9.012,9.789,24.472
2026-09-01T00:44:30Z,2026-08-31T19:44:30Z,59.9,32.9,8.88,9.85,31.141
2026-09-01T00:45:30Z,2026-08-31T19:45:30Z,59.8,32.8,9.072,10.164,12.62
2026-09-01T00:46:30Z,2026-08-31T19:46:30Z,60.0,32.8,9.216,10.236,35.372
2026-09-01T00:47:30Z,2026-08-31T19:47:30Z,60.4,32.8,8.964,9.805,23.313
2026-09-01T00:48:30Z,2026-08-31T19:48:30Z,60.4,32.7,8.64,9.562,22.688
2026-09-01T00:49:30Z,2026-08-31T19:49:30Z,60.3,32.7,8.711,9.697,25.003
2026-09-01T00:50:30Z,2026-08-31T19:50:30Z,60.4,32.7,9.251,10.401,34.722
2026-09-01T00:51:30Z,2026-08-31T19:51:30Z,60.9,32.7,9.006,10.063,22.831
2026-09-01T00:52:30Z,2026-08-31T19:52:30Z,61.2,32.6,8.889,10.142,16.516
2026-09-01T00:53:30Z,2026-08-31T19:53:30Z,61.1,32.6,8.811,9.659,27.528
2026-09-01T00:54:30Z,2026-08-31T19:54:30Z,61.1,32.6,9.171,10.305,26.856
2026-09-01T00:55:30Z,2026-08-31T19:55:30Z,61.3,32.5,9.737,10.783,18.624
2026-09-01T00:56:31Z,2026-08-31T19:56:31Z,61.7,32.5,9.545,10.412,30.746
2026-09-01T00:57:31Z,2026-08-31T19:57:31Z,61.4,32.5,9.152,10.133,21.841
2026-09-01T00:58:31Z,2026-08-31T19:58:31Z,61.4,32.4,8.791,9.674,20.015
2026-09-01T00:59:31Z,2026-08-31T19:59:31Z,61.7,32.4,8.907,9.849,27.221
2026-09-01T01:00:31Z,2026-08-31T20:00:31Z,61.8,32.4,8.397,9.356,31.246
2026-09-01T01:01:31Z,2026-08-31T20:01:31Z,61.6,32.4,8.639,9.672,13.098
2026-09-01T01:02:31Z,2026-08-31T20:02:31Z,61.5,32.4,9.238,10.512,22.347
2026-09-01T01:03:31Z,2026-08-31T20:03:31Z,61.6,32.3,8.471,9.461,22.392
2026-09-01T01:04:31Z,2026-08-31T20:04:31Z,61.9,32.3,8.186,9.04,14.778
2026-09-01T01:05:31Z,2026-08-31T20:05:31Z,62.0,32.3,9.561,10.492,24.239
2026-09-01T01:06:31Z,2026-08-31T20:06:31Z,62.0,32.3,8.313,9.377,28.32
2026-09-01T01:07:31Z,2026-08-31T20:07:31Z,62.3,32.2,9.169,10.232,25.802
2026-09-01T01:08:31Z,2026-08-31T20:08:31Z,62.0,32.2,8.74,9.941,37.332
2026-09-01T01:09:31Z,2026-08-31T20:09:31Z,62.2,32.2,8.636,9.451,22.38
2026-09-01T01:10:31Z,2026-08-31T20:10:31Z,62.6,32.2,8.726,9.661,26.091
2026-09-01T01:11:31Z,2026-08-31T20:11:31Z,63.3,32.1,8.953,10.427,21.73
2026-09-01T01:12:31Z,2026-08-31T20:12:31Z,62.8,32.1,8.77,9.723,30.593
2026-09-01T01:13:31Z,2026-08-31T20:13:31Z,62.8,32.1,8.911,10.026,20.467
2026-09-01T01:14:28Z,2026-08-31T20:14:28Z,63.0,32.1,8.781,9.798,33.448
2026-09-01T01:15:28Z,2026-08-31T20:15:28Z,63.0,32.1,8.728,9.761,22.898
2026-09-01T01:16:28Z,2026-08-31T20:16:28Z,63.2,32.0,8.646,9.693,23.484
2026-09-01T01:17:28Z,2026-08-31T20:17:28Z,63.2,32.0,9.122,9.859,15.921
2026-09-01T01:18:28Z,2026-08-31T20:18:28Z,63.6,32.0,8.75,9.943,37.363
2026-09-01T01:19:28Z,2026-08-31T20:19:28Z,63.7,32.0,8.368,9.715,24.803
2026-09-01T01:20:29Z,2026-08-31T20:20:29Z,63.5,31.9,8.672,9.68,26.829
2026-09-01T01:21:29Z,2026-08-31T20:21:29Z,63.5,31.9,8.424,9.542,25.448
2026-09-01T01:22:29Z,2026-08-31T20:22:29Z,63.4,31.9,8.668,9.693,31.047
2026-09-01T01:23:29Z,2026-08-31T20:23:29Z,63.9,31.9,8.542,9.495,21.492
2026-09-01T01:24:29Z,2026-08-31T20:24:29Z,64.0,31.9,8.789,9.896,25.916
2026-09-01T01:25:29Z,2026-08-31T20:25:29Z,63.9,31.8,8.39,9.326,14.235
2026-09-01T01:26:29Z,2026-08-31T20:26:29Z,63.6,31.8,9.173,10.201,14.313
2026-09-01T01:27:29Z,2026-08-31T20:27:29Z,63.7,31.8,8.68,9.615,14.499
2026-09-01T01:28:29Z,2026-08-31T20:28:29Z,63.7,31.8,8.804,9.882,15.315
2026-09-01T01:29:29Z,2026-08-31T20:29:29Z,64.1,31.8,8.384,9.411,23.305
2026-09-01T01:30:29Z,2026-08-31T20:30:29Z,64.2,31.8,8.516,9.364,14.13
2026-09-01T01:31:29Z,2026-08-31T20:31:29Z,64.5,31.7,9.021,10.366,34.053
2026-09-01T01:32:29Z,2026-08-31T20:32:29Z,64.7,31.7,8.813,9.879,18.648
2026-09-01T01:33:29Z,2026-08-31T20:33:29Z,64.7,31.7,8.682,9.902,20.794
2026-09-01T01:34:29Z,2026-08-31T20:34:29Z,64.5,31.7,9.009,10.068,14.683
2026-09-01T01:35:29Z,2026-08-31T20:35:29Z,64.6,31.7,8.629,9.764,24.712
2026-09-01T01:36:29Z,2026-08-31T20:36:29Z,64.8,31.6,8.604,9.761,21.238
2026-09-01T01:37:29Z,2026-08-31T20:37:29Z,65.0,31.6,9.106,10.24,28.55
2026-09-01T01:38:29Z,2026-08-31T20:38:29Z,65.2,31.6,8.56,9.841,20.722
2026-09-01T01:39:29Z,2026-08-31T20:39:29Z,64.9,31.6,9.004,10.196,29.414
2026-09-01T01:40:29Z,2026-08-31T20:40:29Z,64.6,31.6,9.728,11.008,26.972
2026-09-01T01:41:29Z,2026-08-31T20:41:29Z,64.4,31.6,8.902,10.194,42.219
2026-09-01T01:42:29Z,2026-08-31T20:42:29Z,64.4,31.5,9.284,10.383,21.681
2026-09-01T01:43:29Z,2026-08-31T20:43:29Z,64.5,31.5,8.912,9.85,35.497
2026-09-01T01:44:29Z,2026-08-31T20:44:29Z,64.6,31.5,9.244,10.589,20.708
2026-09-01T01:45:30Z,2026-08-31T20:45:30Z,64.5,31.5,9.092,10.187,20.282
2026-09-01T01:46:30Z,2026-08-31T20:46:30Z,64.6,31.5,8.86,10.028,28.818
2026-09-01T01:47:30Z,2026-08-31T20:47:30Z,64.6,31.5,9.038,10.045,16.748
2026-09-01T01:48:30Z,2026-08-31T20:48:30Z,64.7,31.5,9.44,10.388,20.917
2026-09-01T01:49:30Z,2026-08-31T20:49:30Z,64.4,31.5,8.72,9.816,21.013
2026-09-01T01:50:30Z,2026-08-31T20:50:30Z,64.5,31.5,8.627,9.778,17.152
2026-09-01T01:51:30Z,2026-08-31T20:51:30Z,64.7,31.5,9.147,10.514,51.692
2026-09-01T01:52:30Z,2026-08-31T20:52:30Z,64.7,31.4,9.723,10.808,19.985
2026-09-01T01:53:30Z,2026-08-31T20:53:30Z,64.6,31.4,8.9,9.998,16.648
2026-09-01T01:54:30Z,2026-08-31T20:54:30Z,64.7,31.4,8.738,9.755,37.72
2026-09-01T01:55:30Z,2026-08-31T20:55:30Z,64.5,31.4,9.114,9.958,27.608
2026-09-01T01:56:30Z,2026-08-31T20:56:30Z,64.3,31.4,8.593,9.754,23.544
2026-09-01T01:57:30Z,2026-08-31T20:57:30Z,64.4,31.4,9.225,10.403,19.973
2026-09-01T01:58:30Z,2026-08-31T20:58:30Z,64.5,31.4,8.72,9.725,21.671
2026-09-01T01:59:30Z,2026-08-31T20:59:30Z,64.3,31.4,9.235,10.416,28.288
2026-09-01T02:00:30Z,2026-08-31T21:00:30Z,64.5,31.4,8.989,9.831,24.355
2026-09-01T02:01:30Z,2026-08-31T21:01:30Z,64.5,31.4,8.901,9.814,19.493
2026-09-01T02:02:30Z,2026-08-31T21:02:30Z,64.4,31.3,8.872,10.061,17.484
2026-09-01T02:03:30Z,2026-08-31T21:03:30Z,64.2,31.3,8.716,9.831,30.629
2026-09-01T02:04:30Z,2026-08-31T21:04:30Z,64.7,31.3,9.108,10.23,27.002
2026-09-01T02:05:31Z,2026-08-31T21:05:31Z,64.4,31.3,8.784,10.042,24.443
2026-09-01T02:06:31Z,2026-08-31T21:06:31Z,64.6,31.3,9.055,10.102,20.061
2026-09-01T02:07:31Z,2026-08-31T21:07:31Z,64.7,31.3,8.811,9.891,19.686
2026-09-01T02:08:31Z,2026-08-31T21:08:31Z,65.2,31.3,8.773,9.918,23.075
2026-09-01T02:09:31Z,2026-08-31T21:09:31Z,65.2,31.3,9.065,10.238,26.405
2026-09-01T02:10:31Z,2026-08-31T21:10:31Z,65.1,31.3,8.84,9.798,24.984
2026-09-01T02:11:31Z,2026-08-31T21:11:31Z,64.7,31.3,8.882,10.067,19.064
2026-09-01T02:12:31Z,2026-08-31T21:12:31Z,64.7,31.3,9.213,10.229,43.786
2026-09-01T02:13:31Z,2026-08-31T21:13:31Z,64.8,31.2,8.577,9.46,18.077
2026-09-01T02:14:31Z,2026-08-31T21:14:31Z,64.8,31.2,9.135,10.068,23.369
2026-09-01T02:15:31Z,2026-08-31T21:15:31Z,64.9,31.2,8.871,9.97,19.233
2026-09-01T02:16:31Z,2026-08-31T21:16:31Z,64.8,31.2,9.096,10.076,18.129
2026-09-01T02:17:31Z,2026-08-31T21:17:31Z,65.2,31.2,9.079,10.122,22.208
2026-09-01T02:18:31Z,2026-08-31T21:18:31Z,65.1,31.2,9.23,10.276,17.957
2026-09-01T02:19:31Z,2026-08-31T21:19:31Z,65.1,31.2,9.143,10.075,33.872
2026-09-01T02:20:31Z,2026-08-31T21:20:31Z,65.2,31.2,9.252,10.275,14.353
2026-09-01T02:21:31Z,2026-08-31T21:21:31Z,65.5,31.2,9.1,10.415,26.062
2026-09-01T02:22:31Z,2026-08-31T21:22:31Z,65.6,31.2,8.803,9.958,24.726
2026-09-01T02:23:31Z,2026-08-31T21:23:31Z,65.3,31.2,8.918,9.699,17.595
2026-09-01T02:24:31Z,2026-08-31T21:24:31Z,65.4,31.2,9.302,10.251,22.509
2026-09-01T02:25:31Z,2026-08-31T21:25:31Z,65.4,31.2,9.498,10.589,28.459
2026-09-01T02:26:31Z,2026-08-31T21:26:31Z,65.6,31.2,9.285,10.412,24.852
2026-09-01T02:27:32Z,2026-08-31T21:27:32Z,65.3,31.2,8.654,9.796,12.241
2026-09-01T02:28:32Z,2026-08-31T21:28:32Z,65.4,31.2,9.224,10.233,17.874
2026-09-01T02:29:32Z,2026-08-31T21:29:32Z,65.5,31.1,9.859,10.884,25.814
2026-09-01T02:30:32Z,2026-08-31T21:30:32Z,65.5,31.1,9.762,10.862,42.635
2026-09-01T02:31:32Z,2026-08-31T21:31:32Z,65.5,31.1,10.077,10.87,18.311
2026-09-01T02:32:32Z,2026-08-31T21:32:32Z,66.0,31.1,10.017,10.943,22.656
2026-09-01T02:33:32Z,2026-08-31T21:33:32Z,65.9,31.1,9.12,10.096,18.35
2026-09-01T02:34:29Z,2026-08-31T21:34:29Z,65.7,31.1,9.194,10.38,18.691
2026-09-01T02:35:29Z,2026-08-31T21:35:29Z,66.0,31.1,9.078,10.03,27.657
2026-09-01T02:36:29Z,2026-08-31T21:36:29Z,65.8,31.1,9.12,10.37,23.99
2026-09-01T02:37:29Z,2026-08-31T21:37:29Z,65.7,31.1,9.147,9.9,16.052
2026-09-01T02:38:29Z,2026-08-31T21:38:29Z,65.9,31.1,9.183,10.094,18.907
2026-09-01T02:39:29Z,2026-08-31T21:39:29Z,65.9,31.1,8.843,9.851,33.612
2026-09-01T02:40:29Z,2026-08-31T21:40:29Z,65.8,31.1,9.168,9.986,19.359
2026-09-01T02:41:29Z,2026-08-31T21:41:29Z,65.9,31.1,9.122,10.181,35.97
2026-09-01T02:42:29Z,2026-08-31T21:42:29Z,65.9,31.1,9.245,10.078,19.245
2026-09-01T02:43:29Z,2026-08-31T21:43:29Z,66.0,31.0,9.275,10.09,23.994
2026-09-01T02:44:29Z,2026-08-31T21:44:29Z,66.2,31.0,8.815,9.754,23.864
2026-09-01T02:45:29Z,2026-08-31T21:45:29Z,66.0,31.0,9.375,10.485,21.808
2026-09-01T02:46:29Z,2026-08-31T21:46:29Z,65.9,31.0,9.248,10.284,31.642
2026-09-01T02:47:29Z,2026-08-31T21:47:29Z,65.9,31.0,9.09,10.379,28.903
2026-09-01T02:48:29Z,2026-08-31T21:48:29Z,66.3,31.0,9.61,10.723,17.271
2026-09-01T02:49:29Z,2026-08-31T21:49:29Z,66.3,31.0,9.241,10.339,18.674
2026-09-01T02:50:29Z,2026-08-31T21:50:29Z,66.3,31.0,9.337,10.27,32.545
2026-09-01T02:51:29Z,2026-08-31T21:51:29Z,66.3,31.0,9.627,10.645,37.729
2026-09-01T02:52:29Z,2026-08-31T21:52:29Z,66.7,31.0,10.212,11.246,18.923
2026-09-01T02:53:29Z,2026-08-31T21:53:29Z,66.5,31.0,10.086,11.123,35.939
2026-09-01T02:54:30Z,2026-08-31T21:54:30Z,66.6,31.0,9.087,10.274,18.129
2026-09-01T02:55:30Z,2026-08-31T21:55:30Z,66.6,31.0,9.084,10.165,17.432
2026-09-01T02:56:30Z,2026-08-31T21:56:30Z,66.5,31.0,9.565,10.673,25.992
2026-09-01T02:57:30Z,2026-08-31T21:57:30Z,66.6,31.0,9.491,10.448,30.573
2026-09-01T02:58:30Z,2026-08-31T21:58:30Z,66.7,31.0,8.992,9.901,29.088
2026-09-01T02:59:30Z,2026-08-31T21:59:30Z,66.5,31.0,9.646,10.519,23.082
2026-09-01T03:00:30Z,2026-08-31T22:00:30Z,66.6,31.0,9.554,10.512,22.063
2026-09-01T03:01:30Z,2026-08-31T22:01:30Z,66.6,30.9,9.224,10.101,12.784
2026-09-01T03:02:30Z,2026-08-31T22:02:30Z,66.6,30.9,9.613,10.582,42.11
2026-09-01T03:03:30Z,2026-08-31T22:03:30Z,66.8,30.9,9.188,10.18,21.143
2026-09-01T03:04:30Z,2026-08-31T22:04:30Z,66.9,30.9,9.249,10.033,20.037
2026-09-01T03:05:30Z,2026-08-31T22:05:30Z,66.8,30.9,9.564,10.716,23.78
2026-09-01T03:06:30Z,2026-08-31T22:06:30Z,67.3,31.0,9.192,9.992,28.363
2026-09-01T03:07:30Z,2026-08-31T22:07:30Z,67.0,31.0,9.401,10.361,23.441
2026-09-01T03:08:30Z,2026-08-31T22:08:30Z,67.0,30.9,9.609,10.759,19.454
2026-09-01T03:09:30Z,2026-08-31T22:09:30Z,67.3,30.9,9.109,10.212,21.546
2026-09-01T03:10:30Z,2026-08-31T22:10:30Z,67.0,30.9,9.703,10.747,16.763
2026-09-01T03:11:30Z,2026-08-31T22:11:30Z,67.4,30.9,9.164,10.155,15.872
2026-09-01T03:12:30Z,2026-08-31T22:12:30Z,67.3,30.9,9.267,10.281,30.494
2026-09-01T03:13:30Z,2026-08-31T22:13:30Z,67.3,30.9,9.233,10.187,14.325
2026-09-01T03:14:30Z,2026-08-31T22:14:30Z,67.5,30.9,9.246,10.289,18.851
2026-09-01T03:15:31Z,2026-08-31T22:15:31Z,67.5,30.9,9.906,11.092,18.381
2026-09-01T03:16:31Z,2026-08-31T22:16:31Z,67.5,30.9,9.734,10.981,24.899
2026-09-01T03:17:31Z,2026-08-31T22:17:31Z,67.6,30.9,10.048,11.179,24.24
2026-09-01T03:18:31Z,2026-08-31T22:18:31Z,67.8,30.9,9.519,10.728,20.12
2026-09-01T03:19:31Z,2026-08-31T22:19:31Z,67.9,30.9,9.596,10.557,28.44
2026-09-01T03:20:31Z,2026-08-31T22:20:31Z,67.7,30.9,9.365,10.197,25.696
2026-09-01T03:21:31Z,2026-08-31T22:21:31Z,67.7,30.9,9.751,10.788,32.122
2026-09-01T03:22:31Z,2026-08-31T22:22:31Z,67.8,30.9,9.867,10.73,18.2
2026-09-01T03:23:31Z,2026-08-31T22:23:31Z,68.1,30.9,9.656,11.022,35.474
2026-09-01T03:24:31Z,2026-08-31T22:24:31Z,68.0,30.9,9.262,10.191,38.08
2026-09-01T03:25:31Z,2026-08-31T22:25:31Z,67.9,30.9,9.416,10.458,39.508
2026-09-01T03:26:31Z,2026-08-31T22:26:31Z,67.9,30.9,9.857,10.876,38.465
2026-09-01T03:27:31Z,2026-08-31T22:27:31Z,68.1,30.9,9.549,10.626,21.659
2026-09-01T03:28:31Z,2026-08-31T22:28:31Z,68.3,30.9,10.004,11.212,18.342
2026-09-01T03:29:31Z,2026-08-31T22:29:31Z,68.7,30.9,9.271,10.366,28.302
2026-09-01T03:30:31Z,2026-08-31T22:30:31Z,68.6,30.9,9.707,10.787,24.612
2026-09-01T03:31:31Z,2026-08-31T22:31:31Z,68.7,30.8,9.686,10.874,34.433
2026-09-01T03:32:31Z,2026-08-31T22:32:31Z,68.9,30.8,9.079,10.2,35.637
2026-09-01T03:33:31Z,2026-08-31T22:33:31Z,68.8,30.8,9.591,10.577,23.329
2026-09-01T03:34:31Z,2026-08-31T22:34:31Z,68.8,30.8,9.131,10.298,16.637
2026-09-01T03:35:31Z,2026-08-31T22:35:31Z,69.0,30.8,9.63,10.609,23.44
2026-09-01T03:36:31Z,2026-08-31T22:36:31Z,69.2,30.8,9.463,10.476,23.909
2026-09-01T03:37:32Z,2026-08-31T22:37:32Z,69.3,30.8,9.226,10.186,22.081
2026-09-01T03:38:32Z,2026-08-31T22:38:32Z,69.3,30.8,9.156,10.33,21.849
2026-09-01T03:39:32Z,2026-08-31T22:39:32Z,69.5,30.8,9.122,10.394,37.622
2026-09-01T03:40:32Z,2026-08-31T22:40:32Z,69.6,30.8,9.396,10.51,32.18
2026-09-01T03:41:32Z,2026-08-31T22:41:32Z,69.6,30.8,9.246,10.298,37.324
2026-09-01T03:42:32Z,2026-08-31T22:42:32Z,69.6,30.8,9.403,10.538,20.751
2026-09-01T03:43:32Z,2026-08-31T22:43:32Z,69.6,30.8,9.201,10.59,15.684
2026-09-01T03:44:32Z,2026-08-31T22:44:32Z,69.9,30.8,9.373,10.499,31.672
2026-09-01T03:45:32Z,2026-08-31T22:45:32Z,70.1,30.7,9.088,10.291,24.196
2026-09-01T03:46:32Z,2026-08-31T22:46:32Z,69.9,30.7,9.147,10.23,36.214
2026-09-01T03:47:32Z,2026-08-31T22:47:32Z,70.1,30.7,8.861,9.883,16.521
2026-09-01T03:48:32Z,2026-08-31T22:48:32Z,70.1,30.7,9.042,10.448,25.221
2026-09-01T03:49:32Z,2026-08-31T22:49:32Z,70.2,30.7,9.182,10.223,22.132
2026-09-01T03:50:32Z,2026-08-31T22:50:32Z,70.2,30.7,8.914,10.176,23.634
2026-09-01T03:51:32Z,2026-08-31T22:51:32Z,70.2,30.7,8.874,10.212,34.788
2026-09-01T03:52:32Z,2026-08-31T22:52:32Z,70.4,30.7,8.584,9.889,28.48
2026-09-01T03:53:32Z,2026-08-31T22:53:32Z,70.3,30.7,9.127,10.306,23.673
2026-09-01T03:54:32Z,2026-08-31T22:54:32Z,70.4,30.7,8.542,9.637,20.264
2026-09-01T03:55:32Z,2026-08-31T22:55:32Z,70.6,30.7,8.652,9.958,29.919
2026-09-01T03:56:32Z,2026-08-31T22:56:32Z,70.5,30.7,8.694,9.835,34.327
2026-09-01T03:57:32Z,2026-08-31T22:57:32Z,70.6,30.7,8.564,9.552,22.881
2026-09-01T03:58:32Z,2026-08-31T22:58:32Z,70.7,30.7,8.916,9.91,35.898
2026-09-01T03:59:33Z,2026-08-31T22:59:33Z,70.6,30.6,8.534,9.886,20.954
2026-09-01T04:00:33Z,2026-08-31T23:00:33Z,70.7,30.6,8.194,9.275,26.976
2026-09-01T04:01:33Z,2026-08-31T23:01:33Z,70.7,30.6,8.813,9.883,25.169
2026-09-01T04:02:33Z,2026-08-31T23:02:33Z,70.8,30.6,8.611,10.015,27.577
2026-09-01T04:03:33Z,2026-08-31T23:03:33Z,70.9,30.6,8.314,9.429,34.956
2026-09-01T04:04:30Z,2026-08-31T23:04:30Z,70.9,30.6,8.542,9.873,25.149
2026-09-01T04:05:30Z,2026-08-31T23:05:30Z,71.0,30.6,8.065,9.506,21.26
2026-09-01T04:06:30Z,2026-08-31T23:06:30Z,71.1,30.6,8.242,9.337,22.769
2026-09-01T04:07:30Z,2026-08-31T23:07:30Z,71.2,30.6,8.132,9.106,23.286
2026-09-01T04:08:30Z,2026-08-31T23:08:30Z,71.3,30.6,8.259,9.34,20.083
2026-09-01T04:09:30Z,2026-08-31T23:09:30Z,71.5,30.6,8.261,9.306,26.678
2026-09-01T04:10:30Z,2026-08-31T23:10:30Z,71.4,30.6,8.132,9.449,21.732
2026-09-01T04:11:30Z,2026-08-31T23:11:30Z,71.5,30.6,7.756,9.296,31.351
2026-09-01T04:12:30Z,2026-08-31T23:12:30Z,71.5,30.6,7.965,9.094,38.313
2026-09-01T04:13:30Z,2026-08-31T23:13:30Z,71.3,30.6,7.738,8.999,27.028
2026-09-01T04:14:30Z,2026-08-31T23:14:30Z,71.5,30.6,8.082,9.478,21.549
2026-09-01T04:15:30Z,2026-08-31T23:15:30Z,71.4,30.6,7.64,8.853,23.572
2026-09-01T04:16:30Z,2026-08-31T23:16:30Z,71.7,30.6,8.037,9.298,22.157
2026-09-01T04:17:30Z,2026-08-31T23:17:30Z,71.8,30.6,7.815,9.083,36.683
2026-09-01T04:18:30Z,2026-08-31T23:18:30Z,71.6,30.5,7.446,8.777,33.765
2026-09-01T04:19:30Z,2026-08-31T23:19:30Z,71.8,30.5,7.94,9.504,14.788
2026-09-01T04:20:30Z,2026-08-31T23:20:30Z,71.8,30.5,7.671,8.968,17.024
2026-09-01T04:21:30Z,2026-08-31T23:21:30Z,72.0,30.5,7.814,8.904,20.281
2026-09-01T04:22:30Z,2026-08-31T23:22:30Z,72.1,30.5,7.528,8.488,14.043
2026-09-01T04:23:30Z,2026-08-31T23:23:30Z,72.1,30.5,7.517,8.725,26.16
2026-09-01T04:24:30Z,2026-08-31T23:24:30Z,72.1,30.5,7.906,9.183,41.674
2026-09-01T04:25:30Z,2026-08-31T23:25:30Z,71.9,30.5,7.595,8.714,39.078
2026-09-01T04:26:30Z,2026-08-31T23:26:30Z,72.1,30.5,7.702,8.976,32.969
2026-09-01T04:27:31Z,2026-08-31T23:27:31Z,72.3,30.5,7.629,8.668,16.387
2026-09-01T04:28:31Z,2026-08-31T23:28:31Z,72.3,30.5,7.435,8.578,26.521
2026-09-01T04:29:31Z,2026-08-31T23:29:31Z,72.3,30.5,6.858,8.284,25.785
2026-09-01T04:30:31Z,2026-08-31T23:30:31Z,72.4,30.5,7.382,9.09,20.277
2026-09-01T04:31:31Z,2026-08-31T23:31:31Z,72.5,30.5,7.138,8.307,22.097
2026-09-01T04:32:31Z,2026-08-31T23:32:31Z,72.4,30.5,7.271,8.47,22.657
2026-09-01T04:33:31Z,2026-08-31T23:33:31Z,72.5,30.5,7.308,8.618,34.38
2026-09-01T04:34:31Z,2026-08-31T23:34:31Z,72.5,30.5,6.974,8.358,22.252
2026-09-01T04:35:31Z,2026-08-31T23:35:31Z,72.6,30.4,7.325,8.863,28.059
2026-09-01T04:36:31Z,2026-08-31T23:36:31Z,72.6,30.4,7.274,8.484,19.436
2026-09-01T04:37:31Z,2026-08-31T23:37:31Z,72.5,30.4,7.529,8.914,18.057
2026-09-01T04:38:31Z,2026-08-31T23:38:31Z,72.5,30.4,7.136,8.549,14.375
2026-09-01T04:39:31Z,2026-08-31T23:39:31Z,72.5,30.4,7.589,8.998,24.677
2026-09-01T04:40:31Z,2026-08-31T23:40:31Z,72.7,30.4,7.231,8.519,27.47
2026-09-01T04:41:31Z,2026-08-31T23:41:31Z,72.8,30.4,7.113,8.298,34.632
2026-09-01T04:42:31Z,2026-08-31T23:42:31Z,72.8,30.4,7.257,8.689,34.901
2026-09-01T04:43:31Z,2026-08-31T23:43:31Z,72.9,30.4,6.798,7.902,29.138
2026-09-01T04:44:31Z,2026-08-31T23:44:31Z,72.9,30.4,7.374,8.683,23.333
2026-09-01T04:45:31Z,2026-08-31T23:45:31Z,73.0,30.4,7.26,8.375,28.836
2026-09-01T04:46:31Z,2026-08-31T23:46:31Z,73.2,30.4,7.307,8.762,26.042
2026-09-01T04:47:31Z,2026-08-31T23:47:31Z,73.2,30.4,7.27,8.454,39.874
2026-09-01T04:48:31Z,2026-08-31T23:48:31Z,73.3,30.4,6.921,8.089,22.476
2026-09-01T04:49:32Z,2026-08-31T23:49:32Z,73.4,30.4,7.164,8.523,20.569
2026-09-01T04:50:32Z,2026-08-31T23:50:32Z,73.4,30.3,7.059,8.345,25.614
2026-09-01T04:51:32Z,2026-08-31T23:51:32Z,73.5,30.3,6.865,8.148,16.242
2026-09-01T04:52:32Z,2026-08-31T23:52:32Z,73.5,30.3,7.144,8.339,23.179
2026-09-01T04:53:32Z,2026-08-31T23:53:32Z,73.4,30.3,7.124,8.506,20.068
2026-09-01T04:54:32Z,2026-08-31T23:54:32Z,73.3,30.3,7.281,8.563,23.44
2026-09-01T04:55:32Z,2026-08-31T23:55:32Z,73.6,30.3,6.845,8.244,33.12
2026-09-01T04:56:32Z,2026-08-31T23:56:32Z,73.3,30.3,7.165,8.671,30.081
2026-09-01T04:57:32Z,2026-08-31T23:57:32Z,73.3,30.3,7.283,8.544,19.421
2026-09-01T04:58:32Z,2026-08-31T23:58:32Z,73.3,30.3,6.904,8.08,19.087
2026-09-01T04:59:32Z,2026-08-31T23:59:32Z,73.4,30.3,6.889,8.177,28.427
2026-09-01T05:00:32Z,2026-09-01T00:00:32Z,73.4,30.3,6.676,8.109,23.135
2026-09-01T05:01:32Z,2026-09-01T00:01:32Z,73.2,30.3,6.868,8.249,24.115
2026-09-01T05:02:32Z,2026-09-01T00:02:32Z,73.0,30.3,6.776,8.325,22.701
2026-09-01T05:03:32Z,2026-09-01T00:03:32Z,73.0,30.2,6.876,7.778,19.475
2026-09-01T05:04:32Z,2026-09-01T00:04:32Z,72.9,30.2,7.32,8.596,26.254
2026-09-01T05:05:32Z,2026-09-01T00:05:32Z,72.9,30.2,7.32,8.37,21.9
2026-09-01T05:06:32Z,2026-09-01T00:06:32Z,72.9,30.2,7.267,8.726,23.504
2026-09-01T05:07:32Z,2026-09-01T00:07:32Z,72.5,30.2,7.19,8.492,42.18
2026-09-01T05:08:32Z,2026-09-01T00:08:32Z,72.5,30.2,7.578,8.913,24.588
2026-09-01T05:09:32Z,2026-09-01T00:09:32Z,72.7,30.2,7.162,8.835,26.392
2026-09-01T05:10:32Z,2026-09-01T00:10:32Z,72.6,30.2,7.114,8.155,30.206
2026-09-01T05:11:33Z,2026-09-01T00:11:33Z,72.7,30.2,7.395,8.753,23.921
2026-09-01T05:12:33Z,2026-09-01T00:12:33Z,73.0,30.2,7.565,9.035,31.865
2026-09-01T05:13:33Z,2026-09-01T00:13:33Z,72.8,30.2,7.162,8.262,26.034
2026-09-01T05:14:33Z,2026-09-01T00:14:33Z,73.0,30.2,7.511,8.78,17.638
2026-09-01T05:15:33Z,2026-09-01T00:15:33Z,72.9,30.2,7.135,8.565,27.317
2026-09-01T05:16:33Z,2026-09-01T00:16:33Z,72.8,30.2,7.427,8.746,30.535
2026-09-01T05:17:33Z,2026-09-01T00:17:33Z,72.6,30.2,7.136,8.957,33.244
2026-09-01T05:18:33Z,2026-09-01T00:18:33Z,72.6,30.2,7.687,8.924,24.583
2026-09-01T05:19:33Z,2026-09-01T00:19:33Z,72.6,30.2,7.498,8.586,26.647
2026-09-01T05:20:33Z,2026-09-01T00:20:33Z,72.7,30.2,7.347,8.878,31.724
2026-09-01T05:21:33Z,2026-09-01T00:21:33Z,72.7,30.2,7.298,8.369,19.458
2026-09-01T05:22:33Z,2026-09-01T00:22:33Z,72.7,30.2,7.282,8.509,16.679
2026-09-01T05:23:33Z,2026-09-01T00:23:33Z,72.4,30.2,6.912,8.261,26.359
2026-09-01T05:24:30Z,2026-09-01T00:24:30Z,72.3,30.2,6.764,8.058,16.284
2026-09-01T05:25:30Z,2026-09-01T00:25:30Z,72.7,30.2,6.887,8.164,21.162
2026-09-01T05:26:30Z,2026-09-01T00:26:30Z,72.7,30.2,6.562,7.898,29.82
2026-09-01T05:27:30Z,2026-09-01T00:27:30Z,72.5,30.1,6.079,7.226,29.272
2026-09-01T05:28:30Z,2026-09-01T00:28:30Z,72.8,30.1,6.357,7.685,36.349
2026-09-01T05:29:30Z,2026-09-01T00:29:30Z,72.6,30.1,5.819,7.065,14.209
2026-09-01T05:30:30Z,2026-09-01T00:30:30Z,72.8,30.1,5.735,7.196,31.997
2026-09-01T05:31:30Z,2026-09-01T00:31:30Z,72.8,30.1,6.006,7.488,14.317
2026-09-01T05:32:30Z,2026-09-01T00:32:30Z,72.8,30.1,5.557,6.721,13.035
2026-09-01T05:33:30Z,2026-09-01T00:33:30Z,72.7,30.1,5.857,7.054,18.268
2026-09-01T05:34:30Z,2026-09-01T00:34:30Z,72.6,30.1,5.852,7.559,20.978
2026-09-01T05:35:30Z,2026-09-01T00:35:30Z,72.6,30.1,5.827,7.119,26.122
2026-09-01T05:36:30Z,2026-09-01T00:36:30Z,72.7,30.1,5.65,7.076,41.897
2026-09-01T05:37:30Z,2026-09-01T00:37:30Z,72.8,30.1,5.791,6.759,22.259
2026-09-01T05:38:31Z,2026-09-01T00:38:31Z,72.8,30.1,5.278,6.605,17.865
2026-09-01T05:39:31Z,2026-09-01T00:39:31Z,72.7,30.1,5.442,6.821,18.355
2026-09-01T05:40:31Z,2026-09-01T00:40:31Z,72.9,30.1,5.457,6.774,38.113
2026-09-01T05:41:31Z,2026-09-01T00:41:31Z,72.9,30.1,6.013,7.208,16.128
2026-09-01T05:42:31Z,2026-09-01T00:42:31Z,72.9,30.1,6.732,7.991,16.733
2026-09-01T05:43:31Z,2026-09-01T00:43:31Z,72.7,30.1,7.059,8.459,36.929
2026-09-01T05:44:31Z,2026-09-01T00:44:31Z,72.7,30.1,6.875,8.124,21.611
2026-09-01T05:45:31Z,2026-09-01T00:45:31Z,72.9,30.1,6.902,8.309,34.638
2026-09-01T05:46:31Z,2026-09-01T00:46:31Z,73.0,30.1,6.962,8.397,26.836
2026-09-01T05:47:31Z,2026-09-01T00:47:31Z,72.9,30.1,6.684,8.002,33.4
2026-09-01T05:48:31Z,2026-09-01T00:48:31Z,72.8,30.1,6.274,7.651,26.339
2026-09-01T05:49:31Z,2026-09-01T00:49:31Z,72.6,30.1,5.839,7.176,21.258
2026-09-01T05:50:31Z,2026-09-01T00:50:31Z,72.7,30.1,5.657,7.038,19.66
2026-09-01T05:51:31Z,2026-09-01T00:51:31Z,72.9,30.1,5.788,7.259,19.594
2026-09-01T05:52:31Z,2026-09-01T00:52:31Z,72.7,30.1,5.858,6.902,14.445
2026-09-01T05:53:31Z,2026-09-01T00:53:31Z,72.8,30.1,5.67,6.901,32.694
2026-09-01T05:54:31Z,2026-09-01T00:54:31Z,72.8,30.1,5.575,6.938,33.741
2026-09-01T05:55:31Z,2026-09-01T00:55:31Z,72.8,30.1,5.969,7.028,10.567
2026-09-01T05:56:31Z,2026-09-01T00:56:31Z,72.9,30.1,5.536,6.654,51.656
2026-09-01T05:57:31Z,2026-09-01T00:57:31Z,73.1,30.1,5.604,6.908,22.072
2026-09-01T05:58:31Z,2026-09-01T00:58:31Z,73.1,30.1,5.568,6.943,18.348
2026-09-01T05:59:32Z,2026-09-01T00:59:32Z,73.2,30.1,5.588,7.097,17.904
2026-09-01T06:00:32Z,2026-09-01T01:00:32Z,73.3,30.0,5.994,7.385,30.524
2026-09-01T06:01:32Z,2026-09-01T01:01:32Z,73.3,30.0,5.704,7.095,27.891
2026-09-01T06:02:32Z,2026-09-01T01:02:32Z,73.4,30.0,5.629,7.02,25.565
2026-09-01T06:03:32Z,2026-09-01T01:03:32Z,73.3,30.0,5.844,7.364,15.704
2026-09-01T06:04:32Z,2026-09-01T01:04:32Z,73.3,30.0,6.022,7.341,15.918
2026-09-01T06:05:32Z,2026-09-01T01:05:32Z,73.4,30.0,5.702,7.131,15.708
2026-09-01T06:06:32Z,2026-09-01T01:06:32Z,73.4,30.0,5.912,7.101,27.629
2026-09-01T06:07:32Z,2026-09-01T01:07:32Z,73.4,30.0,5.692,6.715,14.983
2026-09-01T06:08:32Z,2026-09-01T01:08:32Z,73.5,30.0,6.042,7.546,18.06
2026-09-01T06:09:32Z,2026-09-01T01:09:32Z,73.4,30.0,5.966,7.409,32.887
2026-09-01T06:10:32Z,2026-09-01T01:10:32Z,73.4,29.9,6.052,7.596,26.376
2026-09-01T06:11:32Z,2026-09-01T01:11:32Z,73.6,29.9,5.945,7.29,30.044
2026-09-01T06:12:32Z,2026-09-01T01:12:32Z,73.6,29.9,5.883,7.307,16.281
2026-09-01T06:13:32Z,2026-09-01T01:13:32Z,73.6,29.9,6.007,7.728,30.465
2026-09-01T06:14:32Z,2026-09-01T01:14:32Z,73.7,29.9,5.517,6.801,18.386
2026-09-01T06:15:32Z,2026-09-01T01:15:32Z,73.6,29.9,5.735,7.006,13.801
2026-09-01T06:16:32Z,2026-09-01T01:16:32Z,73.6,29.9,5.664,6.801,14.97
2026-09-01T06:17:32Z,2026-09-01T01:17:32Z,73.7,29.9,5.813,7.175,25.747
2026-09-01T06:18:32Z,2026-09-01T01:18:32Z,73.7,29.9,5.741,6.927,35.728
2026-09-01T06:19:32Z,2026-09-01T01:19:32Z,73.6,29.9,5.925,7.196,23.903
2026-09-01T06:20:33Z,2026-09-01T01:20:33Z,73.3,29.8,5.324,6.646,26.637
2026-09-01T06:21:33Z,2026-09-01T01:21:33Z,73.3,29.8,5.519,6.615,26.003
2026-09-01T06:22:33Z,2026-09-01T01:22:33Z,73.4,29.8,5.715,6.848,21.062
2026-09-01T06:23:33Z,2026-09-01T01:23:33Z,73.6,29.8,5.406,6.548,18.375
2026-09-01T06:24:33Z,2026-09-01T01:24:33Z,73.8,29.8,5.668,7.085,29.943
2026-09-01T06:25:33Z,2026-09-01T01:25:33Z,74.4,29.8,5.36,6.669,16.861
2026-09-01T06:26:33Z,2026-09-01T01:26:33Z,74.5,29.8,5.144,6.297,16.275
2026-09-01T06:27:33Z,2026-09-01T01:27:33Z,74.4,29.8,5.441,6.691,18.81
2026-09-01T06:28:33Z,2026-09-01T01:28:33Z,74.3,29.8,5.474,6.725,17.715
2026-09-01T06:29:33Z,2026-09-01T01:29:33Z,74.3,29.8,5.934,6.946,21.294
2026-09-01T06:30:33Z,2026-09-01T01:30:33Z,74.5,29.8,5.829,7.184,14.415
2026-09-01T06:31:33Z,2026-09-01T01:31:33Z,74.0,29.8,5.393,6.703,27.819
2026-09-01T06:32:33Z,2026-09-01T01:32:33Z,73.4,29.8,5.463,6.827,24.329
2026-09-01T06:33:33Z,2026-09-01T01:33:33Z,73.6,29.8,5.583,7.058,31.967
2026-09-01T06:34:33Z,2026-09-01T01:34:33Z,73.7,29.7,5.741,6.751,18.915
2026-09-01T06:35:33Z,2026-09-01T01:35:33Z,73.9,29.7,5.698,6.969,16.283
2026-09-01T06:36:33Z,2026-09-01T01:36:33Z,74.0,29.7,5.691,7.121,26.578
2026-09-01T06:37:33Z,2026-09-01T01:37:33Z,74.1,29.7,5.972,7.351,15.548
2026-09-01T06:38:33Z,2026-09-01T01:38:33Z,74.5,29.7,5.552,6.789,31.834
2026-09-01T06:39:33Z,2026-09-01T01:39:33Z,74.7,29.7,5.595,7.061,25.896
2026-09-01T06:40:33Z,2026-09-01T01:40:33Z,74.8,29.7,5.888,7.502,16.479
2026-09-01T06:41:33Z,2026-09-01T01:41:33Z,74.8,29.7,5.192,6.779,21.766
2026-09-01T06:42:34Z,2026-09-01T01:42:34Z,74.9,29.7,5.522,6.783,25.064
2026-09-01T06:43:34Z,2026-09-01T01:43:34Z,74.9,29.6,5.705,6.948,21.396
2026-09-01T06:44:34Z,2026-09-01T01:44:34Z,74.9,29.6,5.681,7.181,23.866
2026-09-01T06:45:34Z,2026-09-01T01:45:34Z,75.1,29.6,6.034,7.268,20.203
2026-09-01T06:46:34Z,2026-09-01T01:46:34Z,75.2,29.6,5.639,6.816,13.094
2026-09-01T06:47:34Z,2026-09-01T01:47:34Z,75.3,29.6,5.761,7.197,18.044
2026-09-01T06:48:34Z,2026-09-01T01:48:34Z,75.1,29.6,5.861,7.167,19.869
2026-09-01T06:49:34Z,2026-09-01T01:49:34Z,75.2,29.6,5.751,6.867,11.49
2026-09-01T06:50:34Z,2026-09-01T01:50:34Z,75.2,29.5,5.52,6.669,34.021
2026-09-01T06:51:34Z,2026-09-01T01:51:34Z,75.2,29.5,5.663,7.265,25.479
2026-09-01T06:52:34Z,2026-09-01T01:52:34Z,75.2,29.5,5.689,6.902,29.455
2026-09-01T06:53:34Z,2026-09-01T01:53:34Z,75.4,29.5,5.535,7.081,16.502
2026-09-01T06:54:34Z,2026-09-01T01:54:34Z,75.4,29.5,5.5,6.98,28.234
2026-09-01T06:55:34Z,2026-09-01T01:55:34Z,75.4,29.5,5.351,6.94,20.2
2026-09-01T06:56:34Z,2026-09-01T01:56:34Z,75.5,29.5,5.646,6.986,25.243
2026-09-01T06:57:34Z,2026-09-01T01:57:34Z,75.6,29.4,5.461,7.085,15.62
2026-09-01T06:58:34Z,2026-09-01T01:58:34Z,75.5,29.4,5.579,7.026,24.038
2026-09-01T06:59:34Z,2026-09-01T01:59:34Z,75.5,29.4,5.575,7.12,30.651
2026-09-01T07:00:34Z,2026-09-01T02:00:34Z,75.5,29.4,5.403,6.851,23.388
2026-09-01T07:01:34Z,2026-09-01T02:01:34Z,75.4,29.4,5.544,6.776,13.973
2026-09-01T07:02:34Z,2026-09-01T02:02:34Z,75.3,29.4,5.782,7.204,23.75
2026-09-01T07:03:34Z,2026-09-01T02:03:34Z,75.3,29.4,5.529,6.84,15.223
2026-09-01T07:04:31Z,2026-09-01T02:04:31Z,75.4,29.4,5.63,7.118,27.719
2026-09-01T07:05:31Z,2026-09-01T02:05:31Z,75.4,29.4,5.615,6.763,23.969
2026-09-01T07:06:31Z,2026-09-01T02:06:31Z,75.4,29.4,5.418,6.642,14.588
2026-09-01T07:07:31Z,2026-09-01T02:07:31Z,75.5,29.3,5.408,6.897,13.891
2026-09-01T07:08:31Z,2026-09-01T02:08:31Z,75.7,29.3,5.512,6.744,40.077
2026-09-01T07:09:31Z,2026-09-01T02:09:31Z,76.0,29.3,5.31,6.524,17.035
2026-09-01T07:10:32Z,2026-09-01T02:10:32Z,76.1,29.3,5.362,6.452,20.037
2026-09-01T07:11:32Z,2026-09-01T02:11:32Z,76.1,29.3,5.49,6.554,19.796
2026-09-01T07:12:32Z,2026-09-01T02:12:32Z,76.0,29.3,6.196,7.401,30.87
2026-09-01T07:13:32Z,2026-09-01T02:13:32Z,76.0,29.3,5.969,7.213,33.45
2026-09-01T07:14:32Z,2026-09-01T02:14:32Z,76.1,29.3,6.596,7.762,11.28
2026-09-01T07:15:32Z,2026-09-01T02:15:32Z,76.0,29.3,6.717,8.438,27.393
2026-09-01T07:16:32Z,2026-09-01T02:16:32Z,76.1,29.3,7.186,8.636,24.832
2026-09-01T07:17:32Z,2026-09-01T02:17:32Z,76.2,29.3,7.384,8.797,26.081
2026-09-01T07:18:32Z,2026-09-01T02:18:32Z,76.3,29.2,7.803,9.432,28.229
2026-09-01T07:19:32Z,2026-09-01T02:19:32Z,76.3,29.2,7.486,8.955,34.76
2026-09-01T07:20:32Z,2026-09-01T02:20:32Z,76.3,29.2,7.805,9.27,21.407
2026-09-01T07:21:32Z,2026-09-01T02:21:32Z,76.3,29.2,8.514,10.159,24.507
2026-09-01T07:22:32Z,2026-09-01T02:22:32Z,76.4,29.2,8.111,9.678,34.011
2026-09-01T07:23:32Z,2026-09-01T02:23:32Z,76.5,29.2,7.474,9.034,21.735
2026-09-01T07:24:32Z,2026-09-01T02:24:32Z,76.4,29.2,7.923,9.307,13.567
2026-09-01T07:25:32Z,2026-09-01T02:25:32Z,76.4,29.2,7.568,9.215,31.289
2026-09-01T07:26:32Z,2026-09-01T02:26:32Z,76.6,29.2,7.528,9.227,22.692
2026-09-01T07:27:32Z,2026-09-01T02:27:32Z,76.6,29.2,7.192,8.367,17.785
2026-09-01T07:28:33Z,2026-09-01T02:28:33Z,76.6,29.2,7.185,8.489,27.169
2026-09-01T07:29:33Z,2026-09-01T02:29:33Z,76.8,29.2,6.949,8.447,16.899
2026-09-01T07:30:33Z,2026-09-01T02:30:33Z,76.9,29.2,7.198,8.619,20.808
2026-09-01T07:31:33Z,2026-09-01T02:31:33Z,76.9,29.1,6.531,7.894,22.388
2026-09-01T07:32:33Z,2026-09-01T02:32:33Z,77.1,29.1,6.844,8.166,17.535
2026-09-01T07:33:33Z,2026-09-01T02:33:33Z,77.0,29.1,6.144,7.357,18.734
2026-09-01T07:34:33Z,2026-09-01T02:34:33Z,76.9,29.1,6.022,7.1,11.235
2026-09-01T07:35:33Z,2026-09-01T02:35:33Z,76.9,29.1,5.998,7.509,16.702
2026-09-01T07:36:33Z,2026-09-01T02:36:33Z,76.9,29.1,5.809,7.062,18.808
2026-09-01T07:37:33Z,2026-09-01T02:37:33Z,77.0,29.1,6.065,7.381,24.232
2026-09-01T07:38:33Z,2026-09-01T02:38:33Z,77.0,29.1,5.804,6.82,23.773
2026-09-01T07:39:33Z,2026-09-01T02:39:33Z,76.9,29.1,6.047,6.981,30.884
2026-09-01T07:40:33Z,2026-09-01T02:40:33Z,77.0,29.1,5.82,7.001,17.371
2026-09-01T07:41:33Z,2026-09-01T02:41:33Z,77.1,29.1,5.998,7.43,28.035
2026-09-01T07:42:33Z,2026-09-01T02:42:33Z,77.2,29.0,6.377,7.593,23.375
2026-09-01T07:43:33Z,2026-09-01T02:43:33Z,77.0,29.0,6.544,7.809,24.439
2026-09-01T07:44:33Z,2026-09-01T02:44:33Z,77.1,29.0,6.741,7.921,31.621
2026-09-01T07:45:33Z,2026-09-01T02:45:33Z,77.2,29.0,6.45,7.972,18.725
2026-09-01T07:46:33Z,2026-09-01T02:46:33Z,77.4,29.0,6.886,7.935,29.01
2026-09-01T07:47:33Z,2026-09-01T02:47:33Z,77.5,29.0,6.241,7.358,10.366
2026-09-01T07:48:33Z,2026-09-01T02:48:33Z,77.6,29.0,7.008,8.52,19.804
2026-09-01T07:49:33Z,2026-09-01T02:49:33Z,77.5,29.0,6.835,8.059,20.314
2026-09-01T07:50:33Z,2026-09-01T02:50:33Z,77.6,29.0,6.753,7.819,18.039
2026-09-01T07:51:34Z,2026-09-01T02:51:34Z,77.8,29.0,6.377,7.547,17.073
2026-09-01T07:52:34Z,2026-09-01T02:52:34Z,77.8,29.0,6.911,8.174,15.521
2026-09-01T07:53:34Z,2026-09-01T02:53:34Z,77.8,29.0,7.199,8.469,24.616
2026-09-01T07:54:34Z,2026-09-01T02:54:34Z,77.6,29.0,7.488,9.006,21.142
2026-09-01T07:55:34Z,2026-09-01T02:55:34Z,77.5,29.0,8.136,9.481,34.203
2026-09-01T07:56:34Z,2026-09-01T02:56:34Z,77.3,29.0,8.721,10.11,42.822
2026-09-01T07:57:34Z,2026-09-01T02:57:34Z,77.0,29.0,9.429,10.586,25.761
2026-09-01T07:58:34Z,2026-09-01T02:58:34Z,76.8,29.0,9.358,11.241,22.351
2026-09-01T07:59:34Z,2026-09-01T02:59:34Z,76.7,29.0,9.1,11.026,34.63
2026-09-01T08:00:34Z,2026-09-01T03:00:34Z,76.7,29.1,9.474,11.036,33.985
2026-09-01T08:01:34Z,2026-09-01T03:01:34Z,76.6,29.1,8.657,10.161,32.451
2026-09-01T08:02:34Z,2026-09-01T03:02:34Z,76.5,29.1,8.769,10.031,22.47
2026-09-01T08:03:34Z,2026-09-01T03:03:34Z,76.5,29.1,8.643,10.028,30.572
2026-09-01T08:04:34Z,2026-09-01T03:04:34Z,76.5,29.2,8.271,9.549,38.479
2026-09-01T08:05:34Z,2026-09-01T03:05:34Z,76.4,29.2,7.649,9.043,21.042
2026-09-01T08:06:34Z,2026-09-01T03:06:34Z,76.3,29.2,7.197,8.572,18.6
2026-09-01T08:07:34Z,2026-09-01T03:07:34Z,76.3,29.2,7.149,8.349,20.075
2026-09-01T08:08:34Z,2026-09-01T03:08:34Z,76.2,29.3,7.632,9.052,20.423
2026-09-01T08:09:34Z,2026-09-01T03:09:34Z,76.2,29.3,7.213,8.59,32.202
2026-09-01T08:10:34Z,2026-09-01T03:10:34Z,76.0,29.3,7.069,8.312,16.491
2026-09-01T08:11:35Z,2026-09-01T03:11:35Z,76.0,29.3,7.303,8.454,25.892
2026-09-01T08:12:35Z,2026-09-01T03:12:35Z,75.9,29.4,7.05,8.548,21.711
2026-09-01T08:13:35Z,2026-09-01T03:13:35Z,75.8,29.4,6.996,8.313,26.983
2026-09-01T08:14:31Z,2026-09-01T03:14:31Z,75.9,29.4,7.153,8.225,16.864
2026-09-01T08:15:31Z,2026-09-01T03:15:31Z,75.8,29.4,7.136,8.263,33.548
2026-09-01T08:16:31Z,2026-09-01T03:16:31Z,75.7,29.5,6.725,8.015,29.905
2026-09-01T08:17:32Z,2026-09-01T03:17:32Z,75.6,29.5,6.881,7.857,12.955
2026-09-01T08:18:32Z,2026-09-01T03:18:32Z,75.5,29.5,7.133,8.044,15.371
2026-09-01T08:19:32Z,2026-09-01T03:19:32Z,75.5,29.5,7.106,8.37,20.053
2026-09-01T08:20:32Z,2026-09-01T03:20:32Z,75.4,29.5,7.225,8.294,16.007
2026-09-01T08:21:32Z,2026-09-01T03:21:32Z,75.3,29.5,7.234,8.524,14.097
2026-09-01T08:22:32Z,2026-09-01T03:22:32Z,75.3,29.6,7.121,8.577,21.958
2026-09-01T08:23:32Z,2026-09-01T03:23:32Z,75.2,29.6,6.999,8.302,33.803
2026-09-01T08:24:32Z,2026-09-01T03:24:32Z,75.1,29.6,6.393,7.495,29.168
2026-09-01T08:25:32Z,2026-09-01T03:25:32Z,75.0,29.6,6.984,8.452,33.358
2026-09-01T08:26:32Z,2026-09-01T03:26:32Z,75.0,29.6,6.952,8.14,22.374
2026-09-01T08:27:32Z,2026-09-01T03:27:32Z,74.9,29.6,6.792,8.005,29.696
2026-09-01T08:28:32Z,2026-09-01T03:28:32Z,74.9,29.7,7.022,8.459,19.958
2026-09-01T08:29:32Z,2026-09-01T03:29:32Z,74.8,29.7,7.008,8.343,14.176
2026-09-01T08:30:32Z,2026-09-01T03:30:32Z,74.8,29.7,6.811,7.922,19.888
2026-09-01T08:31:32Z,2026-09-01T03:31:32Z,74.7,29.7,6.863,8.305,47.857
2026-09-01T08:32:32Z,2026-09-01T03:32:32Z,74.6,29.7,7.281,8.675,37.98
2026-09-01T08:33:32Z,2026-09-01T03:33:32Z,74.6,29.7,7.007,8.35,14.36
2026-09-01T08:34:32Z,2026-09-01T03:34:32Z,74.5,29.7,7.215,8.473,39.908
2026-09-01T08:35:33Z,2026-09-01T03:35:33Z,74.4,29.7,7.039,8.179,22.671
2026-09-01T08:36:33Z,2026-09-01T03:36:33Z,74.3,29.8,7.347,8.807,47.656
2026-09-01T08:37:33Z,2026-09-01T03:37:33Z,74.3,29.8,6.922,8.172,24.73
2026-09-01T08:38:33Z,2026-09-01T03:38:33Z,74.2,29.8,6.97,8.119,12.638
2026-09-01T08:39:33Z,2026-09-01T03:39:33Z,74.2,29.8,6.646,7.843,39.006
2026-09-01T08:40:33Z,2026-09-01T03:40:33Z,74.2,29.8,6.44,7.895,24.145
2026-09-01T08:41:33Z,2026-09-01T03:41:33Z,74.1,29.8,6.269,7.638,27.578
2026-09-01T08:42:33Z,2026-09-01T03:42:33Z,74.2,29.8,6.668,8.078,44.992
2026-09-01T08:43:33Z,2026-09-01T03:43:33Z,74.2,29.8,6.475,7.687,27.311
2026-09-01T08:44:33Z,2026-09-01T03:44:33Z,74.2,29.8,6.499,7.749,41.824
2026-09-01T08:45:33Z,2026-09-01T03:45:33Z,74.2,29.8,6.593,7.607,27.713
2026-09-01T08:46:33Z,2026-09-01T03:46:33Z,74.2,29.8,6.607,7.772,24.148
2026-09-01T08:47:33Z,2026-09-01T03:47:33Z,74.2,29.8,6.872,8.229,28.557
2026-09-01T08:48:33Z,2026-09-01T03:48:33Z,74.3,29.8,6.689,7.878,26.494
2026-09-01T08:49:33Z,2026-09-01T03:49:33Z,74.4,29.8,6.495,7.677,23.186
2026-09-01T08:50:33Z,2026-09-01T03:50:33Z,74.4,29.8,6.548,7.714,15.465
2026-09-01T08:51:33Z,2026-09-01T03:51:33Z,74.4,29.8,6.552,7.731,26.805
2026-09-01T08:52:33Z,2026-09-01T03:52:33Z,74.4,29.8,6.471,7.786,25.78
2026-09-01T08:53:33Z,2026-09-01T03:53:33Z,74.6,29.8,6.42,7.68,29.162
2026-09-01T08:54:33Z,2026-09-01T03:54:33Z,74.5,29.8,6.619,7.812,27.057
2026-09-01T08:55:33Z,2026-09-01T03:55:33Z,74.5,29.7,6.593,7.824,14.018
2026-09-01T08:56:33Z,2026-09-01T03:56:33Z,74.6,29.7,6.663,7.91,29.236
2026-09-01T08:57:34Z,2026-09-01T03:57:34Z,74.7,29.7,6.309,7.625,31.518
2026-09-01T08:58:34Z,2026-09-01T03:58:34Z,74.7,29.7,6.422,7.589,20.631
2026-09-01T08:59:34Z,2026-09-01T03:59:34Z,74.6,29.7,6.256,7.454,25.286
2026-09-01T09:00:34Z,2026-09-01T04:00:34Z,74.6,29.7,6.432,7.824,29.669
2026-09-01T09:01:34Z,2026-09-01T04:01:34Z,74.7,29.7,6.494,7.551,48.614
2026-09-01T09:02:34Z,2026-09-01T04:02:34Z,74.6,29.7,6.508,7.837,24.666
2026-09-01T09:03:34Z,2026-09-01T04:03:34Z,74.7,29.7,6.774,8.182,28.744
2026-09-01T09:04:34Z,2026-09-01T04:04:34Z,75.3,29.7,6.4,7.405,19.606
2026-09-01T09:05:34Z,2026-09-01T04:05:34Z,75.4,29.6,6.505,7.802,12.681
2026-09-01T09:06:34Z,2026-09-01T04:06:34Z,75.5,29.6,6.448,7.599,14.367
2026-09-01T09:07:34Z,2026-09-01T04:07:34Z,75.6,29.6,6.366,7.44,16.21
2026-09-01T09:08:34Z,2026-09-01T04:08:34Z,76.0,29.6,6.272,7.478,15.545
2026-09-01T09:09:34Z,2026-09-01T04:09:34Z,75.9,29.6,6.403,7.736,28.177
2026-09-01T09:10:34Z,2026-09-01T04:10:34Z,76.0,29.5,6.699,8.28,24.173
2026-09-01T09:11:34Z,2026-09-01T04:11:34Z,75.7,29.5,6.956,8.371,34.576
2026-09-01T09:12:34Z,2026-09-01T04:12:34Z,75.5,29.5,6.781,8.122,22.942
2026-09-01T09:13:34Z,2026-09-01T04:13:34Z,75.4,29.5,6.933,7.991,14.229
2026-09-01T09:14:34Z,2026-09-01T04:14:34Z,75.4,29.5,6.643,8.068,25.076
2026-09-01T09:15:34Z,2026-09-01T04:15:34Z,75.7,29.5,7.203,8.542,34.609
2026-09-01T09:16:34Z,2026-09-01T04:16:34Z,75.5,29.5,6.949,8.181,23.894
2026-09-01T09:17:35Z,2026-09-01T04:17:35Z,75.5,29.5,7.281,8.467,24.527
2026-09-01T09:18:35Z,2026-09-01T04:18:35Z,75.7,29.5,7.036,8.223,25.052
2026-09-01T09:19:35Z,2026-09-01T04:19:35Z,75.9,29.5,7.012,8.49,35.809
2026-09-01T09:20:35Z,2026-09-01T04:20:35Z,76.0,29.5,6.936,8.247,18.963
2026-09-01T09:21:35Z,2026-09-01T04:21:35Z,76.2,29.4,6.724,8.173,23.721
2026-09-01T09:22:35Z,2026-09-01T04:22:35Z,76.6,29.4,6.722,7.662,12.932
2026-09-01T09:23:35Z,2026-09-01T04:23:35Z,76.6,29.4,6.683,7.963,32.856
2026-09-01T09:24:32Z,2026-09-01T04:24:32Z,76.5,29.4,6.607,7.822,18.066
2026-09-01T09:25:32Z,2026-09-01T04:25:32Z,76.3,29.4,6.635,8.034,18.948
2026-09-01T09:26:32Z,2026-09-01T04:26:32Z,76.5,29.4,6.553,7.919,21.321
2026-09-01T09:27:32Z,2026-09-01T04:27:32Z,76.5,29.3,6.649,7.726,26.241
2026-09-01T09:28:32Z,2026-09-01T04:28:32Z,76.6,29.3,6.726,7.847,20.914
2026-09-01T09:29:32Z,2026-09-01T04:29:32Z,76.7,29.3,6.35,7.492,19.691
2026-09-01T09:30:32Z,2026-09-01T04:30:32Z,76.7,29.3,6.461,7.538,15.355
2026-09-01T09:31:32Z,2026-09-01T04:31:32Z,76.5,29.3,6.774,8.103,16.697
2026-09-01T09:32:32Z,2026-09-01T04:32:32Z,76.6,29.3,6.585,7.844,27.699
2026-09-01T09:33:32Z,2026-09-01T04:33:32Z,76.5,29.2,6.45,7.725,20.836
2026-09-01T09:34:32Z,2026-09-01T04:34:32Z,76.9,29.2,6.688,8.003,17.666
2026-09-01T09:35:32Z,2026-09-01T04:35:32Z,77.0,29.2,6.578,7.955,18.912
2026-09-01T09:36:32Z,2026-09-01T04:36:32Z,77.1,29.2,6.657,7.662,17.136
2026-09-01T09:37:32Z,2026-09-01T04:37:32Z,77.0,29.2,6.663,7.79,29.468
2026-09-01T09:38:32Z,2026-09-01T04:38:32Z,77.0,29.2,6.759,7.888,21.531
2026-09-01T09:39:32Z,2026-09-01T04:39:32Z,77.3,29.2,6.704,8.196,30.92
2026-09-01T09:40:32Z,2026-09-01T04:40:32Z,77.3,29.2,6.301,7.715,39.348
2026-09-01T09:41:32Z,2026-09-01T04:41:32Z,77.4,29.1,6.669,8.078,23.84
2026-09-01T09:42:32Z,2026-09-01T04:42:32Z,77.3,29.1,6.454,7.952,15.056
2026-09-01T09:43:32Z,2026-09-01T04:43:32Z,77.6,29.1,6.508,7.635,22.897
2026-09-01T09:44:33Z,2026-09-01T04:44:33Z,77.6,29.1,6.432,7.567,15.446
2026-09-01T09:45:33Z,2026-09-01T04:45:33Z,77.6,29.1,6.55,7.755,13.259
2026-09-01T09:46:33Z,2026-09-01T04:46:33Z,77.8,29.1,6.526,7.831,27.695
2026-09-01T09:47:33Z,2026-09-01T04:47:33Z,77.8,29.0,6.518,7.748,20.998
2026-09-01T09:48:33Z,2026-09-01T04:48:33Z,77.7,29.0,6.67,8.012,26.723
2026-09-01T09:49:33Z,2026-09-01T04:49:33Z,77.8,29.0,6.839,8.134,43.446
2026-09-01T09:50:33Z,2026-09-01T04:50:33Z,77.5,29.0,6.657,8.002,33.099
2026-09-01T09:51:33Z,2026-09-01T04:51:33Z,77.5,29.0,6.617,7.843,16.008
2026-09-01T09:52:33Z,2026-09-01T04:52:33Z,77.5,29.0,6.895,8.234,24.458
2026-09-01T09:53:33Z,2026-09-01T04:53:33Z,77.4,29.0,6.876,8.451,17.437
2026-09-01T09:54:33Z,2026-09-01T04:54:33Z,77.3,29.0,6.754,8.16,19.185
2026-09-01T09:55:33Z,2026-09-01T04:55:33Z,77.3,29.0,7.358,8.478,20.814
2026-09-01T09:56:33Z,2026-09-01T04:56:33Z,77.4,29.0,7.194,8.244,14.946
2026-09-01T09:57:33Z,2026-09-01T04:57:33Z,77.3,29.0,6.961,8.234,18.998
2026-09-01T09:58:33Z,2026-09-01T04:58:33Z,77.3,29.0,7.325,8.848,33.107
2026-09-01T09:59:33Z,2026-09-01T04:59:33Z,77.3,29.0,7.404,8.314,33.298
2026-09-01T10:00:33Z,2026-09-01T05:00:33Z,77.3,29.0,7.119,8.221,24.307
2026-09-01T10:01:33Z,2026-09-01T05:01:33Z,77.2,29.0,7.71,8.979,17.071
2026-09-01T10:02:33Z,2026-09-01T05:02:33Z,77.4,29.0,6.968,8.197,28.529
2026-09-01T10:03:33Z,2026-09-01T05:03:33Z,77.3,29.0,7.309,8.431,15.156
2026-09-01T10:04:33Z,2026-09-01T05:04:33Z,77.1,29.1,7.469,8.698,38.244
2026-09-01T10:05:34Z,2026-09-01T05:05:34Z,77.1,29.1,7.3,8.53,24.213
2026-09-01T10:06:34Z,2026-09-01T05:06:34Z,77.0,29.1,7.33,8.591,17.117
2026-09-01T10:07:34Z,2026-09-01T05:07:34Z,77.1,29.1,7.335,8.664,36.582
2026-09-01T10:08:34Z,2026-09-01T05:08:34Z,77.0,29.1,7.165,8.594,31.973
2026-09-01T10:09:34Z,2026-09-01T05:09:34Z,77.0,29.1,7.299,8.224,28.738
2026-09-01T10:10:34Z,2026-09-01T05:10:34Z,77.0,29.1,7.27,8.59,27.85
2026-09-01T10:11:34Z,2026-09-01T05:11:34Z,76.9,29.1,7.236,8.309,17.05
2026-09-01T10:12:34Z,2026-09-01T05:12:34Z,76.9,29.1,7.454,8.894,39.634
2026-09-01T10:13:34Z,2026-09-01T05:13:34Z,76.9,29.1,7.602,8.866,20.038
2026-09-01T10:14:34Z,2026-09-01T05:14:34Z,76.9,29.1,7.366,8.608,30.698
2026-09-01T10:15:34Z,2026-09-01T05:15:34Z,76.8,29.1,7.247,8.658,14.657
2026-09-01T10:16:34Z,2026-09-01T05:16:34Z,76.8,29.2,7.492,8.787,24.908
2026-09-01T10:17:34Z,2026-09-01T05:17:34Z,76.8,29.2,7.205,8.54,31.688
2026-09-01T10:18:34Z,2026-09-01T05:18:34Z,76.8,29.2,7.245,8.623,15.078
2026-09-01T10:19:34Z,2026-09-01T05:19:34Z,76.9,29.2,7.696,8.923,21.002
2026-09-01T10:20:34Z,2026-09-01T05:20:34Z,76.8,29.2,7.303,8.505,25.939
2026-09-01T10:21:34Z,2026-09-01T05:21:34Z,76.8,29.2,7.805,9.023,32.218
2026-09-01T10:22:34Z,2026-09-01T05:22:34Z,76.9,29.2,7.452,8.692,26.914
2026-09-01T10:23:34Z,2026-09-01T05:23:34Z,76.9,29.2,7.893,9.134,35.795
2026-09-01T10:24:34Z,2026-09-01T05:24:34Z,76.8,29.2,7.86,9.402,37.52
2026-09-01T10:25:34Z,2026-09-01T05:25:34Z,76.9,29.2,7.447,8.825,22.792
2026-09-01T10:26:34Z,2026-09-01T05:26:34Z,76.9,29.2,7.724,9.113,32.544
2026-09-01T10:27:35Z,2026-09-01T05:27:35Z,76.9,29.2,7.565,9.262,50.408
2026-09-01T10:28:35Z,2026-09-01T05:28:35Z,76.9,29.2,7.958,9.377,23.798
2026-09-01T10:29:35Z,2026-09-01T05:29:35Z,77.1,29.2,7.459,8.773,27.701
2026-09-01T10:30:35Z,2026-09-01T05:30:35Z,77.2,29.2,7.375,8.743,38.529
2026-09-01T10:31:35Z,2026-09-01T05:31:35Z,77.4,29.3,7.426,8.813,31.556
2026-09-01T10:32:35Z,2026-09-01T05:32:35Z,77.5,29.3,7.194,8.831,19.707
2026-09-01T10:33:35Z,2026-09-01T05:33:35Z,77.5,29.3,7.182,8.866,43.84
2026-09-01T10:34:35Z,2026-09-01T05:34:35Z,77.4,29.3,7.187,8.96,26.927
2026-09-01T10:35:35Z,2026-09-01T05:35:35Z,77.5,29.3,6.981,8.756,41.215
2026-09-01T10:36:35Z,2026-09-01T05:36:35Z,77.5,29.3,7.041,8.974,28.455
2026-09-01T10:37:35Z,2026-09-01T05:37:35Z,77.6,29.3,7.488,9.364,43.976
2026-09-01T10:38:35Z,2026-09-01T05:38:35Z,77.9,29.3,6.987,8.851,44.2
2026-09-01T10:39:35Z,2026-09-01T05:39:35Z,77.7,29.3,6.683,8.437,24.755
2026-09-01T10:40:35Z,2026-09-01T05:40:35Z,77.5,29.3,6.34,7.706,31.096
2026-09-01T10:41:35Z,2026-09-01T05:41:35Z,77.5,29.3,6.625,8.359,27.213
2026-09-01T10:42:35Z,2026-09-01T05:42:35Z,77.5,29.3,6.88,8.338,25.853
2026-09-01T10:43:35Z,2026-09-01T05:43:35Z,77.6,29.3,6.682,8.235,48.706
2026-09-01T10:44:35Z,2026-09-01T05:44:35Z,77.7,29.3,6.943,8.813,43.329
2026-09-01T10:45:35Z,2026-09-01T05:45:35Z,77.7,29.3,6.7,8.251,36.117
2026-09-01T10:46:35Z,2026-09-01T05:46:35Z,77.7,29.3,6.672,8.46,34.214
2026-09-01T10:47:35Z,2026-09-01T05:47:35Z,77.5,29.3,6.361,7.873,30.542
2026-09-01T10:48:35Z,2026-09-01T05:48:35Z,77.4,29.3,6.256,7.521,35.391
2026-09-01T10:49:35Z,2026-09-01T05:49:35Z,77.2,29.3,6.042,7.384,36.303
2026-09-01T10:50:36Z,2026-09-01T05:50:36Z,77.2,29.3,5.861,7.628,22.146
2026-09-01T10:51:36Z,2026-09-01T05:51:36Z,77.2,29.3,5.747,7.173,57.507
2026-09-01T10:52:36Z,2026-09-01T05:52:36Z,77.2,29.3,5.769,7.447,24.662
2026-09-01T10:53:36Z,2026-09-01T05:53:36Z,77.2,29.3,5.77,7.215,21.071
2026-09-01T10:54:36Z,2026-09-01T05:54:36Z,77.3,29.3,5.832,7.49,28.201
2026-09-01T10:55:36Z,2026-09-01T05:55:36Z,77.3,29.3,5.994,7.512,21.849
2026-09-01T10:56:36Z,2026-09-01T05:56:36Z,77.4,29.3,5.941,7.594,37.785
2026-09-01T10:57:36Z,2026-09-01T05:57:36Z,77.4,29.3,6.187,7.878,37.331
2026-09-01T10:58:36Z,2026-09-01T05:58:36Z,77.4,29.3,6.205,7.916,34.428
2026-09-01T10:59:33Z,2026-09-01T05:59:33Z,77.4,29.3,6.162,7.727,28.406
2026-09-01T11:00:33Z,2026-09-01T06:00:33Z,77.5,29.3,5.875,7.085,21.119
2026-09-01T11:01:33Z,2026-09-01T06:01:33Z,77.5,29.3,5.984,7.399,15.149
2026-09-01T11:02:33Z,2026-09-01T06:02:33Z,77.6,29.3,6.131,7.372,26.733
2026-09-01T11:03:33Z,2026-09-01T06:03:33Z,77.6,29.3,6.11,7.775,41.937
2026-09-01T11:04:33Z,2026-09-01T06:04:33Z,77.6,29.3,6.158,7.59,35.106
2026-09-01T11:05:33Z,2026-09-01T06:05:33Z,77.6,29.3,6.356,7.692,43.575
2026-09-01T11:06:33Z,2026-09-01T06:06:33Z,77.6,29.3,6.078,7.715,32.554
2026-09-01T11:07:33Z,2026-09-01T06:07:33Z,77.6,29.3,6.392,7.961,43.707
2026-09-01T11:08:33Z,2026-09-01T06:08:33Z,77.5,29.3,6.289,7.83,29.709
2026-09-01T11:09:33Z,2026-09-01T06:09:33Z,77.3,29.3,6.222,8.187,27.168
2026-09-01T11:10:33Z,2026-09-01T06:10:33Z,77.5,29.3,6.275,8.154,32.273
2026-09-01T11:11:33Z,2026-09-01T06:11:33Z,77.4,29.3,6.5,7.738,41.697
2026-09-01T11:12:33Z,2026-09-01T06:12:33Z,77.3,29.3,6.268,7.81,18.18
2026-09-01T11:13:33Z,2026-09-01T06:13:33Z,77.2,29.3,6.194,7.801,38.426
2026-09-01T11:14:33Z,2026-09-01T06:14:33Z,77.0,29.3,6.306,7.461,34.671
2026-09-01T11:15:33Z,2026-09-01T06:15:33Z,77.0,29.3,6.392,7.743,17.946
2026-09-01T11:16:33Z,2026-09-01T06:16:33Z,77.0,29.3,6.407,8.011,41.994
2026-09-01T11:17:33Z,2026-09-01T06:17:33Z,76.9,29.3,6.299,7.849,18.116
2026-09-01T11:18:33Z,2026-09-01T06:18:33Z,76.8,29.3,6.237,7.921,35.428
2026-09-01T11:19:34Z,2026-09-01T06:19:34Z,76.8,29.3,5.89,7.542,30.804
2026-09-01T11:20:34Z,2026-09-01T06:20:34Z,76.9,29.3,6.443,7.935,29.178
2026-09-01T11:21:34Z,2026-09-01T06:21:34Z,77.0,29.3,5.951,7.326,35.731
2026-09-01T11:22:34Z,2026-09-01T06:22:34Z,77.0,29.3,5.931,7.347,15.784
2026-09-01T11:23:34Z,2026-09-01T06:23:34Z,77.0,29.3,6.116,7.334,27.937
2026-09-01T11:24:34Z,2026-09-01T06:24:34Z,77.1,29.3,6.415,7.902,35.756
2026-09-01T11:25:34Z,2026-09-01T06:25:34Z,77.2,29.3,6.423,7.799,21.54
2026-09-01T11:26:34Z,2026-09-01T06:26:34Z,77.2,29.3,6.888,8.358,24.455
2026-09-01T11:27:34Z,2026-09-01T06:27:34Z,77.3,29.3,6.72,8.158,25.126
2026-09-01T11:28:34Z,2026-09-01T06:28:34Z,77.3,29.3,6.853,8.325,47.055
2026-09-01T11:29:34Z,2026-09-01T06:29:34Z,77.3,29.3,6.804,8.472,30.74
2026-09-01T11:30:34Z,2026-09-01T06:30:34Z,77.3,29.3,7.455,9.23,36.933
2026-09-01T11:31:34Z,2026-09-01T06:31:34Z,77.3,29.3,7.663,9.264,32.31
2026-09-01T11:32:34Z,2026-09-01T06:32:34Z,77.3,29.3,8.45,10.042,32.077
2026-09-01T11:33:34Z,2026-09-01T06:33:34Z,77.4,29.3,8.338,10.031,46.223
2026-09-01T11:34:34Z,2026-09-01T06:34:34Z,77.3,29.3,8.566,10.02,50.015
2026-09-01T11:35:34Z,2026-09-01T06:35:34Z,77.3,29.3,9.227,10.876,31.127
2026-09-01T11:36:34Z,2026-09-01T06:36:34Z,77.2,29.3,9.873,11.555,38.4
2026-09-01T11:37:34Z,2026-09-01T06:37:34Z,77.2,29.3,10.061,11.696,39.12
2026-09-01T11:38:34Z,2026-09-01T06:38:34Z,77.1,29.3,10.493,12.14,33.412
2026-09-01T11:39:34Z,2026-09-01T06:39:34Z,77.2,29.3,10.584,11.966,24.433
2026-09-01T11:40:34Z,2026-09-01T06:40:34Z,77.1,29.3,10.811,12.326,32.8
2026-09-01T11:41:34Z,2026-09-01T06:41:34Z,77.1,29.3,10.984,12.563,54.932
2026-09-01T11:42:34Z,2026-09-01T06:42:34Z,77.1,29.3,10.799,12.58,45.229
2026-09-01T11:43:35Z,2026-09-01T06:43:35Z,77.2,29.3,10.343,12.076,38.41
2026-09-01T11:44:35Z,2026-09-01T06:44:35Z,77.2,29.3,10.427,12.293,49.258
2026-09-01T11:45:35Z,2026-09-01T06:45:35Z,77.2,29.3,10.258,12.038,33.998
2026-09-01T11:46:35Z,2026-09-01T06:46:35Z,77.2,29.3,10.634,12.524,28.177
2026-09-01T11:47:35Z,2026-09-01T06:47:35Z,77.2,29.3,10.607,12.305,36.624
2026-09-01T11:48:35Z,2026-09-01T06:48:35Z,77.2,29.3,11.049,12.665,64.414
2026-09-01T11:49:35Z,2026-09-01T06:49:35Z,77.2,29.3,10.447,12.036,26.617
2026-09-01T11:50:35Z,2026-09-01T06:50:35Z,77.2,29.3,10.636,12.022,32.946
2026-09-01T11:51:35Z,2026-09-01T06:51:35Z,77.3,29.3,9.897,11.719,40.165
2026-09-01T11:52:35Z,2026-09-01T06:52:35Z,77.3,29.3,9.918,11.636,30.951
2026-09-01T11:53:35Z,2026-09-01T06:53:35Z,77.3,29.3,10.263,11.859,28.748
2026-09-01T11:54:35Z,2026-09-01T06:54:35Z,77.3,29.3,10.12,11.731,24.084
2026-09-01T11:55:35Z,2026-09-01T06:55:35Z,77.4,29.3,10.226,11.696,35.375
2026-09-01T11:56:35Z,2026-09-01T06:56:35Z,77.4,29.3,10.033,11.536,34.594
2026-09-01T11:57:35Z,2026-09-01T06:57:35Z,77.4,29.3,9.701,11.318,49.533
2026-09-01T11:58:35Z,2026-09-01T06:58:35Z,77.4,29.3,9.802,11.384,46.07
2026-09-01T11:59:35Z,2026-09-01T06:59:35Z,77.3,29.3,8.91,10.66,51.914
2026-09-01T12:00:35Z,2026-09-01T07:00:35Z,77.3,29.3,8.687,10.528,25.487
2026-09-01T12:01:35Z,2026-09-01T07:01:35Z,77.3,29.3,9.138,10.699,34.231
2026-09-01T12:02:35Z,2026-09-01T07:02:35Z,77.4,29.3,8.481,9.746,24.515
2026-09-01T12:03:35Z,2026-09-01T07:03:35Z,77.3,29.3,8.299,9.891,28.711
2026-09-01T12:04:35Z,2026-09-01T07:04:35Z,77.3,29.3,7.799,9.411,31.556
2026-09-01T12:05:35Z,2026-09-01T07:05:35Z,77.3,29.3,8.408,9.939,35.021
2026-09-01T12:06:36Z,2026-09-01T07:06:36Z,77.4,29.3,8.14,9.599,37.812
2026-09-01T12:07:36Z,2026-09-01T07:07:36Z,77.4,29.3,8.636,10.324,49.229
2026-09-01T12:08:36Z,2026-09-01T07:08:36Z,77.4,29.2,7.972,9.674,50.223
2026-09-01T12:09:36Z,2026-09-01T07:09:36Z,77.4,29.2,8.629,10.458,35.521
2026-09-01T12:10:36Z,2026-09-01T07:10:36Z,77.5,29.2,8.035,9.993,38.207
2026-09-01T12:11:36Z,2026-09-01T07:11:36Z,77.5,29.2,7.814,9.484,44.024
2026-09-01T12:12:36Z,2026-09-01T07:12:36Z,77.5,29.2,8.103,9.851,29.026
2026-09-01T12:13:36Z,2026-09-01T07:13:36Z,77.3,29.2,7.594,9.102,27.774
2026-09-01T12:14:36Z,2026-09-01T07:14:36Z,77.2,29.2,7.524,8.926,49.042
2026-09-01T12:15:36Z,2026-09-01T07:15:36Z,77.3,29.2,7.306,8.934,24.536
2026-09-01T12:16:36Z,2026-09-01T07:16:36Z,77.3,29.2,7.064,8.408,22.42
2026-09-01T12:17:36Z,2026-09-01T07:17:36Z,77.2,29.2,7.176,8.528,32.166
2026-09-01T12:18:36Z,2026-09-01T07:18:36Z,77.3,29.2,7.476,9.095,27.394
2026-09-01T12:19:36Z,2026-09-01T07:19:36Z,77.3,29.2,7.013,8.887,48.933
2026-09-01T12:20:36Z,2026-09-01T07:20:36Z,77.2,29.2,6.529,7.853,25.801
2026-09-01T12:21:36Z,2026-09-01T07:21:36Z,77.2,29.2,6.298,7.735,37.458
2026-09-01T12:22:36Z,2026-09-01T07:22:36Z,77.2,29.2,6.986,8.722,49.354
2026-09-01T12:23:36Z,2026-09-01T07:23:36Z,77.2,29.2,6.556,7.997,22.766
2026-09-01T12:24:36Z,2026-09-01T07:24:36Z,77.2,29.2,6.903,8.014,49.749
2026-09-01T12:25:36Z,2026-09-01T07:25:36Z,77.2,29.2,6.68,8.264,40.638
2026-09-01T12:26:36Z,2026-09-01T07:26:36Z,77.1,29.2,6.583,7.94,25.003
2026-09-01T12:27:36Z,2026-09-01T07:27:36Z,77.1,29.2,6.765,8.1,48.777
2026-09-01T12:28:36Z,2026-09-01T07:28:36Z,77.1,29.2,6.745,8.363,45.362
2026-09-01T12:29:36Z,2026-09-01T07:29:36Z,77.1,29.3,6.47,7.945,28.481
2026-09-01T12:30:37Z,2026-09-01T07:30:37Z,77.1,29.2,6.679,8.153,53.485
2026-09-01T12:31:37Z,2026-09-01T07:31:37Z,77.1,29.3,6.46,7.956,17.87
2026-09-01T12:32:37Z,2026-09-01T07:32:37Z,77.1,29.3,6.543,8.298,24.854
2026-09-01T12:33:37Z,2026-09-01T07:33:37Z,77.0,29.3,6.532,8.181,25.559
2026-09-01T12:34:34Z,2026-09-01T07:34:34Z,77.0,29.3,6.245,7.526,42.34
2026-09-01T12:35:34Z,2026-09-01T07:35:34Z,76.9,29.3,6.524,8.152,24.452
2026-09-01T12:36:34Z,2026-09-01T07:36:34Z,77.0,29.3,6.664,8.061,32.646
2026-09-01T12:37:34Z,2026-09-01T07:37:34Z,77.0,29.3,6.767,8.171,26.861
2026-09-01T12:38:34Z,2026-09-01T07:38:34Z,76.9,29.3,6.378,8.097,30.921
2026-09-01T12:39:34Z,2026-09-01T07:39:34Z,76.9,29.3,6.486,7.948,30.965
2026-09-01T12:40:34Z,2026-09-01T07:40:34Z,76.8,29.3,6.853,8.996,30.65
2026-09-01T12:41:34Z,2026-09-01T07:41:34Z,76.7,29.3,6.349,8.013,31.148
2026-09-01T12:42:34Z,2026-09-01T07:42:34Z,76.7,29.3,6.425,7.972,31.866
2026-09-01T12:43:34Z,2026-09-01T07:43:34Z,76.6,29.3,6.588,8.361,30.683
2026-09-01T12:44:34Z,2026-09-01T07:44:34Z,76.6,29.3,6.388,8.389,29.275
2026-09-01T12:45:34Z,2026-09-01T07:45:34Z,76.6,29.3,6.978,8.583,31.552
2026-09-01T12:46:34Z,2026-09-01T07:46:34Z,76.6,29.3,6.893,8.582,50.138
2026-09-01T12:47:34Z,2026-09-01T07:47:34Z,76.6,29.3,7.113,8.462,48.057
2026-09-01T12:48:34Z,2026-09-01T07:48:34Z,76.6,29.3,6.956,8.692,29.313
2026-09-01T12:49:34Z,2026-09-01T07:49:34Z,76.7,29.3,6.866,8.355,44.067
2026-09-01T12:50:34Z,2026-09-01T07:50:34Z,76.6,29.3,6.792,8.314,50.189
2026-09-01T12:51:34Z,2026-09-01T07:51:34Z,76.5,29.3,7.364,9.033,25.196
2026-09-01T12:52:34Z,2026-09-01T07:52:34Z,76.5,29.3,6.411,7.936,34.908
2026-09-01T12:53:34Z,2026-09-01T07:53:34Z,76.5,29.4,6.842,8.546,53.783
2026-09-01T12:54:34Z,2026-09-01T07:54:34Z,76.5,29.4,6.924,8.629,31.108
2026-09-01T12:55:34Z,2026-09-01T07:55:34Z,76.4,29.4,6.799,8.498,33.682
2026-09-01T12:56:34Z,2026-09-01T07:56:34Z,76.4,29.4,6.656,8.502,52.143
2026-09-01T12:57:34Z,2026-09-01T07:57:34Z,76.2,29.4,6.412,8.346,35.575
2026-09-01T12:58:35Z,2026-09-01T07:58:35Z,76.2,29.4,6.511,8.537,22.156
2026-09-01T12:59:35Z,2026-09-01T07:59:35Z,76.1,29.5,6.625,8.312,22.411
2026-09-01T13:00:35Z,2026-09-01T08:00:35Z,76.2,29.5,6.654,8.471,32.878
2026-09-01T13:01:35Z,2026-09-01T08:01:35Z,76.1,29.5,6.695,8.756,45.349
2026-09-01T13:02:35Z,2026-09-01T08:02:35Z,76.1,29.5,6.494,8.757,30.222
2026-09-01T13:03:35Z,2026-09-01T08:03:35Z,75.8,29.5,6.456,8.0,21.076
2026-09-01T13:04:35Z,2026-09-01T08:04:35Z,75.8,29.5,6.578,8.22,30.408
2026-09-01T13:05:35Z,2026-09-01T08:05:35Z,75.9,29.6,6.579,8.025,28.447
2026-09-01T13:06:35Z,2026-09-01T08:06:35Z,75.8,29.6,6.543,8.357,45.461
2026-09-01T13:07:35Z,2026-09-01T08:07:35Z,75.5,29.6,6.129,8.005,42.976
2026-09-01T13:08:35Z,2026-09-01T08:08:35Z,75.5,29.6,6.296,7.725,31.889
2026-09-01T13:09:35Z,2026-09-01T08:09:35Z,75.4,29.7,6.497,8.179,32.486
2026-09-01T13:10:35Z,2026-09-01T08:10:35Z,75.3,29.7,6.444,8.29,33.389
2026-09-01T13:11:35Z,2026-09-01T08:11:35Z,75.3,29.7,6.447,8.38,61.613
2026-09-01T13:12:35Z,2026-09-01T08:12:35Z,75.1,29.7,6.538,7.991,48.196
2026-09-01T13:13:35Z,2026-09-01T08:13:35Z,74.9,29.7,6.196,7.784,27.218
2026-09-01T13:14:35Z,2026-09-01T08:14:35Z,74.7,29.8,6.168,7.874,30.08
2026-09-01T13:15:35Z,2026-09-01T08:15:35Z,74.4,29.8,5.821,7.647,37.459
2026-09-01T13:16:35Z,2026-09-01T08:16:35Z,74.2,29.8,5.813,7.337,50.429
2026-09-01T13:17:35Z,2026-09-01T08:17:35Z,74.2,29.9,5.99,7.695,28.019
2026-09-01T13:18:35Z,2026-09-01T08:18:35Z,74.1,29.9,5.868,7.363,22.366
2026-09-01T13:19:35Z,2026-09-01T08:19:35Z,74.0,29.9,6.451,8.033,52.896
2026-09-01T13:20:35Z,2026-09-01T08:20:35Z,73.8,29.9,6.419,8.118,29.131
2026-09-01T13:21:36Z,2026-09-01T08:21:36Z,73.8,30.0,6.207,7.844,28.492
2026-09-01T13:22:36Z,2026-09-01T08:22:36Z,73.6,30.0,5.927,7.296,41.021
2026-09-01T13:23:36Z,2026-09-01T08:23:36Z,73.3,30.0,5.982,7.369,40.269
2026-09-01T13:24:36Z,2026-09-01T08:24:36Z,72.9,30.1,5.938,7.627,31.386
2026-09-01T13:25:36Z,2026-09-01T08:25:36Z,72.9,30.1,5.944,7.426,27.742
2026-09-01T13:26:36Z,2026-09-01T08:26:36Z,73.0,30.2,5.939,7.482,27.464
2026-09-01T13:27:36Z,2026-09-01T08:27:36Z,72.6,30.2,5.883,7.455,29.031
2026-09-01T13:28:36Z,2026-09-01T08:28:36Z,72.3,30.3,5.958,7.521,41.189
2026-09-01T13:29:36Z,2026-09-01T08:29:36Z,71.6,30.4,5.99,7.535,25.229
2026-09-01T13:30:36Z,2026-09-01T08:30:36Z,71.4,30.5,5.782,7.262,52.661
2026-09-01T13:31:36Z,2026-09-01T08:31:36Z,71.0,30.5,5.596,6.905,53.206
2026-09-01T13:32:36Z,2026-09-01T08:32:36Z,70.7,30.6,5.519,7.165,14.037
2026-09-01T13:33:36Z,2026-09-01T08:33:36Z,70.4,30.7,5.653,6.879,15.348
2026-09-01T13:34:36Z,2026-09-01T08:34:36Z,70.2,30.7,5.468,7.36,19.247
2026-09-01T13:35:36Z,2026-09-01T08:35:36Z,69.9,30.8,5.623,7.389,39.027
2026-09-01T13:36:36Z,2026-09-01T08:36:36Z,69.5,30.9,5.488,7.154,36.235
2026-09-01T13:37:36Z,2026-09-01T08:37:36Z,69.6,31.0,5.726,7.103,35.242
2026-09-01T13:38:36Z,2026-09-01T08:38:36Z,69.3,31.0,5.888,7.696,43.089
2026-09-01T13:39:36Z,2026-09-01T08:39:36Z,69.1,31.1,5.681,7.34,35.421
2026-09-01T13:40:36Z,2026-09-01T08:40:36Z,68.9,31.2,5.478,7.199,30.94
2026-09-01T13:41:36Z,2026-09-01T08:41:36Z,69.1,31.3,5.82,7.213,29.996
2026-09-01T13:42:37Z,2026-09-01T08:42:37Z,68.5,31.4,6.1,7.652,57.982
2026-09-01T13:43:37Z,2026-09-01T08:43:37Z,68.0,31.5,5.48,7.282,28.94
2026-09-01T13:44:37Z,2026-09-01T08:44:37Z,67.1,31.7,6.071,7.503,24.903
2026-09-01T13:45:37Z,2026-09-01T08:45:37Z,66.9,31.8,5.718,7.256,32.085
2026-09-01T13:46:37Z,2026-09-01T08:46:37Z,66.2,31.9,5.624,7.264,21.038
2026-09-01T13:47:37Z,2026-09-01T08:47:37Z,65.9,32.0,5.521,7.012,44.467
2026-09-01T13:48:37Z,2026-09-01T08:48:37Z,65.5,32.1,5.345,7.202,42.415
2026-09-01T13:49:37Z,2026-09-01T08:49:37Z,65.1,32.2,5.757,7.385,29.89
2026-09-01T13:50:37Z,2026-09-01T08:50:37Z,64.9,32.2,5.605,7.637,39.288
2026-09-01T13:51:37Z,2026-09-01T08:51:37Z,64.9,32.3,5.796,7.524,47.454
2026-09-01T13:52:37Z,2026-09-01T08:52:37Z,65.0,32.3,5.619,7.094,50.555
2026-09-01T13:53:37Z,2026-09-01T08:53:37Z,65.1,32.4,5.623,6.899,30.585
2026-09-01T13:54:37Z,2026-09-01T08:54:37Z,64.8,32.4,5.583,7.128,30.106
2026-09-01T13:55:37Z,2026-09-01T08:55:37Z,64.5,32.5,5.601,7.116,24.673
2026-09-01T13:56:37Z,2026-09-01T08:56:37Z,64.0,32.5,5.6,7.37,19.85
2026-09-01T13:57:37Z,2026-09-01T08:57:37Z,63.6,32.5,5.768,7.122,15.721
2026-09-01T13:58:37Z,2026-09-01T08:58:37Z,63.7,32.5,5.405,7.043,22.924
2026-09-01T13:59:34Z,2026-09-01T08:59:34Z,63.5,32.5,5.404,7.058,19.151
2026-09-01T14:00:34Z,2026-09-01T09:00:34Z,63.7,32.5,5.394,6.987,32.741
2026-09-01T14:01:34Z,2026-09-01T09:01:34Z,63.6,32.5,5.394,7.141,48.996
2026-09-01T14:02:34Z,2026-09-01T09:02:34Z,63.7,32.5,5.593,7.425,16.999
2026-09-01T14:03:34Z,2026-09-01T09:03:34Z,63.7,32.5,5.49,7.047,42.26
2026-09-01T14:04:34Z,2026-09-01T09:04:34Z,63.5,32.4,5.219,6.662,29.227
2026-09-01T14:05:34Z,2026-09-01T09:05:34Z,63.4,32.4,5.274,6.357,38.868
2026-09-01T14:06:34Z,2026-09-01T09:06:34Z,64.0,32.4,5.689,7.72,29.126
2026-09-01T14:07:34Z,2026-09-01T09:07:34Z,64.1,32.4,5.336,7.185,26.92
2026-09-01T14:08:34Z,2026-09-01T09:08:34Z,64.0,32.3,5.584,7.28,42.907
2026-09-01T14:09:35Z,2026-09-01T09:09:35Z,64.2,32.3,5.739,7.488,43.494
2026-09-01T14:10:35Z,2026-09-01T09:10:35Z,64.4,32.3,5.32,6.768,40.651
2026-09-01T14:11:35Z,2026-09-01T09:11:35Z,64.1,32.3,5.599,7.404,32.216
2026-09-01T14:12:35Z,2026-09-01T09:12:35Z,64.4,32.3,5.429,6.843,34.784
2026-09-01T14:13:35Z,2026-09-01T09:13:35Z,64.5,32.3,5.402,6.749,43.004
2026-09-01T14:14:35Z,2026-09-01T09:14:35Z,64.5,32.2,5.265,7.195,18.353
2026-09-01T14:15:35Z,2026-09-01T09:15:35Z,64.7,32.2,5.635,7.28,38.575
2026-09-01T14:16:35Z,2026-09-01T09:16:35Z,64.5,32.3,5.807,7.575,26.976
2026-09-01T14:17:35Z,2026-09-01T09:17:35Z,64.5,32.3,5.891,7.411,33.62
2026-09-01T14:18:35Z,2026-09-01T09:18:35Z,64.1,32.3,5.751,7.364,23.893
2026-09-01T14:19:35Z,2026-09-01T09:19:35Z,64.0,32.3,5.707,7.346,39.069
2026-09-01T14:20:35Z,2026-09-01T09:20:35Z,64.1,32.3,5.579,6.971,36.828
2026-09-01T14:21:35Z,2026-09-01T09:21:35Z,64.2,32.2,5.758,7.175,40.163
2026-09-01T14:22:35Z,2026-09-01T09:22:35Z,64.2,32.2,5.703,7.459,31.803
2026-09-01T14:23:35Z,2026-09-01T09:23:35Z,64.3,32.2,5.977,7.473,31.294
2026-09-01T14:24:35Z,2026-09-01T09:24:35Z,64.5,32.2,5.834,7.269,39.041
2026-09-01T14:25:35Z,2026-09-01T09:25:35Z,64.4,32.2,5.829,7.294,41.134
2026-09-01T14:26:35Z,2026-09-01T09:26:35Z,64.5,32.2,5.581,7.223,68.411
2026-09-01T14:27:35Z,2026-09-01T09:27:35Z,64.4,32.2,5.684,7.222,27.463
2026-09-01T14:28:35Z,2026-09-01T09:28:35Z,64.4,32.2,5.578,7.111,31.085
2026-09-01T14:29:35Z,2026-09-01T09:29:35Z,64.5,32.2,6.132,7.605,23.746
2026-09-01T14:30:35Z,2026-09-01T09:30:35Z,64.5,32.2,5.887,7.458,36.958
2026-09-01T14:31:35Z,2026-09-01T09:31:35Z,64.4,32.2,5.621,7.262,45.058
2026-09-01T14:32:35Z,2026-09-01T09:32:35Z,64.4,32.2,5.883,7.319,36.27
2026-09-01T14:33:36Z,2026-09-01T09:33:36Z,64.5,32.2,6.016,7.839,39.401
2026-09-01T14:34:36Z,2026-09-01T09:34:36Z,64.0,32.2,6.494,8.157,41.684
2026-09-01T14:35:36Z,2026-09-01T09:35:36Z,64.0,32.2,5.368,6.878,40.342
2026-09-01T14:36:36Z,2026-09-01T09:36:36Z,64.0,32.2,5.712,7.044,43.96
2026-09-01T14:37:36Z,2026-09-01T09:37:36Z,63.8,32.2,5.653,6.905,24.074
2026-09-01T14:38:36Z,2026-09-01T09:38:36Z,63.7,32.2,5.558,7.159,31.776
2026-09-01T14:39:36Z,2026-09-01T09:39:36Z,63.7,32.1,5.564,7.044,24.137
2026-09-01T14:40:36Z,2026-09-01T09:40:36Z,63.7,32.1,5.594,7.054,35.926
2026-09-01T14:41:36Z,2026-09-01T09:41:36Z,63.6,32.1,5.696,7.128,23.769
2026-09-01T14:42:36Z,2026-09-01T09:42:36Z,63.7,32.1,5.629,6.801,29.076
2026-09-01T14:43:36Z,2026-09-01T09:43:36Z,63.8,32.2,5.852,7.411,50.173
2026-09-01T14:44:36Z,2026-09-01T09:44:36Z,63.8,32.2,5.704,7.435,31.012
2026-09-01T14:45:36Z,2026-09-01T09:45:36Z,63.7,32.2,5.429,7.351,55.592
2026-09-01T14:46:36Z,2026-09-01T09:46:36Z,63.7,32.2,5.357,7.144,63.588
2026-09-01T14:47:36Z,2026-09-01T09:47:36Z,63.7,32.2,5.106,6.818,42.453
2026-09-01T14:48:36Z,2026-09-01T09:48:36Z,63.7,32.2,5.476,7.264,41.569
2026-09-01T14:49:36Z,2026-09-01T09:49:36Z,63.6,32.2,5.198,6.764,30.037
2026-09-01T14:50:36Z,2026-09-01T09:50:36Z,63.0,32.3,5.068,6.482,33.648
2026-09-01T14:51:36Z,2026-09-01T09:51:36Z,63.0,32.3,5.039,6.411,44.719
2026-09-01T14:52:36Z,2026-09-01T09:52:36Z,63.0,32.3,5.01,6.554,23.769
2026-09-01T14:53:36Z,2026-09-01T09:53:36Z,63.2,32.3,4.894,6.573,28.757
2026-09-01T14:54:36Z,2026-09-01T09:54:36Z,63.1,32.3,4.921,6.422,29.298
2026-09-01T14:55:36Z,2026-09-01T09:55:36Z,63.1,32.3,5.149,6.738,33.497
2026-09-01T14:56:36Z,2026-09-01T09:56:36Z,63.1,32.3,5.27,6.61,45.596
2026-09-01T14:57:37Z,2026-09-01T09:57:37Z,63.1,32.4,5.314,6.728,23.597
2026-09-01T14:58:37Z,2026-09-01T09:58:37Z,63.1,32.4,5.067,6.625,35.212
2026-09-01T14:59:37Z,2026-09-01T09:59:37Z,63.0,32.4,5.318,6.344,23.606
2026-09-01T15:00:37Z,2026-09-01T10:00:37Z,62.9,32.4,5.246,6.883,43.279
2026-09-01T15:01:37Z,2026-09-01T10:01:37Z,63.0,32.5,5.476,7.043,20.506
2026-09-01T15:02:37Z,2026-09-01T10:02:37Z,62.9,32.5,5.587,7.318,20.648
2026-09-01T15:03:37Z,2026-09-01T10:03:37Z,62.8,32.5,5.547,7.349,30.123
2026-09-01T15:04:37Z,2026-09-01T10:04:37Z,62.8,32.5,5.264,6.87,36.122
2026-09-01T15:05:37Z,2026-09-01T10:05:37Z,62.8,32.5,5.396,7.422,72.649
2026-09-01T15:06:37Z,2026-09-01T10:06:37Z,62.9,32.6,5.574,7.376,46.988
2026-09-01T15:07:37Z,2026-09-01T10:07:37Z,62.8,32.6,5.924,7.741,66.188
2026-09-01T15:08:37Z,2026-09-01T10:08:37Z,62.8,32.6,5.997,7.891,34.314
2026-09-01T15:09:37Z,2026-09-01T10:09:37Z,63.0,32.7,5.644,7.103,24.686
2026-09-01T15:10:37Z,2026-09-01T10:10:37Z,62.7,32.7,5.457,6.781,42.194
2026-09-01T15:11:37Z,2026-09-01T10:11:37Z,62.6,32.7,5.685,7.22,36.243
2026-09-01T15:12:37Z,2026-09-01T10:12:37Z,62.2,32.8,5.553,6.914,37.01
2026-09-01T15:13:37Z,2026-09-01T10:13:37Z,62.2,32.8,5.847,7.113,27.157
2026-09-01T15:14:37Z,2026-09-01T10:14:37Z,62.0,32.9,5.821,6.979,15.749
2026-09-01T15:15:37Z,2026-09-01T10:15:37Z,61.9,32.9,5.749,6.938,14.754
2026-09-01T15:16:37Z,2026-09-01T10:16:37Z,61.7,32.9,6.048,7.391,23.962
2026-09-01T15:17:37Z,2026-09-01T10:17:37Z,61.7,33.0,6.096,7.574,26.286
2026-09-01T15:18:37Z,2026-09-01T10:18:37Z,61.4,33.0,5.903,7.527,21.552
2026-09-01T15:19:38Z,2026-09-01T10:19:38Z,61.4,33.0,6.242,8.043,16.931
2026-09-01T15:20:38Z,2026-09-01T10:20:38Z,61.5,33.1,6.061,7.414,22.781
2026-09-01T15:21:38Z,2026-09-01T10:21:38Z,61.2,33.2,6.062,7.402,33.938
2026-09-01T15:22:38Z,2026-09-01T10:22:38Z,60.9,33.2,6.319,7.722,21.228
2026-09-01T15:23:38Z,2026-09-01T10:23:38Z,60.8,33.2,6.377,8.189,58.372
2026-09-01T15:24:38Z,2026-09-01T10:24:38Z,60.7,33.3,6.514,7.4,16.262
2026-09-01T15:25:38Z,2026-09-01T10:25:38Z,60.9,33.3,6.466,7.724,30.951
2026-09-01T15:26:38Z,2026-09-01T10:26:38Z,60.8,33.4,6.57,7.669,24.013
2026-09-01T15:27:38Z,2026-09-01T10:27:38Z,60.7,33.4,6.767,8.085,33.611
2026-09-01T15:28:38Z,2026-09-01T10:28:38Z,60.4,33.5,6.891,8.341,37.35
2026-09-01T15:29:38Z,2026-09-01T10:29:38Z,60.3,33.6,6.422,7.494,19.006
2026-09-01T15:30:38Z,2026-09-01T10:30:38Z,60.0,33.7,6.684,8.093,20.455
2026-09-01T15:31:38Z,2026-09-01T10:31:38Z,58.8,33.7,5.665,6.774,32.512
2026-09-01T15:32:38Z,2026-09-01T10:32:38Z,58.2,33.8,5.33,6.456,18.017
2026-09-01T15:33:38Z,2026-09-01T10:33:38Z,57.8,33.9,5.268,6.458,13.505
2026-09-01T15:34:38Z,2026-09-01T10:34:38Z,57.9,34.0,5.32,6.423,19.9
2026-09-01T15:35:38Z,2026-09-01T10:35:38Z,57.5,34.0,5.224,6.475,12.263
2026-09-01T15:36:38Z,2026-09-01T10:36:38Z,56.9,34.1,5.081,6.204,22.405
2026-09-01T15:37:38Z,2026-09-01T10:37:38Z,56.5,34.1,5.167,6.313,35.062
2026-09-01T15:38:38Z,2026-09-01T10:38:38Z,56.7,34.2,4.832,5.782,16.322
2026-09-01T15:39:35Z,2026-09-01T10:39:35Z,56.3,34.2,5.199,6.233,30.765
2026-09-01T15:40:35Z,2026-09-01T10:40:35Z,55.0,34.3,4.829,5.75,14.774
2026-09-01T15:41:35Z,2026-09-01T10:41:35Z,54.5,34.3,4.668,5.797,23.579
2026-09-01T15:42:35Z,2026-09-01T10:42:35Z,54.3,34.4,4.458,5.548,23.275
2026-09-01T15:43:35Z,2026-09-01T10:43:35Z,53.3,34.4,4.134,5.228,10.383
2026-09-01T15:44:35Z,2026-09-01T10:44:35Z,53.6,34.4,4.021,4.56,21.147
2026-09-01T15:45:35Z,2026-09-01T10:45:35Z,53.7,34.5,3.874,4.721,8.493
2026-09-01T15:46:35Z,2026-09-01T10:46:35Z,53.5,34.5,4.117,5.0,10.948
2026-09-01T15:47:36Z,2026-09-01T10:47:36Z,53.2,34.6,3.995,4.804,8.636
2026-09-01T15:48:36Z,2026-09-01T10:48:36Z,52.7,34.6,4.644,5.606,12.176
2026-09-01T15:49:36Z,2026-09-01T10:49:36Z,52.2,34.6,4.055,5.066,13.509
2026-09-01T15:50:36Z,2026-09-01T10:50:36Z,51.9,34.7,3.942,4.772,9.966
2026-09-01T15:51:36Z,2026-09-01T10:51:36Z,51.8,34.7,4.248,4.922,20.296
2026-09-01T15:52:36Z,2026-09-01T10:52:36Z,51.8,34.7,4.407,5.305,17.544
2026-09-01T15:53:36Z,2026-09-01T10:53:36Z,51.5,34.7,4.352,5.096,10.416
2026-09-01T15:54:36Z,2026-09-01T10:54:36Z,51.3,34.7,4.697,5.716,18.651
2026-09-01T15:55:36Z,2026-09-01T10:55:36Z,51.2,34.7,4.474,5.502,10.479
2026-09-01T15:56:36Z,2026-09-01T10:56:36Z,51.7,34.7,4.702,5.549,24.976
2026-09-01T15:57:36Z,2026-09-01T10:57:36Z,51.8,34.6,4.606,5.236,11.989
2026-09-01T15:58:36Z,2026-09-01T10:58:36Z,51.8,34.6,5.046,5.918,14.317
2026-09-01T15:59:36Z,2026-09-01T10:59:36Z,51.9,34.6,5.07,5.92,14.062
2026-09-01T16:00:36Z,2026-09-01T11:00:36Z,51.9,34.5,4.902,5.655,18.537
2026-09-01T16:01:36Z,2026-09-01T11:01:36Z,51.8,34.5,4.862,5.597,17.025
2026-09-01T16:02:36Z,2026-09-01T11:02:36Z,51.8,34.5,5.092,5.855,11.268
2026-09-01T16:03:36Z,2026-09-01T11:03:36Z,51.9,34.4,4.86,6.019,12.605
2026-09-01T16:04:36Z,2026-09-01T11:04:36Z,52.0,34.4,5.39,6.381,24.385
2026-09-01T16:05:36Z,2026-09-01T11:05:36Z,52.1,34.3,4.931,5.814,19.23
2026-09-01T16:06:36Z,2026-09-01T11:06:36Z,52.4,34.3,5.112,6.182,23.306
2026-09-01T16:07:36Z,2026-09-01T11:07:36Z,52.6,34.3,5.082,6.16,16.509
2026-09-01T16:08:36Z,2026-09-01T11:08:36Z,52.4,34.2,5.165,6.115,12.19
2026-09-01T16:09:36Z,2026-09-01T11:09:36Z,52.8,34.2,5.461,6.274,14.884
2026-09-01T16:10:37Z,2026-09-01T11:10:37Z,53.0,34.1,5.448,6.596,11.381
2026-09-01T16:11:37Z,2026-09-01T11:11:37Z,53.5,34.1,5.535,6.572,23.936
2026-09-01T16:12:37Z,2026-09-01T11:12:37Z,53.4,34.1,5.546,6.364,12.088
2026-09-01T16:13:37Z,2026-09-01T11:13:37Z,53.5,34.0,5.399,6.314,14.601
2026-09-01T16:14:37Z,2026-09-01T11:14:37Z,53.5,34.0,5.699,6.69,15.01
2026-09-01T16:15:37Z,2026-09-01T11:15:37Z,53.9,34.0,5.693,6.751,28.383
2026-09-01T16:16:37Z,2026-09-01T11:16:37Z,54.0,33.9,5.719,6.523,17.954
2026-09-01T16:17:37Z,2026-09-01T11:17:37Z,54.1,33.9,5.691,6.57,15.786
2026-09-01T16:18:37Z,2026-09-01T11:18:37Z,54.4,33.9,6.029,6.979,19.41
2026-09-01T16:19:37Z,2026-09-01T11:19:37Z,54.8,33.8,6.086,7.24,18.748
2026-09-01T16:20:37Z,2026-09-01T11:20:37Z,55.1,33.8,5.963,6.833,19.555
2026-09-01T16:21:37Z,2026-09-01T11:21:37Z,54.9,33.8,6.066,7.109,19.163
2026-09-01T16:22:37Z,2026-09-01T11:22:37Z,54.7,33.8,6.17,7.175,29.766
2026-09-01T16:23:37Z,2026-09-01T11:23:37Z,54.6,33.8,6.223,7.388,25.856
2026-09-01T16:24:37Z,2026-09-01T11:24:37Z,54.8,33.8,5.995,6.988,24.888
2026-09-01T16:25:37Z,2026-09-01T11:25:37Z,55.1,33.8,6.444,7.444,20.417
2026-09-01T16:26:37Z,2026-09-01T11:26:37Z,55.0,33.7,6.234,7.513,47.571
2026-09-01T16:27:37Z,2026-09-01T11:27:37Z,55.0,33.7,7.281,8.603,27.688
2026-09-01T16:28:37Z,2026-09-01T11:28:37Z,55.2,33.7,7.027,8.395,19.82
2026-09-01T16:29:37Z,2026-09-01T11:29:37Z,55.5,33.7,6.387,7.583,35.552
2026-09-01T16:30:37Z,2026-09-01T11:30:37Z,55.3,33.7,6.329,7.624,38.184
2026-09-01T16:31:37Z,2026-09-01T11:31:37Z,55.3,33.7,6.343,7.508,22.166
2026-09-01T16:32:37Z,2026-09-01T11:32:37Z,55.1,33.7,6.048,7.204,12.961
2026-09-01T16:33:38Z,2026-09-01T11:33:38Z,55.1,33.7,6.261,7.203,29.329
2026-09-01T16:34:38Z,2026-09-01T11:34:38Z,55.3,33.7,6.421,7.487,37.359
2026-09-01T16:35:38Z,2026-09-01T11:35:38Z,55.3,33.7,5.965,7.186,34.348
2026-09-01T16:36:38Z,2026-09-01T11:36:38Z,55.2,33.8,6.298,7.404,20.543
2026-09-01T16:37:38Z,2026-09-01T11:37:38Z,55.2,33.8,6.183,7.149,41.614
2026-09-01T16:38:38Z,2026-09-01T11:38:38Z,55.2,33.8,6.264,7.435,19.811
2026-09-01T16:39:38Z,2026-09-01T11:39:38Z,55.4,33.8,6.636,7.717,16.73
2026-09-01T16:40:38Z,2026-09-01T11:40:38Z,55.4,33.8,6.527,7.551,30.721
2026-09-01T16:41:38Z,2026-09-01T11:41:38Z,56.0,33.8,6.136,7.126,15.677
2026-09-01T16:42:38Z,2026-09-01T11:42:38Z,55.9,33.8,6.229,7.201,37.952
2026-09-01T16:43:38Z,2026-09-01T11:43:38Z,55.8,33.8,6.025,7.179,22.196
2026-09-01T16:44:38Z,2026-09-01T11:44:38Z,56.0,33.8,6.352,7.279,25.218
2026-09-01T16:45:38Z,2026-09-01T11:45:38Z,55.6,33.8,6.635,7.96,30.648
2026-09-01T16:46:38Z,2026-09-01T11:46:38Z,55.7,33.8,6.453,7.838,45.807
2026-09-01T16:47:38Z,2026-09-01T11:47:38Z,55.4,33.9,6.49,7.69,19.601
2026-09-01T16:48:38Z,2026-09-01T11:48:38Z,55.2,33.9,6.151,7.232,13.953
2026-09-01T16:49:38Z,2026-09-01T11:49:38Z,55.3,33.9,6.658,7.75,42.015
2026-09-01T16:50:38Z,2026-09-01T11:50:38Z,55.2,33.9,6.459,7.394,43.142
2026-09-01T16:51:38Z,2026-09-01T11:51:38Z,55.3,33.9,6.895,7.885,15.578
2026-09-01T16:52:38Z,2026-09-01T11:52:38Z,55.5,33.9,6.696,7.958,21.584
2026-09-01T16:53:38Z,2026-09-01T11:53:38Z,55.7,33.9,6.866,7.993,33.872
2026-09-01T16:54:38Z,2026-09-01T11:54:38Z,55.6,33.9,7.368,8.473,27.486
2026-09-01T16:55:38Z,2026-09-01T11:55:38Z,55.6,33.9,6.886,8.15,16.804
2026-09-01T16:56:38Z,2026-09-01T11:56:38Z,55.7,33.9,6.403,7.452,18.228
2026-09-01T16:57:39Z,2026-09-01T11:57:39Z,56.0,33.9,6.921,8.182,43.022
2026-09-01T16:58:39Z,2026-09-01T11:58:39Z,56.0,33.9,6.66,7.923,25.814
2026-09-01T16:59:39Z,2026-09-01T11:59:39Z,55.7,33.9,6.749,8.115,20.921
2026-09-01T17:00:39Z,2026-09-01T12:00:39Z,55.6,33.9,6.729,8.183,26.879
2026-09-01T17:01:39Z,2026-09-01T12:01:39Z,55.7,33.9,7.276,8.476,18.279
2026-09-01T17:02:39Z,2026-09-01T12:02:39Z,55.7,33.9,6.894,8.068,25.896
2026-09-01T17:03:39Z,2026-09-01T12:03:39Z,55.8,33.9,6.882,8.404,19.316
2026-09-01T17:04:39Z,2026-09-01T12:04:39Z,55.8,33.9,6.821,8.13,14.974
2026-09-01T17:05:39Z,2026-09-01T12:05:39Z,56.3,33.9,6.703,7.773,30.714
2026-09-01T17:06:39Z,2026-09-01T12:06:39Z,55.9,33.9,6.691,7.888,23.908
2026-09-01T17:07:39Z,2026-09-01T12:07:39Z,55.7,33.9,6.489,7.573,23.233
2026-09-01T17:08:39Z,2026-09-01T12:08:39Z,55.6,33.9,6.899,8.071,21.965
2026-09-01T17:09:36Z,2026-09-01T12:09:36Z,56.2,33.8,6.583,7.64,11.752
2026-09-01T17:10:36Z,2026-09-01T12:10:36Z,56.8,33.8,6.579,7.534,16.705
2026-09-01T17:11:36Z,2026-09-01T12:11:36Z,57.4,33.8,6.87,7.989,23.817
2026-09-01T17:12:36Z,2026-09-01T12:12:36Z,57.7,33.8,6.713,7.796,38.193
2026-09-01T17:13:36Z,2026-09-01T12:13:36Z,57.3,33.8,6.538,7.787,18.198
2026-09-01T17:14:36Z,2026-09-01T12:14:36Z,56.2,33.8,6.49,7.501,22.203
2026-09-01T17:15:36Z,2026-09-01T12:15:36Z,56.5,33.8,6.711,7.73,18.372
2026-09-01T17:16:36Z,2026-09-01T12:16:36Z,58.0,33.7,6.418,7.569,24.668
2026-09-01T17:17:36Z,2026-09-01T12:17:36Z,57.0,33.7,6.336,7.531,17.856
2026-09-01T17:18:36Z,2026-09-01T12:18:36Z,56.3,33.7,6.183,7.31,24.746
2026-09-01T17:19:36Z,2026-09-01T12:19:36Z,57.2,33.6,6.775,7.863,26.686
2026-09-01T17:20:36Z,2026-09-01T12:20:36Z,56.9,33.6,6.029,7.371,17.79
2026-09-01T17:21:36Z,2026-09-01T12:21:36Z,57.3,33.5,5.958,6.878,26.031
2026-09-01T17:22:36Z,2026-09-01T12:22:36Z,57.4,33.5,5.835,6.802,10.318
2026-09-01T17:23:36Z,2026-09-01T12:23:36Z,57.2,33.4,5.731,6.791,19.278
2026-09-01T17:24:37Z,2026-09-01T12:24:37Z,57.1,33.4,5.586,6.489,15.531
2026-09-01T17:25:37Z,2026-09-01T12:25:37Z,58.2,33.3,5.945,6.891,20.278
2026-09-01T17:26:37Z,2026-09-01T12:26:37Z,58.8,33.2,5.975,6.983,24.119
2026-09-01T17:27:37Z,2026-09-01T12:27:37Z,58.8,33.1,6.267,7.159,24.592
2026-09-01T17:28:37Z,2026-09-01T12:28:37Z,59.2,33.1,6.346,7.438,14.917
2026-09-01T17:29:37Z,2026-09-01T12:29:37Z,58.9,33.0,6.483,7.504,24.593
2026-09-01T17:30:37Z,2026-09-01T12:30:37Z,60.0,33.0,6.241,7.241,19.27
2026-09-01T17:31:37Z,2026-09-01T12:31:37Z,60.9,32.9,6.322,7.285,13.393
2026-09-01T17:32:37Z,2026-09-01T12:32:37Z,61.4,32.9,6.627,7.48,23.733
2026-09-01T17:33:37Z,2026-09-01T12:33:37Z,61.5,32.9,6.751,7.774,29.758
2026-09-01T17:34:37Z,2026-09-01T12:34:37Z,63.9,32.8,6.928,8.016,31.349
2026-09-01T17:35:37Z,2026-09-01T12:35:37Z,63.3,32.8,7.176,8.163,12.535
2026-09-01T17:36:37Z,2026-09-01T12:36:37Z,63.3,32.9,6.731,7.671,16.398
2026-09-01T17:37:37Z,2026-09-01T12:37:37Z,63.0,32.9,6.593,7.513,16.784
2026-09-01T17:38:37Z,2026-09-01T12:38:37Z,61.8,32.9,6.932,7.966,15.477
2026-09-01T17:39:37Z,2026-09-01T12:39:37Z,60.9,32.9,6.992,8.138,13.429
2026-09-01T17:40:37Z,2026-09-01T12:40:37Z,60.5,32.9,6.807,7.726,20.94
2026-09-01T17:41:37Z,2026-09-01T12:41:37Z,61.0,32.9,6.789,7.925,27.078
2026-09-01T17:42:37Z,2026-09-01T12:42:37Z,62.0,32.9,6.731,7.872,26.12
2026-09-01T17:43:38Z,2026-09-01T12:43:38Z,61.6,33.0,6.83,7.661,16.199
2026-09-01T17:44:38Z,2026-09-01T12:44:38Z,62.4,33.0,6.826,7.648,11.428
2026-09-01T17:45:38Z,2026-09-01T12:45:38Z,61.8,33.0,7.071,8.115,38.625
2026-09-01T17:46:38Z,2026-09-01T12:46:38Z,61.3,33.0,6.798,7.66,13.124
2026-09-01T17:47:38Z,2026-09-01T12:47:38Z,59.8,33.1,6.932,7.78,35.202
2026-09-01T17:48:38Z,2026-09-01T12:48:38Z,60.1,33.1,7.219,7.988,17.71
2026-09-01T17:49:38Z,2026-09-01T12:49:38Z,59.7,33.1,6.971,7.815,33.69
2026-09-01T17:50:38Z,2026-09-01T12:50:38Z,59.8,33.2,7.05,8.313,17.028
2026-09-01T17:51:38Z,2026-09-01T12:51:38Z,60.0,33.2,6.932,8.19,16.842
2026-09-01T17:52:38Z,2026-09-01T12:52:38Z,59.0,33.3,7.171,8.086,22.466
2026-09-01T17:53:38Z,2026-09-01T12:53:38Z,60.4,33.3,7.401,8.178,24.447
2026-09-01T17:54:38Z,2026-09-01T12:54:38Z,58.7,33.4,6.801,7.855,16.134
2026-09-01T17:55:38Z,2026-09-01T12:55:38Z,58.1,33.5,7.12,8.227,19.03
2026-09-01T17:56:38Z,2026-09-01T12:56:38Z,58.7,33.5,7.125,7.991,17.729
2026-09-01T17:57:38Z,2026-09-01T12:57:38Z,57.7,33.6,6.821,7.968,19.804
2026-09-01T17:58:38Z,2026-09-01T12:58:38Z,56.6,33.7,7.035,8.124,28.817
2026-09-01T17:59:38Z,2026-09-01T12:59:38Z,56.5,33.8,7.005,7.993,18.551
2026-09-01T18:00:38Z,2026-09-01T13:00:38Z,55.9,33.8,6.999,8.091,18.171
2026-09-01T18:01:38Z,2026-09-01T13:01:38Z,55.4,33.9,6.993,7.969,22.456
2026-09-01T18:02:38Z,2026-09-01T13:02:38Z,55.5,34.0,6.496,7.537,27.964
2026-09-01T18:03:38Z,2026-09-01T13:03:38Z,55.5,34.0,6.192,7.213,15.014
2026-09-01T18:04:38Z,2026-09-01T13:04:38Z,55.0,34.1,6.832,7.923,19.286
2026-09-01T18:05:38Z,2026-09-01T13:05:38Z,55.0,34.1,6.857,7.543,21.092
2026-09-01T18:06:38Z,2026-09-01T13:06:38Z,55.0,34.2,6.47,7.448,18.058
2026-09-01T18:07:39Z,2026-09-01T13:07:39Z,55.3,34.3,6.503,7.301,12.32
2026-09-01T18:08:39Z,2026-09-01T13:08:39Z,53.9,34.4,6.781,7.79,29.089
2026-09-01T18:09:39Z,2026-09-01T13:09:39Z,53.5,34.4,6.601,7.527,12.375
2026-09-01T18:10:39Z,2026-09-01T13:10:39Z,54.0,34.5,6.673,7.321,10.51
2026-09-01T18:11:39Z,2026-09-01T13:11:39Z,53.7,34.5,6.166,7.023,9.28
2026-09-01T18:12:39Z,2026-09-01T13:12:39Z,53.0,34.6,6.526,7.499,13.118
2026-09-01T18:13:39Z,2026-09-01T13:13:39Z,52.5,34.6,6.431,7.238,17.605
2026-09-01T18:14:39Z,2026-09-01T13:14:39Z,52.9,34.6,6.184,7.087,20.2
2026-09-01T18:15:39Z,2026-09-01T13:15:39Z,53.2,34.6,6.641,7.487,34.683
2026-09-01T18:16:39Z,2026-09-01T13:16:39Z,53.0,34.7,6.474,7.236,15.382
2026-09-01T18:17:39Z,2026-09-01T13:17:39Z,53.0,34.7,5.979,6.917,12.618
2026-09-01T18:18:39Z,2026-09-01T13:18:39Z,54.0,34.7,6.534,7.421,12.467
2026-09-01T18:19:39Z,2026-09-01T13:19:39Z,54.7,34.7,6.306,7.301,14.218
2026-09-01T18:20:39Z,2026-09-01T13:20:39Z,53.1,34.8,5.802,6.499,10.453
2026-09-01T18:21:39Z,2026-09-01T13:21:39Z,52.5,34.8,6.285,7.213,12.37
2026-09-01T18:22:39Z,2026-09-01T13:22:39Z,52.6,34.8,6.311,7.589,30.404
2026-09-01T18:23:39Z,2026-09-01T13:23:39Z,52.8,34.8,6.25,7.261,15.796
2026-09-01T18:24:39Z,2026-09-01T13:24:39Z,52.6,34.8,6.291,7.234,28.397
2026-09-01T18:25:39Z,2026-09-01T13:25:39Z,52.8,34.8,6.547,7.57,16.536
2026-09-01T18:26:39Z,2026-09-01T13:26:39Z,52.9,34.8,6.513,7.559,9.706
2026-09-01T18:27:39Z,2026-09-01T13:27:39Z,53.5,34.8,6.81,7.822,13.297
2026-09-01T18:28:40Z,2026-09-01T13:28:40Z,53.6,34.7,6.601,7.495,27.195
2026-09-01T18:29:36Z,2026-09-01T13:29:36Z,52.6,34.7,6.434,7.336,16.066
2026-09-01T18:30:36Z,2026-09-01T13:30:36Z,52.9,34.7,6.765,7.634,12.043
2026-09-01T18:31:36Z,2026-09-01T13:31:36Z,53.0,34.7,6.809,7.552,9.731
2026-09-01T18:32:36Z,2026-09-01T13:32:36Z,53.8,34.6,6.734,7.666,16.486
2026-09-01T18:33:36Z,2026-09-01T13:33:36Z,54.0,34.6,6.724,7.601,12.584
2026-09-01T18:34:36Z,2026-09-01T13:34:36Z,54.3,34.6,6.913,7.886,29.159
2026-09-01T18:35:36Z,2026-09-01T13:35:36Z,56.6,34.5,6.599,7.497,21.931
2026-09-01T18:36:37Z,2026-09-01T13:36:37Z,55.1,34.5,6.307,7.3,16.575
2026-09-01T18:37:37Z,2026-09-01T13:37:37Z,54.5,34.5,6.464,7.478,12.914
2026-09-01T18:38:37Z,2026-09-01T13:38:37Z,54.2,34.5,6.601,7.691,11.743
2026-09-01T18:39:37Z,2026-09-01T13:39:37Z,54.4,34.4,6.786,7.719,17.712
2026-09-01T18:40:37Z,2026-09-01T13:40:37Z,54.9,34.4,6.726,7.771,15.222
2026-09-01T18:41:37Z,2026-09-01T13:41:37Z,57.9,34.4,6.621,7.823,12.998
2026-09-01T18:42:37Z,2026-09-01T13:42:37Z,57.5,34.4,6.956,7.817,17.196
2026-09-01T18:43:37Z,2026-09-01T13:43:37Z,55.6,34.4,6.808,7.869,20.42
2026-09-01T18:44:37Z,2026-09-01T13:44:37Z,55.6,34.4,7.223,8.314,17.536
2026-09-01T18:45:37Z,2026-09-01T13:45:37Z,56.7,34.4,6.669,7.732,22.998
2026-09-01T18:46:37Z,2026-09-01T13:46:37Z,57.6,34.4,6.98,7.803,22.976
2026-09-01T18:47:37Z,2026-09-01T13:47:37Z,55.8,34.4,6.966,7.735,17.383
2026-09-01T18:48:37Z,2026-09-01T13:48:37Z,56.4,34.4,7.266,8.488,46.025
2026-09-01T18:49:37Z,2026-09-01T13:49:37Z,56.6,34.4,7.006,8.268,18.903
2026-09-01T18:50:37Z,2026-09-01T13:50:37Z,56.8,34.4,6.983,8.071,35.176
2026-09-01T18:51:37Z,2026-09-01T13:51:37Z,55.2,34.4,7.345,8.289,18.427
2026-09-01T18:52:37Z,2026-09-01T13:52:37Z,55.4,34.4,7.052,8.202,21.369
2026-09-01T18:53:37Z,2026-09-01T13:53:37Z,54.2,34.4,7.161,8.089,14.045
2026-09-01T18:54:37Z,2026-09-01T13:54:37Z,54.3,34.4,6.96,7.948,16.032
2026-09-01T18:55:37Z,2026-09-01T13:55:37Z,54.1,34.4,7.025,7.967,29.54
2026-09-01T18:56:37Z,2026-09-01T13:56:37Z,54.1,34.4,7.007,7.986,23.605
2026-09-01T18:57:38Z,2026-09-01T13:57:38Z,54.4,34.4,7.039,7.937,25.334
2026-09-01T18:58:38Z,2026-09-01T13:58:38Z,54.5,34.4,7.32,8.399,31.675
2026-09-01T18:59:38Z,2026-09-01T13:59:38Z,54.9,34.4,7.195,8.311,23.141
2026-09-01T19:00:38Z,2026-09-01T14:00:38Z,54.8,34.4,7.302,8.402,14.505
2026-09-01T19:01:38Z,2026-09-01T14:01:38Z,55.9,34.4,6.983,7.647,15.628
2026-09-01T19:02:38Z,2026-09-01T14:02:38Z,55.1,34.4,7.103,8.138,29.343
2026-09-01T19:03:38Z,2026-09-01T14:03:38Z,55.1,34.4,6.683,7.529,15.849
2026-09-01T19:04:38Z,2026-09-01T14:04:38Z,55.1,34.4,7.295,8.237,27.784
2026-09-01T19:05:38Z,2026-09-01T14:05:38Z,54.7,34.4,7.198,8.23,19.888
2026-09-01T19:06:38Z,2026-09-01T14:06:38Z,55.0,34.4,7.176,7.997,15.425
2026-09-01T19:07:38Z,2026-09-01T14:07:38Z,55.4,34.4,7.088,8.085,32.961
2026-09-01T19:08:38Z,2026-09-01T14:08:38Z,56.8,34.4,6.688,7.674,13.662
2026-09-01T19:09:38Z,2026-09-01T14:09:38Z,54.7,34.4,6.698,7.829,26.259
2026-09-01T19:10:38Z,2026-09-01T14:10:38Z,53.9,34.4,7.179,8.231,14.084
2026-09-01T19:11:38Z,2026-09-01T14:11:38Z,53.8,34.4,6.829,7.843,20.807
2026-09-01T19:12:38Z,2026-09-01T14:12:38Z,54.0,34.4,7.043,8.115,27.819
2026-09-01T19:13:38Z,2026-09-01T14:13:38Z,54.1,34.4,7.084,8.217,23.543
2026-09-01T19:14:38Z,2026-09-01T14:14:38Z,55.6,34.4,6.93,7.873,29.798
2026-09-01T19:15:38Z,2026-09-01T14:15:38Z,55.8,34.4,7.089,7.938,16.933
2026-09-01T19:16:38Z,2026-09-01T14:16:38Z,57.7,34.4,6.796,7.846,13.978
2026-09-01T19:17:38Z,2026-09-01T14:17:38Z,55.7,34.4,7.182,8.108,15.97
2026-09-01T19:18:39Z,2026-09-01T14:18:39Z,54.8,34.4,7.363,8.503,20.327
2026-09-01T19:19:39Z,2026-09-01T14:19:39Z,54.8,34.4,6.86,7.758,15.392
2026-09-01T19:20:39Z,2026-09-01T14:20:39Z,54.4,34.4,6.903,8.064,36.69
2026-09-01T19:21:39Z,2026-09-01T14:21:39Z,53.7,34.3,6.871,8.08,17.784
2026-09-01T19:22:39Z,2026-09-01T14:22:39Z,53.1,34.3,6.934,7.8,13.338
2026-09-01T19:23:39Z,2026-09-01T14:23:39Z,52.8,34.3,6.335,7.496,10.51
2026-09-01T19:24:39Z,2026-09-01T14:24:39Z,53.0,34.3,6.888,7.776,17.719
2026-09-01T19:25:39Z,2026-09-01T14:25:39Z,53.2,34.3,6.855,7.766,13.284
2026-09-01T19:26:39Z,2026-09-01T14:26:39Z,53.3,34.2,6.8,7.848,19.063
2026-09-01T19:27:39Z,2026-09-01T14:27:39Z,54.2,34.2,7.164,8.277,15.827
2026-09-01T19:28:39Z,2026-09-01T14:28:39Z,55.2,34.2,6.637,7.243,14.031
2026-09-01T19:29:39Z,2026-09-01T14:29:39Z,56.0,34.1,6.792,7.877,29.881
2026-09-01T19:30:39Z,2026-09-01T14:30:39Z,57.3,34.1,6.819,7.814,36.811
2026-09-01T19:31:39Z,2026-09-01T14:31:39Z,57.2,34.1,6.979,7.887,27.402
2026-09-01T19:32:39Z,2026-09-01T14:32:39Z,58.3,34.1,6.7,7.53,18.773
2026-09-01T19:33:39Z,2026-09-01T14:33:39Z,56.8,34.1,6.915,7.889,16.634
2026-09-01T19:34:39Z,2026-09-01T14:34:39Z,56.2,34.0,6.698,7.691,32.319
2026-09-01T19:35:39Z,2026-09-01T14:35:39Z,56.4,34.0,7.352,8.245,13.55
2026-09-01T19:36:39Z,2026-09-01T14:36:39Z,56.3,34.0,7.221,8.415,23.175
2026-09-01T19:37:39Z,2026-09-01T14:37:39Z,56.7,34.0,7.185,8.173,21.552
2026-09-01T19:38:39Z,2026-09-01T14:38:39Z,56.3,34.0,7.529,8.645,29.05
2026-09-01T19:39:39Z,2026-09-01T14:39:39Z,56.1,34.0,7.21,8.111,14.133
2026-09-01T19:40:39Z,2026-09-01T14:40:39Z,55.4,34.0,7.032,7.92,20.325
2026-09-01T19:41:39Z,2026-09-01T14:41:39Z,55.2,33.9,6.894,7.654,20.83
2026-09-01T19:42:39Z,2026-09-01T14:42:39Z,55.4,33.9,6.766,7.681,18.062
2026-09-01T19:43:40Z,2026-09-01T14:43:40Z,55.2,33.9,7.059,7.74,15.329
2026-09-01T19:44:40Z,2026-09-01T14:44:40Z,54.3,33.9,7.148,8.176,19.44
2026-09-01T19:45:40Z,2026-09-01T14:45:40Z,53.7,33.9,6.672,7.471,23.695
2026-09-01T19:46:40Z,2026-09-01T14:46:40Z,52.7,33.8,6.305,7.046,11.301
2026-09-01T19:47:40Z,2026-09-01T14:47:40Z,53.3,33.8,7.906,8.889,13.395
2026-09-01T19:48:40Z,2026-09-01T14:48:40Z,53.7,33.8,6.976,7.724,9.628
2026-09-01T19:49:40Z,2026-09-01T14:49:40Z,55.3,33.8,6.691,7.513,19.193
2026-09-01T19:50:40Z,2026-09-01T14:50:40Z,54.7,33.7,6.839,7.275,18.875
2026-09-01T19:51:40Z,2026-09-01T14:51:40Z,53.1,33.7,6.451,7.162,23.45
2026-09-01T19:52:40Z,2026-09-01T14:52:40Z,52.9,33.7,6.965,7.58,10.278
2026-09-01T19:53:40Z,2026-09-01T14:53:40Z,53.2,33.6,6.569,7.29,18.941
2026-09-01T19:54:40Z,2026-09-01T14:54:40Z,54.0,33.6,6.599,7.221,13.446
2026-09-01T19:55:40Z,2026-09-01T14:55:40Z,53.4,33.6,6.923,7.749,21.654
2026-09-01T19:56:40Z,2026-09-01T14:56:40Z,53.3,33.6,6.738,7.551,37.613
2026-09-01T19:57:40Z,2026-09-01T14:57:40Z,52.8,33.6,6.508,7.562,14.76
2026-09-01T19:58:40Z,2026-09-01T14:58:40Z,53.0,33.6,6.51,7.258,24.014
2026-09-01T19:59:40Z,2026-09-01T14:59:40Z,53.6,33.6,6.561,7.374,25.415
2026-09-01T20:00:40Z,2026-09-01T15:00:40Z,55.3,33.6,6.913,7.578,15.78
2026-09-01T20:01:40Z,2026-09-01T15:01:40Z,54.1,33.6,6.764,7.468,10.194
2026-09-01T20:02:40Z,2026-09-01T15:02:40Z,53.9,33.6,6.341,7.322,23.29
2026-09-01T20:03:40Z,2026-09-01T15:03:40Z,53.2,33.6,7.063,8.011,20.761
2026-09-01T20:04:37Z,2026-09-01T15:04:37Z,53.9,33.7,6.628,7.371,10.688
2026-09-01T20:05:37Z,2026-09-01T15:05:37Z,53.7,33.7,7.127,8.02,25.735
2026-09-01T20:06:37Z,2026-09-01T15:06:37Z,52.4,33.7,6.675,7.644,36.663
2026-09-01T20:07:37Z,2026-09-01T15:07:37Z,52.0,33.7,6.588,7.478,11.327
2026-09-01T20:08:37Z,2026-09-01T15:08:37Z,52.0,33.8,6.853,7.585,26.034
2026-09-01T20:09:37Z,2026-09-01T15:09:37Z,52.3,33.8,7.017,7.841,19.378
2026-09-01T20:10:37Z,2026-09-01T15:10:37Z,53.8,33.8,7.17,8.205,14.604
2026-09-01T20:11:37Z,2026-09-01T15:11:37Z,54.2,33.8,6.558,7.297,15.66
2026-09-01T20:12:38Z,2026-09-01T15:12:38Z,53.3,33.8,7.045,7.841,12.53
2026-09-01T20:13:38Z,2026-09-01T15:13:38Z,53.0,33.9,6.98,7.786,12.874
2026-09-01T20:14:38Z,2026-09-01T15:14:38Z,53.7,33.9,7.226,8.142,13.424
2026-09-01T20:15:38Z,2026-09-01T15:15:38Z,52.6,33.9,7.525,8.36,13.182
2026-09-01T20:16:38Z,2026-09-01T15:16:38Z,51.8,33.9,7.011,7.68,16.616
2026-09-01T20:17:38Z,2026-09-01T15:17:38Z,51.7,34.0,7.362,7.955,22.398
2026-09-01T20:18:38Z,2026-09-01T15:18:38Z,51.5,34.0,7.039,7.904,11.575
2026-09-01T20:19:38Z,2026-09-01T15:19:38Z,51.3,34.0,7.487,8.206,20.057
2026-09-01T20:20:38Z,2026-09-01T15:20:38Z,51.4,34.0,6.75,7.445,16.657
2026-09-01T20:21:38Z,2026-09-01T15:21:38Z,51.8,34.1,7.289,8.154,18.612
2026-09-01T20:22:38Z,2026-09-01T15:22:38Z,50.8,34.1,7.042,7.853,15.657
2026-09-01T20:23:38Z,2026-09-01T15:23:38Z,50.9,34.1,6.744,7.694,21.128
2026-09-01T20:24:38Z,2026-09-01T15:24:38Z,50.9,34.1,6.882,7.664,9.741
2026-09-01T20:25:38Z,2026-09-01T15:25:38Z,51.0,34.1,6.376,7.06,11.844
2026-09-01T20:26:38Z,2026-09-01T15:26:38Z,52.1,34.1,6.956,7.853,14.337
2026-09-01T20:27:38Z,2026-09-01T15:27:38Z,51.8,34.2,6.954,7.85,15.092
2026-09-01T20:28:38Z,2026-09-01T15:28:38Z,52.3,34.2,7.421,8.199,21.441
2026-09-01T20:29:38Z,2026-09-01T15:29:38Z,51.1,34.2,7.239,7.896,14.434
2026-09-01T20:30:38Z,2026-09-01T15:30:38Z,51.3,34.2,7.094,7.973,17.584
2026-09-01T20:31:38Z,2026-09-01T15:31:38Z,51.0,34.2,6.847,7.572,19.867
2026-09-01T20:32:38Z,2026-09-01T15:32:38Z,50.9,34.2,6.848,7.656,12.733
2026-09-01T20:33:38Z,2026-09-01T15:33:38Z,50.9,34.2,6.67,7.555,12.322
2026-09-01T20:34:39Z,2026-09-01T15:34:39Z,51.3,34.2,7.316,8.297,11.332
2026-09-01T20:35:39Z,2026-09-01T15:35:39Z,50.9,34.2,7.336,8.284,18.588
2026-09-01T20:36:39Z,2026-09-01T15:36:39Z,51.0,34.2,7.017,7.748,37.717
2026-09-01T20:37:39Z,2026-09-01T15:37:39Z,51.2,34.2,6.882,7.665,12.293
2026-09-01T20:38:39Z,2026-09-01T15:38:39Z,50.8,34.2,6.841,7.861,28.787
2026-09-01T20:39:39Z,2026-09-01T15:39:39Z,50.7,34.2,6.885,7.53,16.342
2026-09-01T20:40:39Z,2026-09-01T15:40:39Z,50.9,34.2,6.708,7.407,12.096
2026-09-01T20:41:39Z,2026-09-01T15:41:39Z,51.4,34.2,7.005,7.66,9.463
2026-09-01T20:42:39Z,2026-09-01T15:42:39Z,51.0,34.2,6.872,7.695,16.1
2026-09-01T20:43:39Z,2026-09-01T15:43:39Z,50.8,34.2,7.09,7.933,13.178
2026-09-01T20:44:39Z,2026-09-01T15:44:39Z,50.6,34.2,7.256,7.976,23.483
2026-09-01T20:45:39Z,2026-09-01T15:45:39Z,50.6,34.2,7.125,7.955,21.961
2026-09-01T20:46:39Z,2026-09-01T15:46:39Z,50.8,34.3,7.249,7.981,31.019
2026-09-01T20:47:39Z,2026-09-01T15:47:39Z,50.8,34.3,7.195,8.074,44.62
2026-09-01T20:48:39Z,2026-09-01T15:48:39Z,50.8,34.3,6.706,7.635,31.95
2026-09-01T20:49:39Z,2026-09-01T15:49:39Z,51.2,34.3,7.328,8.404,15.599
2026-09-01T20:50:39Z,2026-09-01T15:50:39Z,51.5,34.3,7.575,8.387,28.283
2026-09-01T20:51:39Z,2026-09-01T15:51:39Z,52.0,34.3,7.267,8.187,34.153
2026-09-01T20:52:39Z,2026-09-01T15:52:39Z,52.3,34.3,7.243,8.068,13.675
2026-09-01T20:53:39Z,2026-09-01T15:53:39Z,52.2,34.3,7.303,8.081,11.494
2026-09-01T20:54:39Z,2026-09-01T15:54:39Z,52.1,34.4,7.599,8.499,18.346
2026-09-01T20:55:39Z,2026-09-01T15:55:39Z,52.0,34.4,7.289,7.983,13.244
2026-09-01T20:56:39Z,2026-09-01T15:56:39Z,51.8,34.4,7.272,7.974,14.792
2026-09-01T20:57:40Z,2026-09-01T15:57:40Z,51.5,34.4,7.032,7.839,14.098
2026-09-01T20:58:40Z,2026-09-01T15:58:40Z,52.2,34.4,7.273,8.223,11.965
2026-09-01T20:59:40Z,2026-09-01T15:59:40Z,51.4,34.5,6.932,7.738,20.632
2026-09-01T21:00:40Z,2026-09-01T16:00:40Z,51.5,34.5,7.127,8.068,24.016
2026-09-01T21:01:40Z,2026-09-01T16:01:40Z,51.9,34.5,7.208,7.971,20.95
2026-09-01T21:02:40Z,2026-09-01T16:02:40Z,50.9,34.5,7.063,7.99,34.731
2026-09-01T21:03:40Z,2026-09-01T16:03:40Z,50.9,34.6,7.011,7.912,29.632
2026-09-01T21:04:40Z,2026-09-01T16:04:40Z,50.8,34.6,7.209,8.05,12.297
2026-09-01T21:05:40Z,2026-09-01T16:05:40Z,50.9,34.6,7.389,8.331,21.958
2026-09-01T21:06:40Z,2026-09-01T16:06:40Z,51.7,34.6,7.364,8.32,19.535
2026-09-01T21:07:40Z,2026-09-01T16:07:40Z,52.1,34.6,7.41,8.291,11.374
2026-09-01T21:08:40Z,2026-09-01T16:08:40Z,51.3,34.7,7.668,10.521,83.529
2026-09-01T21:09:40Z,2026-09-01T16:09:40Z,51.3,34.7,8.284,11.514,112.445
2026-09-01T21:10:40Z,2026-09-01T16:10:40Z,51.3,34.7,7.198,8.187,31.25
2026-09-01T21:11:40Z,2026-09-01T16:11:40Z,52.0,34.7,7.69,9.133,33.694
2026-09-01T21:12:40Z,2026-09-01T16:12:40Z,51.5,34.7,7.766,9.532,33.053
2026-09-01T21:13:40Z,2026-09-01T16:13:40Z,52.1,34.7,7.833,9.078,21.959
2026-09-01T21:14:40Z,2026-09-01T16:14:40Z,54.0,34.8,7.461,8.537,29.431
2026-09-01T21:15:40Z,2026-09-01T16:15:40Z,53.2,34.8,7.49,8.537,12.162
2026-09-01T21:16:40Z,2026-09-01T16:16:40Z,52.0,34.8,8.29,12.55,56.674
2026-09-01T21:17:40Z,2026-09-01T16:17:40Z,51.7,34.8,8.06,10.053,15.897
2026-09-01T21:18:41Z,2026-09-01T16:18:41Z,51.9,34.8,7.402,8.291,17.098
2026-09-01T21:19:41Z,2026-09-01T16:19:41Z,51.6,34.8,7.599,8.351,20.07
2026-09-01T21:20:41Z,2026-09-01T16:20:41Z,51.6,34.8,7.223,8.119,22.825
2026-09-01T21:21:41Z,2026-09-01T16:21:41Z,51.6,34.8,7.611,8.469,15.433
2026-09-01T21:22:41Z,2026-09-01T16:22:41Z,51.9,34.8,7.749,8.683,20.255
2026-09-01T21:23:41Z,2026-09-01T16:23:41Z,52.4,34.8,7.344,7.973,20.436
2026-09-01T21:24:37Z,2026-09-01T16:24:37Z,52.6,34.8,7.406,8.334,17.159
2026-09-01T21:25:37Z,2026-09-01T16:25:37Z,52.7,34.8,7.484,8.448,15.388
2026-09-01T21:26:38Z,2026-09-01T16:26:38Z,52.6,34.8,7.625,8.613,13.349
2026-09-01T21:27:38Z,2026-09-01T16:27:38Z,52.8,34.8,7.891,8.76,30.14
2026-09-01T21:28:38Z,2026-09-01T16:28:38Z,52.8,34.8,7.494,8.241,10.486
2026-09-01T21:29:38Z,2026-09-01T16:29:38Z,52.8,34.8,7.299,8.114,17.282
2026-09-01T21:30:38Z,2026-09-01T16:30:38Z,52.7,34.8,7.295,8.216,17.066
2026-09-01T21:31:38Z,2026-09-01T16:31:38Z,53.4,34.7,7.543,8.468,19.958
2026-09-01T21:32:38Z,2026-09-01T16:32:38Z,54.3,34.7,7.894,8.847,16.27
2026-09-01T21:33:38Z,2026-09-01T16:33:38Z,55.1,34.7,7.669,8.636,14.394
2026-09-01T21:34:38Z,2026-09-01T16:34:38Z,55.8,34.6,7.455,8.526,16.593
2026-09-01T21:35:38Z,2026-09-01T16:35:38Z,56.5,34.6,7.516,8.379,16.893
2026-09-01T21:36:38Z,2026-09-01T16:36:38Z,57.3,34.5,7.441,8.263,24.558
2026-09-01T21:37:38Z,2026-09-01T16:37:38Z,57.9,34.5,7.715,8.58,27.026
2026-09-01T21:38:38Z,2026-09-01T16:38:38Z,58.6,34.4,7.914,8.704,12.828
2026-09-01T21:39:38Z,2026-09-01T16:39:38Z,58.7,34.3,7.323,8.504,25.574
2026-09-01T21:40:38Z,2026-09-01T16:40:38Z,58.8,34.3,7.301,8.392,10.835
2026-09-01T21:41:38Z,2026-09-01T16:41:38Z,60.2,34.2,7.402,8.422,28.17
2026-09-01T21:42:38Z,2026-09-01T16:42:38Z,61.2,34.1,7.697,8.659,14.972
2026-09-01T21:43:38Z,2026-09-01T16:43:38Z,61.5,34.1,7.345,8.366,21.646
2026-09-01T21:44:38Z,2026-09-01T16:44:38Z,64.0,34.0,7.639,8.758,31.817
2026-09-01T21:45:38Z,2026-09-01T16:45:38Z,63.7,33.9,7.992,9.316,40.536
2026-09-01T21:46:38Z,2026-09-01T16:46:38Z,63.8,33.8,7.866,9.071,29.438
2026-09-01T21:47:38Z,2026-09-01T16:47:38Z,64.6,33.7,8.257,9.6,27.587
2026-09-01T21:48:38Z,2026-09-01T16:48:38Z,66.1,33.6,7.963,9.286,26.783
2026-09-01T21:49:38Z,2026-09-01T16:49:38Z,65.3,33.6,8.454,9.712,22.066
2026-09-01T21:50:39Z,2026-09-01T16:50:39Z,65.9,33.5,8.273,9.182,25.646
2026-09-01T21:51:39Z,2026-09-01T16:51:39Z,65.2,33.4,8.18,9.166,20.948
2026-09-01T21:52:39Z,2026-09-01T16:52:39Z,65.9,33.4,7.985,9.195,28.153
2026-09-01T21:53:39Z,2026-09-01T16:53:39Z,63.7,33.3,7.865,8.989,16.713
2026-09-01T21:54:39Z,2026-09-01T16:54:39Z,64.0,33.2,8.11,9.152,26.647
2026-09-01T21:55:39Z,2026-09-01T16:55:39Z,65.7,33.1,8.315,9.546,19.298
2026-09-01T21:56:39Z,2026-09-01T16:56:39Z,64.6,33.1,8.26,9.27,25.218
2026-09-01T21:57:39Z,2026-09-01T16:57:39Z,63.9,33.0,8.276,9.211,20.795
2026-09-01T21:58:39Z,2026-09-01T16:58:39Z,63.0,33.0,7.811,8.764,28.211
2026-09-01T21:59:39Z,2026-09-01T16:59:39Z,63.2,32.9,7.963,8.898,14.879
2026-09-01T22:00:39Z,2026-09-01T17:00:39Z,64.4,32.9,7.483,8.35,22.957
2026-09-01T22:01:39Z,2026-09-01T17:01:39Z,67.0,32.8,7.893,8.818,16.326
2026-09-01T22:02:39Z,2026-09-01T17:02:39Z,65.8,32.7,7.33,8.213,20.601
2026-09-01T22:03:39Z,2026-09-01T17:03:39Z,65.6,32.7,7.475,8.324,13.625
2026-09-01T22:04:39Z,2026-09-01T17:04:39Z,65.7,32.6,7.641,8.547,11.945
2026-09-01T22:05:39Z,2026-09-01T17:05:39Z,66.8,32.6,7.342,8.558,21.751
2026-09-01T22:06:39Z,2026-09-01T17:06:39Z,66.9,32.5,8.021,9.526,18.794
2026-09-01T22:07:39Z,2026-09-01T17:07:39Z,68.9,32.5,7.811,8.985,40.427
2026-09-01T22:08:39Z,2026-09-01T17:08:39Z,66.4,32.4,7.924,8.879,19.323
2026-09-01T22:09:39Z,2026-09-01T17:09:39Z,67.4,32.4,8.078,9.361,18.72
2026-09-01T22:10:39Z,2026-09-01T17:10:39Z,70.7,32.3,7.693,8.986,20.258
2026-09-01T22:11:40Z,2026-09-01T17:11:40Z,70.3,32.3,7.262,8.485,13.289
2026-09-01T22:12:40Z,2026-09-01T17:12:40Z,69.9,32.2,7.558,8.817,22.783
2026-09-01T22:13:40Z,2026-09-01T17:13:40Z,71.1,32.2,7.584,9.212,35.704
2026-09-01T22:14:40Z,2026-09-01T17:14:40Z,71.6,32.2,7.697,9.028,17.121
2026-09-01T22:15:40Z,2026-09-01T17:15:40Z,71.1,32.1,7.61,9.102,23.844
2026-09-01T22:16:40Z,2026-09-01T17:16:40Z,70.3,32.1,7.997,9.114,24.646
2026-09-01T22:17:40Z,2026-09-01T17:17:40Z,69.1,32.1,7.566,8.978,13.966
2026-09-01T22:18:40Z,2026-09-01T17:18:40Z,68.0,32.0,8.013,9.602,17.897
2026-09-01T22:19:40Z,2026-09-01T17:19:40Z,67.9,32.0,7.832,9.564,18.848
2026-09-01T22:20:40Z,2026-09-01T17:20:40Z,67.7,31.9,8.156,9.902,20.78
2026-09-01T22:21:40Z,2026-09-01T17:21:40Z,68.7,31.9,8.192,10.054,25.646
2026-09-01T22:22:40Z,2026-09-01T17:22:40Z,70.5,31.8,8.071,9.983,29.168
2026-09-01T22:23:40Z,2026-09-01T17:23:40Z,70.7,31.8,8.299,10.436,29.389
2026-09-01T22:24:40Z,2026-09-01T17:24:40Z,69.0,31.8,8.45,10.445,28.087
2026-09-01T22:25:40Z,2026-09-01T17:25:40Z,70.3,31.7,8.269,10.028,42.424
2026-09-01T22:26:40Z,2026-09-01T17:26:40Z,72.4,31.7,7.958,10.684,24.011
2026-09-01T22:27:40Z,2026-09-01T17:27:40Z,71.5,31.6,7.964,10.462,29.128
2026-09-01T22:28:40Z,2026-09-01T17:28:40Z,71.1,31.6,8.55,10.48,37.097
2026-09-01T22:29:40Z,2026-09-01T17:29:40Z,71.4,31.5,8.713,10.83,27.34
2026-09-01T22:30:40Z,2026-09-01T17:30:40Z,72.4,31.5,8.695,11.252,38.931
2026-09-01T22:31:40Z,2026-09-01T17:31:40Z,72.2,31.5,8.992,11.064,31.808
2026-09-01T22:32:40Z,2026-09-01T17:32:40Z,73.4,31.4,8.765,10.695,24.799
2026-09-01T22:33:40Z,2026-09-01T17:33:40Z,73.8,31.4,9.263,11.49,40.455
2026-09-01T22:34:40Z,2026-09-01T17:34:40Z,73.3,31.4,8.993,10.586,51.862
2026-09-01T22:35:40Z,2026-09-01T17:35:40Z,74.0,31.3,8.822,10.616,30.678
2026-09-01T22:36:40Z,2026-09-01T17:36:40Z,74.3,31.3,9.223,10.745,30.026
2026-09-01T22:37:41Z,2026-09-01T17:37:41Z,74.8,31.3,9.142,11.083,28.919
2026-09-01T22:38:41Z,2026-09-01T17:38:41Z,75.0,31.2,8.952,11.228,34.874
2026-09-01T22:39:41Z,2026-09-01T17:39:41Z,73.5,31.2,9.035,10.708,23.092
2026-09-01T22:40:41Z,2026-09-01T17:40:41Z,73.2,31.2,8.728,10.141,20.81
2026-09-01T22:41:41Z,2026-09-01T17:41:41Z,73.1,31.2,8.582,10.092,19.724
2026-09-01T22:42:41Z,2026-09-01T17:42:41Z,73.1,31.2,8.619,10.141,18.774
2026-09-01T22:43:41Z,2026-09-01T17:43:41Z,71.9,31.2,8.213,9.752,21.414
2026-09-01T22:44:38Z,2026-09-01T17:44:38Z,72.1,31.1,7.945,9.229,18.575
2026-09-01T22:45:38Z,2026-09-01T17:45:38Z,72.0,31.1,8.305,9.459,19.551
2026-09-01T22:46:38Z,2026-09-01T17:46:38Z,71.4,31.1,8.164,9.338,27.248
2026-09-01T22:47:38Z,2026-09-01T17:47:38Z,70.8,31.1,7.26,8.414,13.42
2026-09-01T22:48:38Z,2026-09-01T17:48:38Z,71.0,31.0,7.277,8.314,19.753
2026-09-01T22:49:38Z,2026-09-01T17:49:38Z,71.4,31.0,7.437,8.323,18.879
2026-09-01T22:50:38Z,2026-09-01T17:50:38Z,70.9,31.0,7.696,8.72,13.17
2026-09-01T22:51:38Z,2026-09-01T17:51:38Z,70.9,30.9,7.096,8.113,11.899
2026-09-01T22:52:38Z,2026-09-01T17:52:38Z,71.5,30.9,7.107,8.035,31.666
2026-09-01T22:53:38Z,2026-09-01T17:53:38Z,71.5,30.9,7.352,8.138,20.618
2026-09-01T22:54:38Z,2026-09-01T17:54:38Z,72.0,30.9,7.065,7.993,15.978
2026-09-01T22:55:38Z,2026-09-01T17:55:38Z,72.0,30.9,7.312,8.27,12.459
2026-09-01T22:56:38Z,2026-09-01T17:56:38Z,71.5,30.9,7.512,8.491,12.793
2026-09-01T22:57:38Z,2026-09-01T17:57:38Z,71.8,30.9,6.766,7.607,14.437
2026-09-01T22:58:38Z,2026-09-01T17:58:38Z,71.4,30.8,6.974,7.719,17.494
2026-09-01T22:59:38Z,2026-09-01T17:59:38Z,71.1,30.8,7.277,8.294,17.059
2026-09-01T23:00:38Z,2026-09-01T18:00:38Z,71.7,30.8,6.966,7.914,10.602
2026-09-01T23:01:38Z,2026-09-01T18:01:38Z,72.0,30.8,7.072,7.676,13.6
2026-09-01T23:02:38Z,2026-09-01T18:02:38Z,71.6,30.8,6.82,7.789,14.971
2026-09-01T23:03:39Z,2026-09-01T18:03:39Z,71.9,30.8,7.255,8.129,13.598
2026-09-01T23:04:39Z,2026-09-01T18:04:39Z,72.1,30.8,6.939,7.981,17.356
2026-09-01T23:05:39Z,2026-09-01T18:05:39Z,72.6,30.8,6.828,7.612,9.693
2026-09-01T23:06:39Z,2026-09-01T18:06:39Z,71.8,30.8,6.799,7.62,13.16
2026-09-01T23:07:39Z,2026-09-01T18:07:39Z,72.5,30.8,6.707,7.749,10.144
2026-09-01T23:08:39Z,2026-09-01T18:08:39Z,72.1,30.8,6.798,7.445,23.223
2026-09-01T23:09:39Z,2026-09-01T18:09:39Z,71.3,30.8,6.79,7.474,10.884
2026-09-01T23:10:39Z,2026-09-01T18:10:39Z,71.8,30.7,6.374,7.221,9.815
2026-09-01T23:11:39Z,2026-09-01T18:11:39Z,71.5,30.7,6.923,7.735,12.372
2026-09-01T23:12:39Z,2026-09-01T18:12:39Z,71.4,30.7,6.812,7.468,8.648
2026-09-01T23:13:39Z,2026-09-01T18:13:39Z,72.0,30.7,6.974,7.887,13.176
2026-09-01T23:14:39Z,2026-09-01T18:14:39Z,72.3,30.7,6.786,7.668,13.622
2026-09-01T23:15:39Z,2026-09-01T18:15:39Z,71.7,30.7,6.363,7.135,8.804
2026-09-01T23:16:39Z,2026-09-01T18:16:39Z,71.0,30.7,6.319,6.92,10.702
2026-09-01T23:17:39Z,2026-09-01T18:17:39Z,71.2,30.7,6.554,7.203,15.482
2026-09-01T23:18:39Z,2026-09-01T18:18:39Z,71.4,30.7,6.204,6.982,7.802
2026-09-01T23:19:39Z,2026-09-01T18:19:39Z,71.2,30.7,6.409,7.054,13.19
2026-09-01T23:20:39Z,2026-09-01T18:20:39Z,71.2,30.6,6.716,7.485,13.454
2026-09-01T23:21:39Z,2026-09-01T18:21:39Z,70.9,30.6,6.396,7.213,16.026
2026-09-01T23:22:39Z,2026-09-01T18:22:39Z,71.2,30.6,6.697,7.584,17.477
2026-09-01T23:23:40Z,2026-09-01T18:23:40Z,71.3,30.6,6.641,7.465,12.867
2026-09-01T23:24:40Z,2026-09-01T18:24:40Z,71.6,30.6,6.722,7.454,14.848
2026-09-01T23:25:40Z,2026-09-01T18:25:40Z,71.5,30.6,6.267,6.915,9.727
2026-09-01T23:26:40Z,2026-09-01T18:26:40Z,70.7,30.6,6.715,7.279,21.635
2026-09-01T23:27:40Z,2026-09-01T18:27:40Z,71.0,30.6,6.768,7.388,16.833
2026-09-01T23:28:40Z,2026-09-01T18:28:40Z,71.4,30.5,6.494,7.249,11.281
2026-09-01T23:29:40Z,2026-09-01T18:29:40Z,71.4,30.5,6.217,7.033,9.844
2026-09-01T23:30:40Z,2026-09-01T18:30:40Z,71.8,30.5,6.719,7.566,26.163
2026-09-01T23:31:40Z,2026-09-01T18:31:40Z,71.3,30.5,6.427,7.289,11.033
2026-09-01T23:32:40Z,2026-09-01T18:32:40Z,71.3,30.5,6.512,7.295,12.797
2026-09-01T23:33:40Z,2026-09-01T18:33:40Z,71.0,30.5,6.566,7.481,12.261
2026-09-01T23:34:40Z,2026-09-01T18:34:40Z,71.0,30.5,6.55,7.413,12.663
2026-09-01T23:35:40Z,2026-09-01T18:35:40Z,70.9,30.5,6.366,7.195,13.051
2026-09-01T23:36:40Z,2026-09-01T18:36:40Z,70.1,30.5,6.168,6.905,8.841
2026-09-01T23:37:40Z,2026-09-01T18:37:40Z,70.3,30.5,6.398,6.962,11.773
2026-09-01T23:38:40Z,2026-09-01T18:38:40Z,70.7,30.5,5.86,6.454,15.386
2026-09-01T23:39:40Z,2026-09-01T18:39:40Z,70.5,30.5,5.823,6.556,11.059
2026-09-01T23:40:40Z,2026-09-01T18:40:40Z,70.4,30.5,5.922,6.492,8.958
2026-09-01T23:41:40Z,2026-09-01T18:41:40Z,69.8,30.4,5.77,6.516,7.665
2026-09-01T23:42:40Z,2026-09-01T18:42:40Z,69.8,30.4,6.043,6.777,10.307
2026-09-01T23:43:40Z,2026-09-01T18:43:40Z,69.7,30.4,6.256,7.197,12.316
2026-09-01T23:44:40Z,2026-09-01T18:44:40Z,69.7,30.4,6.393,7.108,10.096
2026-09-01T23:45:40Z,2026-09-01T18:45:40Z,69.6,30.4,6.103,6.85,17.678
2026-09-01T23:46:41Z,2026-09-01T18:46:41Z,69.5,30.4,6.064,6.606,8.622
2026-09-01T23:47:41Z,2026-09-01T18:47:41Z,69.4,30.4,6.037,6.524,25.735
2026-09-01T23:48:41Z,2026-09-01T18:48:41Z,69.4,30.4,6.053,6.5,15.542
2026-09-01T23:49:41Z,2026-09-01T18:49:41Z,69.5,30.4,6.137,6.797,8.246
2026-09-01T23:50:41Z,2026-09-01T18:50:41Z,69.4,30.4,6.044,6.541,10.577
2026-09-01T23:51:41Z,2026-09-01T18:51:41Z,69.7,30.3,5.915,6.699,7.747
2026-09-01T23:52:41Z,2026-09-01T18:52:41Z,69.5,30.3,5.802,6.268,7.195
2026-09-01T23:53:41Z,2026-09-01T18:53:41Z,69.8,30.3,6.005,6.556,8.476
2026-09-01T23:54:41Z,2026-09-01T18:54:41Z,69.8,30.3,6.134,6.84,7.801
2026-09-01T23:55:41Z,2026-09-01T18:55:41Z,69.8,30.3,5.825,6.594,11.818
2026-09-01T23:56:41Z,2026-09-01T18:56:41Z,70.0,30.3,5.996,6.663,12.181
2026-09-01T23:57:41Z,2026-09-01T18:57:41Z,69.9,30.3,6.274,6.914,7.356
2026-09-01T23:58:41Z,2026-09-01T18:58:41Z,69.5,30.3,6.047,6.633,21.952
2026-09-01T23:59:38Z,2026-09-01T18:59:38Z,69.8,30.3,6.159,6.78,11.452
2026-09-02T00:00:38Z,2026-09-01T19:00:38Z,69.0,30.3,6.015,6.707,8.095
2026-09-02T00:01:38Z,2026-09-01T19:01:38Z,69.4,30.3,6.033,6.598,7.84
2026-09-02T00:02:38Z,2026-09-01T19:02:38Z,69.2,30.3,6.186,7.03,17.521
2026-09-02T00:03:38Z,2026-09-01T19:03:38Z,69.0,30.3,6.474,7.122,12.399
2026-09-02T00:04:38Z,2026-09-01T19:04:38Z,68.9,30.3,6.005,6.645,17.944
2026-09-02T00:05:38Z,2026-09-01T19:05:38Z,69.1,30.3,6.005,6.761,8.996
2026-09-02T00:06:38Z,2026-09-01T19:06:38Z,68.8,30.2,6.085,6.834,7.878
2026-09-02T00:07:38Z,2026-09-01T19:07:38Z,68.5,30.2,5.855,6.674,11.033
2026-09-02T00:08:38Z,2026-09-01T19:08:38Z,68.6,30.2,5.551,6.09,8.34
2026-09-02T00:09:38Z,2026-09-01T19:09:38Z,68.0,30.2,5.251,5.788,11.543
2026-09-02T00:10:38Z,2026-09-01T19:10:38Z,68.0,30.2,5.62,6.164,12.646
2026-09-02T00:11:38Z,2026-09-01T19:11:38Z,68.1,30.2,5.547,5.988,11.133
2026-09-02T00:12:38Z,2026-09-01T19:12:38Z,68.0,30.2,5.343,5.805,8.019
2026-09-02T00:13:38Z,2026-09-01T19:13:38Z,68.3,30.2,5.513,6.075,10.971
2026-09-02T00:14:39Z,2026-09-01T19:14:39Z,68.2,30.2,5.293,5.733,12.316
2026-09-02T00:15:39Z,2026-09-01T19:15:39Z,68.3,30.2,5.018,5.468,6.635
2026-09-02T00:16:39Z,2026-09-01T19:16:39Z,68.7,30.2,4.996,5.544,6.537
2026-09-02T00:17:39Z,2026-09-01T19:17:39Z,68.1,30.2,5.223,5.758,10.974
2026-09-02T00:18:39Z,2026-09-01T19:18:39Z,68.3,30.2,5.415,5.857,7.614
2026-09-02T00:19:39Z,2026-09-01T19:19:39Z,69.1,30.2,5.25,5.738,7.184
2026-09-02T00:20:39Z,2026-09-01T19:20:39Z,68.6,30.2,5.294,5.741,7.771
2026-09-02T00:21:39Z,2026-09-01T19:21:39Z,68.8,30.2,5.172,5.646,6.813
2026-09-02T00:22:39Z,2026-09-01T19:22:39Z,68.6,30.2,5.377,5.856,10.457
2026-09-02T00:23:39Z,2026-09-01T19:23:39Z,68.7,30.1,5.435,6.122,8.527
2026-09-02T00:24:39Z,2026-09-01T19:24:39Z,68.4,30.1,5.343,6.024,14.489
2026-09-02T00:25:39Z,2026-09-01T19:25:39Z,68.5,30.1,5.301,5.881,9.263
2026-09-02T00:26:39Z,2026-09-01T19:26:39Z,68.1,30.1,5.285,5.659,6.302
2026-09-02T00:27:39Z,2026-09-01T19:27:39Z,67.8,30.1,5.197,5.706,6.936
2026-09-02T00:28:39Z,2026-09-01T19:28:39Z,68.0,30.1,5.114,5.787,7.209
2026-09-02T00:29:39Z,2026-09-01T19:29:39Z,68.2,30.1,5.069,5.423,11.27
2026-09-02T00:30:39Z,2026-09-01T19:30:39Z,68.4,30.1,5.364,5.748,8.508
2026-09-02T00:31:39Z,2026-09-01T19:31:39Z,68.3,30.1,5.593,6.125,7.419
2026-09-02T00:32:39Z,2026-09-01T19:32:39Z,68.2,30.1,5.341,6.171,7.018
2026-09-02T00:33:39Z,2026-09-01T19:33:39Z,68.2,30.1,5.342,5.802,18.421
2026-09-02T00:34:39Z,2026-09-01T19:34:39Z,67.9,30.1,4.949,5.518,10.484
2026-09-02T00:35:39Z,2026-09-01T19:35:39Z,67.9,30.1,4.994,5.485,8.373
2026-09-02T00:36:39Z,2026-09-01T19:36:39Z,67.8,30.0,4.814,5.338,7.018
2026-09-02T00:37:40Z,2026-09-01T19:37:40Z,67.9,30.0,5.154,5.575,7.479
2026-09-02T00:38:40Z,2026-09-01T19:38:40Z,68.3,30.0,5.411,6.194,7.824
2026-09-02T00:39:40Z,2026-09-01T19:39:40Z,68.8,30.0,5.303,5.863,6.419
2026-09-02T00:40:40Z,2026-09-01T19:40:40Z,68.8,30.0,5.643,6.11,7.643
2026-09-02T00:41:40Z,2026-09-01T19:41:40Z,68.7,30.0,5.405,6.148,7.318
2026-09-02T00:42:40Z,2026-09-01T19:42:40Z,69.7,30.0,5.275,5.723,7.986
2026-09-02T00:43:40Z,2026-09-01T19:43:40Z,69.6,30.0,5.376,5.881,11.628
2026-09-02T00:44:40Z,2026-09-01T19:44:40Z,68.8,30.0,5.546,6.256,7.572
2026-09-02T00:45:40Z,2026-09-01T19:45:40Z,69.2,30.0,5.456,6.018,10.578
2026-09-02T00:46:40Z,2026-09-01T19:46:40Z,69.1,29.9,5.145,5.777,7.803
2026-09-02T00:47:40Z,2026-09-01T19:47:40Z,68.5,29.9,5.377,5.979,22.551
2026-09-02T00:48:40Z,2026-09-01T19:48:40Z,68.5,29.9,4.943,5.504,7.928
2026-09-02T00:49:40Z,2026-09-01T19:49:40Z,68.5,29.9,5.401,6.05,8.518
2026-09-02T00:50:40Z,2026-09-01T19:50:40Z,68.6,29.9,5.207,5.74,6.563
2026-09-02T00:51:40Z,2026-09-01T19:51:40Z,68.5,29.9,5.303,5.967,6.238
2026-09-02T00:52:40Z,2026-09-01T19:52:40Z,68.5,29.9,5.106,5.581,7.462
2026-09-02T00:53:40Z,2026-09-01T19:53:40Z,68.7,29.9,5.355,5.89,10.262
2026-09-02T00:54:40Z,2026-09-01T19:54:40Z,68.9,29.9,4.991,5.649,18.949
2026-09-02T00:55:40Z,2026-09-01T19:55:40Z,69.1,29.9,5.012,5.709,6.911
2026-09-02T00:56:40Z,2026-09-01T19:56:40Z,69.2,29.8,5.18,5.993,6.898
2026-09-02T00:57:40Z,2026-09-01T19:57:40Z,69.2,29.8,5.083,5.56,6.504
2026-09-02T00:58:41Z,2026-09-01T19:58:41Z,68.8,29.8,5.317,5.865,12.826
2026-09-02T00:59:41Z,2026-09-01T19:59:41Z,68.7,29.8,5.078,5.688,7.914
2026-09-02T01:00:41Z,2026-09-01T20:00:41Z,68.7,29.8,4.89,5.351,13.177
2026-09-02T01:01:41Z,2026-09-01T20:01:41Z,68.9,29.8,4.813,5.137,5.86
2026-09-02T01:02:41Z,2026-09-01T20:02:41Z,69.4,29.8,5.166,5.789,19.867
2026-09-02T01:03:41Z,2026-09-01T20:03:41Z,69.3,29.8,5.077,5.461,7.771
2026-09-02T01:04:41Z,2026-09-01T20:04:41Z,69.5,29.8,5.234,5.872,6.806
2026-09-02T01:05:41Z,2026-09-01T20:05:41Z,69.1,29.8,5.421,5.928,9.168
2026-09-02T01:06:41Z,2026-09-01T20:06:41Z,69.4,29.7,5.01,5.706,6.215
2026-09-02T01:07:41Z,2026-09-01T20:07:41Z,69.6,29.7,5.045,5.593,6.796
2026-09-02T01:08:41Z,2026-09-01T20:08:41Z,69.3,29.7,5.298,6.031,6.906
2026-09-02T01:09:41Z,2026-09-01T20:09:41Z,69.3,29.7,4.987,5.431,7.3
2026-09-02T01:10:41Z,2026-09-01T20:10:41Z,69.4,29.7,5.376,5.828,6.331
2026-09-02T01:11:41Z,2026-09-01T20:11:41Z,69.6,29.7,5.537,6.002,22.229
2026-09-02T01:12:41Z,2026-09-01T20:12:41Z,69.6,29.7,5.372,5.877,6.998
2026-09-02T01:13:41Z,2026-09-01T20:13:41Z,69.5,29.7,4.991,5.673,12.621
2026-09-02T01:14:41Z,2026-09-01T20:14:41Z,69.5,29.7,5.386,5.857,10.87
2026-09-02T01:15:41Z,2026-09-01T20:15:41Z,69.5,29.7,5.067,5.604,9.038
2026-09-02T01:16:41Z,2026-09-01T20:16:41Z,69.5,29.7,5.054,5.484,16.32
2026-09-02T01:17:41Z,2026-09-01T20:17:41Z,69.8,29.7,5.297,5.895,7.857
2026-09-02T01:18:41Z,2026-09-01T20:18:41Z,69.6,29.7,5.527,5.984,7.171
2026-09-02T01:19:38Z,2026-09-01T20:19:38Z,69.8,29.7,4.972,5.751,11.056
2026-09-02T01:20:38Z,2026-09-01T20:20:38Z,69.6,29.7,5.013,5.605,6.833
2026-09-02T01:21:38Z,2026-09-01T20:21:38Z,69.6,29.6,5.032,5.593,7.889
2026-09-02T01:22:38Z,2026-09-01T20:22:38Z,69.7,29.7,5.205,5.936,7.787
2026-09-02T01:23:38Z,2026-09-01T20:23:38Z,69.6,29.6,5.203,5.605,6.826
2026-09-02T01:24:38Z,2026-09-01T20:24:38Z,69.6,29.6,5.463,5.96,7.029
2026-09-02T01:25:38Z,2026-09-01T20:25:38Z,69.9,29.6,5.472,5.972,7.411
2026-09-02T01:26:38Z,2026-09-01T20:26:38Z,69.7,29.6,5.642,6.142,7.181
2026-09-02T01:27:38Z,2026-09-01T20:27:38Z,69.9,29.6,5.464,5.95,7.078
2026-09-02T01:28:38Z,2026-09-01T20:28:38Z,70.0,29.6,5.377,5.917,9.248
2026-09-02T01:29:39Z,2026-09-01T20:29:39Z,69.9,29.6,5.62,6.205,15.775
2026-09-02T01:30:39Z,2026-09-01T20:30:39Z,69.7,29.6,5.929,6.434,9.132
2026-09-02T01:31:39Z,2026-09-01T20:31:39Z,69.6,29.6,5.805,6.33,6.818
2026-09-02T01:32:39Z,2026-09-01T20:32:39Z,69.5,29.6,5.837,6.586,11.156
2026-09-02T01:33:39Z,2026-09-01T20:33:39Z,69.9,29.6,5.655,6.307,8.247
2026-09-02T01:34:39Z,2026-09-01T20:34:39Z,70.7,29.6,5.655,6.222,14.297
2026-09-02T01:35:39Z,2026-09-01T20:35:39Z,70.2,29.6,5.474,6.257,7.366
2026-09-02T01:36:39Z,2026-09-01T20:36:39Z,71.3,29.6,5.682,6.157,19.701
2026-09-02T01:37:39Z,2026-09-01T20:37:39Z,70.5,29.6,5.599,6.34,9.566
2026-09-02T01:38:39Z,2026-09-01T20:38:39Z,70.7,29.6,5.396,5.911,9.645
2026-09-02T01:39:39Z,2026-09-01T20:39:39Z,70.9,29.6,4.855,5.492,10.485
2026-09-02T01:40:39Z,2026-09-01T20:40:39Z,70.6,29.6,5.364,5.887,12.735
2026-09-02T01:41:39Z,2026-09-01T20:41:39Z,69.6,29.6,4.893,5.395,9.056
2026-09-02T01:42:39Z,2026-09-01T20:42:39Z,69.6,29.6,5.276,5.92,9.403
2026-09-02T01:43:39Z,2026-09-01T20:43:39Z,70.1,29.6,4.984,5.502,25.607
2026-09-02T01:44:39Z,2026-09-01T20:44:39Z,70.0,29.6,5.117,5.684,6.767
2026-09-02T01:45:39Z,2026-09-01T20:45:39Z,71.9,29.6,5.152,5.861,8.423
2026-09-02T01:46:39Z,2026-09-01T20:46:39Z,72.1,29.6,5.084,5.636,7.08
2026-09-02T01:47:39Z,2026-09-01T20:47:39Z,70.7,29.6,4.894,5.399,7.668
2026-09-02T01:48:39Z,2026-09-01T20:48:39Z,70.5,29.6,4.878,5.536,7.227
2026-09-02T01:49:39Z,2026-09-01T20:49:39Z,71.0,29.6,4.79,5.217,9.439
2026-09-02T01:50:40Z,2026-09-01T20:50:40Z,71.0,29.6,4.931,5.335,6.068
2026-09-02T01:51:40Z,2026-09-01T20:51:40Z,71.2,29.6,4.685,5.177,7.45
2026-09-02T01:52:40Z,2026-09-01T20:52:40Z,70.7,29.6,4.746,5.194,5.512
2026-09-02T01:53:40Z,2026-09-01T20:53:40Z,70.5,29.6,4.891,5.564,7.421
2026-09-02T01:54:40Z,2026-09-01T20:54:40Z,71.5,29.5,4.971,5.669,7.651
2026-09-02T01:55:40Z,2026-09-01T20:55:40Z,71.3,29.5,4.49,4.988,8.002
2026-09-02T01:56:40Z,2026-09-01T20:56:40Z,71.4,29.5,4.878,5.334,6.188
2026-09-02T01:57:40Z,2026-09-01T20:57:40Z,71.2,29.5,4.512,5.042,6.051
2026-09-02T01:58:40Z,2026-09-01T20:58:40Z,71.1,29.5,4.754,5.297,6.107
2026-09-02T01:59:40Z,2026-09-01T20:59:40Z,71.5,29.5,4.547,5.084,7.55
2026-09-02T02:00:40Z,2026-09-01T21:00:40Z,72.5,29.5,4.612,5.432,7.337
2026-09-02T02:01:40Z,2026-09-01T21:01:40Z,70.8,29.5,5.013,5.444,7.276
2026-09-02T02:02:40Z,2026-09-01T21:02:40Z,70.8,29.5,4.744,5.458,10.749
2026-09-02T02:03:40Z,2026-09-01T21:03:40Z,71.5,29.5,4.356,4.725,7.98
2026-09-02T02:04:40Z,2026-09-01T21:04:40Z,72.0,29.5,4.852,5.386,9.068
2026-09-02T02:05:40Z,2026-09-01T21:05:40Z,72.5,29.4,4.832,5.421,8.449
2026-09-02T02:06:40Z,2026-09-01T21:06:40Z,72.7,29.4,4.767,5.554,12.479
2026-09-02T02:07:40Z,2026-09-01T21:07:40Z,72.6,29.4,4.54,5.101,8.394
2026-09-02T02:08:40Z,2026-09-01T21:08:40Z,72.6,29.4,4.827,5.405,8.221
2026-09-02T02:09:41Z,2026-09-01T21:09:41Z,72.3,29.4,4.232,5.051,6.373
2026-09-02T02:10:41Z,2026-09-01T21:10:41Z,72.0,29.4,4.618,5.032,7.577
2026-09-02T02:11:41Z,2026-09-01T21:11:41Z,72.3,29.3,4.439,4.896,7.351
2026-09-02T02:12:41Z,2026-09-01T21:12:41Z,71.6,29.3,4.646,5.18,5.387
2026-09-02T02:13:41Z,2026-09-01T21:13:41Z,71.8,29.3,4.368,4.828,9.228
2026-09-02T02:14:41Z,2026-09-01T21:14:41Z,71.2,29.3,4.159,4.715,15.837
2026-09-02T02:15:41Z,2026-09-01T21:15:41Z,72.1,29.3,4.378,4.89,7.025
2026-09-02T02:16:41Z,2026-09-01T21:16:41Z,72.3,29.3,4.368,5.016,11.319
2026-09-02T02:17:41Z,2026-09-01T21:17:41Z,71.9,29.3,4.117,4.584,14.583
2026-09-02T02:18:41Z,2026-09-01T21:18:41Z,71.5,29.3,4.135,4.902,6.449
2026-09-02T02:19:41Z,2026-09-01T21:19:41Z,71.3,29.2,4.082,4.675,7.817
2026-09-02T02:20:41Z,2026-09-01T21:20:41Z,71.6,29.2,4.254,4.776,12.223
2026-09-02T02:21:41Z,2026-09-01T21:21:41Z,71.6,29.2,3.859,4.503,9.748
2026-09-02T02:22:41Z,2026-09-01T21:22:41Z,71.8,29.2,4.168,4.801,9.634
2026-09-02T02:23:41Z,2026-09-01T21:23:41Z,72.0,29.2,4.283,5.0,14.6
2026-09-02T02:24:41Z,2026-09-01T21:24:41Z,71.4,29.2,4.211,4.713,13.87
2026-09-02T02:25:41Z,2026-09-01T21:25:41Z,71.7,29.2,4.169,4.689,6.995
2026-09-02T02:26:41Z,2026-09-01T21:26:41Z,72.2,29.2,3.827,4.406,5.258
2026-09-02T02:27:41Z,2026-09-01T21:27:41Z,72.3,29.1,4.115,4.522,15.462
2026-09-02T02:28:41Z,2026-09-01T21:28:41Z,72.5,29.1,3.986,4.668,10.52
2026-09-02T02:29:38Z,2026-09-01T21:29:38Z,72.7,29.1,3.912,4.597,8.442
2026-09-02T02:30:38Z,2026-09-01T21:30:38Z,72.2,29.1,4.002,4.676,18.32
2026-09-02T02:31:38Z,2026-09-01T21:31:38Z,71.9,29.1,4.072,4.727,7.658
2026-09-02T02:32:38Z,2026-09-01T21:32:38Z,71.8,29.1,3.836,4.489,5.797
2026-09-02T02:33:38Z,2026-09-01T21:33:38Z,72.0,29.1,3.936,4.492,6.399
2026-09-02T02:34:38Z,2026-09-01T21:34:38Z,72.2,29.1,4.054,4.822,9.345
2026-09-02T02:35:38Z,2026-09-01T21:35:38Z,72.4,29.0,3.741,4.353,7.511
2026-09-02T02:36:39Z,2026-09-01T21:36:39Z,72.6,29.0,4.231,4.894,16.031
2026-09-02T02:37:39Z,2026-09-01T21:37:39Z,73.3,29.0,4.061,4.647,9.823
2026-09-02T02:38:39Z,2026-09-01T21:38:39Z,72.5,29.0,4.097,4.703,7.166
2026-09-02T02:39:39Z,2026-09-01T21:39:39Z,72.9,29.0,3.72,4.164,5.76
2026-09-02T02:40:39Z,2026-09-01T21:40:39Z,72.7,29.0,4.103,4.769,10.213
2026-09-02T02:41:39Z,2026-09-01T21:41:39Z,72.6,29.0,3.961,4.552,6.869
2026-09-02T02:42:39Z,2026-09-01T21:42:39Z,72.3,29.0,3.729,4.309,7.505
2026-09-02T02:43:39Z,2026-09-01T21:43:39Z,72.3,29.0,3.836,4.352,7.308
2026-09-02T02:44:39Z,2026-09-01T21:44:39Z,72.2,28.9,3.767,4.395,8.415
2026-09-02T02:45:39Z,2026-09-01T21:45:39Z,72.1,28.9,3.841,4.317,11.056
2026-09-02T02:46:39Z,2026-09-01T21:46:39Z,71.9,28.9,3.628,4.085,7.746
2026-09-02T02:47:39Z,2026-09-01T21:47:39Z,71.6,28.9,3.758,4.327,6.059
2026-09-02T02:48:39Z,2026-09-01T21:48:39Z,71.7,28.9,3.745,4.41,4.899
2026-09-02T02:49:39Z,2026-09-01T21:49:39Z,72.3,28.9,3.841,4.285,7.248
2026-09-02T02:50:39Z,2026-09-01T21:50:39Z,72.9,28.9,3.774,4.378,10.623
2026-09-02T02:51:39Z,2026-09-01T21:51:39Z,72.5,28.9,3.319,3.731,5.111
2026-09-02T02:52:39Z,2026-09-01T21:52:39Z,72.4,28.9,3.945,4.518,5.803
2026-09-02T02:53:39Z,2026-09-01T21:53:39Z,72.3,28.9,3.791,4.461,7.387
2026-09-02T02:54:39Z,2026-09-01T21:54:39Z,71.8,28.9,3.776,4.166,9.106
2026-09-02T02:55:39Z,2026-09-01T21:55:39Z,72.1,28.9,3.838,4.257,15.885
2026-09-02T02:56:39Z,2026-09-01T21:56:39Z,72.0,28.9,3.671,4.281,15.458
2026-09-02T02:57:39Z,2026-09-01T21:57:39Z,72.2,28.9,3.53,4.271,10.04
2026-09-02T02:58:39Z,2026-09-01T21:58:39Z,72.4,28.8,3.579,3.999,5.309
2026-09-02T02:59:39Z,2026-09-01T21:59:39Z,72.5,28.8,3.792,4.34,7.08
2026-09-02T03:00:39Z,2026-09-01T22:00:39Z,72.6,28.8,3.615,4.118,8.628
2026-09-02T03:01:40Z,2026-09-01T22:01:40Z,73.1,28.8,3.561,3.864,5.664
2026-09-02T03:02:40Z,2026-09-01T22:02:40Z,72.5,28.8,3.506,4.001,9.693
2026-09-02T03:03:40Z,2026-09-01T22:03:40Z,72.5,28.8,3.783,4.39,10.659
2026-09-02T03:04:40Z,2026-09-01T22:04:40Z,72.4,28.8,3.561,4.002,5.703
2026-09-02T03:05:40Z,2026-09-01T22:05:40Z,73.0,28.8,3.477,4.145,9.804
2026-09-02T03:06:40Z,2026-09-01T22:06:40Z,72.6,28.8,3.757,4.346,18.632
2026-09-02T03:07:40Z,2026-09-01T22:07:40Z,72.2,28.8,3.542,4.096,9.233
2026-09-02T03:08:40Z,2026-09-01T22:08:40Z,72.2,28.8,3.381,3.975,5.243
2026-09-02T03:09:40Z,2026-09-01T22:09:40Z,71.9,28.8,3.806,4.325,5.692
2026-09-02T03:10:40Z,2026-09-01T22:10:40Z,72.1,28.7,3.742,4.253,5.833
2026-09-02T03:11:40Z,2026-09-01T22:11:40Z,72.6,28.7,3.675,4.201,6.381
2026-09-02T03:12:40Z,2026-09-01T22:12:40Z,72.8,28.7,3.817,4.211,22.991
2026-09-02T03:13:40Z,2026-09-01T22:13:40Z,73.0,28.7,3.545,4.024,10.188
2026-09-02T03:14:40Z,2026-09-01T22:14:40Z,72.5,28.7,3.841,4.378,10.062
2026-09-02T03:15:40Z,2026-09-01T22:15:40Z,72.6,28.7,3.778,4.371,13.132
2026-09-02T03:16:40Z,2026-09-01T22:16:40Z,72.7,28.7,4.025,4.645,7.502
2026-09-02T03:17:40Z,2026-09-01T22:17:40Z,72.9,28.7,3.802,4.352,10.744
2026-09-02T03:18:40Z,2026-09-01T22:18:40Z,73.1,28.7,3.85,4.448,11.345
2026-09-02T03:19:40Z,2026-09-01T22:19:40Z,74.0,28.7,3.95,4.514,9.275
2026-09-02T03:20:40Z,2026-09-01T22:20:40Z,73.5,28.7,4.158,4.617,16.923
2026-09-02T03:21:40Z,2026-09-01T22:21:40Z,73.3,28.7,4.126,4.738,8.917
2026-09-02T03:22:40Z,2026-09-01T22:22:40Z,73.2,28.7,3.873,4.367,15.076
2026-09-02T03:23:41Z,2026-09-01T22:23:41Z,73.8,28.7,3.815,4.652,6.918
2026-09-02T03:24:41Z,2026-09-01T22:24:41Z,73.7,28.6,4.097,4.662,5.163
2026-09-02T03:25:41Z,2026-09-01T22:25:41Z,73.8,28.6,4.242,4.917,11.335
2026-09-02T03:26:41Z,2026-09-01T22:26:41Z,73.4,28.6,4.074,4.658,5.681
2026-09-02T03:27:41Z,2026-09-01T22:27:41Z,73.8,28.6,4.212,4.991,14.614
2026-09-02T03:28:41Z,2026-09-01T22:28:41Z,74.1,28.6,3.975,4.678,10.401
2026-09-02T03:29:41Z,2026-09-01T22:29:41Z,74.0,28.6,4.34,4.964,13.157
2026-09-02T03:30:41Z,2026-09-01T22:30:41Z,74.0,28.6,4.177,4.928,14.923
2026-09-02T03:31:41Z,2026-09-01T22:31:41Z,74.0,28.6,4.269,4.849,15.5
2026-09-02T03:32:41Z,2026-09-01T22:32:41Z,73.9,28.6,4.23,4.938,28.206
2026-09-02T03:33:41Z,2026-09-01T22:33:41Z,74.0,28.6,4.271,5.115,9.896
2026-09-02T03:34:41Z,2026-09-01T22:34:41Z,73.8,28.6,4.165,4.675,6.064
2026-09-02T03:35:41Z,2026-09-01T22:35:41Z,73.9,28.6,4.35,5.064,19.234
2026-09-02T03:36:41Z,2026-09-01T22:36:41Z,73.6,28.6,4.469,5.087,11.06
2026-09-02T03:37:41Z,2026-09-01T22:37:41Z,73.5,28.6,4.663,5.485,9.143
2026-09-02T03:38:41Z,2026-09-01T22:38:41Z,73.7,28.6,4.537,5.225,9.313
2026-09-02T03:39:41Z,2026-09-01T22:39:41Z,73.5,28.6,4.257,4.776,8.47
2026-09-02T03:40:41Z,2026-09-01T22:40:41Z,73.4,28.6,4.433,4.998,7.677
2026-09-02T03:41:41Z,2026-09-01T22:41:41Z,73.4,28.6,4.501,5.038,9.123
2026-09-02T03:42:41Z,2026-09-01T22:42:41Z,73.3,28.6,4.527,5.186,8.182
2026-09-02T03:43:41Z,2026-09-01T22:43:41Z,73.2,28.6,4.531,5.341,16.349
2026-09-02T03:44:41Z,2026-09-01T22:44:41Z,73.4,28.5,4.618,5.264,7.848
2026-09-02T03:45:41Z,2026-09-01T22:45:41Z,73.6,28.5,4.739,5.555,8.157
2026-09-02T03:46:41Z,2026-09-01T22:46:41Z,73.8,28.5,4.531,5.161,11.52
2026-09-02T03:47:41Z,2026-09-01T22:47:41Z,73.8,28.5,4.712,5.575,8.967
2026-09-02T03:48:41Z,2026-09-01T22:48:41Z,73.8,28.5,4.945,5.589,8.075
2026-09-02T03:49:41Z,2026-09-01T22:49:41Z,73.7,28.5,4.944,5.478,7.761
2026-09-02T03:50:42Z,2026-09-01T22:50:42Z,73.9,28.5,4.927,5.443,7.529
2026-09-02T03:51:42Z,2026-09-01T22:51:42Z,74.3,28.5,4.867,5.525,8.332
2026-09-02T03:52:42Z,2026-09-01T22:52:42Z,74.6,28.5,4.938,5.539,15.388
2026-09-02T03:53:42Z,2026-09-01T22:53:42Z,74.5,28.5,5.021,5.504,9.014
2026-09-02T03:54:42Z,2026-09-01T22:54:42Z,74.7,28.5,4.959,5.65,8.851
2026-09-02T03:55:42Z,2026-09-01T22:55:42Z,74.5,28.5,5.032,5.615,9.981
2026-09-02T03:56:42Z,2026-09-01T22:56:42Z,74.5,28.5,4.901,5.54,16.989
2026-09-02T03:57:42Z,2026-09-01T22:57:42Z,74.7,28.4,4.754,5.2,7.803
2026-09-02T03:58:42Z,2026-09-01T22:58:42Z,74.6,28.4,5.016,5.795,7.368
2026-09-02T03:59:39Z,2026-09-01T22:59:39Z,75.1,28.4,5.174,5.811,11.17
2026-09-02T04:00:39Z,2026-09-01T23:00:39Z,75.6,28.4,4.876,5.445,14.084
2026-09-02T04:01:39Z,2026-09-01T23:01:39Z,74.9,28.4,5.378,5.805,8.739
2026-09-02T04:02:39Z,2026-09-01T23:02:39Z,75.2,28.4,5.066,5.813,7.873
2026-09-02T04:03:39Z,2026-09-01T23:03:39Z,74.9,28.4,5.055,5.552,14.605
2026-09-02T04:04:39Z,2026-09-01T23:04:39Z,74.9,28.4,5.387,5.935,11.27
2026-09-02T04:05:39Z,2026-09-01T23:05:39Z,74.9,28.4,5.155,5.767,10.405
2026-09-02T04:06:39Z,2026-09-01T23:06:39Z,75.4,28.4,5.27,5.825,8.685
2026-09-02T04:07:39Z,2026-09-01T23:07:39Z,75.5,28.4,5.134,5.736,24.638
2026-09-02T04:08:39Z,2026-09-01T23:08:39Z,74.8,28.4,5.279,5.995,6.977
2026-09-02T04:09:39Z,2026-09-01T23:09:39Z,74.6,28.4,4.981,5.471,9.81
2026-09-02T04:10:39Z,2026-09-01T23:10:39Z,75.4,28.4,5.027,5.582,9.243
2026-09-02T04:11:39Z,2026-09-01T23:11:39Z,74.6,28.4,4.938,5.505,13.208
2026-09-02T04:12:39Z,2026-09-01T23:12:39Z,74.7,28.4,4.924,5.5,8.261
2026-09-02T04:13:39Z,2026-09-01T23:13:39Z,75.1,28.4,5.203,5.741,13.451
2026-09-02T04:14:39Z,2026-09-01T23:14:39Z,75.0,28.4,5.063,5.679,8.11
2026-09-02T04:15:39Z,2026-09-01T23:15:39Z,74.9,28.4,4.934,5.588,9.433
2026-09-02T04:16:40Z,2026-09-01T23:16:40Z,75.1,28.4,5.118,5.81,9.027
2026-09-02T04:17:40Z,2026-09-01T23:17:40Z,74.5,28.4,4.797,5.252,10.962
2026-09-02T04:18:40Z,2026-09-01T23:18:40Z,74.3,28.4,5.199,5.793,9.098
2026-09-02T04:19:40Z,2026-09-01T23:19:40Z,74.3,28.4,4.773,5.394,10.347
2026-09-02T04:20:40Z,2026-09-01T23:20:40Z,74.1,28.4,5.191,5.736,16.436
2026-09-02T04:21:40Z,2026-09-01T23:21:40Z,74.1,28.4,5.12,5.724,13.234
2026-09-02T04:22:40Z,2026-09-01T23:22:40Z,74.0,28.4,5.131,5.742,11.747
2026-09-02T04:23:40Z,2026-09-01T23:23:40Z,74.0,28.4,4.778,5.474,7.497
2026-09-02T04:24:40Z,2026-09-01T23:24:40Z,73.9,28.4,4.867,5.65,12.864
2026-09-02T04:25:40Z,2026-09-01T23:25:40Z,73.8,28.4,4.933,5.45,8.002
2026-09-02T04:26:40Z,2026-09-01T23:26:40Z,73.8,28.4,4.568,5.089,9.626
2026-09-02T04:27:40Z,2026-09-01T23:27:40Z,73.8,28.4,4.841,5.337,9.06
2026-09-02T04:28:40Z,2026-09-01T23:28:40Z,74.2,28.4,4.872,5.582,10.242
2026-09-02T04:29:40Z,2026-09-01T23:29:40Z,74.4,28.4,4.781,5.419,6.441
2026-09-02T04:30:40Z,2026-09-01T23:30:40Z,73.7,28.4,4.778,5.251,5.842
2026-09-02T04:31:40Z,2026-09-01T23:31:40Z,73.7,28.4,4.726,5.243,7.022
2026-09-02T04:32:40Z,2026-09-01T23:32:40Z,73.4,28.4,4.468,5.063,8.027
2026-09-02T04:33:40Z,2026-09-01T23:33:40Z,73.4,28.4,4.446,5.241,10.759
2026-09-02T04:34:40Z,2026-09-01T23:34:40Z,73.5,28.4,4.584,5.062,6.454
2026-09-02T04:35:40Z,2026-09-01T23:35:40Z,73.6,28.4,4.978,5.605,8.135
2026-09-02T04:36:40Z,2026-09-01T23:36:40Z,73.5,28.4,4.871,5.467,8.358
2026-09-02T04:37:40Z,2026-09-01T23:37:40Z,73.4,28.4,4.656,5.183,6.785
2026-09-02T04:38:40Z,2026-09-01T23:38:40Z,73.6,28.4,4.671,5.221,9.724
2026-09-02T04:39:40Z,2026-09-01T23:39:40Z,73.7,28.4,4.66,5.219,5.877
2026-09-02T04:40:41Z,2026-09-01T23:40:41Z,73.7,28.4,5.045,5.589,8.003
2026-09-02T04:41:41Z,2026-09-01T23:41:41Z,73.8,28.4,4.836,5.638,8.343
2026-09-02T04:42:41Z,2026-09-01T23:42:41Z,73.6,28.4,4.764,5.409,11.031
2026-09-02T04:43:41Z,2026-09-01T23:43:41Z,73.8,28.4,4.644,5.403,11.682
2026-09-02T04:44:41Z,2026-09-01T23:44:41Z,74.0,28.4,4.463,5.09,18.204
2026-09-02T04:45:41Z,2026-09-01T23:45:41Z,73.8,28.4,4.735,5.269,10.833
2026-09-02T04:46:41Z,2026-09-01T23:46:41Z,73.8,28.4,4.674,5.032,6.854
2026-09-02T04:47:41Z,2026-09-01T23:47:41Z,73.6,28.4,4.546,5.008,20.132
2026-09-02T04:48:41Z,2026-09-01T23:48:41Z,73.5,28.4,4.525,5.182,9.679
2026-09-02T04:49:41Z,2026-09-01T23:49:41Z,73.5,28.4,4.649,5.235,8.843
2026-09-02T04:50:41Z,2026-09-01T23:50:41Z,73.8,28.4,4.665,5.143,7.804
2026-09-02T04:51:41Z,2026-09-01T23:51:41Z,73.7,28.4,4.795,5.467,9.383
2026-09-02T04:52:41Z,2026-09-01T23:52:41Z,74.0,28.4,4.61,5.307,12.177
2026-09-02T04:53:41Z,2026-09-01T23:53:41Z,73.8,28.4,4.702,5.169,7.952
2026-09-02T04:54:41Z,2026-09-01T23:54:41Z,73.5,28.4,4.946,5.654,13.003
2026-09-02T04:55:41Z,2026-09-01T23:55:41Z,73.9,28.4,4.669,5.159,21.323
2026-09-02T04:56:41Z,2026-09-01T23:56:41Z,74.0,28.4,4.725,5.208,8.441
2026-09-02T04:57:41Z,2026-09-01T23:57:41Z,73.9,28.4,4.607,5.225,9.653
2026-09-02T04:58:41Z,2026-09-01T23:58:41Z,74.2,28.3,4.684,5.304,8.538
2026-09-02T04:59:42Z,2026-09-01T23:59:42Z,73.8,28.4,4.811,5.429,11.153
2026-09-02T05:00:42Z,2026-09-02T00:00:42Z,74.3,28.3,4.777,5.198,11.826
2026-09-02T05:01:42Z,2026-09-02T00:01:42Z,73.8,28.4,4.765,5.226,6.851
2026-09-02T05:02:42Z,2026-09-02T00:02:42Z,73.6,28.4,4.518,4.949,17.346
2026-09-02T05:03:42Z,2026-09-02T00:03:42Z,73.8,28.4,4.68,5.29,9.366
2026-09-02T05:04:42Z,2026-09-02T00:04:42Z,74.1,28.4,4.429,4.817,9.906
2026-09-02T05:05:42Z,2026-09-02T00:05:42Z,73.6,28.4,4.574,5.187,9.881
2026-09-02T05:06:42Z,2026-09-02T00:06:42Z,73.6,28.4,4.516,5.266,8.192
2026-09-02T05:07:42Z,2026-09-02T00:07:42Z,73.1,28.4,4.397,4.966,5.902
2026-09-02T05:08:42Z,2026-09-02T00:08:42Z,74.1,28.4,4.448,4.877,10.486
2026-09-02T05:09:42Z,2026-09-02T00:09:42Z,74.0,28.4,4.399,4.97,6.991
2026-09-02T05:10:42Z,2026-09-02T00:10:42Z,74.0,28.4,4.44,4.928,6.849
2026-09-02T05:11:42Z,2026-09-02T00:11:42Z,74.1,28.4,4.467,4.969,8.199
2026-09-02T05:12:42Z,2026-09-02T00:12:42Z,73.8,28.4,4.449,4.989,11.044
2026-09-02T05:13:42Z,2026-09-02T00:13:42Z,74.0,28.4,4.422,4.937,11.179
2026-09-02T05:14:39Z,2026-09-02T00:14:39Z,73.7,28.4,4.387,5.07,9.35
2026-09-02T05:15:39Z,2026-09-02T00:15:39Z,73.2,28.4,4.617,5.268,10.942
2026-09-02T05:16:39Z,2026-09-02T00:16:39Z,73.4,28.4,4.526,4.944,6.992
2026-09-02T05:17:39Z,2026-09-02T00:17:39Z,73.3,28.4,4.301,4.943,15.756
2026-09-02T05:18:39Z,2026-09-02T00:18:39Z,72.9,28.4,4.376,4.945,9.553
2026-09-02T05:19:39Z,2026-09-02T00:19:39Z,73.2,28.4,4.276,5.003,12.678
2026-09-02T05:20:39Z,2026-09-02T00:20:39Z,72.8,28.4,4.329,4.912,7.859
2026-09-02T05:21:39Z,2026-09-02T00:21:39Z,72.8,28.4,4.647,5.207,6.009
2026-09-02T05:22:39Z,2026-09-02T00:22:39Z,73.0,28.4,4.441,5.125,7.626
2026-09-02T05:23:39Z,2026-09-02T00:23:39Z,73.3,28.4,4.239,4.84,14.027
2026-09-02T05:24:39Z,2026-09-02T00:24:39Z,73.0,28.4,4.281,4.738,14.791
2026-09-02T05:25:39Z,2026-09-02T00:25:39Z,72.7,28.4,4.3,4.638,8.667
2026-09-02T05:26:40Z,2026-09-02T00:26:40Z,72.6,28.4,4.298,4.858,6.647
2026-09-02T05:27:40Z,2026-09-02T00:27:40Z,72.9,28.4,4.718,5.256,12.586
2026-09-02T05:28:40Z,2026-09-02T00:28:40Z,72.6,28.4,4.367,4.921,8.053
2026-09-02T05:29:40Z,2026-09-02T00:29:40Z,72.6,28.4,4.51,5.039,14.296
2026-09-02T05:30:40Z,2026-09-02T00:30:40Z,72.8,28.4,4.515,5.109,6.664
2026-09-02T05:31:40Z,2026-09-02T00:31:40Z,73.0,28.4,4.834,5.536,8.525
2026-09-02T05:32:40Z,2026-09-02T00:32:40Z,72.8,28.4,4.726,5.424,13.669
2026-09-02T05:33:40Z,2026-09-02T00:33:40Z,72.9,28.4,4.64,5.315,24.817
2026-09-02T05:34:40Z,2026-09-02T00:34:40Z,73.0,28.5,4.485,5.443,9.56
2026-09-02T05:35:40Z,2026-09-02T00:35:40Z,72.7,28.5,4.658,5.322,10.998
2026-09-02T05:36:40Z,2026-09-02T00:36:40Z,73.2,28.5,4.421,5.281,12.164
2026-09-02T05:37:40Z,2026-09-02T00:37:40Z,72.8,28.5,4.419,5.117,7.476
2026-09-02T05:38:40Z,2026-09-02T00:38:40Z,73.1,28.5,4.246,4.899,9.687
2026-09-02T05:39:40Z,2026-09-02T00:39:40Z,72.7,28.5,4.691,5.478,7.498
2026-09-02T05:40:40Z,2026-09-02T00:40:40Z,72.7,28.5,4.261,4.813,9.424
2026-09-02T05:41:40Z,2026-09-02T00:41:40Z,72.5,28.5,4.384,4.91,9.351
2026-09-02T05:42:40Z,2026-09-02T00:42:40Z,73.3,28.5,4.641,5.314,9.793
2026-09-02T05:43:40Z,2026-09-02T00:43:40Z,73.4,28.5,4.496,5.297,9.418
2026-09-02T05:44:40Z,2026-09-02T00:44:40Z,72.7,28.5,4.489,4.994,6.411
2026-09-02T05:45:40Z,2026-09-02T00:45:40Z,72.7,28.5,4.792,5.472,15.944
2026-09-02T05:46:40Z,2026-09-02T00:46:40Z,72.6,28.5,4.63,5.2,7.296
2026-09-02T05:47:40Z,2026-09-02T00:47:40Z,73.3,28.5,4.697,5.306,10.451
2026-09-02T05:48:41Z,2026-09-02T00:48:41Z,73.5,28.5,4.886,5.389,8.846
2026-09-02T05:49:41Z,2026-09-02T00:49:41Z,73.3,28.5,4.342,5.024,9.36
2026-09-02T05:50:41Z,2026-09-02T00:50:41Z,72.9,28.5,4.487,5.09,13.572
2026-09-02T05:51:41Z,2026-09-02T00:51:41Z,73.3,28.5,4.759,5.364,16.445
2026-09-02T05:52:41Z,2026-09-02T00:52:41Z,73.0,28.5,4.564,5.092,9.549
2026-09-02T05:53:41Z,2026-09-02T00:53:41Z,72.9,28.5,4.521,5.248,7.008
2026-09-02T05:54:41Z,2026-09-02T00:54:41Z,72.9,28.5,4.831,5.497,9.589
2026-09-02T05:55:41Z,2026-09-02T00:55:41Z,72.8,28.5,4.714,5.218,9.787
2026-09-02T05:56:41Z,2026-09-02T00:56:41Z,72.6,28.5,4.976,5.559,13.411
2026-09-02T05:57:41Z,2026-09-02T00:57:41Z,72.4,28.5,4.472,5.107,7.401
2026-09-02T05:58:41Z,2026-09-02T00:58:41Z,72.3,28.5,4.534,5.179,6.348
2026-09-02T05:59:41Z,2026-09-02T00:59:41Z,72.8,28.6,4.856,5.515,11.768
2026-09-02T06:00:41Z,2026-09-02T01:00:41Z,72.7,28.6,4.74,5.33,8.958
2026-09-02T06:01:41Z,2026-09-02T01:01:41Z,72.3,28.6,4.722,5.263,5.66
2026-09-02T06:02:41Z,2026-09-02T01:02:41Z,72.1,28.6,4.95,5.536,18.82
2026-09-02T06:03:41Z,2026-09-02T01:03:41Z,72.2,28.6,4.798,5.507,10.152
2026-09-02T06:04:41Z,2026-09-02T01:04:41Z,72.6,28.6,4.837,5.512,7.727
2026-09-02T06:05:41Z,2026-09-02T01:05:41Z,73.5,28.6,4.749,5.46,13.77
2026-09-02T06:06:42Z,2026-09-02T01:06:42Z,72.3,28.6,4.867,5.415,19.199
2026-09-02T06:07:42Z,2026-09-02T01:07:42Z,72.2,28.6,4.887,5.433,7.824
2026-09-02T06:08:42Z,2026-09-02T01:08:42Z,72.2,28.6,5.276,5.965,12.22
2026-09-02T06:09:42Z,2026-09-02T01:09:42Z,72.1,28.6,5.075,5.669,11.734
2026-09-02T06:10:42Z,2026-09-02T01:10:42Z,71.9,28.7,5.154,5.741,15.681
2026-09-02T06:11:42Z,2026-09-02T01:11:42Z,72.2,28.7,5.266,6.005,7.599
2026-09-02T06:12:42Z,2026-09-02T01:12:42Z,72.5,28.7,5.156,5.675,8.49
2026-09-02T06:13:42Z,2026-09-02T01:13:42Z,72.4,28.7,5.145,5.81,11.568
2026-09-02T06:14:42Z,2026-09-02T01:14:42Z,72.2,28.7,5.137,5.835,7.818
2026-09-02T06:15:42Z,2026-09-02T01:15:42Z,72.4,28.7,5.593,6.337,9.67
2026-09-02T06:16:42Z,2026-09-02T01:16:42Z,72.6,28.7,5.629,6.428,24.791
2026-09-02T06:17:42Z,2026-09-02T01:17:42Z,72.8,28.7,5.769,6.595,11.682
2026-09-02T06:18:42Z,2026-09-02T01:18:42Z,72.7,28.7,5.845,6.543,13.564
2026-09-02T06:19:42Z,2026-09-02T01:19:42Z,72.8,28.7,5.503,6.093,20.799
2026-09-02T06:20:42Z,2026-09-02T01:20:42Z,73.0,28.7,5.529,6.236,13.218
2026-09-02T06:21:42Z,2026-09-02T01:21:42Z,73.0,28.7,5.328,6.115,12.476
2026-09-02T06:22:42Z,2026-09-02T01:22:42Z,73.2,28.7,5.783,6.811,14.382
2026-09-02T06:23:42Z,2026-09-02T01:23:42Z,73.3,28.7,5.842,6.514,28.934
2026-09-02T06:24:42Z,2026-09-02T01:24:42Z,73.3,28.7,5.707,6.427,10.001
2026-09-02T06:25:42Z,2026-09-02T01:25:42Z,73.6,28.7,5.716,6.82,12.892
2026-09-02T06:26:42Z,2026-09-02T01:26:42Z,73.6,28.7,5.547,6.391,9.742
2026-09-02T06:27:42Z,2026-09-02T01:27:42Z,73.8,28.7,5.845,7.071,13.928
2026-09-02T06:28:42Z,2026-09-02T01:28:42Z,73.6,28.7,5.724,6.705,18.871
2026-09-02T06:29:39Z,2026-09-02T01:29:39Z,74.1,28.7,5.542,6.501,15.673
2026-09-02T06:30:39Z,2026-09-02T01:30:39Z,74.8,28.8,5.777,7.039,25.905
2026-09-02T06:31:39Z,2026-09-02T01:31:39Z,74.6,28.8,5.566,6.762,19.459
2026-09-02T06:32:39Z,2026-09-02T01:32:39Z,75.4,28.8,5.667,6.811,12.933
2026-09-02T06:33:39Z,2026-09-02T01:33:39Z,75.8,28.8,5.627,6.86,11.721
2026-09-02T06:34:40Z,2026-09-02T01:34:40Z,75.7,28.8,5.805,6.89,17.879
2026-09-02T06:35:40Z,2026-09-02T01:35:40Z,76.1,28.8,5.583,6.984,15.364
2026-09-02T06:36:40Z,2026-09-02T01:36:40Z,76.1,28.8,5.321,6.7,22.377
2026-09-02T06:37:40Z,2026-09-02T01:37:40Z,76.5,28.8,5.558,7.362,18.923
2026-09-02T06:38:40Z,2026-09-02T01:38:40Z,77.0,28.8,5.563,7.1,41.33
2026-09-02T06:39:40Z,2026-09-02T01:39:40Z,77.2,28.8,5.671,7.214,15.962
2026-09-02T06:40:40Z,2026-09-02T01:40:40Z,77.0,28.8,5.605,7.314,26.97
2026-09-02T06:41:40Z,2026-09-02T01:41:40Z,77.1,28.8,5.531,6.931,26.771
2026-09-02T06:42:40Z,2026-09-02T01:42:40Z,77.0,28.8,5.627,7.256,28.257
2026-09-02T06:43:40Z,2026-09-02T01:43:40Z,77.2,28.8,5.358,6.834,29.306
2026-09-02T06:44:40Z,2026-09-02T01:44:40Z,77.2,28.8,6.089,7.957,54.145
2026-09-02T06:45:40Z,2026-09-02T01:45:40Z,77.6,28.8,5.837,7.683,21.92
2026-09-02T06:46:40Z,2026-09-02T01:46:40Z,77.6,28.8,5.427,7.33,39.698
2026-09-02T06:47:40Z,2026-09-02T01:47:40Z,77.6,28.9,5.336,6.991,24.536
2026-09-02T06:48:40Z,2026-09-02T01:48:40Z,78.0,28.9,5.779,7.418,22.695
2026-09-02T06:49:40Z,2026-09-02T01:49:40Z,78.2,28.9,5.549,7.227,20.504
2026-09-02T06:50:40Z,2026-09-02T01:50:40Z,77.9,28.9,5.68,7.685,27.502
2026-09-02T06:51:40Z,2026-09-02T01:51:40Z,78.0,28.9,5.644,7.824,29.501
2026-09-02T06:52:40Z,2026-09-02T01:52:40Z,78.1,28.9,5.44,7.432,26.715
2026-09-02T06:53:40Z,2026-09-02T01:53:40Z,78.2,28.9,5.375,7.335,31.653
2026-09-02T06:54:40Z,2026-09-02T01:54:40Z,78.4,28.9,5.551,7.104,33.504
2026-09-02T06:55:41Z,2026-09-02T01:55:41Z,78.6,28.9,5.283,7.396,29.292
2026-09-02T06:56:41Z,2026-09-02T01:56:41Z,78.6,28.9,5.408,7.606,45.735
2026-09-02T06:57:41Z,2026-09-02T01:57:41Z,78.5,28.9,5.403,7.998,39.029
2026-09-02T06:58:41Z,2026-09-02T01:58:41Z,78.6,28.9,5.379,7.803,28.455
2026-09-02T06:59:41Z,2026-09-02T01:59:41Z,78.5,28.9,5.312,7.372,23.36
2026-09-02T07:00:41Z,2026-09-02T02:00:41Z,78.5,28.9,5.442,7.662,24.723
2026-09-02T07:01:41Z,2026-09-02T02:01:41Z,78.5,28.9,5.586,7.544,20.356
2026-09-02T07:02:41Z,2026-09-02T02:02:41Z,78.6,28.9,5.47,8.086,25.566
2026-09-02T07:03:41Z,2026-09-02T02:03:41Z,78.6,28.9,5.577,7.768,13.906
2026-09-02T07:04:41Z,2026-09-02T02:04:41Z,78.5,29.0,5.467,7.615,36.547
2026-09-02T07:05:41Z,2026-09-02T02:05:41Z,78.5,29.0,5.742,7.844,39.497
2026-09-02T07:06:41Z,2026-09-02T02:06:41Z,78.6,29.0,5.397,7.595,34.686
2026-09-02T07:07:41Z,2026-09-02T02:07:41Z,78.8,29.0,5.564,7.494,31.492
2026-09-02T07:08:41Z,2026-09-02T02:08:41Z,78.6,29.0,5.667,8.151,20.098
2026-09-02T07:09:41Z,2026-09-02T02:09:41Z,78.6,29.0,5.497,7.827,27.218
2026-09-02T07:10:41Z,2026-09-02T02:10:41Z,78.6,29.0,5.489,7.668,38.171
2026-09-02T07:11:41Z,2026-09-02T02:11:41Z,78.7,29.0,5.413,7.621,33.696
2026-09-02T07:12:41Z,2026-09-02T02:12:41Z,78.6,29.0,5.437,7.668,40.686
2026-09-02T07:13:41Z,2026-09-02T02:13:41Z,78.6,29.0,5.526,8.21,31.318
2026-09-02T07:14:41Z,2026-09-02T02:14:41Z,78.8,29.0,5.37,7.963,29.969
2026-09-02T07:15:41Z,2026-09-02T02:15:41Z,79.3,29.0,5.243,7.855,45.268
2026-09-02T07:16:41Z,2026-09-02T02:16:41Z,79.1,29.0,5.43,8.056,20.945
2026-09-02T07:17:41Z,2026-09-02T02:17:41Z,78.9,29.0,5.609,7.697,26.638
2026-09-02T07:18:42Z,2026-09-02T02:18:42Z,78.9,29.0,5.319,8.217,25.003
2026-09-02T07:19:42Z,2026-09-02T02:19:42Z,78.8,29.0,5.345,7.995,33.25
2026-09-02T07:20:42Z,2026-09-02T02:20:42Z,78.8,29.1,5.533,7.8,21.761
2026-09-02T07:21:42Z,2026-09-02T02:21:42Z,78.6,29.1,5.264,7.83,27.163
2026-09-02T07:22:42Z,2026-09-02T02:22:42Z,78.6,29.1,5.343,7.754,24.329
2026-09-02T07:23:42Z,2026-09-02T02:23:42Z,78.7,29.1,5.411,7.806,27.633
2026-09-02T07:24:42Z,2026-09-02T02:24:42Z,78.5,29.1,5.287,8.037,41.82
2026-09-02T07:25:42Z,2026-09-02T02:25:42Z,78.9,29.1,5.152,7.768,26.003
2026-09-02T07:26:42Z,2026-09-02T02:26:42Z,78.8,29.2,5.606,8.2,38.35
2026-09-02T07:27:42Z,2026-09-02T02:27:42Z,79.0,29.2,5.003,7.413,27.158
2026-09-02T07:28:42Z,2026-09-02T02:28:42Z,78.9,29.2,5.273,8.356,36.593
2026-09-02T07:29:42Z,2026-09-02T02:29:42Z,78.7,29.2,5.208,7.519,21.397
2026-09-02T07:30:42Z,2026-09-02T02:30:42Z,78.8,29.2,5.265,7.5,28.678
2026-09-02T07:31:42Z,2026-09-02T02:31:42Z,78.7,29.2,5.32,7.739,52.415
2026-09-02T07:32:42Z,2026-09-02T02:32:42Z,78.2,29.2,5.348,8.47,43.872
2026-09-02T07:33:42Z,2026-09-02T02:33:42Z,78.2,29.2,5.109,7.832,29.743
2026-09-02T07:34:42Z,2026-09-02T02:34:42Z,78.5,29.2,5.108,7.73,32.748
2026-09-02T07:35:42Z,2026-09-02T02:35:42Z,78.4,29.2,5.053,7.822,36.947
2026-09-02T07:36:42Z,2026-09-02T02:36:42Z,78.2,29.3,5.143,8.252,22.989
2026-09-02T07:37:42Z,2026-09-02T02:37:42Z,78.3,29.3,4.895,8.215,38.386
2026-09-02T07:38:42Z,2026-09-02T02:38:42Z,78.3,29.3,5.372,8.133,45.357
2026-09-02T07:39:42Z,2026-09-02T02:39:42Z,78.2,29.3,5.154,7.754,37.182
2026-09-02T07:40:43Z,2026-09-02T02:40:43Z,78.0,29.3,5.522,8.307,32.52
2026-09-02T07:41:43Z,2026-09-02T02:41:43Z,78.0,29.3,5.228,7.993,40.737
2026-09-02T07:42:43Z,2026-09-02T02:42:43Z,78.2,29.3,4.975,7.831,46.251
2026-09-02T07:43:43Z,2026-09-02T02:43:43Z,78.1,29.3,5.036,7.917,38.837
2026-09-02T07:44:39Z,2026-09-02T02:44:39Z,78.1,29.3,5.299,8.107,45.943
2026-09-02T07:45:39Z,2026-09-02T02:45:39Z,78.1,29.3,5.441,8.337,48.869
2026-09-02T07:46:40Z,2026-09-02T02:46:40Z,78.2,29.3,5.305,8.451,55.13
2026-09-02T07:47:40Z,2026-09-02T02:47:40Z,78.2,29.3,5.263,7.819,47.775
2026-09-02T07:48:40Z,2026-09-02T02:48:40Z,78.1,29.3,5.153,8.078,38.185
2026-09-02T07:49:40Z,2026-09-02T02:49:40Z,77.9,29.3,5.701,8.863,40.452
2026-09-02T07:50:40Z,2026-09-02T02:50:40Z,78.1,29.3,5.061,8.177,37.585
2026-09-02T07:51:40Z,2026-09-02T02:51:40Z,78.3,29.3,5.333,8.161,41.939
2026-09-02T07:52:40Z,2026-09-02T02:52:40Z,78.1,29.3,5.172,8.515,27.485
2026-09-02T07:53:40Z,2026-09-02T02:53:40Z,77.9,29.3,5.03,7.876,18.757
2026-09-02T07:54:40Z,2026-09-02T02:54:40Z,77.8,29.3,4.929,7.847,35.732
2026-09-02T07:55:40Z,2026-09-02T02:55:40Z,78.2,29.4,5.245,7.794,31.912
2026-09-02T07:56:40Z,2026-09-02T02:56:40Z,78.0,29.4,5.011,8.09,34.208
2026-09-02T07:57:40Z,2026-09-02T02:57:40Z,77.7,29.4,5.161,8.383,35.288
2026-09-02T07:58:40Z,2026-09-02T02:58:40Z,77.8,29.4,5.199,8.157,29.157
2026-09-02T07:59:40Z,2026-09-02T02:59:40Z,77.9,29.4,5.061,7.973,49.005
2026-09-02T08:00:40Z,2026-09-02T03:00:40Z,77.8,29.4,5.308,8.204,45.469
2026-09-02T08:01:40Z,2026-09-02T03:01:40Z,77.8,29.4,5.433,7.953,48.979
2026-09-02T08:02:40Z,2026-09-02T03:02:40Z,77.7,29.4,5.355,8.161,29.915
2026-09-02T08:03:40Z,2026-09-02T03:03:40Z,77.7,29.4,5.098,7.728,41.445
2026-09-02T08:04:40Z,2026-09-02T03:04:40Z,77.8,29.4,5.173,7.989,29.845
2026-09-02T08:05:40Z,2026-09-02T03:05:40Z,77.7,29.4,4.867,8.219,60.62
2026-09-02T08:06:40Z,2026-09-02T03:06:40Z,78.1,29.4,5.098,7.86,37.664
2026-09-02T08:07:40Z,2026-09-02T03:07:40Z,77.9,29.4,5.046,8.382,50.393
2026-09-02T08:08:40Z,2026-09-02T03:08:40Z,77.9,29.4,5.159,8.122,32.527
2026-09-02T08:09:40Z,2026-09-02T03:09:40Z,78.2,29.4,4.737,7.932,47.073
2026-09-02T08:10:40Z,2026-09-02T03:10:40Z,78.1,29.4,5.049,8.011,53.137
2026-09-02T08:11:41Z,2026-09-02T03:11:41Z,77.9,29.4,5.262,7.853,31.112
2026-09-02T08:12:41Z,2026-09-02T03:12:41Z,78.1,29.4,5.148,8.435,41.782
2026-09-02T08:13:41Z,2026-09-02T03:13:41Z,77.8,29.5,4.959,8.13,43.304
2026-09-02T08:14:41Z,2026-09-02T03:14:41Z,77.9,29.4,4.992,7.733,20.613
2026-09-02T08:15:41Z,2026-09-02T03:15:41Z,77.9,29.5,4.569,7.74,32.945
2026-09-02T08:16:41Z,2026-09-02T03:16:41Z,78.0,29.5,4.666,7.377,18.982
2026-09-02T08:17:41Z,2026-09-02T03:17:41Z,77.9,29.5,4.939,7.795,40.123
2026-09-02T08:18:41Z,2026-09-02T03:18:41Z,77.9,29.5,4.95,8.143,19.002
2026-09-02T08:19:41Z,2026-09-02T03:19:41Z,77.8,29.5,5.232,8.298,38.855
2026-09-02T08:20:41Z,2026-09-02T03:20:41Z,77.9,29.5,5.145,7.793,27.489
2026-09-02T08:21:41Z,2026-09-02T03:21:41Z,78.2,29.5,5.033,8.437,33.495
2026-09-02T08:22:41Z,2026-09-02T03:22:41Z,78.2,29.5,4.861,8.156,36.873
2026-09-02T08:23:41Z,2026-09-02T03:23:41Z,78.2,29.5,4.791,7.936,31.522
2026-09-02T08:24:41Z,2026-09-02T03:24:41Z,78.3,29.5,4.787,8.146,31.36
2026-09-02T08:25:41Z,2026-09-02T03:25:41Z,78.3,29.5,4.833,7.808,34.186
2026-09-02T08:26:41Z,2026-09-02T03:26:41Z,78.2,29.5,4.906,8.479,42.116
2026-09-02T08:27:41Z,2026-09-02T03:27:41Z,78.2,29.5,4.793,7.914,44.377
2026-09-02T08:28:41Z,2026-09-02T03:28:41Z,78.3,29.5,4.629,7.248,43.454
2026-09-02T08:29:41Z,2026-09-02T03:29:41Z,78.4,29.5,4.814,7.979,32.505
2026-09-02T08:30:41Z,2026-09-02T03:30:41Z,78.4,29.5,4.806,7.675,22.696
2026-09-02T08:31:41Z,2026-09-02T03:31:41Z,78.6,29.4,4.737,8.105,38.302
2026-09-02T08:32:42Z,2026-09-02T03:32:42Z,78.5,29.4,4.626,7.823,49.288
2026-09-02T08:33:42Z,2026-09-02T03:33:42Z,78.5,29.4,4.575,8.021,38.383
2026-09-02T08:34:42Z,2026-09-02T03:34:42Z,78.5,29.4,5.108,7.95,38.786
2026-09-02T08:35:42Z,2026-09-02T03:35:42Z,78.5,29.4,4.728,7.683,42.621
2026-09-02T08:36:42Z,2026-09-02T03:36:42Z,79.1,29.4,4.795,7.87,55.143
2026-09-02T08:37:42Z,2026-09-02T03:37:42Z,78.6,29.4,4.944,8.005,51.395
2026-09-02T08:38:42Z,2026-09-02T03:38:42Z,78.5,29.4,4.907,7.678,25.964
2026-09-02T08:39:42Z,2026-09-02T03:39:42Z,78.6,29.4,4.91,7.926,29.453
2026-09-02T08:40:42Z,2026-09-02T03:40:42Z,78.7,29.4,4.869,7.826,46.845
2026-09-02T08:41:42Z,2026-09-02T03:41:42Z,78.8,29.4,5.147,8.112,29.677
2026-09-02T08:42:42Z,2026-09-02T03:42:42Z,78.8,29.4,5.054,8.512,35.23
2026-09-02T08:43:42Z,2026-09-02T03:43:42Z,78.7,29.4,4.832,8.165,45.328
2026-09-02T08:44:42Z,2026-09-02T03:44:42Z,78.7,29.4,4.883,7.74,40.66
2026-09-02T08:45:42Z,2026-09-02T03:45:42Z,78.6,29.4,4.808,7.833,37.915
2026-09-02T08:46:42Z,2026-09-02T03:46:42Z,78.8,29.4,4.996,8.045,35.349
2026-09-02T08:47:42Z,2026-09-02T03:47:42Z,78.9,29.4,4.866,7.749,27.561
2026-09-02T08:48:42Z,2026-09-02T03:48:42Z,79.0,29.4,4.966,8.055,42.854
2026-09-02T08:49:42Z,2026-09-02T03:49:42Z,78.7,29.4,4.945,8.529,28.482
2026-09-02T08:50:42Z,2026-09-02T03:50:42Z,78.9,29.4,4.766,8.149,35.432
2026-09-02T08:51:42Z,2026-09-02T03:51:42Z,78.7,29.4,4.772,7.821,46.296
2026-09-02T08:52:42Z,2026-09-02T03:52:42Z,78.8,29.4,5.108,8.532,41.919
2026-09-02T08:53:43Z,2026-09-02T03:53:43Z,78.9,29.4,4.698,7.378,38.591
2026-09-02T08:54:43Z,2026-09-02T03:54:43Z,78.8,29.4,4.712,8.296,35.346
2026-09-02T08:55:43Z,2026-09-02T03:55:43Z,79.0,29.4,4.676,8.263,40.046
2026-09-02T08:56:43Z,2026-09-02T03:56:43Z,78.9,29.4,4.975,8.342,34.111
2026-09-02T08:57:43Z,2026-09-02T03:57:43Z,79.1,29.4,4.811,8.009,30.054
2026-09-02T08:58:43Z,2026-09-02T03:58:43Z,79.2,29.4,4.755,8.237,36.631
2026-09-02T08:59:40Z,2026-09-02T03:59:40Z,79.0,29.4,4.457,7.662,38.147
2026-09-02T09:00:40Z,2026-09-02T04:00:40Z,78.9,29.4,4.823,8.431,36.028
2026-09-02T09:01:40Z,2026-09-02T04:01:40Z,79.1,29.4,4.482,8.031,26.948
2026-09-02T09:02:40Z,2026-09-02T04:02:40Z,79.1,29.4,4.973,8.651,38.635
2026-09-02T09:03:40Z,2026-09-02T04:03:40Z,79.3,29.4,4.708,7.633,39.167
2026-09-02T09:04:40Z,2026-09-02T04:04:40Z,78.9,29.4,4.85,7.752,43.189
2026-09-02T09:05:40Z,2026-09-02T04:05:40Z,79.0,29.4,4.796,7.822,36.48
2026-09-02T09:06:40Z,2026-09-02T04:06:40Z,78.9,29.4,4.849,8.245,55.58
2026-09-02T09:07:40Z,2026-09-02T04:07:40Z,78.9,29.4,4.916,8.668,38.932
2026-09-02T09:08:40Z,2026-09-02T04:08:40Z,79.1,29.4,4.691,7.976,54.078
2026-09-02T09:09:40Z,2026-09-02T04:09:40Z,79.1,29.4,4.924,7.906,48.146
2026-09-02T09:10:40Z,2026-09-02T04:10:40Z,79.3,29.4,4.773,8.757,30.008
2026-09-02T09:11:40Z,2026-09-02T04:11:40Z,79.3,29.4,4.921,8.842,41.286
2026-09-02T09:12:40Z,2026-09-02T04:12:40Z,79.2,29.4,4.656,7.822,52.624
2026-09-02T09:13:40Z,2026-09-02T04:13:40Z,79.2,29.4,4.647,7.763,45.204
2026-09-02T09:14:40Z,2026-09-02T04:14:40Z,79.4,29.4,4.718,7.89,41.251
2026-09-02T09:15:40Z,2026-09-02T04:15:40Z,79.3,29.4,4.574,8.098,31.237
2026-09-02T09:16:40Z,2026-09-02T04:16:40Z,79.2,29.4,4.462,8.34,62.497
2026-09-02T09:17:40Z,2026-09-02T04:17:40Z,79.2,29.4,5.052,8.395,45.756
2026-09-02T09:18:40Z,2026-09-02T04:18:40Z,79.4,29.4,4.587,7.583,35.318
2026-09-02T09:19:40Z,2026-09-02T04:19:40Z,79.3,29.4,4.893,8.438,46.491
2026-09-02T09:20:40Z,2026-09-02T04:20:40Z,79.3,29.4,4.636,7.973,43.245
2026-09-02T09:21:41Z,2026-09-02T04:21:41Z,79.5,29.4,4.634,7.744,44.976
2026-09-02T09:22:41Z,2026-09-02T04:22:41Z,79.5,29.4,4.801,7.893,47.059
2026-09-02T09:23:41Z,2026-09-02T04:23:41Z,79.2,29.4,5.237,8.613,52.548
2026-09-02T09:24:41Z,2026-09-02T04:24:41Z,79.4,29.4,4.875,8.208,41.716
2026-09-02T09:25:41Z,2026-09-02T04:25:41Z,79.3,29.4,4.846,8.607,48.072
2026-09-02T09:26:41Z,2026-09-02T04:26:41Z,79.5,29.4,4.833,7.994,38.923
2026-09-02T09:27:41Z,2026-09-02T04:27:41Z,79.6,29.4,4.895,8.079,37.67
2026-09-02T09:28:41Z,2026-09-02T04:28:41Z,79.4,29.4,4.895,8.517,41.748
2026-09-02T09:29:41Z,2026-09-02T04:29:41Z,79.5,29.4,4.703,7.627,32.339
2026-09-02T09:30:41Z,2026-09-02T04:30:41Z,79.5,29.3,4.876,7.65,52.5
2026-09-02T09:31:41Z,2026-09-02T04:31:41Z,79.5,29.3,4.894,8.332,41.101
2026-09-02T09:32:41Z,2026-09-02T04:32:41Z,79.5,29.3,4.988,8.614,34.315
2026-09-02T09:33:41Z,2026-09-02T04:33:41Z,79.5,29.3,4.807,8.031,38.346
2026-09-02T09:34:41Z,2026-09-02T04:34:41Z,79.8,29.3,4.648,8.144,44.177
2026-09-02T09:35:41Z,2026-09-02T04:35:41Z,79.7,29.3,4.756,7.946,31.297
2026-09-02T09:36:41Z,2026-09-02T04:36:41Z,79.8,29.3,4.899,8.078,48.829
2026-09-02T09:37:41Z,2026-09-02T04:37:41Z,79.8,29.3,4.924,7.622,43.589
2026-09-02T09:38:41Z,2026-09-02T04:38:41Z,79.9,29.3,4.774,8.091,38.844
2026-09-02T09:39:41Z,2026-09-02T04:39:41Z,79.8,29.3,4.994,8.277,40.299
2026-09-02T09:40:41Z,2026-09-02T04:40:41Z,80.0,29.3,4.776,7.955,54.195
2026-09-02T09:41:41Z,2026-09-02T04:41:41Z,79.9,29.3,5.064,8.218,36.831
2026-09-02T09:42:41Z,2026-09-02T04:42:41Z,79.9,29.3,5.064,8.675,45.725
2026-09-02T09:43:41Z,2026-09-02T04:43:41Z,79.8,29.2,5.41,9.297,36.776
2026-09-02T09:44:41Z,2026-09-02T04:44:41Z,80.0,29.2,5.334,8.596,35.277
2026-09-02T09:45:41Z,2026-09-02T04:45:41Z,79.9,29.2,5.07,8.588,32.335
2026-09-02T09:46:42Z,2026-09-02T04:46:42Z,80.1,29.2,5.132,8.572,59.731
2026-09-02T09:47:42Z,2026-09-02T04:47:42Z,80.1,29.2,4.98,8.812,32.666
2026-09-02T09:48:42Z,2026-09-02T04:48:42Z,80.0,29.2,5.108,8.639,47.866
2026-09-02T09:49:42Z,2026-09-02T04:49:42Z,80.0,29.2,4.805,7.968,27.451
2026-09-02T09:50:42Z,2026-09-02T04:50:42Z,80.1,29.2,5.126,8.169,41.045
2026-09-02T09:51:42Z,2026-09-02T04:51:42Z,80.1,29.2,4.889,8.013,47.565
2026-09-02T09:52:42Z,2026-09-02T04:52:42Z,80.1,29.2,4.975,8.119,45.375
2026-09-02T09:53:42Z,2026-09-02T04:53:42Z,80.3,29.2,4.75,7.985,55.194
2026-09-02T09:54:42Z,2026-09-02T04:54:42Z,80.2,29.2,4.814,8.022,34.194
2026-09-02T09:55:42Z,2026-09-02T04:55:42Z,80.1,29.2,4.766,8.326,39.044
2026-09-02T09:56:42Z,2026-09-02T04:56:42Z,80.2,29.2,4.853,8.04,34.868
2026-09-02T09:57:42Z,2026-09-02T04:57:42Z,80.4,29.1,4.907,8.355,35.686
2026-09-02T09:58:42Z,2026-09-02T04:58:42Z,80.3,29.1,5.044,8.487,41.959
2026-09-02T09:59:42Z,2026-09-02T04:59:42Z,80.4,29.1,4.81,8.182,35.032
2026-09-02T10:00:42Z,2026-09-02T05:00:42Z,80.4,29.1,4.601,7.917,28.911
2026-09-02T10:01:42Z,2026-09-02T05:01:42Z,80.5,29.1,4.518,7.752,48.723
2026-09-02T10:02:42Z,2026-09-02T05:02:42Z,80.5,29.1,4.708,8.079,63.385
2026-09-02T10:03:42Z,2026-09-02T05:03:42Z,80.6,29.1,4.682,8.406,39.471
2026-09-02T10:04:42Z,2026-09-02T05:04:42Z,80.9,29.1,4.542,7.43,52.737
2026-09-02T10:05:42Z,2026-09-02T05:05:42Z,80.8,29.1,4.713,7.986,59.229
2026-09-02T10:06:42Z,2026-09-02T05:06:42Z,80.8,29.1,4.668,8.299,51.487
2026-09-02T10:07:43Z,2026-09-02T05:07:43Z,80.8,29.1,4.567,8.361,71.117
2026-09-02T10:08:43Z,2026-09-02T05:08:43Z,80.7,29.1,4.639,8.072,44.299
2026-09-02T10:09:43Z,2026-09-02T05:09:43Z,80.7,29.1,4.441,7.518,31.465
2026-09-02T10:10:43Z,2026-09-02T05:10:43Z,80.7,29.1,4.614,8.21,45.192
2026-09-02T10:11:43Z,2026-09-02T05:11:43Z,80.7,29.1,4.782,8.304,30.754
2026-09-02T10:12:43Z,2026-09-02T05:12:43Z,80.8,29.0,4.646,8.161,32.065
2026-09-02T10:13:43Z,2026-09-02T05:13:43Z,81.2,29.0,4.623,7.696,59.955
2026-09-02T10:14:43Z,2026-09-02T05:14:43Z,80.9,29.0,4.74,8.227,47.614
2026-09-02T10:15:43Z,2026-09-02T05:15:43Z,80.8,29.0,4.695,8.071,41.656
2026-09-02T10:16:43Z,2026-09-02T05:16:43Z,80.8,29.0,4.459,7.934,35.268
2026-09-02T10:17:43Z,2026-09-02T05:17:43Z,81.0,29.0,4.39,7.735,54.576
2026-09-02T10:18:43Z,2026-09-02T05:18:43Z,80.9,29.0,4.572,7.758,43.611
2026-09-02T10:19:43Z,2026-09-02T05:19:43Z,81.0,29.0,4.789,8.405,49.906
2026-09-02T10:20:43Z,2026-09-02T05:20:43Z,81.0,29.0,4.806,8.362,44.418
2026-09-02T10:21:43Z,2026-09-02T05:21:43Z,81.2,29.0,4.406,7.894,34.128
2026-09-02T10:22:43Z,2026-09-02T05:22:43Z,81.2,29.0,4.57,8.057,29.362
2026-09-02T10:23:43Z,2026-09-02T05:23:43Z,81.2,29.0,4.541,7.689,45.346
2026-09-02T10:24:43Z,2026-09-02T05:24:43Z,81.2,29.0,4.48,8.288,49.416
2026-09-02T10:25:43Z,2026-09-02T05:25:43Z,81.2,29.0,4.976,8.569,29.228
2026-09-02T10:26:43Z,2026-09-02T05:26:43Z,81.2,29.0,4.529,7.951,54.864
2026-09-02T10:27:43Z,2026-09-02T05:27:43Z,81.2,29.0,4.925,7.906,51.498
2026-09-02T10:28:43Z,2026-09-02T05:28:43Z,81.4,29.0,4.513,8.804,24.946
2026-09-02T10:29:40Z,2026-09-02T05:29:40Z,81.4,29.0,4.431,7.947,38.215
2026-09-02T10:30:40Z,2026-09-02T05:30:40Z,81.3,29.0,4.629,7.927,49.32
2026-09-02T10:31:40Z,2026-09-02T05:31:40Z,81.2,29.0,4.743,7.938,45.413
2026-09-02T10:32:40Z,2026-09-02T05:32:40Z,81.1,29.0,4.229,7.855,50.509
2026-09-02T10:33:41Z,2026-09-02T05:33:41Z,81.0,29.1,4.65,8.338,42.829
2026-09-02T10:34:41Z,2026-09-02T05:34:41Z,81.2,29.1,4.6,7.641,47.079
2026-09-02T10:35:41Z,2026-09-02T05:35:41Z,81.3,29.1,4.533,7.863,63.569
2026-09-02T10:36:41Z,2026-09-02T05:36:41Z,81.1,29.1,4.693,7.857,51.132
2026-09-02T10:37:41Z,2026-09-02T05:37:41Z,81.0,29.1,4.924,8.74,60.016
2026-09-02T10:38:41Z,2026-09-02T05:38:41Z,80.9,29.1,4.841,8.617,32.972
2026-09-02T10:39:41Z,2026-09-02T05:39:41Z,81.0,29.1,4.414,8.301,72.976
2026-09-02T10:40:41Z,2026-09-02T05:40:41Z,80.9,29.1,4.635,8.336,56.851
2026-09-02T10:41:41Z,2026-09-02T05:41:41Z,81.0,29.1,4.691,8.145,34.576
2026-09-02T10:42:41Z,2026-09-02T05:42:41Z,81.0,29.1,4.656,8.188,36.313
2026-09-02T10:43:41Z,2026-09-02T05:43:41Z,80.9,29.1,4.715,8.214,46.216
2026-09-02T10:44:41Z,2026-09-02T05:44:41Z,80.8,29.1,4.389,8.048,53.079
2026-09-02T10:45:41Z,2026-09-02T05:45:41Z,80.9,29.1,4.644,8.216,40.001
2026-09-02T10:46:41Z,2026-09-02T05:46:41Z,81.0,29.1,4.66,8.027,30.449
2026-09-02T10:47:41Z,2026-09-02T05:47:41Z,81.0,29.1,4.902,8.401,28.932
2026-09-02T10:48:41Z,2026-09-02T05:48:41Z,80.9,29.1,4.622,8.077,45.848
2026-09-02T10:49:41Z,2026-09-02T05:49:41Z,80.9,29.1,4.654,8.288,36.879
2026-09-02T10:50:41Z,2026-09-02T05:50:41Z,80.9,29.1,4.855,7.995,31.54
2026-09-02T10:51:41Z,2026-09-02T05:51:41Z,80.8,29.1,4.659,8.101,57.924
2026-09-02T10:52:41Z,2026-09-02T05:52:41Z,80.8,29.1,4.936,8.407,36.961
2026-09-02T10:53:41Z,2026-09-02T05:53:41Z,80.9,29.1,4.363,7.878,48.249
2026-09-02T10:54:41Z,2026-09-02T05:54:41Z,80.9,29.1,4.76,8.146,32.226
2026-09-02T10:55:42Z,2026-09-02T05:55:42Z,81.0,29.1,4.606,7.95,69.389
2026-09-02T10:56:42Z,2026-09-02T05:56:42Z,80.9,29.1,4.7,8.256,55.221
2026-09-02T10:57:42Z,2026-09-02T05:57:42Z,81.0,29.1,4.652,8.459,44.222
2026-09-02T10:58:42Z,2026-09-02T05:58:42Z,81.0,29.1,4.545,7.896,40.717
2026-09-02T10:59:42Z,2026-09-02T05:59:42Z,81.0,29.1,4.725,8.653,44.647
2026-09-02T11:00:42Z,2026-09-02T06:00:42Z,81.0,29.1,4.632,8.113,48.08
2026-09-02T11:01:42Z,2026-09-02T06:01:42Z,81.0,29.1,4.616,7.796,24.454
2026-09-02T11:02:42Z,2026-09-02T06:02:42Z,81.2,29.1,4.684,8.356,49.689
2026-09-02T11:03:42Z,2026-09-02T06:03:42Z,81.1,29.1,4.54,7.848,59.446
2026-09-02T11:04:42Z,2026-09-02T06:04:42Z,81.0,29.1,4.686,8.212,37.989
2026-09-02T11:05:42Z,2026-09-02T06:05:42Z,81.1,29.1,4.5,7.976,29.398
2026-09-02T11:06:42Z,2026-09-02T06:06:42Z,81.2,29.1,4.7,8.318,40.353
2026-09-02T11:07:42Z,2026-09-02T06:07:42Z,81.3,29.1,4.693,8.047,38.721
2026-09-02T11:08:42Z,2026-09-02T06:08:42Z,81.2,29.1,4.793,8.12,46.246
2026-09-02T11:09:42Z,2026-09-02T06:09:42Z,81.3,29.1,4.939,8.279,29.444
2026-09-02T11:10:42Z,2026-09-02T06:10:42Z,81.3,29.1,5.088,8.112,52.431
2026-09-02T11:11:42Z,2026-09-02T06:11:42Z,81.2,29.1,5.225,8.787,42.741
2026-09-02T11:12:42Z,2026-09-02T06:12:42Z,81.4,29.1,4.518,8.134,23.616
2026-09-02T11:13:42Z,2026-09-02T06:13:42Z,81.3,29.1,5.109,8.713,53.629
2026-09-02T11:14:42Z,2026-09-02T06:14:42Z,81.4,29.1,4.657,8.101,46.021
2026-09-02T11:15:42Z,2026-09-02T06:15:42Z,81.5,29.1,4.754,8.224,62.502
2026-09-02T11:16:43Z,2026-09-02T06:16:43Z,81.4,29.1,4.655,8.214,52.836
2026-09-02T11:17:43Z,2026-09-02T06:17:43Z,81.5,29.0,4.666,8.226,51.035
2026-09-02T11:18:43Z,2026-09-02T06:18:43Z,81.5,29.0,4.726,8.358,46.749
2026-09-02T11:19:43Z,2026-09-02T06:19:43Z,81.6,29.0,4.662,7.859,50.653
2026-09-02T11:20:43Z,2026-09-02T06:20:43Z,81.6,29.0,4.607,7.731,24.573
2026-09-02T11:21:43Z,2026-09-02T06:21:43Z,81.6,29.0,4.592,8.293,24.713
2026-09-02T11:22:43Z,2026-09-02T06:22:43Z,81.7,29.0,4.581,7.916,47.846
2026-09-02T11:23:43Z,2026-09-02T06:23:43Z,81.7,29.0,4.716,8.95,47.159
2026-09-02T11:24:43Z,2026-09-02T06:24:43Z,81.8,29.0,4.561,8.246,48.171
2026-09-02T11:25:43Z,2026-09-02T06:25:43Z,81.7,29.0,4.463,7.811,44.54
2026-09-02T11:26:43Z,2026-09-02T06:26:43Z,81.7,29.0,4.617,7.898,49.681
2026-09-02T11:27:43Z,2026-09-02T06:27:43Z,81.8,29.0,4.29,7.969,42.626
2026-09-02T11:28:43Z,2026-09-02T06:28:43Z,81.8,29.0,4.555,8.047,39.594
2026-09-02T11:29:43Z,2026-09-02T06:29:43Z,81.8,29.0,4.618,8.196,48.683
2026-09-02T11:30:43Z,2026-09-02T06:30:43Z,81.8,29.0,4.573,8.482,65.08
2026-09-02T11:31:43Z,2026-09-02T06:31:43Z,81.9,29.0,4.636,8.05,57.483
2026-09-02T11:32:43Z,2026-09-02T06:32:43Z,81.9,29.0,4.109,7.364,32.594
2026-09-02T11:33:43Z,2026-09-02T06:33:43Z,81.9,29.0,4.685,8.638,40.94
2026-09-02T11:34:43Z,2026-09-02T06:34:43Z,81.9,29.0,4.613,8.729,34.18
2026-09-02T11:35:43Z,2026-09-02T06:35:43Z,82.0,29.0,4.513,7.811,33.066
2026-09-02T11:36:44Z,2026-09-02T06:36:44Z,82.1,29.0,4.644,7.898,60.261
2026-09-02T11:37:44Z,2026-09-02T06:37:44Z,82.1,29.0,4.475,7.528,47.772
2026-09-02T11:38:44Z,2026-09-02T06:38:44Z,82.1,29.0,4.373,8.2,53.347
2026-09-02T11:39:44Z,2026-09-02T06:39:44Z,82.1,29.0,4.333,7.856,62.571
2026-09-02T11:40:44Z,2026-09-02T06:40:44Z,82.1,29.0,4.63,8.364,49.492
2026-09-02T11:41:44Z,2026-09-02T06:41:44Z,82.1,29.0,4.439,7.979,41.02
2026-09-02T11:42:44Z,2026-09-02T06:42:44Z,82.2,29.0,4.604,8.091,61.778
2026-09-02T11:43:44Z,2026-09-02T06:43:44Z,82.2,29.0,4.445,8.258,41.501
2026-09-02T11:44:44Z,2026-09-02T06:44:44Z,82.2,29.0,4.438,7.871,53.02
2026-09-02T11:45:44Z,2026-09-02T06:45:44Z,82.2,29.0,4.65,8.223,53.007
2026-09-02T11:46:44Z,2026-09-02T06:46:44Z,82.2,28.9,4.569,8.437,76.435
2026-09-02T11:47:44Z,2026-09-02T06:47:44Z,82.2,28.9,4.379,7.751,39.657
2026-09-02T11:48:44Z,2026-09-02T06:48:44Z,82.3,28.9,4.451,7.747,35.655
2026-09-02T11:49:44Z,2026-09-02T06:49:44Z,82.2,28.9,4.519,8.067,45.439
2026-09-02T11:50:44Z,2026-09-02T06:50:44Z,82.2,28.9,4.425,7.744,47.493
2026-09-02T11:51:44Z,2026-09-02T06:51:44Z,82.4,28.9,4.558,7.819,57.426
2026-09-02T11:52:44Z,2026-09-02T06:52:44Z,82.4,28.9,4.516,7.522,54.371
2026-09-02T11:53:44Z,2026-09-02T06:53:44Z,82.3,28.9,4.659,8.328,64.611
2026-09-02T11:54:44Z,2026-09-02T06:54:44Z,82.3,28.9,4.538,8.082,28.271
2026-09-02T11:55:44Z,2026-09-02T06:55:44Z,82.3,28.9,4.633,8.41,42.903
2026-09-02T11:56:44Z,2026-09-02T06:56:44Z,82.3,28.9,4.659,7.942,42.124
2026-09-02T11:57:44Z,2026-09-02T06:57:44Z,82.4,28.9,4.881,8.718,37.324
2026-09-02T11:58:44Z,2026-09-02T06:58:44Z,82.3,28.9,4.583,7.85,56.201
2026-09-02T11:59:44Z,2026-09-02T06:59:44Z,82.4,28.9,4.634,8.817,56.962
2026-09-02T12:00:45Z,2026-09-02T07:00:45Z,82.4,28.9,4.618,7.863,53.834
2026-09-02T12:01:45Z,2026-09-02T07:01:45Z,82.3,28.9,4.585,7.86,58.2
2026-09-02T12:02:45Z,2026-09-02T07:02:45Z,82.4,28.9,4.815,8.5,49.392
2026-09-02T12:03:45Z,2026-09-02T07:03:45Z,82.3,28.9,4.569,8.235,56.341
2026-09-02T12:04:40Z,2026-09-02T07:04:40Z,82.4,28.9,4.728,8.503,52.794
2026-09-02T12:05:40Z,2026-09-02T07:05:40Z,82.4,28.9,4.526,7.443,46.149
2026-09-02T12:06:40Z,2026-09-02T07:06:40Z,82.4,28.9,4.83,8.746,27.668
2026-09-02T12:07:40Z,2026-09-02T07:07:40Z,82.4,28.9,4.54,8.41,37.125
2026-09-02T12:08:40Z,2026-09-02T07:08:40Z,82.5,28.9,4.692,8.336,56.218
2026-09-02T12:09:42Z,2026-09-02T07:09:42Z,82.5,28.9,4.742,8.005,59.381
2026-09-02T12:10:42Z,2026-09-02T07:10:42Z,82.4,28.9,4.255,7.117,29.853
2026-09-02T12:11:42Z,2026-09-02T07:11:42Z,82.5,28.9,4.684,7.8,39.232
2026-09-02T12:12:42Z,2026-09-02T07:12:42Z,82.6,28.9,4.438,8.223,43.722
2026-09-02T12:13:42Z,2026-09-02T07:13:42Z,82.5,28.9,4.403,7.55,29.192
2026-09-02T12:14:42Z,2026-09-02T07:14:42Z,82.5,28.9,4.908,8.559,47.047
2026-09-02T12:15:42Z,2026-09-02T07:15:42Z,82.6,28.9,4.704,7.947,43.989
2026-09-02T12:16:42Z,2026-09-02T07:16:42Z,82.6,28.9,4.518,7.687,41.135
2026-09-02T12:17:42Z,2026-09-02T07:17:42Z,82.7,28.9,4.439,7.833,61.926
2026-09-02T12:18:42Z,2026-09-02T07:18:42Z,82.5,28.9,4.403,8.09,40.832
2026-09-02T12:19:42Z,2026-09-02T07:19:42Z,82.5,28.9,4.629,7.929,44.814
2026-09-02T12:20:42Z,2026-09-02T07:20:42Z,82.5,28.9,4.513,7.704,40.323
2026-09-02T12:21:42Z,2026-09-02T07:21:42Z,82.6,28.9,4.413,8.717,31.445
2026-09-02T12:22:42Z,2026-09-02T07:22:42Z,82.5,29.0,4.804,7.764,46.698
2026-09-02T12:23:42Z,2026-09-02T07:23:42Z,82.5,29.0,4.522,7.681,58.961
2026-09-02T12:24:42Z,2026-09-02T07:24:42Z,82.4,29.0,4.955,8.548,56.26
2026-09-02T12:25:42Z,2026-09-02T07:25:42Z,82.7,29.0,4.609,8.104,53.732
2026-09-02T12:26:42Z,2026-09-02T07:26:42Z,82.4,29.0,4.54,7.912,57.263
2026-09-02T12:27:42Z,2026-09-02T07:27:42Z,82.3,29.0,4.67,8.213,37.629
2026-09-02T12:28:42Z,2026-09-02T07:28:42Z,82.3,29.0,4.704,8.335,57.71
2026-09-02T12:29:42Z,2026-09-02T07:29:42Z,82.3,29.0,4.639,7.715,42.119
2026-09-02T12:30:42Z,2026-09-02T07:30:42Z,82.4,29.0,4.859,8.565,34.682
2026-09-02T12:31:43Z,2026-09-02T07:31:43Z,82.4,29.0,4.773,8.069,44.938
2026-09-02T12:32:43Z,2026-09-02T07:32:43Z,82.2,29.1,4.567,8.24,47.317
2026-09-02T12:33:43Z,2026-09-02T07:33:43Z,82.4,29.1,4.652,7.743,46.611
2026-09-02T12:34:43Z,2026-09-02T07:34:43Z,82.2,29.1,4.561,8.221,52.457
2026-09-02T12:35:43Z,2026-09-02T07:35:43Z,82.4,29.1,4.768,8.269,42.629
2026-09-02T12:36:43Z,2026-09-02T07:36:43Z,82.2,29.1,4.724,7.894,34.8
2026-09-02T12:37:43Z,2026-09-02T07:37:43Z,82.3,29.1,4.596,7.951,50.952
2026-09-02T12:38:43Z,2026-09-02T07:38:43Z,82.2,29.1,4.513,8.116,70.243
2026-09-02T12:39:43Z,2026-09-02T07:39:43Z,82.3,29.1,4.747,8.613,51.903
2026-09-02T12:40:43Z,2026-09-02T07:40:43Z,82.3,29.2,4.707,8.284,32.624
2026-09-02T12:41:43Z,2026-09-02T07:41:43Z,82.3,29.2,4.919,8.445,42.016
2026-09-02T12:42:43Z,2026-09-02T07:42:43Z,82.2,29.2,4.57,7.749,48.945
2026-09-02T12:43:43Z,2026-09-02T07:43:43Z,82.3,29.2,4.861,7.88,33.806
2026-09-02T12:44:43Z,2026-09-02T07:44:43Z,82.2,29.2,5.037,8.979,46.889
2026-09-02T12:45:43Z,2026-09-02T07:45:43Z,82.0,29.2,4.892,8.187,40.998
2026-09-02T12:46:43Z,2026-09-02T07:46:43Z,82.0,29.2,4.944,8.617,55.793
2026-09-02T12:47:43Z,2026-09-02T07:47:43Z,82.0,29.3,5.003,7.916,34.29
2026-09-02T12:48:43Z,2026-09-02T07:48:43Z,81.8,29.3,5.137,8.143,53.684
2026-09-02T12:49:43Z,2026-09-02T07:49:43Z,82.1,29.3,4.917,8.189,49.128
2026-09-02T12:50:43Z,2026-09-02T07:50:43Z,81.9,29.3,4.876,8.504,46.726
2026-09-02T12:51:43Z,2026-09-02T07:51:43Z,81.6,29.3,4.726,7.909,43.483
2026-09-02T12:52:43Z,2026-09-02T07:52:43Z,81.3,29.3,5.095,9.007,56.238
2026-09-02T12:53:43Z,2026-09-02T07:53:43Z,81.2,29.4,5.022,8.177,68.115
2026-09-02T12:54:43Z,2026-09-02T07:54:43Z,81.3,29.4,4.78,7.977,47.754
2026-09-02T12:55:44Z,2026-09-02T07:55:44Z,81.0,29.4,4.928,8.289,48.502
2026-09-02T12:56:44Z,2026-09-02T07:56:44Z,81.4,29.4,4.864,8.182,46.433
2026-09-02T12:57:44Z,2026-09-02T07:57:44Z,80.9,29.4,5.131,8.787,55.572
2026-09-02T12:58:44Z,2026-09-02T07:58:44Z,80.8,29.5,4.677,8.159,37.002
2026-09-02T12:59:44Z,2026-09-02T07:59:44Z,80.9,29.5,4.822,8.429,43.905
2026-09-02T13:00:44Z,2026-09-02T08:00:44Z,81.2,29.5,4.77,8.521,55.137
2026-09-02T13:01:44Z,2026-09-02T08:01:44Z,81.1,29.5,4.998,8.891,33.607
2026-09-02T13:02:44Z,2026-09-02T08:02:44Z,81.2,29.5,4.784,8.0,47.31
2026-09-02T13:03:44Z,2026-09-02T08:03:44Z,80.8,29.5,5.049,8.251,39.117
2026-09-02T13:04:44Z,2026-09-02T08:04:44Z,80.7,29.6,4.946,8.649,42.554
2026-09-02T13:05:44Z,2026-09-02T08:05:44Z,80.4,29.6,5.043,8.261,45.494
2026-09-02T13:06:44Z,2026-09-02T08:06:44Z,80.7,29.6,4.998,8.636,60.374
2026-09-02T13:07:44Z,2026-09-02T08:07:44Z,80.8,29.6,4.765,8.226,44.373
2026-09-02T13:08:44Z,2026-09-02T08:08:44Z,80.4,29.6,5.045,8.21,64.041
2026-09-02T13:09:44Z,2026-09-02T08:09:44Z,80.4,29.7,5.087,8.845,46.772
2026-09-02T13:10:44Z,2026-09-02T08:10:44Z,80.7,29.7,4.93,8.304,41.057
2026-09-02T13:11:44Z,2026-09-02T08:11:44Z,80.5,29.7,4.804,8.084,34.896
2026-09-02T13:12:44Z,2026-09-02T08:12:44Z,80.5,29.7,4.812,8.614,60.849
2026-09-02T13:13:44Z,2026-09-02T08:13:44Z,80.8,29.7,4.776,8.1,31.329
2026-09-02T13:14:44Z,2026-09-02T08:14:44Z,80.2,29.7,4.927,8.039,42.489
2026-09-02T13:15:44Z,2026-09-02T08:15:44Z,80.0,29.8,5.026,7.938,32.173
2026-09-02T13:16:44Z,2026-09-02T08:16:44Z,80.0,29.8,5.078,8.526,30.122
2026-09-02T13:17:44Z,2026-09-02T08:17:44Z,80.5,29.8,4.843,7.869,49.699
2026-09-02T13:18:44Z,2026-09-02T08:18:44Z,79.7,29.8,5.175,8.462,39.861
2026-09-02T13:19:45Z,2026-09-02T08:19:45Z,79.8,29.8,5.096,8.429,37.182
2026-09-02T13:20:45Z,2026-09-02T08:20:45Z,79.9,29.9,5.412,8.507,42.311
2026-09-02T13:21:45Z,2026-09-02T08:21:45Z,79.6,29.9,5.097,8.826,55.442
2026-09-02T13:22:45Z,2026-09-02T08:22:45Z,79.6,29.9,5.159,8.317,48.676
2026-09-02T13:23:45Z,2026-09-02T08:23:45Z,79.6,29.9,5.233,8.498,57.999
2026-09-02T13:24:45Z,2026-09-02T08:24:45Z,79.4,29.9,5.046,8.232,41.822
2026-09-02T13:25:45Z,2026-09-02T08:25:45Z,79.7,29.9,5.289,8.688,35.451
2026-09-02T13:26:45Z,2026-09-02T08:26:45Z,79.8,29.9,5.107,8.558,43.935
2026-09-02T13:27:45Z,2026-09-02T08:27:45Z,79.6,29.9,5.041,8.398,60.544
2026-09-02T13:28:45Z,2026-09-02T08:28:45Z,79.3,29.9,5.119,8.683,61.979
2026-09-02T13:29:42Z,2026-09-02T08:29:42Z,79.3,29.9,5.106,8.476,51.303
2026-09-02T13:30:42Z,2026-09-02T08:30:42Z,79.2,30.0,5.263,9.067,60.082
2026-09-02T13:31:42Z,2026-09-02T08:31:42Z,79.3,30.0,5.638,9.19,65.595
2026-09-02T13:32:42Z,2026-09-02T08:32:42Z,79.3,30.0,5.177,8.462,78.523
2026-09-02T13:33:42Z,2026-09-02T08:33:42Z,79.3,30.0,5.356,9.017,40.456
2026-09-02T13:34:42Z,2026-09-02T08:34:42Z,79.3,30.0,5.576,8.427,37.769
2026-09-02T13:35:42Z,2026-09-02T08:35:42Z,79.3,30.0,5.262,8.498,38.386
2026-09-02T13:36:42Z,2026-09-02T08:36:42Z,79.3,30.0,5.586,9.188,27.583
2026-09-02T13:37:42Z,2026-09-02T08:37:42Z,79.3,30.0,5.231,8.107,53.338
2026-09-02T13:38:42Z,2026-09-02T08:38:42Z,79.0,30.0,5.281,8.423,37.459
2026-09-02T13:39:42Z,2026-09-02T08:39:42Z,78.9,30.0,5.422,8.614,30.549
2026-09-02T13:40:42Z,2026-09-02T08:40:42Z,78.9,30.0,5.295,8.33,37.992
2026-09-02T13:41:42Z,2026-09-02T08:41:42Z,79.1,30.1,5.255,8.939,38.208
2026-09-02T13:42:42Z,2026-09-02T08:42:42Z,78.6,30.1,5.447,8.808,60.051
2026-09-02T13:43:42Z,2026-09-02T08:43:42Z,79.2,30.1,5.301,8.578,36.685
2026-09-02T13:44:42Z,2026-09-02T08:44:42Z,79.2,30.1,5.265,8.587,52.323
2026-09-02T13:45:42Z,2026-09-02T08:45:42Z,79.0,30.1,5.333,8.646,54.513
2026-09-02T13:46:42Z,2026-09-02T08:46:42Z,79.1,30.1,5.542,8.008,45.19
2026-09-02T13:47:42Z,2026-09-02T08:47:42Z,79.0,30.1,5.419,8.244,44.675
2026-09-02T13:48:43Z,2026-09-02T08:48:43Z,78.4,30.1,5.406,7.967,49.959
2026-09-02T13:49:43Z,2026-09-02T08:49:43Z,78.9,30.1,5.228,8.879,39.229
2026-09-02T13:50:43Z,2026-09-02T08:50:43Z,78.8,30.2,5.314,8.092,46.926
2026-09-02T13:51:43Z,2026-09-02T08:51:43Z,78.4,30.2,5.338,8.383,38.066
2026-09-02T13:52:43Z,2026-09-02T08:52:43Z,78.0,30.2,5.463,8.518,51.178
2026-09-02T13:53:43Z,2026-09-02T08:53:43Z,78.5,30.2,5.676,9.038,50.533
2026-09-02T13:54:43Z,2026-09-02T08:54:43Z,78.5,30.2,5.153,8.217,45.269
2026-09-02T13:55:43Z,2026-09-02T08:55:43Z,78.2,30.3,5.508,8.557,39.107
2026-09-02T13:56:43Z,2026-09-02T08:56:43Z,78.5,30.3,5.399,8.648,66.171
2026-09-02T13:57:43Z,2026-09-02T08:57:43Z,78.0,30.3,5.689,8.973,69.723
2026-09-02T13:58:43Z,2026-09-02T08:58:43Z,77.9,30.3,5.393,8.346,61.395
2026-09-02T13:59:43Z,2026-09-02T08:59:43Z,77.9,30.3,5.107,8.248,45.388
2026-09-02T14:00:43Z,2026-09-02T09:00:43Z,77.8,30.4,5.838,8.718,48.038
2026-09-02T14:01:43Z,2026-09-02T09:01:43Z,77.7,30.4,5.445,8.556,42.412
2026-09-02T14:02:43Z,2026-09-02T09:02:43Z,77.5,30.4,5.444,8.45,56.305
2026-09-02T14:03:43Z,2026-09-02T09:03:43Z,77.1,30.4,5.741,8.983,73.638
2026-09-02T14:04:43Z,2026-09-02T09:04:43Z,77.8,30.4,5.508,8.491,48.57
2026-09-02T14:05:43Z,2026-09-02T09:05:43Z,77.6,30.4,5.876,8.86,38.348
2026-09-02T14:06:43Z,2026-09-02T09:06:43Z,77.6,30.5,5.506,8.543,49.988
2026-09-02T14:07:43Z,2026-09-02T09:07:43Z,77.2,30.5,6.041,8.691,49.335
2026-09-02T14:08:43Z,2026-09-02T09:08:43Z,77.2,30.5,5.622,8.803,31.641
2026-09-02T14:09:43Z,2026-09-02T09:09:43Z,77.1,30.5,5.961,8.773,46.861
2026-09-02T14:10:44Z,2026-09-02T09:10:44Z,77.6,30.6,5.747,8.633,36.456
2026-09-02T14:11:44Z,2026-09-02T09:11:44Z,77.2,30.6,6.038,9.042,38.683
2026-09-02T14:12:44Z,2026-09-02T09:12:44Z,77.0,30.6,5.576,8.47,53.885
2026-09-02T14:13:44Z,2026-09-02T09:13:44Z,77.0,30.6,5.714,8.929,52.43
2026-09-02T14:14:44Z,2026-09-02T09:14:44Z,77.3,30.7,5.431,8.418,37.163
2026-09-02T14:15:44Z,2026-09-02T09:15:44Z,76.9,30.7,5.83,8.972,36.08
2026-09-02T14:16:44Z,2026-09-02T09:16:44Z,77.1,30.7,5.625,8.521,53.916
2026-09-02T14:17:44Z,2026-09-02T09:17:44Z,76.8,30.8,5.548,8.338,47.082
2026-09-02T14:18:44Z,2026-09-02T09:18:44Z,76.4,30.8,5.833,8.614,43.008
2026-09-02T14:19:44Z,2026-09-02T09:19:44Z,76.1,30.8,5.629,8.399,57.405
2026-09-02T14:20:44Z,2026-09-02T09:20:44Z,75.8,30.9,5.69,8.42,35.604
2026-09-02T14:21:44Z,2026-09-02T09:21:44Z,76.4,30.9,5.941,8.87,27.811
2026-09-02T14:22:44Z,2026-09-02T09:22:44Z,76.0,30.9,5.884,9.018,49.344
2026-09-02T14:23:44Z,2026-09-02T09:23:44Z,75.9,30.9,5.658,8.764,53.975
2026-09-02T14:24:44Z,2026-09-02T09:24:44Z,75.6,31.0,5.651,8.804,58.534
2026-09-02T14:25:44Z,2026-09-02T09:25:44Z,75.3,31.0,6.086,9.201,55.247
2026-09-02T14:26:44Z,2026-09-02T09:26:44Z,75.4,31.0,6.347,9.06,44.085
2026-09-02T14:27:44Z,2026-09-02T09:27:44Z,75.9,31.1,5.31,7.861,35.309
2026-09-02T14:28:44Z,2026-09-02T09:28:44Z,75.9,31.1,5.77,8.751,45.384
2026-09-02T14:29:44Z,2026-09-02T09:29:44Z,75.9,31.1,5.638,8.554,40.009
2026-09-02T14:30:44Z,2026-09-02T09:30:44Z,76.5,31.2,5.529,8.519,39.294
2026-09-02T14:31:45Z,2026-09-02T09:31:45Z,75.4,31.2,5.746,8.569,40.85
2026-09-02T14:32:45Z,2026-09-02T09:32:45Z,75.1,31.2,5.867,8.982,44.122
2026-09-02T14:33:45Z,2026-09-02T09:33:45Z,74.9,31.2,6.252,9.139,49.311
2026-09-02T14:34:45Z,2026-09-02T09:34:45Z,75.9,31.3,6.334,9.405,50.873
2026-09-02T14:35:45Z,2026-09-02T09:35:45Z,75.5,31.3,5.84,9.076,55.859
2026-09-02T14:36:45Z,2026-09-02T09:36:45Z,75.4,31.3,6.325,9.612,47.748
2026-09-02T14:37:45Z,2026-09-02T09:37:45Z,75.2,31.4,6.058,8.802,59.445
2026-09-02T14:38:45Z,2026-09-02T09:38:45Z,74.7,31.4,5.996,8.916,29.629
2026-09-02T14:39:45Z,2026-09-02T09:39:45Z,75.0,31.4,6.03,9.085,31.495
2026-09-02T14:40:45Z,2026-09-02T09:40:45Z,74.1,31.5,5.923,8.445,39.293
2026-09-02T14:41:45Z,2026-09-02T09:41:45Z,74.5,31.5,5.864,8.829,37.788
2026-09-02T14:42:45Z,2026-09-02T09:42:45Z,73.9,31.5,6.346,9.272,37.432
2026-09-02T14:43:45Z,2026-09-02T09:43:45Z,73.5,31.6,6.28,8.896,53.373
2026-09-02T14:44:42Z,2026-09-02T09:44:42Z,73.1,31.6,6.451,9.184,32.673
2026-09-02T14:45:42Z,2026-09-02T09:45:42Z,73.2,31.6,6.151,8.75,30.732
2026-09-02T14:46:42Z,2026-09-02T09:46:42Z,73.7,31.6,6.283,9.034,56.905
2026-09-02T14:47:42Z,2026-09-02T09:47:42Z,73.9,31.7,6.264,8.977,40.792
2026-09-02T14:48:42Z,2026-09-02T09:48:42Z,73.7,31.7,6.109,8.905,46.632
2026-09-02T14:49:42Z,2026-09-02T09:49:42Z,73.3,31.7,5.975,8.805,42.846
2026-09-02T14:50:42Z,2026-09-02T09:50:42Z,74.1,31.7,6.177,9.059,50.085
2026-09-02T14:51:42Z,2026-09-02T09:51:42Z,73.8,31.8,6.537,9.391,36.494
2026-09-02T14:52:42Z,2026-09-02T09:52:42Z,72.3,31.8,6.339,9.029,38.452
2026-09-02T14:53:42Z,2026-09-02T09:53:42Z,72.1,31.8,6.669,9.308,35.801
2026-09-02T14:54:42Z,2026-09-02T09:54:42Z,72.1,31.8,6.467,9.318,31.7
2026-09-02T14:55:42Z,2026-09-02T09:55:42Z,71.9,31.9,6.562,9.401,59.663
2026-09-02T14:56:42Z,2026-09-02T09:56:42Z,72.4,31.9,6.223,8.627,44.273
2026-09-02T14:57:43Z,2026-09-02T09:57:43Z,71.8,31.9,6.262,9.06,37.525
2026-09-02T14:58:43Z,2026-09-02T09:58:43Z,71.8,31.9,6.447,9.327,55.7
2026-09-02T14:59:43Z,2026-09-02T09:59:43Z,72.3,32.0,5.891,8.509,29.374
2026-09-02T15:00:43Z,2026-09-02T10:00:43Z,71.5,32.0,6.626,9.079,29.106
2026-09-02T15:01:43Z,2026-09-02T10:01:43Z,70.9,32.0,6.837,8.603,35.784
2026-09-02T15:02:43Z,2026-09-02T10:02:43Z,70.9,32.0,6.622,8.845,41.776
2026-09-02T15:03:43Z,2026-09-02T10:03:43Z,70.9,32.1,6.165,8.951,42.349
2026-09-02T15:04:43Z,2026-09-02T10:04:43Z,71.5,32.1,6.122,8.817,39.411
2026-09-02T15:05:43Z,2026-09-02T10:05:43Z,70.9,32.1,6.083,8.593,39.108
2026-09-02T15:06:43Z,2026-09-02T10:06:43Z,71.3,32.1,6.082,8.631,44.321
2026-09-02T15:07:43Z,2026-09-02T10:07:43Z,70.7,32.2,6.452,9.0,55.393
2026-09-02T15:08:43Z,2026-09-02T10:08:43Z,70.7,32.2,6.116,9.085,43.921
2026-09-02T15:09:43Z,2026-09-02T10:09:43Z,71.2,32.3,6.405,8.898,53.721
2026-09-02T15:10:43Z,2026-09-02T10:10:43Z,71.4,32.3,6.184,8.297,42.763
2026-09-02T15:11:43Z,2026-09-02T10:11:43Z,70.6,32.4,6.063,8.904,25.616
2026-09-02T15:12:43Z,2026-09-02T10:12:43Z,70.8,32.4,6.65,8.674,62.353
2026-09-02T15:13:43Z,2026-09-02T10:13:43Z,70.5,32.4,6.34,8.917,33.086
2026-09-02T15:14:43Z,2026-09-02T10:14:43Z,70.5,32.5,6.213,9.05,33.092
2026-09-02T15:15:43Z,2026-09-02T10:15:43Z,69.6,32.5,6.327,8.642,33.616
2026-09-02T15:16:43Z,2026-09-02T10:16:43Z,69.0,32.6,6.408,8.627,40.428
2026-09-02T15:17:43Z,2026-09-02T10:17:43Z,68.9,32.6,6.468,9.173,48.884
2026-09-02T15:18:44Z,2026-09-02T10:18:44Z,69.0,32.7,6.473,8.893,25.206
2026-09-02T15:19:44Z,2026-09-02T10:19:44Z,68.9,32.7,6.402,9.083,42.713
2026-09-02T15:20:44Z,2026-09-02T10:20:44Z,68.7,32.8,6.292,8.926,30.987
2026-09-02T15:21:44Z,2026-09-02T10:21:44Z,69.1,32.8,6.13,8.62,36.408
2026-09-02T15:22:44Z,2026-09-02T10:22:44Z,68.9,32.9,6.241,8.524,23.921
2026-09-02T15:23:44Z,2026-09-02T10:23:44Z,68.8,33.0,5.875,8.995,62.389
2026-09-02T15:24:44Z,2026-09-02T10:24:44Z,68.5,33.0,6.158,8.731,54.062
2026-09-02T15:25:44Z,2026-09-02T10:25:44Z,67.6,33.1,6.057,8.257,25.338
2026-09-02T15:26:44Z,2026-09-02T10:26:44Z,68.7,33.1,6.239,8.706,25.66
2026-09-02T15:27:44Z,2026-09-02T10:27:44Z,68.9,33.2,6.164,8.819,34.244
2026-09-02T15:28:44Z,2026-09-02T10:28:44Z,67.5,33.3,6.12,8.77,35.565
2026-09-02T15:29:44Z,2026-09-02T10:29:44Z,67.2,33.3,6.258,9.166,29.753
2026-09-02T15:30:44Z,2026-09-02T10:30:44Z,67.4,33.4,6.431,9.278,39.813
2026-09-02T15:31:44Z,2026-09-02T10:31:44Z,67.7,33.4,6.525,8.949,36.723
2026-09-02T15:32:44Z,2026-09-02T10:32:44Z,66.9,33.5,5.939,8.747,34.782
2026-09-02T15:33:44Z,2026-09-02T10:33:44Z,65.9,33.5,6.268,8.933,34.152
2026-09-02T15:34:44Z,2026-09-02T10:34:44Z,65.5,33.6,6.101,8.558,31.552
2026-09-02T15:35:44Z,2026-09-02T10:35:44Z,65.1,33.6,6.784,9.351,40.093
2026-09-02T15:36:44Z,2026-09-02T10:36:44Z,64.8,33.6,6.16,9.194,43.153
2026-09-02T15:37:44Z,2026-09-02T10:37:44Z,64.9,33.7,6.425,8.824,38.391
2026-09-02T15:38:44Z,2026-09-02T10:38:44Z,65.0,33.7,6.512,9.009,28.772
2026-09-02T15:39:45Z,2026-09-02T10:39:45Z,65.0,33.7,6.086,9.016,28.316
2026-09-02T15:40:45Z,2026-09-02T10:40:45Z,65.8,33.8,6.167,8.771,30.331
2026-09-02T15:41:45Z,2026-09-02T10:41:45Z,65.4,33.8,6.888,9.581,38.465
2026-09-02T15:42:45Z,2026-09-02T10:42:45Z,65.2,33.9,6.163,8.565,25.901
2026-09-02T15:43:45Z,2026-09-02T10:43:45Z,64.8,33.9,6.142,8.384,32.045
2026-09-02T15:44:45Z,2026-09-02T10:44:45Z,64.6,33.9,6.501,8.827,34.494
2026-09-02T15:45:45Z,2026-09-02T10:45:45Z,64.4,34.0,6.272,8.538,41.692
2026-09-02T15:46:45Z,2026-09-02T10:46:45Z,65.2,34.0,6.091,8.545,45.295
2026-09-02T15:47:45Z,2026-09-02T10:47:45Z,64.5,34.1,6.493,8.559,46.683
2026-09-02T15:48:45Z,2026-09-02T10:48:45Z,64.0,34.1,6.328,9.186,36.285
2026-09-02T15:49:45Z,2026-09-02T10:49:45Z,64.8,34.2,6.536,8.591,40.789
2026-09-02T15:50:45Z,2026-09-02T10:50:45Z,64.4,34.2,6.382,8.556,42.794
2026-09-02T15:51:45Z,2026-09-02T10:51:45Z,63.7,34.3,6.382,8.829,39.569
2026-09-02T15:52:45Z,2026-09-02T10:52:45Z,63.5,34.4,6.352,8.764,42.201
2026-09-02T15:53:45Z,2026-09-02T10:53:45Z,63.4,34.4,6.111,8.374,39.03
2026-09-02T15:54:45Z,2026-09-02T10:54:45Z,62.3,34.5,6.428,8.785,23.667
2026-09-02T15:55:45Z,2026-09-02T10:55:45Z,62.2,34.6,6.649,8.899,23.604
2026-09-02T15:56:45Z,2026-09-02T10:56:45Z,61.0,34.6,6.432,8.524,30.835
2026-09-02T15:57:45Z,2026-09-02T10:57:45Z,60.9,34.7,6.655,8.993,35.813
2026-09-02T15:58:45Z,2026-09-02T10:58:45Z,62.0,34.8,6.689,9.001,43.838
2026-09-02T15:59:45Z,2026-09-02T10:59:45Z,61.5,34.8,7.023,9.878,56.16
2026-09-02T16:00:46Z,2026-09-02T11:00:46Z,61.4,34.9,6.212,8.815,41.489
2026-09-02T16:01:46Z,2026-09-02T11:01:46Z,62.1,34.9,6.351,9.098,47.19
2026-09-02T16:02:46Z,2026-09-02T11:02:46Z,60.4,35.0,6.42,8.496,28.823
2026-09-02T16:03:46Z,2026-09-02T11:03:46Z,60.0,35.1,6.455,9.061,29.434
2026-09-02T16:04:46Z,2026-09-02T11:04:46Z,61.0,35.1,6.325,8.742,19.637
2026-09-02T16:05:46Z,2026-09-02T11:05:46Z,59.6,35.2,7.021,9.612,42.412
2026-09-02T16:06:46Z,2026-09-02T11:06:46Z,59.0,35.2,6.754,9.583,22.191
2026-09-02T16:07:46Z,2026-09-02T11:07:46Z,59.0,35.3,6.428,8.986,28.432
2026-09-02T16:08:46Z,2026-09-02T11:08:46Z,59.6,35.3,6.565,8.829,29.145
2026-09-02T16:09:43Z,2026-09-02T11:09:43Z,59.4,35.4,6.271,8.672,24.353
2026-09-02T16:10:43Z,2026-09-02T11:10:43Z,59.4,35.4,6.656,9.404,27.69
2026-09-02T16:11:43Z,2026-09-02T11:11:43Z,58.9,35.4,6.599,8.752,39.599
2026-09-02T16:12:43Z,2026-09-02T11:12:43Z,58.4,35.5,6.716,9.701,36.382
2026-09-02T16:13:43Z,2026-09-02T11:13:43Z,58.6,35.5,6.743,9.742,20.005
2026-09-02T16:14:43Z,2026-09-02T11:14:43Z,58.9,35.6,6.616,9.284,24.623
2026-09-02T16:15:43Z,2026-09-02T11:15:43Z,59.8,35.7,6.859,9.276,28.355
2026-09-02T16:16:43Z,2026-09-02T11:16:43Z,59.5,35.8,6.636,9.272,32.993
2026-09-02T16:17:43Z,2026-09-02T11:17:43Z,58.4,35.9,6.914,9.736,40.908
2026-09-02T16:18:43Z,2026-09-02T11:18:43Z,58.5,36.0,6.258,8.541,34.182
2026-09-02T16:19:43Z,2026-09-02T11:19:43Z,57.5,36.2,6.478,8.79,43.822
2026-09-02T16:20:43Z,2026-09-02T11:20:43Z,57.0,36.3,6.741,9.318,22.982
2026-09-02T16:21:43Z,2026-09-02T11:21:43Z,56.4,36.5,6.902,9.217,21.789
2026-09-02T16:22:43Z,2026-09-02T11:22:43Z,55.6,36.6,6.084,8.052,23.417
2026-09-02T16:23:43Z,2026-09-02T11:23:43Z,53.9,36.8,6.603,8.916,21.865
2026-09-02T16:24:43Z,2026-09-02T11:24:43Z,55.3,37.0,6.018,8.878,37.581
2026-09-02T16:25:43Z,2026-09-02T11:25:43Z,54.2,37.1,6.413,8.888,29.298
2026-09-02T16:26:44Z,2026-09-02T11:26:44Z,54.7,37.3,6.174,8.336,28.416
2026-09-02T16:27:44Z,2026-09-02T11:27:44Z,53.6,37.5,6.857,9.063,31.821
2026-09-02T16:28:44Z,2026-09-02T11:28:44Z,52.7,37.6,6.373,9.285,52.677
2026-09-02T16:29:44Z,2026-09-02T11:29:44Z,51.9,37.8,5.97,8.339,27.708
2026-09-02T16:30:44Z,2026-09-02T11:30:44Z,51.7,37.9,6.43,9.111,33.272
2026-09-02T16:31:44Z,2026-09-02T11:31:44Z,50.2,38.0,7.165,10.162,30.168
2026-09-02T16:32:44Z,2026-09-02T11:32:44Z,50.2,38.1,6.297,8.738,19.75
2026-09-02T16:33:44Z,2026-09-02T11:33:44Z,50.1,38.2,6.332,9.145,27.667
2026-09-02T16:34:44Z,2026-09-02T11:34:44Z,49.9,38.2,6.107,8.697,38.622
2026-09-02T16:35:44Z,2026-09-02T11:35:44Z,49.1,38.3,6.604,9.262,37.878
2026-09-02T16:36:44Z,2026-09-02T11:36:44Z,49.8,38.3,6.204,8.892,40.54
2026-09-02T16:37:44Z,2026-09-02T11:37:44Z,50.1,38.4,6.425,9.135,20.358
2026-09-02T16:38:44Z,2026-09-02T11:38:44Z,49.6,38.4,6.061,8.555,27.226
2026-09-02T16:39:44Z,2026-09-02T11:39:44Z,48.8,38.5,6.044,8.624,37.959
2026-09-02T16:40:44Z,2026-09-02T11:40:44Z,48.4,38.6,6.417,8.96,32.254
2026-09-02T16:41:44Z,2026-09-02T11:41:44Z,48.5,38.6,6.277,9.296,45.887
2026-09-02T16:42:44Z,2026-09-02T11:42:44Z,48.4,38.7,6.641,9.444,53.402
2026-09-02T16:43:44Z,2026-09-02T11:43:44Z,48.4,38.8,6.53,9.93,24.027
2026-09-02T16:44:44Z,2026-09-02T11:44:44Z,48.7,38.9,6.131,9.253,24.087
2026-09-02T16:45:44Z,2026-09-02T11:45:44Z,49.0,39.0,5.884,8.972,35.268
2026-09-02T16:46:44Z,2026-09-02T11:46:44Z,48.8,39.1,6.2,9.034,26.374
2026-09-02T16:47:44Z,2026-09-02T11:47:44Z,49.4,39.3,6.15,8.628,22.683
2026-09-02T16:48:44Z,2026-09-02T11:48:44Z,47.6,39.4,6.136,9.038,27.365
2026-09-02T16:49:44Z,2026-09-02T11:49:44Z,46.6,39.5,6.139,8.571,17.933
2026-09-02T16:50:44Z,2026-09-02T11:50:44Z,46.8,39.6,6.375,9.187,32.436
2026-09-02T16:51:45Z,2026-09-02T11:51:45Z,46.5,39.6,6.481,9.51,30.644
2026-09-02T16:52:45Z,2026-09-02T11:52:45Z,46.1,39.7,6.272,9.258,24.828
2026-09-02T16:53:45Z,2026-09-02T11:53:45Z,47.2,39.7,6.507,8.807,40.436
2026-09-02T16:54:45Z,2026-09-02T11:54:45Z,46.6,39.7,6.355,8.999,39.89
2026-09-02T16:55:45Z,2026-09-02T11:55:45Z,45.7,39.7,6.093,9.757,62.805
2026-09-02T16:56:45Z,2026-09-02T11:56:45Z,46.0,39.8,6.293,8.808,48.504
2026-09-02T16:57:45Z,2026-09-02T11:57:45Z,45.5,39.8,6.383,9.189,32.389
2026-09-02T16:58:45Z,2026-09-02T11:58:45Z,45.1,39.9,6.158,8.858,38.224
2026-09-02T16:59:45Z,2026-09-02T11:59:45Z,43.9,39.9,6.61,9.781,32.279
2026-09-02T17:00:45Z,2026-09-02T12:00:45Z,44.5,39.9,6.343,9.259,20.753
2026-09-02T17:01:45Z,2026-09-02T12:01:45Z,44.5,39.9,6.278,9.29,37.475
2026-09-02T17:02:45Z,2026-09-02T12:02:45Z,44.7,40.0,5.983,9.617,24.443
2026-09-02T17:03:45Z,2026-09-02T12:03:45Z,44.7,40.0,6.625,9.352,27.94
2026-09-02T17:04:45Z,2026-09-02T12:04:45Z,44.8,40.0,6.12,9.351,32.16
2026-09-02T17:05:45Z,2026-09-02T12:05:45Z,44.9,40.0,6.328,9.239,27.087
2026-09-02T17:06:45Z,2026-09-02T12:06:45Z,45.9,40.0,6.155,9.142,27.675
2026-09-02T17:07:45Z,2026-09-02T12:07:45Z,45.6,40.0,5.967,8.734,33.062
2026-09-02T17:08:45Z,2026-09-02T12:08:45Z,44.8,40.0,5.931,9.107,52.075
2026-09-02T17:09:45Z,2026-09-02T12:09:45Z,44.4,40.0,6.315,9.285,41.485
2026-09-02T17:10:45Z,2026-09-02T12:10:45Z,46.3,40.0,6.446,8.824,34.713
2026-09-02T17:11:45Z,2026-09-02T12:11:45Z,46.5,40.0,6.374,9.16,37.765
2026-09-02T17:12:45Z,2026-09-02T12:12:45Z,46.4,40.0,6.229,8.851,36.965
2026-09-02T17:13:45Z,2026-09-02T12:13:45Z,45.6,40.0,6.463,9.364,45.986
2026-09-02T17:14:46Z,2026-09-02T12:14:46Z,45.7,40.0,6.558,9.478,21.682
2026-09-02T17:15:46Z,2026-09-02T12:15:46Z,45.1,39.9,6.371,9.074,24.377
2026-09-02T17:16:46Z,2026-09-02T12:16:46Z,45.0,39.9,6.365,9.723,34.442
2026-09-02T17:17:46Z,2026-09-02T12:17:46Z,44.5,39.9,6.38,10.058,31.684
2026-09-02T17:18:46Z,2026-09-02T12:18:46Z,45.3,39.8,6.772,10.293,31.203
2026-09-02T17:19:46Z,2026-09-02T12:19:46Z,45.8,39.7,6.346,8.971,23.908
2026-09-02T17:20:46Z,2026-09-02T12:20:46Z,45.6,39.7,6.14,8.871,21.288
2026-09-02T17:21:46Z,2026-09-02T12:21:46Z,46.1,39.6,6.254,9.365,32.872
2026-09-02T17:22:46Z,2026-09-02T12:22:46Z,46.8,39.6,6.604,9.001,23.954
2026-09-02T17:23:46Z,2026-09-02T12:23:46Z,45.7,39.5,6.52,9.402,26.96
2026-09-02T17:24:46Z,2026-09-02T12:24:46Z,45.7,39.5,6.546,9.078,36.975
2026-09-02T17:25:46Z,2026-09-02T12:25:46Z,45.9,39.5,6.158,9.341,23.86
2026-09-02T17:26:46Z,2026-09-02T12:26:46Z,45.9,39.4,6.344,9.048,51.088
2026-09-02T17:27:46Z,2026-09-02T12:27:46Z,45.1,39.4,6.065,8.767,34.074
2026-09-02T17:28:46Z,2026-09-02T12:28:46Z,46.0,39.3,5.84,8.951,34.179
2026-09-02T17:29:46Z,2026-09-02T12:29:46Z,44.4,39.3,6.358,9.56,31.715
2026-09-02T17:30:46Z,2026-09-02T12:30:46Z,43.8,39.2,6.388,9.061,32.756
2026-09-02T17:31:46Z,2026-09-02T12:31:46Z,44.3,39.2,6.763,9.802,34.571
2026-09-02T17:32:46Z,2026-09-02T12:32:46Z,45.0,39.1,6.539,9.937,37.441
2026-09-02T17:33:46Z,2026-09-02T12:33:46Z,44.9,39.1,6.259,9.567,24.373
2026-09-02T17:34:46Z,2026-09-02T12:34:46Z,44.8,39.0,6.304,9.439,43.115
2026-09-02T17:35:46Z,2026-09-02T12:35:46Z,46.1,39.0,6.718,10.182,26.416
2026-09-02T17:36:46Z,2026-09-02T12:36:46Z,46.2,39.0,6.357,8.982,21.9
2026-09-02T17:37:46Z,2026-09-02T12:37:46Z,45.6,38.9,6.372,8.819,36.489
2026-09-02T17:38:46Z,2026-09-02T12:38:46Z,45.6,38.9,6.858,9.584,24.42
2026-09-02T17:39:46Z,2026-09-02T12:39:46Z,45.1,38.9,6.717,9.688,32.156
2026-09-02T17:40:47Z,2026-09-02T12:40:47Z,45.6,38.9,5.908,8.874,35.357
2026-09-02T17:41:47Z,2026-09-02T12:41:47Z,46.4,38.9,6.455,9.315,43.258
2026-09-02T17:42:47Z,2026-09-02T12:42:47Z,46.8,39.0,6.162,9.045,32.39
2026-09-02T17:43:47Z,2026-09-02T12:43:47Z,45.5,39.0,6.533,9.485,40.267
2026-09-02T17:44:47Z,2026-09-02T12:44:47Z,45.5,39.0,6.377,9.39,24.784
2026-09-02T17:45:47Z,2026-09-02T12:45:47Z,46.5,39.0,6.546,9.273,23.227
2026-09-02T17:46:47Z,2026-09-02T12:46:47Z,46.5,39.1,6.418,9.459,39.809
2026-09-02T17:47:47Z,2026-09-02T12:47:47Z,46.8,39.1,6.585,9.828,50.419
2026-09-02T17:48:47Z,2026-09-02T12:48:47Z,46.4,39.2,6.173,9.038,39.095
2026-09-02T17:49:47Z,2026-09-02T12:49:47Z,46.8,39.2,6.347,9.482,32.651
2026-09-02T17:50:47Z,2026-09-02T12:50:47Z,45.3,39.3,6.513,10.114,49.122
2026-09-02T17:51:47Z,2026-09-02T12:51:47Z,44.2,39.4,6.372,9.003,30.332
2026-09-02T17:52:47Z,2026-09-02T12:52:47Z,43.3,39.4,6.479,9.623,49.655
2026-09-02T17:53:47Z,2026-09-02T12:53:47Z,43.5,39.5,6.359,9.447,52.622
2026-09-02T17:54:47Z,2026-09-02T12:54:47Z,44.2,39.6,6.572,9.258,35.158
2026-09-02T17:55:47Z,2026-09-02T12:55:47Z,44.8,39.7,6.417,9.374,28.203
2026-09-02T17:56:47Z,2026-09-02T12:56:47Z,44.1,39.7,6.525,9.585,54.266
2026-09-02T17:57:47Z,2026-09-02T12:57:47Z,43.7,39.8,6.504,9.915,41.968
2026-09-02T17:58:47Z,2026-09-02T12:58:47Z,43.5,39.9,6.617,9.869,15.875
2026-09-02T17:59:47Z,2026-09-02T12:59:47Z,44.0,40.0,6.345,9.171,26.795
2026-09-02T18:00:47Z,2026-09-02T13:00:47Z,43.0,40.1,5.987,9.321,40.113
2026-09-02T18:01:47Z,2026-09-02T13:01:47Z,42.7,40.3,6.115,8.95,32.245
2026-09-02T18:02:47Z,2026-09-02T13:02:47Z,42.5,40.4,6.283,9.396,32.317
2026-09-02T18:03:47Z,2026-09-02T13:03:47Z,42.2,40.5,6.095,9.105,39.101
2026-09-02T18:04:47Z,2026-09-02T13:04:47Z,42.4,40.6,5.962,9.294,37.228
2026-09-02T18:05:47Z,2026-09-02T13:05:47Z,41.5,40.7,6.557,10.126,23.656
2026-09-02T18:06:47Z,2026-09-02T13:06:47Z,42.0,40.8,5.925,8.799,28.235
2026-09-02T18:07:48Z,2026-09-02T13:07:48Z,42.2,40.9,6.154,9.28,37.16
2026-09-02T18:08:48Z,2026-09-02T13:08:48Z,41.6,41.0,6.089,8.415,30.121
2026-09-02T18:09:48Z,2026-09-02T13:09:48Z,41.0,41.1,6.338,9.214,33.789
2026-09-02T18:10:48Z,2026-09-02T13:10:48Z,40.9,41.2,6.522,9.065,39.374
2026-09-02T18:11:48Z,2026-09-02T13:11:48Z,41.2,41.2,6.162,9.116,36.176
2026-09-02T18:12:48Z,2026-09-02T13:12:48Z,41.0,41.3,6.245,8.95,22.746
2026-09-02T18:13:48Z,2026-09-02T13:13:48Z,39.6,41.4,6.269,9.277,31.431
2026-09-02T18:14:48Z,2026-09-02T13:14:48Z,40.0,41.4,6.112,9.277,34.61
2026-09-02T18:15:48Z,2026-09-02T13:15:48Z,39.5,41.5,6.007,9.994,30.281
2026-09-02T18:16:48Z,2026-09-02T13:16:48Z,38.9,41.5,6.317,9.879,18.619
2026-09-02T18:17:48Z,2026-09-02T13:17:48Z,38.4,41.6,5.899,9.118,25.024
2026-09-02T18:18:48Z,2026-09-02T13:18:48Z,38.4,41.6,6.303,9.166,22.409
2026-09-02T18:19:48Z,2026-09-02T13:19:48Z,40.9,41.6,6.008,8.754,49.916
2026-09-02T18:20:48Z,2026-09-02T13:20:48Z,40.1,41.6,6.214,9.278,33.005
2026-09-02T18:21:48Z,2026-09-02T13:21:48Z,39.4,41.7,6.232,9.122,24.081
2026-09-02T18:22:48Z,2026-09-02T13:22:48Z,39.2,41.7,6.153,9.017,25.71
2026-09-02T18:23:48Z,2026-09-02T13:23:48Z,39.7,41.8,5.967,9.404,36.608
2026-09-02T18:24:48Z,2026-09-02T13:24:48Z,39.1,41.8,6.155,8.554,35.661
2026-09-02T18:25:48Z,2026-09-02T13:25:48Z,37.9,41.8,6.332,8.269,26.144
2026-09-02T18:26:49Z,2026-09-02T13:26:49Z,37.7,41.8,6.494,9.172,14.966
2026-09-02T18:27:49Z,2026-09-02T13:27:49Z,38.7,41.9,5.847,9.257,11.034
2026-09-02T18:28:44Z,2026-09-02T13:28:44Z,39.7,41.9,6.054,9.198,31.711
2026-09-02T18:29:46Z,2026-09-02T13:29:46Z,39.9,41.9,6.03,8.033,72.199
2026-09-02T18:30:46Z,2026-09-02T13:30:46Z,37.8,41.9,5.982,9.223,14.737
2026-09-02T18:31:46Z,2026-09-02T13:31:46Z,38.1,41.9,6.406,8.735,22.749
2026-09-02T18:32:46Z,2026-09-02T13:32:46Z,38.4,41.8,6.142,8.777,27.918
2026-09-02T18:33:47Z,2026-09-02T13:33:47Z,38.8,41.8,6.161,8.514,45.778
2026-09-02T18:34:47Z,2026-09-02T13:34:47Z,38.0,41.7,6.54,9.051,21.992
2026-09-02T18:35:47Z,2026-09-02T13:35:47Z,38.6,41.7,6.019,9.245,15.828
2026-09-02T18:36:48Z,2026-09-02T13:36:48Z,39.2,41.6,6.088,9.039,26.884
2026-09-02T18:37:48Z,2026-09-02T13:37:48Z,39.0,41.6,5.84,8.858,26.56
2026-09-02T18:38:48Z,2026-09-02T13:38:48Z,39.2,41.5,5.873,8.775,48.359
2026-09-02T18:39:49Z,2026-09-02T13:39:49Z,40.7,41.5,5.705,7.829,31.096
2026-09-02T18:40:49Z,2026-09-02T13:40:49Z,40.2,41.4,5.997,8.228,18.972
2026-09-02T18:41:49Z,2026-09-02T13:41:49Z,40.3,41.4,6.341,9.408,28.258
2026-09-02T18:42:50Z,2026-09-02T13:42:50Z,39.7,41.4,6.306,8.866,87.115
2026-09-02T18:43:50Z,2026-09-02T13:43:50Z,39.4,41.3,6.458,9.412,31.397
2026-09-02T18:44:46Z,2026-09-02T13:44:46Z,39.9,41.3,6.493,9.285,71.553
2026-09-02T18:45:46Z,2026-09-02T13:45:46Z,39.7,41.2,5.745,8.353,36.294
2026-09-02T18:46:46Z,2026-09-02T13:46:46Z,40.5,41.1,6.349,8.928,34.364
2026-09-02T18:47:46Z,2026-09-02T13:47:46Z,39.7,41.1,6.257,9.273,23.904
2026-09-02T18:48:46Z,2026-09-02T13:48:46Z,40.6,41.0,6.36,9.132,25.385
2026-09-02T18:49:46Z,2026-09-02T13:49:46Z,40.7,41.0,6.437,8.92,39.634
2026-09-02T18:50:46Z,2026-09-02T13:50:46Z,41.3,41.0,6.054,8.633,53.152
2026-09-02T18:51:46Z,2026-09-02T13:51:46Z,41.8,41.0,5.944,8.881,19.682
2026-09-02T18:52:46Z,2026-09-02T13:52:46Z,41.1,41.0,5.999,8.732,43.406
2026-09-02T18:53:46Z,2026-09-02T13:53:46Z,39.1,41.0,5.998,9.052,64.021
2026-09-02T18:54:46Z,2026-09-02T13:54:46Z,38.8,41.0,6.358,9.582,21.708
2026-09-02T18:55:46Z,2026-09-02T13:55:46Z,38.9,41.0,5.691,8.888,21.39
2026-09-02T18:56:47Z,2026-09-02T13:56:47Z,39.7,41.0,5.855,9.18,42.341
2026-09-02T18:57:47Z,2026-09-02T13:57:47Z,39.4,41.0,6.087,8.757,31.232
2026-09-02T18:58:47Z,2026-09-02T13:58:47Z,39.1,41.0,5.993,8.789,22.983
2026-09-02T18:59:47Z,2026-09-02T13:59:47Z,39.3,41.0,6.295,9.326,39.736
2026-09-02T19:00:47Z,2026-09-02T14:00:47Z,39.0,41.0,6.039,8.938,35.289
2026-09-02T19:01:47Z,2026-09-02T14:01:47Z,38.8,41.1,6.112,9.052,32.317
2026-09-02T19:02:47Z,2026-09-02T14:02:47Z,38.9,41.1,5.979,8.72,31.72
2026-09-02T19:03:47Z,2026-09-02T14:03:47Z,39.4,41.1,6.361,9.442,39.549
2026-09-02T19:04:47Z,2026-09-02T14:04:47Z,39.1,41.2,6.106,8.881,32.778
2026-09-02T19:05:47Z,2026-09-02T14:05:47Z,39.4,41.2,6.088,9.053,19.468
2026-09-02T19:06:47Z,2026-09-02T14:06:47Z,39.2,41.2,6.514,9.493,29.143
2026-09-02T19:07:47Z,2026-09-02T14:07:47Z,40.5,41.3,5.902,8.396,35.835
2026-09-02T19:08:47Z,2026-09-02T14:08:47Z,38.8,41.3,6.025,9.156,60.045
2026-09-02T19:09:47Z,2026-09-02T14:09:47Z,40.9,41.4,5.93,8.584,28.154
2026-09-02T19:10:47Z,2026-09-02T14:10:47Z,39.3,41.5,5.957,9.629,34.444
2026-09-02T19:11:47Z,2026-09-02T14:11:47Z,38.6,41.5,5.947,8.846,28.938
2026-09-02T19:12:47Z,2026-09-02T14:12:47Z,39.1,41.6,6.318,8.554,31.059
2026-09-02T19:13:47Z,2026-09-02T14:13:47Z,37.6,41.7,6.302,9.352,38.22
2026-09-02T19:14:47Z,2026-09-02T14:14:47Z,38.6,41.8,5.539,8.601,25.154
2026-09-02T19:15:47Z,2026-09-02T14:15:47Z,37.3,41.9,6.269,8.923,55.668
2026-09-02T19:16:47Z,2026-09-02T14:16:47Z,37.6,42.0,6.293,9.737,30.371
2026-09-02T19:17:48Z,2026-09-02T14:17:48Z,37.5,42.1,5.736,7.732,70.16
2026-09-02T19:18:48Z,2026-09-02T14:18:48Z,38.2,42.1,5.927,9.875,30.347
2026-09-02T19:19:48Z,2026-09-02T14:19:48Z,37.8,42.2,5.974,9.277,16.809
2026-09-02T19:20:49Z,2026-09-02T14:20:49Z,37.4,42.2,6.273,8.972,15.96
2026-09-02T19:21:49Z,2026-09-02T14:21:49Z,36.8,42.3,5.821,9.183,22.586
2026-09-02T19:22:49Z,2026-09-02T14:22:49Z,35.7,42.3,6.273,9.001,46.496
2026-09-02T19:23:50Z,2026-09-02T14:23:50Z,37.2,42.3,5.503,7.087,13.208
2026-09-02T19:24:46Z,2026-09-02T14:24:46Z,36.1,42.3,5.649,7.694,14.991
2026-09-02T19:25:46Z,2026-09-02T14:25:46Z,35.8,42.3,5.82,9.098,92.134
2026-09-02T19:26:46Z,2026-09-02T14:26:46Z,35.8,42.4,6.07,8.92,56.215
2026-09-02T19:27:47Z,2026-09-02T14:27:47Z,36.0,42.4,5.667,9.527,37.862
2026-09-02T19:28:47Z,2026-09-02T14:28:47Z,35.8,42.4,6.08,9.545,52.034
2026-09-02T19:29:47Z,2026-09-02T14:29:47Z,35.9,42.4,5.747,8.261,12.95
2026-09-02T19:30:48Z,2026-09-02T14:30:48Z,36.6,42.5,5.898,7.246,11.043
2026-09-02T19:31:48Z,2026-09-02T14:31:48Z,36.8,42.5,6.151,8.677,22.555
2026-09-02T19:32:48Z,2026-09-02T14:32:48Z,37.2,42.5,5.844,8.76,32.55
2026-09-02T19:33:49Z,2026-09-02T14:33:49Z,36.8,42.6,5.896,9.18,115.856
2026-09-02T19:34:49Z,2026-09-02T14:34:49Z,36.0,42.6,5.694,8.97,38.741
2026-09-02T19:35:49Z,2026-09-02T14:35:49Z,36.1,42.6,5.726,7.975,18.254
2026-09-02T19:36:49Z,2026-09-02T14:36:49Z,36.3,42.6,6.057,9.69,22.586
2026-09-02T19:37:50Z,2026-09-02T14:37:50Z,36.2,42.6,6.26,8.722,11.26
2026-09-02T19:38:50Z,2026-09-02T14:38:50Z,36.8,42.7,6.34,8.607,43.294
2026-09-02T19:39:48Z,2026-09-02T14:39:48Z,36.5,42.7,5.82,8.531,28.384
2026-09-02T19:40:48Z,2026-09-02T14:40:48Z,35.4,42.8,6.037,8.104,15.919
2026-09-02T19:41:48Z,2026-09-02T14:41:48Z,35.7,42.8,5.78,7.659,9.613
2026-09-02T19:42:49Z,2026-09-02T14:42:49Z,35.8,42.9,6.263,8.064,13.569
2026-09-02T19:43:49Z,2026-09-02T14:43:49Z,36.7,42.9,5.985,7.594,11.504
2026-09-02T19:44:49Z,2026-09-02T14:44:49Z,36.8,43.0,5.98,8.474,90.31
2026-09-02T19:45:50Z,2026-09-02T14:45:50Z,35.3,43.1,6.164,9.08,20.415
2026-09-02T19:46:50Z,2026-09-02T14:46:50Z,36.1,43.1,6.095,7.777,30.308
2026-09-02T19:47:50Z,2026-09-02T14:47:50Z,36.1,43.2,6.125,8.091,13.758
2026-09-02T19:48:51Z,2026-09-02T14:48:51Z,36.9,43.3,5.899,7.814,49.341
2026-09-02T19:49:51Z,2026-09-02T14:49:51Z,35.8,43.3,6.235,9.599,24.508
2026-09-02T19:50:51Z,2026-09-02T14:50:51Z,35.2,43.4,6.195,8.62,59.152
2026-09-02T19:51:51Z,2026-09-02T14:51:51Z,34.5,43.5,6.191,9.052,18.447
2026-09-02T19:52:52Z,2026-09-02T14:52:52Z,34.0,43.6,6.331,9.34,11.061
2026-09-02T19:53:47Z,2026-09-02T14:53:47Z,33.7,43.6,5.735,7.188,19.054
2026-09-02T19:54:48Z,2026-09-02T14:54:48Z,33.9,43.7,6.088,8.673,21.253
2026-09-02T19:55:48Z,2026-09-02T14:55:48Z,34.7,43.7,6.549,9.733,55.908
2026-09-02T19:56:49Z,2026-09-02T14:56:49Z,34.4,43.8,6.224,7.861,19.297
2026-09-02T19:57:49Z,2026-09-02T14:57:49Z,34.7,43.8,6.01,8.194,55.602
2026-09-02T19:58:49Z,2026-09-02T14:58:49Z,33.3,43.8,6.224,8.242,15.07
2026-09-02T19:59:50Z,2026-09-02T14:59:50Z,33.6,43.8,6.011,8.679,19.582
2026-09-02T20:00:50Z,2026-09-02T15:00:50Z,34.7,43.8,6.019,8.385,55.762
2026-09-02T20:01:50Z,2026-09-02T15:01:50Z,34.5,43.8,6.519,8.751,21.505
2026-09-02T20:02:51Z,2026-09-02T15:02:51Z,35.3,43.8,6.28,7.94,52.996
2026-09-02T20:03:51Z,2026-09-02T15:03:51Z,35.0,43.8,6.137,8.605,10.632
2026-09-02T20:04:51Z,2026-09-02T15:04:51Z,34.9,43.8,6.557,8.9,27.471
2026-09-02T20:05:52Z,2026-09-02T15:05:52Z,35.1,43.7,6.549,8.769,16.722
2026-09-02T20:06:52Z,2026-09-02T15:06:52Z,35.6,43.6,6.33,7.66,20.853
2026-09-02T20:07:47Z,2026-09-02T15:07:47Z,35.9,43.5,6.721,10.421,81.396
2026-09-02T20:08:48Z,2026-09-02T15:08:48Z,35.9,43.5,6.628,9.18,34.935
2026-09-02T20:09:48Z,2026-09-02T15:09:48Z,36.2,43.4,6.415,8.847,17.551
2026-09-02T20:10:49Z,2026-09-02T15:10:49Z,36.4,43.3,6.053,7.891,18.171
2026-09-02T20:11:49Z,2026-09-02T15:11:49Z,36.8,43.2,6.519,8.964,26.947
2026-09-02T20:12:49Z,2026-09-02T15:12:49Z,36.7,43.1,5.996,8.352,15.435
2026-09-02T20:13:50Z,2026-09-02T15:13:50Z,36.9,42.9,6.644,9.548,33.449
2026-09-02T20:14:50Z,2026-09-02T15:14:50Z,36.5,42.9,6.319,8.172,10.446
2026-09-02T20:15:50Z,2026-09-02T15:15:50Z,37.3,42.8,6.898,9.551,23.363
2026-09-02T20:16:51Z,2026-09-02T15:16:51Z,37.3,42.7,6.45,9.394,17.871
2026-09-02T20:17:51Z,2026-09-02T15:17:51Z,37.8,42.7,6.617,9.194,63.128
2026-09-02T20:18:51Z,2026-09-02T15:18:51Z,37.5,42.6,6.55,9.751,13.251
2026-09-02T20:19:52Z,2026-09-02T15:19:52Z,37.8,42.5,6.338,8.861,34.735
2026-09-02T20:20:52Z,2026-09-02T15:20:52Z,37.9,42.4,6.284,8.246,18.311
2026-09-02T20:21:47Z,2026-09-02T15:21:47Z,38.0,42.3,6.47,9.386,160.156
2026-09-02T20:22:48Z,2026-09-02T15:22:48Z,38.0,42.2,6.437,9.455,48.362
2026-09-02T20:23:48Z,2026-09-02T15:23:48Z,38.3,42.1,6.571,9.009,13.648
2026-09-02T20:24:49Z,2026-09-02T15:24:49Z,38.3,42.0,6.667,9.407,28.606
2026-09-02T20:25:49Z,2026-09-02T15:25:49Z,38.3,41.9,6.317,8.0,37.733
2026-09-02T20:26:49Z,2026-09-02T15:26:49Z,38.7,41.8,6.454,8.344,25.147
2026-09-02T20:27:50Z,2026-09-02T15:27:50Z,38.7,41.7,6.035,10.05,26.029
2026-09-02T20:28:50Z,2026-09-02T15:28:50Z,38.9,41.6,6.116,9.443,17.829
2026-09-02T20:29:50Z,2026-09-02T15:29:50Z,38.9,41.5,6.249,9.22,14.427
2026-09-02T20:30:51Z,2026-09-02T15:30:51Z,39.3,41.4,6.427,9.516,17.616
2026-09-02T20:31:51Z,2026-09-02T15:31:51Z,39.4,41.4,6.429,9.301,13.374
2026-09-02T20:32:51Z,2026-09-02T15:32:51Z,39.3,41.4,6.777,9.724,58.17
2026-09-02T20:33:52Z,2026-09-02T15:33:52Z,39.6,41.4,6.208,9.353,23.098
2026-09-02T20:34:52Z,2026-09-02T15:34:52Z,39.7,41.4,6.362,8.333,17.128
2026-09-02T20:35:47Z,2026-09-02T15:35:47Z,39.5,41.5,6.256,9.573,13.551
2026-09-02T20:36:48Z,2026-09-02T15:36:48Z,38.5,41.5,6.632,9.667,26.678
2026-09-02T20:37:48Z,2026-09-02T15:37:48Z,38.9,41.5,6.521,8.65,73.531
2026-09-02T20:38:48Z,2026-09-02T15:38:48Z,39.5,41.6,6.133,8.225,12.41
2026-09-02T20:39:49Z,2026-09-02T15:39:49Z,39.0,41.6,6.413,8.39,11.19
2026-09-02T20:40:49Z,2026-09-02T15:40:49Z,38.8,41.6,6.522,8.675,59.992
2026-09-02T20:41:50Z,2026-09-02T15:41:50Z,39.3,41.6,6.278,9.011,52.931
2026-09-02T20:42:50Z,2026-09-02T15:42:50Z,38.6,41.6,6.257,8.674,30.649
2026-09-02T20:43:50Z,2026-09-02T15:43:50Z,39.3,41.6,6.378,8.773,14.305
2026-09-02T20:44:51Z,2026-09-02T15:44:51Z,39.5,41.5,6.658,9.372,34.048
2026-09-02T20:45:51Z,2026-09-02T15:45:51Z,39.4,41.5,6.5,9.588,21.594
2026-09-02T20:46:51Z,2026-09-02T15:46:51Z,40.2,41.5,6.815,9.035,66.635
2026-09-02T20:47:52Z,2026-09-02T15:47:52Z,39.1,41.4,6.468,9.209,80.872
2026-09-02T20:48:52Z,2026-09-02T15:48:52Z,39.3,41.4,6.85,9.291,48.446
2026-09-02T20:49:52Z,2026-09-02T15:49:52Z,39.4,41.3,6.372,10.475,17.525
2026-09-02T20:50:53Z,2026-09-02T15:50:53Z,39.7,41.2,6.305,9.501,33.413
2026-09-02T20:51:53Z,2026-09-02T15:51:53Z,39.6,41.1,6.614,9.613,58.305
2026-09-02T20:52:53Z,2026-09-02T15:52:53Z,40.2,41.0,6.414,10.164,34.345
2026-09-02T20:53:53Z,2026-09-02T15:53:53Z,39.8,40.9,6.406,10.361,83.98
2026-09-02T20:54:49Z,2026-09-02T15:54:49Z,40.3,40.8,6.414,9.857,25.992
2026-09-02T20:55:49Z,2026-09-02T15:55:49Z,40.3,40.7,6.538,10.036,39.035
2026-09-02T20:56:49Z,2026-09-02T15:56:49Z,40.7,40.6,6.204,10.025,80.428
2026-09-02T20:57:49Z,2026-09-02T15:57:49Z,41.1,40.6,6.622,10.851,47.799
2026-09-02T20:58:49Z,2026-09-02T15:58:49Z,41.0,40.5,6.487,9.999,36.71
2026-09-02T20:59:49Z,2026-09-02T15:59:49Z,40.3,40.4,6.355,9.618,28.016
2026-09-02T21:00:49Z,2026-09-02T16:00:49Z,41.0,40.3,6.492,11.899,192.859
2026-09-02T21:01:49Z,2026-09-02T16:01:49Z,41.2,40.3,6.397,9.438,67.094
2026-09-02T21:02:49Z,2026-09-02T16:02:49Z,41.1,40.2,7.008,10.258,40.817
2026-09-02T21:03:49Z,2026-09-02T16:03:49Z,41.1,40.1,6.338,9.677,56.435
2026-09-02T21:04:49Z,2026-09-02T16:04:49Z,41.2,40.0,6.679,9.922,21.236
2026-09-02T21:05:49Z,2026-09-02T16:05:49Z,41.7,39.9,6.729,9.808,30.578
2026-09-02T21:06:49Z,2026-09-02T16:06:49Z,41.9,39.9,6.426,9.635,30.216
2026-09-02T21:07:50Z,2026-09-02T16:07:50Z,41.7,39.8,6.882,10.288,73.213
2026-09-02T21:08:50Z,2026-09-02T16:08:50Z,42.1,39.7,6.567,9.572,30.599
2026-09-02T21:09:50Z,2026-09-02T16:09:50Z,41.8,39.6,6.445,9.305,36.111
2026-09-02T21:10:50Z,2026-09-02T16:10:50Z,42.4,39.6,6.722,9.816,49.326
2026-09-02T21:11:50Z,2026-09-02T16:11:50Z,42.5,39.5,6.305,9.312,30.244
2026-09-02T21:12:50Z,2026-09-02T16:12:50Z,42.4,39.4,6.43,10.219,52.583
2026-09-02T21:13:50Z,2026-09-02T16:13:50Z,42.7,39.4,6.314,9.201,60.414
2026-09-02T21:14:50Z,2026-09-02T16:14:50Z,43.1,39.3,6.372,9.512,36.641
2026-09-02T21:15:50Z,2026-09-02T16:15:50Z,43.0,39.2,6.466,9.738,32.949
2026-09-02T21:16:50Z,2026-09-02T16:16:50Z,43.3,39.2,6.223,9.512,40.706
2026-09-02T21:17:50Z,2026-09-02T16:17:50Z,43.4,39.2,6.37,9.618,49.036
2026-09-02T21:18:50Z,2026-09-02T16:18:50Z,42.6,39.1,6.169,9.184,24.958
2026-09-02T21:19:50Z,2026-09-02T16:19:50Z,42.6,39.1,5.911,9.202,28.107
2026-09-02T21:20:50Z,2026-09-02T16:20:50Z,43.1,39.0,5.859,9.054,55.838
2026-09-02T21:21:50Z,2026-09-02T16:21:50Z,43.1,39.0,6.298,8.852,26.148
2026-09-02T21:22:50Z,2026-09-02T16:22:50Z,43.1,39.0,6.538,14.778,322.509
2026-09-02T21:23:50Z,2026-09-02T16:23:50Z,43.2,38.9,6.643,11.576,206.468
2026-09-02T21:24:50Z,2026-09-02T16:24:50Z,43.5,38.9,6.049,9.517,26.634
2026-09-02T21:25:50Z,2026-09-02T16:25:50Z,43.7,38.9,6.391,9.396,19.883
2026-09-02T21:26:50Z,2026-09-02T16:26:50Z,43.5,38.8,6.304,8.984,54.128
2026-09-02T21:27:50Z,2026-09-02T16:27:50Z,43.6,38.8,6.269,9.547,31.135
2026-09-02T21:28:50Z,2026-09-02T16:28:50Z,43.5,38.8,6.291,9.609,43.669
2026-09-02T21:29:51Z,2026-09-02T16:29:51Z,43.6,38.8,6.291,9.683,23.474
2026-09-02T21:30:51Z,2026-09-02T16:30:51Z,43.6,38.7,5.768,8.621,49.512
2026-09-02T21:31:51Z,2026-09-02T16:31:51Z,43.7,38.7,5.815,8.017,27.378
2026-09-02T21:32:51Z,2026-09-02T16:32:51Z,43.6,38.7,6.325,9.079,34.224
2026-09-02T21:33:51Z,2026-09-02T16:33:51Z,43.7,38.7,5.957,9.64,129.24
2026-09-02T21:34:51Z,2026-09-02T16:34:51Z,44.2,38.6,6.276,9.287,87.713
2026-09-02T21:35:51Z,2026-09-02T16:35:51Z,44.0,38.6,5.536,7.822,31.858
2026-09-02T21:36:51Z,2026-09-02T16:36:51Z,44.0,38.6,6.343,9.016,20.768
2026-09-02T21:37:51Z,2026-09-02T16:37:51Z,44.1,38.6,6.589,9.888,22.979
2026-09-02T21:38:51Z,2026-09-02T16:38:51Z,44.2,38.6,6.383,9.444,28.635
2026-09-02T21:39:51Z,2026-09-02T16:39:51Z,44.3,38.6,6.15,8.858,37.059
2026-09-02T21:40:51Z,2026-09-02T16:40:51Z,43.8,38.5,5.576,8.307,26.747
2026-09-02T21:41:51Z,2026-09-02T16:41:51Z,44.7,38.5,5.854,8.665,38.524
2026-09-02T21:42:51Z,2026-09-02T16:42:51Z,44.2,38.5,5.498,8.205,48.444
2026-09-02T21:43:51Z,2026-09-02T16:43:51Z,42.8,38.5,5.78,8.18,44.298
2026-09-02T21:44:51Z,2026-09-02T16:44:51Z,43.1,38.5,5.657,7.992,42.442
2026-09-02T21:45:51Z,2026-09-02T16:45:51Z,43.9,38.5,6.069,8.659,22.964
2026-09-02T21:46:51Z,2026-09-02T16:46:51Z,44.2,38.5,6.429,9.467,15.607
2026-09-02T21:47:51Z,2026-09-02T16:47:51Z,43.6,38.5,5.754,8.29,27.617
2026-09-02T21:48:51Z,2026-09-02T16:48:51Z,43.7,38.5,5.371,8.113,28.521
2026-09-02T21:49:51Z,2026-09-02T16:49:51Z,44.1,38.5,5.206,7.817,23.674
2026-09-02T21:50:51Z,2026-09-02T16:50:51Z,44.1,38.5,5.867,8.286,37.673
2026-09-02T21:51:51Z,2026-09-02T16:51:51Z,43.9,38.5,5.553,8.414,46.721
2026-09-02T21:52:52Z,2026-09-02T16:52:52Z,43.9,38.4,5.702,8.372,47.558
2026-09-02T21:53:52Z,2026-09-02T16:53:52Z,43.9,38.4,5.546,7.645,48.761
2026-09-02T21:54:52Z,2026-09-02T16:54:52Z,43.8,38.4,5.08,8.45,41.586
2026-09-02T21:55:52Z,2026-09-02T16:55:52Z,43.7,38.4,5.474,8.22,35.451
2026-09-02T21:56:52Z,2026-09-02T16:56:52Z,43.3,38.4,5.491,7.956,18.66
2026-09-02T21:57:52Z,2026-09-02T16:57:52Z,43.9,38.3,5.344,7.746,61.295
2026-09-02T21:58:52Z,2026-09-02T16:58:52Z,44.3,38.3,5.389,7.641,36.47
2026-09-02T21:59:52Z,2026-09-02T16:59:52Z,43.2,38.3,5.195,7.726,34.611
2026-09-02T22:00:52Z,2026-09-02T17:00:52Z,43.9,38.3,5.25,7.825,39.347
2026-09-02T22:01:52Z,2026-09-02T17:01:52Z,43.8,38.3,5.234,7.632,18.95
2026-09-02T22:02:52Z,2026-09-02T17:02:52Z,43.9,38.2,5.437,8.14,33.963
2026-09-02T22:03:52Z,2026-09-02T17:03:52Z,43.8,38.2,5.059,7.102,44.016
2026-09-02T22:04:52Z,2026-09-02T17:04:52Z,43.8,38.2,5.408,7.745,36.434
2026-09-02T22:05:52Z,2026-09-02T17:05:52Z,43.9,38.2,5.518,8.078,32.809
2026-09-02T22:06:52Z,2026-09-02T17:06:52Z,44.5,38.2,5.041,7.622,37.709
2026-09-02T22:07:52Z,2026-09-02T17:07:52Z,45.0,38.1,5.267,7.743,25.207
2026-09-02T22:08:52Z,2026-09-02T17:08:52Z,44.8,38.1,5.179,7.832,31.471
2026-09-02T22:09:52Z,2026-09-02T17:09:52Z,44.9,38.1,5.244,8.048,51.297
2026-09-02T22:10:52Z,2026-09-02T17:10:52Z,45.1,38.1,5.438,8.229,37.037
2026-09-02T22:11:52Z,2026-09-02T17:11:52Z,45.2,38.1,5.041,7.33,31.72
2026-09-02T22:12:52Z,2026-09-02T17:12:52Z,45.1,38.0,5.352,7.804,29.908
2026-09-02T22:13:52Z,2026-09-02T17:13:52Z,45.5,38.0,5.485,7.96,41.844
2026-09-02T22:14:49Z,2026-09-02T17:14:49Z,45.4,38.0,5.924,8.732,36.707
2026-09-02T22:15:49Z,2026-09-02T17:15:49Z,45.3,38.0,5.874,13.902,505.535
2026-09-02T22:16:49Z,2026-09-02T17:16:49Z,45.1,37.9,5.621,9.288,114.635
2026-09-02T22:17:49Z,2026-09-02T17:17:49Z,45.2,37.9,5.356,8.14,55.099
2026-09-02T22:18:50Z,2026-09-02T17:18:50Z,45.6,37.9,5.313,8.301,83.774
2026-09-02T22:19:50Z,2026-09-02T17:19:50Z,45.6,37.9,5.703,7.839,55.778
2026-09-02T22:20:50Z,2026-09-02T17:20:50Z,45.4,37.8,5.522,8.281,45.616
2026-09-02T22:21:50Z,2026-09-02T17:21:50Z,45.3,37.8,5.22,7.845,22.409
2026-09-02T22:22:50Z,2026-09-02T17:22:50Z,45.5,37.8,5.672,8.396,88.387
2026-09-02T22:23:50Z,2026-09-02T17:23:50Z,46.2,37.7,5.422,8.02,41.445
2026-09-02T22:24:50Z,2026-09-02T17:24:50Z,45.6,37.7,5.129,7.832,41.64
2026-09-02T22:25:50Z,2026-09-02T17:25:50Z,45.5,37.7,5.735,8.419,29.483
2026-09-02T22:26:50Z,2026-09-02T17:26:50Z,45.5,37.6,5.191,7.84,37.741
2026-09-02T22:27:50Z,2026-09-02T17:27:50Z,45.6,37.6,5.419,7.922,42.272
2026-09-02T22:28:50Z,2026-09-02T17:28:50Z,46.0,37.6,5.31,7.884,44.344
2026-09-02T22:29:50Z,2026-09-02T17:29:50Z,46.6,37.6,5.231,7.759,37.944
2026-09-02T22:30:50Z,2026-09-02T17:30:50Z,46.7,37.5,5.392,7.845,30.754
2026-09-02T22:31:50Z,2026-09-02T17:31:50Z,46.1,37.5,4.897,7.154,27.884
2026-09-02T22:32:50Z,2026-09-02T17:32:50Z,46.3,37.5,4.821,7.224,38.684
2026-09-02T22:33:50Z,2026-09-02T17:33:50Z,46.0,37.5,5.217,7.285,65.647
2026-09-02T22:34:50Z,2026-09-02T17:34:50Z,46.3,37.4,5.221,7.645,20.663
2026-09-02T22:35:50Z,2026-09-02T17:35:50Z,46.7,37.4,5.012,7.705,42.926
2026-09-02T22:36:50Z,2026-09-02T17:36:50Z,46.6,37.4,5.195,8.072,63.974
2026-09-02T22:37:50Z,2026-09-02T17:37:50Z,46.7,37.4,5.273,9.039,101.684
2026-09-02T22:38:50Z,2026-09-02T17:38:50Z,46.6,37.4,5.643,8.954,69.063
2026-09-02T22:39:50Z,2026-09-02T17:39:50Z,45.9,37.3,5.493,8.092,50.827
2026-09-02T22:40:51Z,2026-09-02T17:40:51Z,45.9,37.3,5.235,7.713,35.278
2026-09-02T22:41:51Z,2026-09-02T17:41:51Z,46.4,37.3,5.63,8.036,36.933
2026-09-02T22:42:51Z,2026-09-02T17:42:51Z,46.8,37.3,5.146,7.423,30.973
2026-09-02T22:43:51Z,2026-09-02T17:43:51Z,47.1,37.2,5.254,7.937,22.931
2026-09-02T22:44:51Z,2026-09-02T17:44:51Z,47.2,37.2,5.411,7.393,31.756
2026-09-02T22:45:51Z,2026-09-02T17:45:51Z,46.9,37.2,5.11,7.539,29.503
2026-09-02T22:46:51Z,2026-09-02T17:46:51Z,46.4,37.2,5.388,7.832,29.178
2026-09-02T22:47:51Z,2026-09-02T17:47:51Z,47.1,37.2,5.074,7.713,39.217
2026-09-02T22:48:51Z,2026-09-02T17:48:51Z,47.3,37.1,5.215,7.597,38.211
2026-09-02T22:49:51Z,2026-09-02T17:49:51Z,47.3,37.1,5.31,8.03,42.581
2026-09-02T22:50:51Z,2026-09-02T17:50:51Z,46.7,37.1,5.609,7.695,47.414
2026-09-02T22:51:51Z,2026-09-02T17:51:51Z,46.8,37.1,5.599,7.76,21.132
2026-09-02T22:52:51Z,2026-09-02T17:52:51Z,46.7,37.1,5.069,7.509,29.843
2026-09-02T22:53:51Z,2026-09-02T17:53:51Z,46.6,37.0,5.46,7.712,26.785
2026-09-02T22:54:51Z,2026-09-02T17:54:51Z,46.2,37.0,5.117,7.38,39.53
2026-09-02T22:55:51Z,2026-09-02T17:55:51Z,46.7,37.0,5.406,7.467,42.611
2026-09-02T22:56:51Z,2026-09-02T17:56:51Z,47.3,37.0,5.106,7.317,28.574
2026-09-02T22:57:51Z,2026-09-02T17:57:51Z,46.4,36.9,5.383,7.863,43.319
2026-09-02T22:58:51Z,2026-09-02T17:58:51Z,46.4,36.9,5.48,7.514,32.123
2026-09-02T22:59:52Z,2026-09-02T17:59:52Z,46.5,36.9,5.246,7.591,25.63
2026-09-02T23:00:52Z,2026-09-02T18:00:52Z,46.5,36.8,5.365,7.658,34.184
2026-09-02T23:01:52Z,2026-09-02T18:01:52Z,46.8,36.8,5.028,7.258,53.128
2026-09-02T23:02:52Z,2026-09-02T18:02:52Z,47.2,36.8,5.207,7.316,16.952
2026-09-02T23:03:52Z,2026-09-02T18:03:52Z,46.8,36.8,5.377,8.027,41.34
2026-09-02T23:04:52Z,2026-09-02T18:04:52Z,46.9,36.7,5.54,8.026,37.545
2026-09-02T23:05:52Z,2026-09-02T18:05:52Z,47.1,36.7,4.938,7.304,27.544
2026-09-02T23:06:52Z,2026-09-02T18:06:52Z,47.4,36.7,5.74,8.735,38.5
2026-09-02T23:07:52Z,2026-09-02T18:07:52Z,47.7,36.6,4.903,7.451,59.702
2026-09-02T23:08:52Z,2026-09-02T18:08:52Z,47.7,36.6,4.832,7.158,39.901
2026-09-02T23:09:52Z,2026-09-02T18:09:52Z,47.4,36.6,5.398,7.986,50.354
2026-09-02T23:10:52Z,2026-09-02T18:10:52Z,47.7,36.5,5.239,7.374,26.647
2026-09-02T23:11:52Z,2026-09-02T18:11:52Z,47.5,36.5,4.98,7.668,51.968
2026-09-02T23:12:52Z,2026-09-02T18:12:52Z,47.8,36.5,4.932,7.352,17.557
2026-09-02T23:13:52Z,2026-09-02T18:13:52Z,47.8,36.5,5.334,7.879,47.004
2026-09-02T23:14:52Z,2026-09-02T18:14:52Z,47.8,36.4,4.961,6.798,83.054
2026-09-02T23:15:52Z,2026-09-02T18:15:52Z,47.6,36.4,5.137,7.821,27.252
2026-09-02T23:16:52Z,2026-09-02T18:16:52Z,47.8,36.4,5.047,6.96,53.084
2026-09-02T23:17:52Z,2026-09-02T18:17:52Z,47.9,36.3,4.762,7.303,56.268
2026-09-02T23:18:53Z,2026-09-02T18:18:53Z,47.7,36.3,4.941,7.77,29.604
2026-09-02T23:19:49Z,2026-09-02T18:19:49Z,47.7,36.3,5.138,7.965,69.872
2026-09-02T23:20:49Z,2026-09-02T18:20:49Z,48.0,36.2,4.863,7.167,57.35
2026-09-02T23:21:49Z,2026-09-02T18:21:49Z,48.1,36.2,5.575,8.051,66.013
2026-09-02T23:22:49Z,2026-09-02T18:22:49Z,48.6,36.2,4.937,7.087,30.825
2026-09-02T23:23:49Z,2026-09-02T18:23:49Z,48.2,36.1,4.964,7.507,33.258
2026-09-02T23:24:49Z,2026-09-02T18:24:49Z,48.1,36.1,5.014,7.577,86.801
2026-09-02T23:25:50Z,2026-09-02T18:25:50Z,48.2,36.1,5.025,7.443,90.775
2026-09-02T23:26:50Z,2026-09-02T18:26:50Z,48.0,36.0,4.894,7.518,50.211
2026-09-02T23:27:50Z,2026-09-02T18:27:50Z,48.1,36.0,4.747,7.212,41.801
2026-09-02T23:28:50Z,2026-09-02T18:28:50Z,48.3,36.0,4.697,7.343,31.915
2026-09-02T23:29:50Z,2026-09-02T18:29:50Z,47.8,35.9,5.086,7.659,35.532
2026-09-02T23:30:50Z,2026-09-02T18:30:50Z,48.0,35.9,4.91,7.199,31.539
2026-09-02T23:31:50Z,2026-09-02T18:31:50Z,48.0,35.9,5.098,7.812,64.769
2026-09-02T23:32:50Z,2026-09-02T18:32:50Z,48.3,35.8,4.801,7.011,25.063
2026-09-02T23:33:50Z,2026-09-02T18:33:50Z,48.5,35.8,4.786,6.833,26.458
2026-09-02T23:34:50Z,2026-09-02T18:34:50Z,48.5,35.8,5.0,7.349,25.362
2026-09-02T23:35:50Z,2026-09-02T18:35:50Z,48.7,35.7,4.796,7.144,16.406
2026-09-02T23:36:50Z,2026-09-02T18:36:50Z,48.6,35.7,4.916,7.07,14.604
2026-09-02T23:37:50Z,2026-09-02T18:37:50Z,48.8,35.7,4.91,7.514,47.186
2026-09-02T23:38:50Z,2026-09-02T18:38:50Z,48.9,35.6,4.915,7.75,24.822
2026-09-02T23:39:50Z,2026-09-02T18:39:50Z,49.1,35.6,4.64,7.187,25.92
2026-09-02T23:40:50Z,2026-09-02T18:40:50Z,49.1,35.6,5.211,7.54,15.094
2026-09-02T23:41:50Z,2026-09-02T18:41:50Z,48.4,35.6,4.887,7.128,41.161
2026-09-02T23:42:50Z,2026-09-02T18:42:50Z,48.4,35.5,4.875,7.343,35.021
2026-09-02T23:43:50Z,2026-09-02T18:43:50Z,48.7,35.5,4.838,7.107,29.367
2026-09-02T23:44:50Z,2026-09-02T18:44:50Z,48.8,35.5,4.889,7.504,26.667
2026-09-02T23:45:50Z,2026-09-02T18:45:50Z,48.8,35.5,4.792,6.545,39.166
2026-09-02T23:46:50Z,2026-09-02T18:46:50Z,48.4,35.4,5.313,8.009,66.754
2026-09-02T23:47:50Z,2026-09-02T18:47:50Z,48.5,35.4,4.588,6.738,75.356
2026-09-02T23:48:50Z,2026-09-02T18:48:50Z,48.7,35.4,4.287,6.972,38.551
2026-09-02T23:49:51Z,2026-09-02T18:49:51Z,48.8,35.3,5.25,7.624,39.338
2026-09-02T23:50:51Z,2026-09-02T18:50:51Z,48.9,35.3,4.868,6.894,59.073
2026-09-02T23:51:51Z,2026-09-02T18:51:51Z,48.9,35.3,4.387,6.786,42.408
2026-09-02T23:52:51Z,2026-09-02T18:52:51Z,48.9,35.2,4.909,6.929,21.208
2026-09-02T23:53:51Z,2026-09-02T18:53:51Z,49.0,35.2,4.683,6.939,33.075
2026-09-02T23:54:51Z,2026-09-02T18:54:51Z,49.0,35.2,4.295,6.747,53.339
2026-09-02T23:55:51Z,2026-09-02T18:55:51Z,48.9,35.2,4.661,7.069,42.904
2026-09-02T23:56:51Z,2026-09-02T18:56:51Z,49.0,35.1,4.622,6.787,41.13
2026-09-02T23:57:51Z,2026-09-02T18:57:51Z,49.4,35.1,4.965,7.255,46.991
2026-09-02T23:58:51Z,2026-09-02T18:58:51Z,49.2,35.1,4.651,6.577,74.07
2026-09-02T23:59:51Z,2026-09-02T18:59:51Z,49.2,35.0,4.196,6.4,57.206
2026-09-03T00:00:51Z,2026-09-02T19:00:51Z,49.4,35.0,4.306,6.579,34.762
2026-09-03T00:01:51Z,2026-09-02T19:01:51Z,49.5,35.0,4.458,6.343,25.115
2026-09-03T00:02:51Z,2026-09-02T19:02:51Z,49.4,34.9,4.511,6.391,53.658
2026-09-03T00:03:51Z,2026-09-02T19:03:51Z,49.2,34.9,4.532,6.562,32.788
2026-09-03T00:04:51Z,2026-09-02T19:04:51Z,49.1,34.9,4.863,6.902,50.575
2026-09-03T00:05:51Z,2026-09-02T19:05:51Z,49.3,34.8,4.6,6.741,36.254
2026-09-03T00:06:51Z,2026-09-02T19:06:51Z,49.2,34.8,4.689,6.75,21.769
2026-09-03T00:07:51Z,2026-09-02T19:07:51Z,49.3,34.7,4.539,6.68,33.902
2026-09-03T00:08:51Z,2026-09-02T19:08:51Z,49.4,34.7,4.531,6.696,32.927
2026-09-03T00:09:51Z,2026-09-02T19:09:51Z,49.5,34.7,4.351,7.053,42.997
2026-09-03T00:10:51Z,2026-09-02T19:10:51Z,49.3,34.6,4.368,6.691,26.495
2026-09-03T00:11:51Z,2026-09-02T19:11:51Z,49.4,34.6,4.638,7.472,33.677
2026-09-03T00:12:51Z,2026-09-02T19:12:51Z,49.2,34.6,4.446,7.161,45.669
2026-09-03T00:13:52Z,2026-09-02T19:13:52Z,49.2,34.5,4.21,6.698,26.914
2026-09-03T00:14:52Z,2026-09-02T19:14:52Z,49.1,34.5,4.633,6.806,43.526
2026-09-03T00:15:52Z,2026-09-02T19:15:52Z,49.2,34.5,4.194,6.074,20.031
2026-09-03T00:16:52Z,2026-09-02T19:16:52Z,49.3,34.4,4.275,6.449,30.973
2026-09-03T00:17:52Z,2026-09-02T19:17:52Z,49.2,34.4,4.548,6.613,32.798
2026-09-03T00:18:52Z,2026-09-02T19:18:52Z,49.3,34.4,4.846,6.957,29.026
2026-09-03T00:19:52Z,2026-09-02T19:19:52Z,49.6,34.4,4.281,6.19,26.75
2026-09-03T00:20:52Z,2026-09-02T19:20:52Z,49.4,34.3,4.535,7.182,78.294
2026-09-03T00:21:52Z,2026-09-02T19:21:52Z,49.7,34.3,4.346,6.422,32.521
2026-09-03T00:22:52Z,2026-09-02T19:22:52Z,49.6,34.3,4.417,6.575,32.079
2026-09-03T00:23:52Z,2026-09-02T19:23:52Z,49.6,34.2,4.446,6.606,29.375
2026-09-03T00:24:52Z,2026-09-02T19:24:52Z,49.6,34.2,4.46,6.572,38.483
2026-09-03T00:25:52Z,2026-09-02T19:25:52Z,49.5,34.2,4.373,6.248,21.875
2026-09-03T00:26:52Z,2026-09-02T19:26:52Z,49.5,34.2,4.268,6.396,35.684
2026-09-03T00:27:52Z,2026-09-02T19:27:52Z,49.6,34.1,4.318,6.741,34.092
2026-09-03T00:28:52Z,2026-09-02T19:28:52Z,49.6,34.1,4.513,6.554,87.361
2026-09-03T00:29:52Z,2026-09-02T19:29:52Z,49.7,34.1,4.423,6.56,25.748
2026-09-03T00:30:52Z,2026-09-02T19:30:52Z,49.9,34.0,4.466,6.821,40.47
2026-09-03T00:31:52Z,2026-09-02T19:31:52Z,50.0,34.0,4.158,6.455,42.805
2026-09-03T00:32:52Z,2026-09-02T19:32:52Z,50.2,34.0,4.416,6.596,27.869
2026-09-03T00:33:52Z,2026-09-02T19:33:52Z,50.1,34.0,4.316,6.606,66.12
2026-09-03T00:34:53Z,2026-09-02T19:34:53Z,50.4,33.9,4.559,6.44,37.558
2026-09-03T00:35:53Z,2026-09-02T19:35:53Z,50.6,33.9,4.282,6.869,76.743
2026-09-03T00:36:53Z,2026-09-02T19:36:53Z,50.7,33.9,4.419,6.699,40.629
2026-09-03T00:37:53Z,2026-09-02T19:37:53Z,50.9,33.8,4.425,6.885,18.998
2026-09-03T00:38:53Z,2026-09-02T19:38:53Z,51.4,33.8,4.435,6.581,14.299
2026-09-03T00:39:53Z,2026-09-02T19:39:53Z,51.6,33.8,4.609,6.569,35.617
2026-09-03T00:40:53Z,2026-09-02T19:40:53Z,52.0,33.8,4.38,6.621,39.397
2026-09-03T00:41:53Z,2026-09-02T19:41:53Z,52.2,33.7,4.46,6.463,19.946
2026-09-03T00:42:53Z,2026-09-02T19:42:53Z,52.3,33.7,4.45,6.669,28.163
2026-09-03T00:43:53Z,2026-09-02T19:43:53Z,52.4,33.7,4.888,7.087,31.856
2026-09-03T00:44:50Z,2026-09-02T19:44:50Z,52.9,33.7,4.724,6.346,14.59
2026-09-03T00:45:50Z,2026-09-02T19:45:50Z,53.1,33.6,4.739,6.909,32.573
2026-09-03T00:46:50Z,2026-09-02T19:46:50Z,53.4,33.6,4.784,7.744,40.864
2026-09-03T00:47:50Z,2026-09-02T19:47:50Z,53.5,33.6,4.573,6.713,35.528
2026-09-03T00:48:50Z,2026-09-02T19:48:50Z,53.6,33.5,4.742,6.83,19.143
2026-09-03T00:49:50Z,2026-09-02T19:49:50Z,53.7,33.5,4.63,7.077,45.783
2026-09-03T00:50:50Z,2026-09-02T19:50:50Z,54.0,33.5,4.811,6.901,27.029
2026-09-03T00:51:50Z,2026-09-02T19:51:50Z,54.1,33.5,4.887,6.904,20.019
2026-09-03T00:52:50Z,2026-09-02T19:52:50Z,54.4,33.4,4.638,7.251,22.129
2026-09-03T00:53:50Z,2026-09-02T19:53:50Z,54.6,33.4,4.14,6.699,55.087
2026-09-03T00:54:50Z,2026-09-02T19:54:50Z,54.6,33.4,4.709,7.115,17.877
2026-09-03T00:55:50Z,2026-09-02T19:55:50Z,54.8,33.4,5.092,7.462,21.439
2026-09-03T00:56:50Z,2026-09-02T19:56:50Z,54.9,33.3,4.874,6.857,25.136
2026-09-03T00:57:50Z,2026-09-02T19:57:50Z,54.9,33.3,4.619,6.895,52.77
2026-09-03T00:58:50Z,2026-09-02T19:58:50Z,55.2,33.3,4.754,7.167,39.291
2026-09-03T00:59:50Z,2026-09-02T19:59:50Z,55.4,33.2,5.055,7.483,26.039
2026-09-03T01:00:50Z,2026-09-02T20:00:50Z,55.7,33.2,4.698,6.829,34.243
2026-09-03T01:01:50Z,2026-09-02T20:01:50Z,55.8,33.2,4.769,7.097,48.595
2026-09-03T01:02:51Z,2026-09-02T20:02:51Z,55.9,33.2,5.003,7.188,50.597
2026-09-03T01:03:51Z,2026-09-02T20:03:51Z,56.1,33.1,4.686,7.141,19.196
2026-09-03T01:04:51Z,2026-09-02T20:04:51Z,56.3,33.1,4.644,7.114,31.084
2026-09-03T01:05:51Z,2026-09-02T20:05:51Z,56.6,33.1,4.798,7.237,34.718
2026-09-03T01:06:51Z,2026-09-02T20:06:51Z,56.6,33.1,4.935,7.356,31.31
2026-09-03T01:07:51Z,2026-09-02T20:07:51Z,57.0,33.1,4.705,6.765,35.988
2026-09-03T01:08:51Z,2026-09-02T20:08:51Z,57.3,33.0,5.051,7.285,37.828
2026-09-03T01:09:51Z,2026-09-02T20:09:51Z,57.7,33.0,4.862,7.367,33.708
2026-09-03T01:10:51Z,2026-09-02T20:10:51Z,58.0,33.0,4.697,7.206,20.221
2026-09-03T01:11:51Z,2026-09-02T20:11:51Z,58.3,33.0,4.946,7.251,23.415
2026-09-03T01:12:51Z,2026-09-02T20:12:51Z,58.7,32.9,4.849,7.226,28.843
2026-09-03T01:13:51Z,2026-09-02T20:13:51Z,59.1,32.9,4.992,7.493,17.713
2026-09-03T01:14:51Z,2026-09-02T20:14:51Z,59.4,32.9,5.063,7.668,48.183
2026-09-03T01:15:51Z,2026-09-02T20:15:51Z,59.8,32.9,4.839,7.342,29.859
2026-09-03T01:16:51Z,2026-09-02T20:16:51Z,60.1,32.9,4.817,7.679,51.021
2026-09-03T01:17:51Z,2026-09-02T20:17:51Z,60.2,32.8,4.991,7.592,44.125
2026-09-03T01:18:51Z,2026-09-02T20:18:51Z,60.4,32.8,5.107,7.39,24.915
2026-09-03T01:19:51Z,2026-09-02T20:19:51Z,60.5,32.8,5.272,7.936,20.18
2026-09-03T01:20:51Z,2026-09-02T20:20:51Z,60.7,32.8,5.055,8.048,46.894
2026-09-03T01:21:51Z,2026-09-02T20:21:51Z,60.7,32.8,4.588,7.389,27.86
2026-09-03T01:22:51Z,2026-09-02T20:22:51Z,61.0,32.8,5.215,7.708,29.581
2026-09-03T01:23:51Z,2026-09-02T20:23:51Z,61.2,32.7,5.394,7.769,44.232
2026-09-03T01:24:51Z,2026-09-02T20:24:51Z,61.4,32.7,5.111,8.14,46.798
2026-09-03T01:25:52Z,2026-09-02T20:25:52Z,61.6,32.7,5.149,7.762,24.04
2026-09-03T01:26:52Z,2026-09-02T20:26:52Z,61.8,32.7,5.387,7.922,34.368
2026-09-03T01:27:52Z,2026-09-02T20:27:52Z,61.9,32.7,5.199,7.976,38.033
2026-09-03T01:28:52Z,2026-09-02T20:28:52Z,62.1,32.6,5.123,7.94,38.543
2026-09-03T01:29:52Z,2026-09-02T20:29:52Z,62.2,32.6,5.315,7.522,34.002
2026-09-03T01:30:52Z,2026-09-02T20:30:52Z,62.5,32.6,5.326,7.962,54.443
2026-09-03T01:31:52Z,2026-09-02T20:31:52Z,62.6,32.6,5.354,7.697,31.456
2026-09-03T01:32:52Z,2026-09-02T20:32:52Z,62.6,32.6,5.15,7.692,29.804
2026-09-03T01:33:52Z,2026-09-02T20:33:52Z,62.8,32.6,5.525,8.292,25.424
2026-09-03T01:34:52Z,2026-09-02T20:34:52Z,63.1,32.5,5.282,7.831,50.475
2026-09-03T01:35:52Z,2026-09-02T20:35:52Z,63.1,32.5,5.346,8.163,29.776
2026-09-03T01:36:52Z,2026-09-02T20:36:52Z,63.1,32.5,5.618,8.189,47.216
2026-09-03T01:37:52Z,2026-09-02T20:37:52Z,63.3,32.5,5.262,7.924,24.776
2026-09-03T01:38:52Z,2026-09-02T20:38:52Z,63.3,32.5,5.528,7.883,34.409
2026-09-03T01:39:52Z,2026-09-02T20:39:52Z,63.1,32.5,5.248,7.581,38.471
2026-09-03T01:40:52Z,2026-09-02T20:40:52Z,62.9,32.4,4.997,7.549,32.752
2026-09-03T01:41:52Z,2026-09-02T20:41:52Z,62.7,32.4,4.954,7.563,30.228
2026-09-03T01:42:52Z,2026-09-02T20:42:52Z,63.1,32.4,4.941,7.364,40.489
2026-09-03T01:43:52Z,2026-09-02T20:43:52Z,63.4,32.4,5.066,7.573,45.511
2026-09-03T01:44:52Z,2026-09-02T20:44:52Z,63.7,32.4,5.552,8.336,38.16
2026-09-03T01:45:52Z,2026-09-02T20:45:52Z,63.9,32.4,5.633,8.085,40.615
2026-09-03T01:46:52Z,2026-09-02T20:46:52Z,64.5,32.4,5.402,7.919,45.194
2026-09-03T01:47:52Z,2026-09-02T20:47:52Z,65.1,32.4,5.479,8.159,38.017
2026-09-03T01:48:52Z,2026-09-02T20:48:52Z,65.2,32.3,5.506,8.179,47.287
2026-09-03T01:49:52Z,2026-09-02T20:49:52Z,65.4,32.3,4.986,7.881,51.766
2026-09-03T01:50:53Z,2026-09-02T20:50:53Z,65.9,32.3,5.029,7.658,57.223
2026-09-03T01:51:53Z,2026-09-02T20:51:53Z,66.0,32.3,5.07,7.544,54.096
2026-09-03T01:52:53Z,2026-09-02T20:52:53Z,66.4,32.3,5.165,7.558,38.102
2026-09-03T01:53:53Z,2026-09-02T20:53:53Z,66.5,32.3,5.391,8.174,38.859
2026-09-03T01:54:53Z,2026-09-02T20:54:53Z,66.7,32.3,5.177,7.893,44.29
2026-09-03T01:55:53Z,2026-09-02T20:55:53Z,67.1,32.2,5.202,8.033,45.847
2026-09-03T01:56:53Z,2026-09-02T20:56:53Z,67.4,32.2,5.321,7.896,34.823
2026-09-03T01:57:53Z,2026-09-02T20:57:53Z,67.7,32.2,5.439,8.178,45.159
2026-09-03T01:58:53Z,2026-09-02T20:58:53Z,67.9,32.2,5.469,8.324,48.038
2026-09-03T01:59:53Z,2026-09-02T20:59:53Z,68.1,32.2,5.605,8.701,69.796
2026-09-03T02:00:53Z,2026-09-02T21:00:53Z,68.3,32.2,5.474,7.946,48.028
2026-09-03T02:01:53Z,2026-09-02T21:01:53Z,68.6,32.2,5.609,8.375,57.496
2026-09-03T02:02:53Z,2026-09-02T21:02:53Z,68.8,32.1,5.539,8.592,53.461
2026-09-03T02:03:53Z,2026-09-02T21:03:53Z,68.8,32.1,5.807,8.981,66.707
2026-09-03T02:04:53Z,2026-09-02T21:04:53Z,68.8,32.1,5.807,8.511,67.01
2026-09-03T02:05:53Z,2026-09-02T21:05:53Z,68.9,32.1,5.324,8.16,65.635
2026-09-03T02:06:53Z,2026-09-02T21:06:53Z,69.2,32.1,5.612,9.211,51.465
2026-09-03T02:07:53Z,2026-09-02T21:07:53Z,69.2,32.1,5.265,7.851,52.078
2026-09-03T02:08:53Z,2026-09-02T21:08:53Z,69.4,32.1,5.982,8.848,32.922
2026-09-03T02:09:53Z,2026-09-02T21:09:53Z,69.5,32.1,5.582,8.734,46.017
2026-09-03T02:10:53Z,2026-09-02T21:10:53Z,69.6,32.0,5.715,8.21,48.771
2026-09-03T02:11:54Z,2026-09-02T21:11:54Z,69.8,32.0,5.335,8.206,54.574
2026-09-03T02:12:54Z,2026-09-02T21:12:54Z,69.9,32.0,5.657,8.3,50.624
2026-09-03T02:13:54Z,2026-09-02T21:13:54Z,70.1,32.0,5.836,8.761,70.98
2026-09-03T02:14:50Z,2026-09-02T21:14:50Z,70.3,32.0,6.216,9.275,51.311
2026-09-03T02:15:51Z,2026-09-02T21:15:51Z,70.4,32.0,5.817,8.876,63.555
2026-09-03T02:16:51Z,2026-09-02T21:16:51Z,70.6,31.9,5.321,8.231,33.236
2026-09-03T02:17:51Z,2026-09-02T21:17:51Z,70.6,31.9,5.553,8.648,47.013
2026-09-03T02:18:51Z,2026-09-02T21:18:51Z,70.6,31.9,5.833,8.487,30.313
2026-09-03T02:19:51Z,2026-09-02T21:19:51Z,70.7,31.9,5.627,8.359,71.94
2026-09-03T02:20:51Z,2026-09-02T21:20:51Z,70.8,31.9,5.685,8.309,54.866
2026-09-03T02:21:51Z,2026-09-02T21:21:51Z,70.9,31.9,5.374,7.791,37.886
2026-09-03T02:22:51Z,2026-09-02T21:22:51Z,71.0,31.9,5.675,8.826,45.451
2026-09-03T02:23:51Z,2026-09-02T21:23:51Z,71.2,31.9,6.053,8.592,35.293
2026-09-03T02:24:51Z,2026-09-02T21:24:51Z,71.3,31.9,5.728,8.927,53.972
2026-09-03T02:25:51Z,2026-09-02T21:25:51Z,71.4,31.8,5.63,8.647,55.657
2026-09-03T02:26:51Z,2026-09-02T21:26:51Z,71.6,31.8,5.26,8.158,53.236
2026-09-03T02:27:51Z,2026-09-02T21:27:51Z,71.5,31.8,6.001,8.712,35.46
2026-09-03T02:28:51Z,2026-09-02T21:28:51Z,71.7,31.8,5.18,8.193,67.253
2026-09-03T02:29:51Z,2026-09-02T21:29:51Z,71.8,31.8,5.834,8.778,45.843
2026-09-03T02:30:51Z,2026-09-02T21:30:51Z,71.9,31.8,5.457,8.05,37.819
2026-09-03T02:31:51Z,2026-09-02T21:31:51Z,71.9,31.8,5.468,8.39,47.539
2026-09-03T02:32:51Z,2026-09-02T21:32:51Z,71.9,31.8,5.736,8.239,54.614
2026-09-03T02:33:51Z,2026-09-02T21:33:51Z,72.0,31.8,5.557,8.275,42.366
2026-09-03T02:34:51Z,2026-09-02T21:34:51Z,72.1,31.8,5.791,8.656,60.218
2026-09-03T02:35:51Z,2026-09-02T21:35:51Z,72.2,31.8,5.786,8.603,51.778
2026-09-03T02:36:51Z,2026-09-02T21:36:51Z,72.2,31.8,5.631,8.548,54.772
2026-09-03T02:37:51Z,2026-09-02T21:37:51Z,72.4,31.8,5.61,8.788,61.013
2026-09-03T02:38:51Z,2026-09-02T21:38:51Z,72.5,31.7,5.558,8.111,54.82
2026-09-03T02:39:51Z,2026-09-02T21:39:51Z,72.5,31.7,5.588,8.258,53.25
2026-09-03T02:40:52Z,2026-09-02T21:40:52Z,72.7,31.7,5.744,8.645,46.109
2026-09-03T02:41:52Z,2026-09-02T21:41:52Z,72.6,31.7,5.754,8.0,45.969
2026-09-03T02:42:52Z,2026-09-02T21:42:52Z,72.7,31.7,5.641,8.711,45.201
2026-09-03T02:43:52Z,2026-09-02T21:43:52Z,72.7,31.7,5.651,7.985,43.285
2026-09-03T02:44:52Z,2026-09-02T21:44:52Z,72.8,31.7,4.993,7.961,57.851
2026-09-03T02:45:52Z,2026-09-02T21:45:52Z,72.9,31.7,5.341,8.331,41.805
2026-09-03T02:46:52Z,2026-09-02T21:46:52Z,73.0,31.7,5.211,7.95,40.188
2026-09-03T02:47:52Z,2026-09-02T21:47:52Z,73.1,31.7,5.081,8.296,50.705
2026-09-03T02:48:52Z,2026-09-02T21:48:52Z,73.2,31.7,5.301,8.232,56.266
2026-09-03T02:49:52Z,2026-09-02T21:49:52Z,73.2,31.7,5.649,8.562,70.671
2026-09-03T02:50:52Z,2026-09-02T21:50:52Z,73.2,31.6,5.471,8.101,52.286
2026-09-03T02:51:52Z,2026-09-02T21:51:52Z,73.3,31.6,5.433,8.251,78.941
2026-09-03T02:52:52Z,2026-09-02T21:52:52Z,73.2,31.6,5.334,8.127,33.837
2026-09-03T02:53:52Z,2026-09-02T21:53:52Z,73.3,31.6,5.5,8.084,48.588
2026-09-03T02:54:52Z,2026-09-02T21:54:52Z,73.3,31.6,5.448,8.401,80.414
2026-09-03T02:55:52Z,2026-09-02T21:55:52Z,73.2,31.6,5.283,7.967,41.893
2026-09-03T02:56:52Z,2026-09-02T21:56:52Z,73.2,31.6,5.518,8.176,60.729
2026-09-03T02:57:52Z,2026-09-02T21:57:52Z,73.3,31.6,5.343,8.231,38.709
2026-09-03T02:58:52Z,2026-09-02T21:58:52Z,73.4,31.6,5.353,7.588,42.024
2026-09-03T02:59:52Z,2026-09-02T21:59:52Z,73.4,31.6,5.799,8.058,32.389
2026-09-03T03:00:52Z,2026-09-02T22:00:52Z,73.4,31.6,5.718,8.355,59.118
2026-09-03T03:01:52Z,2026-09-02T22:01:52Z,73.4,31.6,5.176,7.484,39.516
2026-09-03T03:02:52Z,2026-09-02T22:02:52Z,73.5,31.6,5.657,8.144,35.097
2026-09-03T03:03:52Z,2026-09-02T22:03:52Z,73.4,31.6,5.555,8.342,35.684
2026-09-03T03:04:52Z,2026-09-02T22:04:52Z,73.5,31.6,5.282,8.172,57.758
2026-09-03T03:05:53Z,2026-09-02T22:05:53Z,73.6,31.6,5.111,7.646,38.979
2026-09-03T03:06:53Z,2026-09-02T22:06:53Z,73.6,31.6,5.444,8.165,65.318
2026-09-03T03:07:53Z,2026-09-02T22:07:53Z,73.6,31.6,5.445,8.382,39.306
2026-09-03T03:08:53Z,2026-09-02T22:08:53Z,73.6,31.6,5.272,7.64,49.524
2026-09-03T03:09:53Z,2026-09-02T22:09:53Z,73.7,31.6,5.521,8.296,51.643
2026-09-03T03:10:53Z,2026-09-02T22:10:53Z,73.7,31.6,5.478,8.094,64.109
2026-09-03T03:11:53Z,2026-09-02T22:11:53Z,73.7,31.6,5.49,8.276,36.958
2026-09-03T03:12:53Z,2026-09-02T22:12:53Z,73.8,31.6,5.358,8.258,56.305
2026-09-03T03:13:53Z,2026-09-02T22:13:53Z,73.8,31.5,5.397,8.128,62.383
2026-09-03T03:14:53Z,2026-09-02T22:14:53Z,73.9,31.5,5.207,8.014,45.815
2026-09-03T03:15:53Z,2026-09-02T22:15:53Z,73.9,31.5,5.415,8.344,51.56
2026-09-03T03:16:53Z,2026-09-02T22:16:53Z,73.9,31.5,5.295,7.48,34.614
2026-09-03T03:17:53Z,2026-09-02T22:17:53Z,73.9,31.5,5.57,8.409,35.447
2026-09-03T03:18:53Z,2026-09-02T22:18:53Z,73.9,31.5,5.611,8.598,47.585
2026-09-03T03:19:53Z,2026-09-02T22:19:53Z,73.9,31.5,5.416,8.216,47.042
2026-09-03T03:20:53Z,2026-09-02T22:20:53Z,73.9,31.5,5.495,8.166,31.85
2026-09-03T03:21:53Z,2026-09-02T22:21:53Z,74.1,31.5,5.561,8.223,43.08
2026-09-03T03:22:53Z,2026-09-02T22:22:53Z,74.0,31.5,5.58,8.363,52.65
2026-09-03T03:23:53Z,2026-09-02T22:23:53Z,73.9,31.5,5.478,8.171,54.18
2026-09-03T03:24:53Z,2026-09-02T22:24:53Z,74.0,31.5,5.562,8.154,43.506
2026-09-03T03:25:53Z,2026-09-02T22:25:53Z,74.0,31.5,5.407,7.681,43.142
2026-09-03T03:26:53Z,2026-09-02T22:26:53Z,74.0,31.5,5.776,8.105,50.462
2026-09-03T03:27:53Z,2026-09-02T22:27:53Z,74.0,31.5,5.261,7.59,45.508
2026-09-03T03:28:53Z,2026-09-02T22:28:53Z,74.1,31.5,5.375,7.805,49.737
2026-09-03T03:29:53Z,2026-09-02T22:29:53Z,73.9,31.5,5.31,8.23,29.787
2026-09-03T03:30:53Z,2026-09-02T22:30:53Z,73.9,31.4,5.218,7.235,51.538
2026-09-03T03:31:54Z,2026-09-02T22:31:54Z,73.8,31.4,5.205,7.409,31.114
2026-09-03T03:32:54Z,2026-09-02T22:32:54Z,73.8,31.4,5.415,7.774,32.849
2026-09-03T03:33:54Z,2026-09-02T22:33:54Z,73.7,31.4,5.105,7.747,51.747
2026-09-03T03:34:51Z,2026-09-02T22:34:51Z,73.9,31.4,5.202,7.929,66.173
2026-09-03T03:35:51Z,2026-09-02T22:35:51Z,74.0,31.4,5.214,7.339,40.674
2026-09-03T03:36:51Z,2026-09-02T22:36:51Z,74.0,31.4,5.253,7.809,38.733
2026-09-03T03:37:51Z,2026-09-02T22:37:51Z,74.0,31.4,5.27,7.674,43.143
2026-09-03T03:38:51Z,2026-09-02T22:38:51Z,74.0,31.4,5.335,7.794,41.963
2026-09-03T03:39:51Z,2026-09-02T22:39:51Z,74.1,31.4,5.268,7.878,48.229
2026-09-03T03:40:51Z,2026-09-02T22:40:51Z,74.1,31.4,5.362,7.814,53.773
2026-09-03T03:41:51Z,2026-09-02T22:41:51Z,74.2,31.3,5.337,7.408,74.76
2026-09-03T03:42:51Z,2026-09-02T22:42:51Z,74.3,31.3,5.585,8.063,42.955
2026-09-03T03:43:51Z,2026-09-02T22:43:51Z,74.2,31.3,5.358,7.83,54.853
2026-09-03T03:44:51Z,2026-09-02T22:44:51Z,74.3,31.3,5.308,8.0,35.598
2026-09-03T03:45:51Z,2026-09-02T22:45:51Z,74.3,31.3,5.279,7.9,30.703
2026-09-03T03:46:51Z,2026-09-02T22:46:51Z,74.4,31.3,5.483,8.208,45.759
2026-09-03T03:47:51Z,2026-09-02T22:47:51Z,74.4,31.3,5.331,7.543,39.96
2026-09-03T03:48:51Z,2026-09-02T22:48:51Z,74.4,31.3,5.077,7.648,52.005
2026-09-03T03:49:51Z,2026-09-02T22:49:51Z,74.4,31.3,5.146,7.406,44.185
2026-09-03T03:50:51Z,2026-09-02T22:50:51Z,74.5,31.3,5.148,7.548,62.815
2026-09-03T03:51:51Z,2026-09-02T22:51:51Z,74.5,31.2,5.173,7.75,39.92
2026-09-03T03:52:51Z,2026-09-02T22:52:51Z,74.5,31.2,5.234,7.752,49.518
2026-09-03T03:53:51Z,2026-09-02T22:53:51Z,74.5,31.2,5.358,7.899,71.71
2026-09-03T03:54:52Z,2026-09-02T22:54:52Z,74.5,31.2,5.161,7.735,44.489
2026-09-03T03:55:52Z,2026-09-02T22:55:52Z,74.5,31.2,5.255,7.572,32.475
2026-09-03T03:56:52Z,2026-09-02T22:56:52Z,74.5,31.2,5.205,7.959,53.813
2026-09-03T03:57:52Z,2026-09-02T22:57:52Z,74.6,31.2,5.167,7.81,52.789
2026-09-03T03:58:52Z,2026-09-02T22:58:52Z,74.7,31.2,5.138,7.812,66.536
2026-09-03T03:59:52Z,2026-09-02T22:59:52Z,74.7,31.2,5.589,8.225,50.461
2026-09-03T04:00:52Z,2026-09-02T23:00:52Z,74.7,31.2,5.055,7.553,19.875
2026-09-03T04:01:52Z,2026-09-02T23:01:52Z,74.7,31.1,5.217,7.75,51.104
2026-09-03T04:02:52Z,2026-09-02T23:02:52Z,74.8,31.1,5.113,7.517,50.858
2026-09-03T04:03:52Z,2026-09-02T23:03:52Z,74.7,31.1,5.44,8.169,59.615
2026-09-03T04:04:52Z,2026-09-02T23:04:52Z,74.8,31.1,5.418,7.72,34.52
2026-09-03T04:05:52Z,2026-09-02T23:05:52Z,74.9,31.1,5.526,8.306,28.664
2026-09-03T04:06:52Z,2026-09-02T23:06:52Z,74.9,31.1,5.318,7.857,42.45
2026-09-03T04:07:52Z,2026-09-02T23:07:52Z,74.9,31.1,5.268,7.417,55.618
2026-09-03T04:08:52Z,2026-09-02T23:08:52Z,74.9,31.1,5.0,7.543,37.972
2026-09-03T04:09:52Z,2026-09-02T23:09:52Z,74.9,31.1,4.879,7.183,42.883
2026-09-03T04:10:52Z,2026-09-02T23:10:52Z,74.9,31.1,5.133,8.06,47.424
2026-09-03T04:11:52Z,2026-09-02T23:11:52Z,74.8,31.1,5.347,7.781,50.854
2026-09-03T04:12:52Z,2026-09-02T23:12:52Z,74.9,31.1,5.338,7.868,40.346
2026-09-03T04:13:52Z,2026-09-02T23:13:52Z,74.9,31.1,5.336,7.839,54.122
2026-09-03T04:14:52Z,2026-09-02T23:14:52Z,74.9,31.1,4.983,7.733,52.027
2026-09-03T04:15:52Z,2026-09-02T23:15:52Z,74.8,31.0,5.334,8.157,39.982
2026-09-03T04:16:52Z,2026-09-02T23:16:52Z,74.9,31.0,5.228,7.889,27.954
2026-09-03T04:17:52Z,2026-09-02T23:17:52Z,75.0,31.0,4.933,7.469,26.571
2026-09-03T04:18:52Z,2026-09-02T23:18:52Z,75.0,31.0,4.946,7.421,54.771
2026-09-03T04:19:53Z,2026-09-02T23:19:53Z,74.9,31.0,5.298,7.677,41.36
2026-09-03T04:20:53Z,2026-09-02T23:20:53Z,74.9,31.0,4.951,7.407,65.797
2026-09-03T04:21:53Z,2026-09-02T23:21:53Z,74.8,31.0,5.09,7.613,34.926
2026-09-03T04:22:53Z,2026-09-02T23:22:53Z,74.9,31.0,5.158,7.875,42.875
2026-09-03T04:23:53Z,2026-09-02T23:23:53Z,75.1,31.0,4.861,7.186,29.915
2026-09-03T04:24:53Z,2026-09-02T23:24:53Z,75.1,31.0,4.751,7.761,58.154
2026-09-03T04:25:53Z,2026-09-02T23:25:53Z,75.1,31.0,5.253,7.314,54.528
2026-09-03T04:26:53Z,2026-09-02T23:26:53Z,75.1,31.0,5.284,7.932,47.687
2026-09-03T04:27:53Z,2026-09-02T23:27:53Z,75.2,31.0,4.991,7.849,61.739
2026-09-03T04:28:53Z,2026-09-02T23:28:53Z,75.2,31.0,4.868,7.357,48.98
2026-09-03T04:29:53Z,2026-09-02T23:29:53Z,75.2,31.0,5.119,7.373,32.739
2026-09-03T04:30:53Z,2026-09-02T23:30:53Z,75.2,31.0,5.276,7.343,26.295
2026-09-03T04:31:53Z,2026-09-02T23:31:53Z,75.2,31.0,5.337,8.077,57.046
2026-09-03T04:32:53Z,2026-09-02T23:32:53Z,75.1,31.0,5.243,7.758,38.907
2026-09-03T04:33:53Z,2026-09-02T23:33:53Z,75.2,31.0,5.38,8.07,39.064
2026-09-03T04:34:53Z,2026-09-02T23:34:53Z,75.2,31.0,5.288,7.607,30.587
2026-09-03T04:35:53Z,2026-09-02T23:35:53Z,75.3,31.0,5.105,7.43,30.118
2026-09-03T04:36:53Z,2026-09-02T23:36:53Z,75.4,31.0,5.016,7.996,33.931
2026-09-03T04:37:53Z,2026-09-02T23:37:53Z,75.4,31.0,5.179,7.805,37.502
2026-09-03T04:38:53Z,2026-09-02T23:38:53Z,75.4,30.9,5.067,7.686,24.316
2026-09-03T04:39:53Z,2026-09-02T23:39:53Z,75.4,30.9,5.184,7.865,28.14
2026-09-03T04:40:53Z,2026-09-02T23:40:53Z,75.3,30.9,5.267,7.633,38.943
2026-09-03T04:41:53Z,2026-09-02T23:41:53Z,75.4,30.9,4.826,7.261,34.206
2026-09-03T04:42:54Z,2026-09-02T23:42:54Z,75.4,30.9,5.117,7.866,43.516
2026-09-03T04:43:54Z,2026-09-02T23:43:54Z,75.5,30.9,4.958,7.457,56.061
2026-09-03T04:44:54Z,2026-09-02T23:44:54Z,75.5,30.9,5.025,7.767,64.237
2026-09-03T04:45:54Z,2026-09-02T23:45:54Z,75.5,30.9,5.469,8.122,19.712
2026-09-03T04:46:54Z,2026-09-02T23:46:54Z,75.4,30.9,5.132,8.191,42.977
2026-09-03T04:47:54Z,2026-09-02T23:47:54Z,75.4,30.9,5.02,7.098,59.605
2026-09-03T04:48:54Z,2026-09-02T23:48:54Z,75.5,30.9,4.704,7.265,56.131
2026-09-03T04:49:54Z,2026-09-02T23:49:54Z,75.6,30.9,4.963,7.436,74.811
2026-09-03T04:50:54Z,2026-09-02T23:50:54Z,75.5,30.9,5.093,7.806,38.591
2026-09-03T04:51:54Z,2026-09-02T23:51:54Z,75.5,30.9,4.807,7.275,71.993
2026-09-03T04:52:54Z,2026-09-02T23:52:54Z,75.6,30.9,5.354,7.786,72.645
2026-09-03T04:53:54Z,2026-09-02T23:53:54Z,75.6,30.9,4.951,7.337,59.682
2026-09-03T04:54:54Z,2026-09-02T23:54:54Z,75.5,30.9,5.205,7.455,55.93
2026-09-03T04:55:54Z,2026-09-02T23:55:54Z,75.5,30.9,4.83,7.395,31.498
2026-09-03T04:56:54Z,2026-09-02T23:56:54Z,75.6,30.9,4.958,7.826,52.11
2026-09-03T04:57:54Z,2026-09-02T23:57:54Z,75.6,30.9,5.053,7.339,35.48
2026-09-03T04:58:54Z,2026-09-02T23:58:54Z,75.6,30.9,4.906,7.575,32.93
2026-09-03T04:59:54Z,2026-09-02T23:59:54Z,75.6,30.9,5.144,7.737,60.112
2026-09-03T05:00:54Z,2026-09-03T00:00:54Z,75.6,30.9,5.127,7.607,38.049
2026-09-03T05:01:54Z,2026-09-03T00:01:54Z,75.7,30.9,4.883,7.721,48.599
2026-09-03T05:02:54Z,2026-09-03T00:02:54Z,75.7,30.9,5.132,7.774,50.019
2026-09-03T05:03:54Z,2026-09-03T00:03:54Z,75.8,30.9,5.037,7.966,41.586
2026-09-03T05:04:54Z,2026-09-03T00:04:54Z,75.7,30.8,4.889,7.671,46.711
2026-09-03T05:05:55Z,2026-09-03T00:05:55Z,75.7,30.8,4.889,7.401,38.571
2026-09-03T05:06:55Z,2026-09-03T00:06:55Z,75.7,30.8,4.819,7.48,41.787
2026-09-03T05:07:55Z,2026-09-03T00:07:55Z,75.8,30.8,5.049,7.392,25.835
2026-09-03T05:08:55Z,2026-09-03T00:08:55Z,75.6,30.8,4.918,7.584,33.183
2026-09-03T05:09:51Z,2026-09-03T00:09:51Z,75.6,30.8,4.857,7.197,36.484
2026-09-03T05:10:52Z,2026-09-03T00:10:52Z,75.7,30.8,4.981,7.337,47.528
2026-09-03T05:11:52Z,2026-09-03T00:11:52Z,75.7,30.8,5.135,7.844,29.233
2026-09-03T05:12:52Z,2026-09-03T00:12:52Z,75.8,30.8,4.732,7.327,40.419
2026-09-03T05:13:52Z,2026-09-03T00:13:52Z,75.8,30.8,4.857,7.084,36.512
2026-09-03T05:14:52Z,2026-09-03T00:14:52Z,75.7,30.8,5.003,7.075,92.801
2026-09-03T05:15:52Z,2026-09-03T00:15:52Z,75.8,30.8,4.847,7.43,48.616
2026-09-03T05:16:52Z,2026-09-03T00:16:52Z,75.9,30.8,4.758,6.985,55.136
2026-09-03T05:17:52Z,2026-09-03T00:17:52Z,75.9,30.8,4.862,7.434,63.075
2026-09-03T05:18:52Z,2026-09-03T00:18:52Z,75.8,30.8,4.853,7.271,55.375
2026-09-03T05:19:52Z,2026-09-03T00:19:52Z,75.7,30.8,4.903,7.722,40.673
2026-09-03T05:20:52Z,2026-09-03T00:20:52Z,75.6,30.8,4.538,7.186,54.939
2026-09-03T05:21:52Z,2026-09-03T00:21:52Z,75.7,30.8,5.09,7.552,46.817
2026-09-03T05:22:52Z,2026-09-03T00:22:52Z,75.7,30.7,4.911,7.265,31.878
2026-09-03T05:23:52Z,2026-09-03T00:23:52Z,75.8,30.7,4.895,7.617,72.065
2026-09-03T05:24:52Z,2026-09-03T00:24:52Z,75.8,30.7,4.848,7.214,35.243
2026-09-03T05:25:52Z,2026-09-03T00:25:52Z,75.7,30.7,4.961,7.55,26.89
2026-09-03T05:26:52Z,2026-09-03T00:26:52Z,75.6,30.7,4.937,7.377,58.189
2026-09-03T05:27:52Z,2026-09-03T00:27:52Z,75.7,30.7,4.94,7.227,48.04
2026-09-03T05:28:52Z,2026-09-03T00:28:52Z,75.8,30.7,4.961,7.315,36.053
2026-09-03T05:29:52Z,2026-09-03T00:29:52Z,75.8,30.7,5.056,7.428,34.666
2026-09-03T05:30:52Z,2026-09-03T00:30:52Z,75.7,30.7,4.858,7.167,67.795
2026-09-03T05:31:53Z,2026-09-03T00:31:53Z,75.8,30.7,4.802,7.337,57.785
2026-09-03T05:32:53Z,2026-09-03T00:32:53Z,75.7,30.7,4.923,7.389,46.013
2026-09-03T05:33:53Z,2026-09-03T00:33:53Z,75.6,30.7,4.751,6.929,67.875
2026-09-03T05:34:53Z,2026-09-03T00:34:53Z,75.5,30.7,4.801,7.122,42.736
2026-09-03T05:35:53Z,2026-09-03T00:35:53Z,75.6,30.7,5.056,8.045,35.0
2026-09-03T05:36:53Z,2026-09-03T00:36:53Z,75.6,30.7,4.801,7.077,39.69
2026-09-03T05:37:53Z,2026-09-03T00:37:53Z,75.7,30.7,4.862,7.166,41.651
2026-09-03T05:38:53Z,2026-09-03T00:38:53Z,75.8,30.7,4.677,6.972,55.003
2026-09-03T05:39:53Z,2026-09-03T00:39:53Z,75.9,30.7,4.931,7.178,36.375
2026-09-03T05:40:53Z,2026-09-03T00:40:53Z,75.8,30.7,4.895,7.66,64.006
2026-09-03T05:41:53Z,2026-09-03T00:41:53Z,75.7,30.7,4.98,7.092,49.56
2026-09-03T05:42:53Z,2026-09-03T00:42:53Z,75.6,30.7,4.755,7.255,35.409
2026-09-03T05:43:53Z,2026-09-03T00:43:53Z,75.6,30.7,5.03,7.889,36.414
2026-09-03T05:44:53Z,2026-09-03T00:44:53Z,75.7,30.7,5.131,7.442,47.782
2026-09-03T05:45:53Z,2026-09-03T00:45:53Z,75.6,30.7,4.917,7.425,32.882
2026-09-03T05:46:53Z,2026-09-03T00:46:53Z,75.6,30.7,4.719,6.743,44.19
2026-09-03T05:47:53Z,2026-09-03T00:47:53Z,75.6,30.7,4.874,7.078,32.042
2026-09-03T05:48:53Z,2026-09-03T00:48:53Z,75.7,30.7,5.112,7.723,37.386
2026-09-03T05:49:53Z,2026-09-03T00:49:53Z,75.6,30.7,5.35,7.929,50.589
2026-09-03T05:50:53Z,2026-09-03T00:50:53Z,75.6,30.7,4.735,7.194,36.835
2026-09-03T05:51:53Z,2026-09-03T00:51:53Z,75.6,30.7,4.831,7.057,37.413
2026-09-03T05:52:54Z,2026-09-03T00:52:54Z,75.7,30.7,4.985,6.913,30.526
2026-09-03T05:53:54Z,2026-09-03T00:53:54Z,75.8,30.7,5.297,7.415,53.836
2026-09-03T05:54:54Z,2026-09-03T00:54:54Z,75.7,30.7,5.118,7.769,45.628
2026-09-03T05:55:54Z,2026-09-03T00:55:54Z,75.9,30.7,4.521,6.982,34.502
2026-09-03T05:56:54Z,2026-09-03T00:56:54Z,75.7,30.7,5.185,7.205,46.25
2026-09-03T05:57:54Z,2026-09-03T00:57:54Z,75.7,30.7,5.233,7.269,34.729
2026-09-03T05:58:54Z,2026-09-03T00:58:54Z,75.8,30.7,4.687,6.922,33.857
2026-09-03T05:59:54Z,2026-09-03T00:59:54Z,75.9,30.7,4.646,7.49,28.704
2026-09-03T06:00:54Z,2026-09-03T01:00:54Z,75.9,30.6,5.016,7.772,41.379
2026-09-03T06:01:54Z,2026-09-03T01:01:54Z,76.0,30.6,4.611,6.957,48.148
2026-09-03T06:02:54Z,2026-09-03T01:02:54Z,75.8,30.6,4.941,6.81,35.921
2026-09-03T06:03:54Z,2026-09-03T01:03:54Z,75.9,30.6,4.814,7.7,58.702
2026-09-03T06:04:54Z,2026-09-03T01:04:54Z,75.9,30.6,5.012,7.511,32.164
2026-09-03T06:05:54Z,2026-09-03T01:05:54Z,75.8,30.6,4.822,6.86,52.813
2026-09-03T06:06:54Z,2026-09-03T01:06:54Z,75.7,30.6,4.899,7.582,36.425
2026-09-03T06:07:54Z,2026-09-03T01:07:54Z,75.8,30.6,4.529,6.756,31.789
2026-09-03T06:08:54Z,2026-09-03T01:08:54Z,75.8,30.6,4.797,7.083,53.181
2026-09-03T06:09:54Z,2026-09-03T01:09:54Z,75.8,30.6,4.844,7.413,29.032
2026-09-03T06:10:54Z,2026-09-03T01:10:54Z,75.7,30.6,4.911,7.178,35.196
2026-09-03T06:11:55Z,2026-09-03T01:11:55Z,75.7,30.6,4.881,7.091,55.674
2026-09-03T06:12:55Z,2026-09-03T01:12:55Z,75.8,30.6,4.689,6.804,45.235
2026-09-03T06:13:55Z,2026-09-03T01:13:55Z,75.7,30.6,4.737,6.813,34.942
2026-09-03T06:14:55Z,2026-09-03T01:14:55Z,75.8,30.6,4.728,7.255,41.381
2026-09-03T06:15:55Z,2026-09-03T01:15:55Z,75.7,30.6,4.574,6.626,47.4
2026-09-03T06:16:55Z,2026-09-03T01:16:55Z,75.7,30.6,4.845,7.064,32.545
2026-09-03T06:17:55Z,2026-09-03T01:17:55Z,75.5,30.6,4.75,7.111,30.943
2026-09-03T06:18:55Z,2026-09-03T01:18:55Z,75.6,30.6,5.074,7.831,37.485
2026-09-03T06:19:55Z,2026-09-03T01:19:55Z,75.5,30.6,4.474,6.658,50.759
2026-09-03T06:20:55Z,2026-09-03T01:20:55Z,75.5,30.6,4.586,6.952,41.043
2026-09-03T06:21:55Z,2026-09-03T01:21:55Z,75.6,30.6,4.721,6.799,35.804
2026-09-03T06:22:55Z,2026-09-03T01:22:55Z,75.6,30.6,5.284,7.361,26.307
2026-09-03T06:23:55Z,2026-09-03T01:23:55Z,75.6,30.6,4.917,6.996,40.589
2026-09-03T06:24:52Z,2026-09-03T01:24:52Z,75.5,30.6,4.723,7.266,41.334
2026-09-03T06:25:52Z,2026-09-03T01:25:52Z,75.2,30.6,4.9,7.122,51.599
2026-09-03T06:26:52Z,2026-09-03T01:26:52Z,75.1,30.6,4.873,6.872,36.61
2026-09-03T06:27:52Z,2026-09-03T01:27:52Z,75.2,30.6,4.745,7.283,27.601
2026-09-03T06:28:52Z,2026-09-03T01:28:52Z,75.1,30.5,4.852,6.927,39.125
2026-09-03T06:29:52Z,2026-09-03T01:29:52Z,75.2,30.6,5.044,7.376,30.811
2026-09-03T06:30:52Z,2026-09-03T01:30:52Z,75.1,30.5,4.746,6.901,40.506
2026-09-03T06:31:52Z,2026-09-03T01:31:52Z,75.1,30.6,4.412,6.563,41.802
2026-09-03T06:32:52Z,2026-09-03T01:32:52Z,75.1,30.6,4.569,6.581,39.581
2026-09-03T06:33:52Z,2026-09-03T01:33:52Z,75.1,30.5,4.826,7.624,46.604
2026-09-03T06:34:52Z,2026-09-03T01:34:52Z,75.3,30.5,4.495,7.056,24.295
2026-09-03T06:35:52Z,2026-09-03T01:35:52Z,75.3,30.5,4.399,6.895,42.686
2026-09-03T06:36:52Z,2026-09-03T01:36:52Z,75.4,30.5,4.569,6.866,31.512
2026-09-03T06:37:52Z,2026-09-03T01:37:52Z,75.1,30.5,4.49,6.777,38.224
2026-09-03T06:38:53Z,2026-09-03T01:38:53Z,75.0,30.5,4.587,6.705,51.575
2026-09-03T06:39:53Z,2026-09-03T01:39:53Z,75.0,30.5,4.634,6.852,38.74
2026-09-03T06:40:53Z,2026-09-03T01:40:53Z,75.2,30.5,4.439,6.4,22.888
2026-09-03T06:41:53Z,2026-09-03T01:41:53Z,75.2,30.5,4.459,7.021,48.11
2026-09-03T06:42:53Z,2026-09-03T01:42:53Z,75.1,30.5,4.492,6.995,24.883
2026-09-03T06:43:53Z,2026-09-03T01:43:53Z,75.3,30.5,4.484,6.439,56.802
2026-09-03T06:44:53Z,2026-09-03T01:44:53Z,75.5,30.5,4.603,7.042,32.49
2026-09-03T06:45:53Z,2026-09-03T01:45:53Z,75.8,30.5,4.551,6.772,30.215
2026-09-03T06:46:53Z,2026-09-03T01:46:53Z,75.6,30.5,4.561,6.444,46.272
2026-09-03T06:47:53Z,2026-09-03T01:47:53Z,75.8,30.5,4.401,6.478,31.165
2026-09-03T06:48:53Z,2026-09-03T01:48:53Z,75.5,30.5,4.624,6.744,35.821
2026-09-03T06:49:53Z,2026-09-03T01:49:53Z,75.9,30.5,4.462,6.752,35.285
2026-09-03T06:50:53Z,2026-09-03T01:50:53Z,75.9,30.5,4.437,6.889,71.506
2026-09-03T06:51:53Z,2026-09-03T01:51:53Z,75.7,30.4,4.542,7.071,35.315
2026-09-03T06:52:53Z,2026-09-03T01:52:53Z,75.5,30.4,4.642,6.893,35.702
2026-09-03T06:53:53Z,2026-09-03T01:53:53Z,75.7,30.4,4.454,6.878,37.514
2026-09-03T06:54:53Z,2026-09-03T01:54:53Z,75.8,30.4,4.521,6.654,31.726
2026-09-03T06:55:53Z,2026-09-03T01:55:53Z,75.9,30.4,4.626,6.936,23.271
2026-09-03T06:56:53Z,2026-09-03T01:56:53Z,75.8,30.4,4.495,6.483,41.975
2026-09-03T06:57:53Z,2026-09-03T01:57:53Z,75.9,30.4,4.239,6.687,26.242
2026-09-03T06:58:53Z,2026-09-03T01:58:53Z,75.9,30.3,4.395,6.495,35.245
2026-09-03T06:59:53Z,2026-09-03T01:59:53Z,76.0,30.3,4.458,6.735,36.905
2026-09-03T07:00:53Z,2026-09-03T02:00:53Z,76.1,30.3,4.388,6.952,25.222
2026-09-03T07:01:53Z,2026-09-03T02:01:53Z,76.0,30.3,4.656,6.797,25.211
2026-09-03T07:02:54Z,2026-09-03T02:02:54Z,75.9,30.3,4.709,7.134,32.855
2026-09-03T07:03:54Z,2026-09-03T02:03:54Z,76.0,30.3,4.952,7.219,50.195
2026-09-03T07:04:54Z,2026-09-03T02:04:54Z,75.8,30.3,4.727,7.196,28.521
2026-09-03T07:05:54Z,2026-09-03T02:05:54Z,75.8,30.3,4.517,6.834,38.59
2026-09-03T07:06:54Z,2026-09-03T02:06:54Z,75.8,30.3,4.529,6.682,43.132
2026-09-03T07:07:54Z,2026-09-03T02:07:54Z,75.8,30.3,4.849,7.159,45.051
2026-09-03T07:08:54Z,2026-09-03T02:08:54Z,76.0,30.3,4.6,7.305,35.422
2026-09-03T07:09:54Z,2026-09-03T02:09:54Z,75.7,30.3,4.469,6.766,23.918
2026-09-03T07:10:54Z,2026-09-03T02:10:54Z,75.7,30.3,4.681,7.052,43.989
2026-09-03T07:11:54Z,2026-09-03T02:11:54Z,75.9,30.3,4.45,6.728,53.553
2026-09-03T07:12:54Z,2026-09-03T02:12:54Z,75.8,30.3,4.25,6.375,26.923
2026-09-03T07:13:54Z,2026-09-03T02:13:54Z,75.8,30.3,4.687,6.833,37.233
2026-09-03T07:14:54Z,2026-09-03T02:14:54Z,75.8,30.3,4.775,7.354,36.407
2026-09-03T07:15:54Z,2026-09-03T02:15:54Z,75.8,30.3,4.355,6.545,21.925
2026-09-03T07:16:54Z,2026-09-03T02:16:54Z,75.8,30.3,4.417,6.67,38.212
2026-09-03T07:17:54Z,2026-09-03T02:17:54Z,76.0,30.3,4.548,6.919,23.15
2026-09-03T07:18:54Z,2026-09-03T02:18:54Z,75.9,30.3,4.265,6.867,29.625
2026-09-03T07:19:54Z,2026-09-03T02:19:54Z,75.8,30.3,4.633,6.98,47.911
2026-09-03T07:20:54Z,2026-09-03T02:20:54Z,75.9,30.3,4.733,6.778,56.702
2026-09-03T07:21:54Z,2026-09-03T02:21:54Z,76.1,30.3,4.619,6.877,49.369
2026-09-03T07:22:54Z,2026-09-03T02:22:54Z,76.0,30.3,4.405,7.158,44.261
2026-09-03T07:23:54Z,2026-09-03T02:23:54Z,76.0,30.3,4.529,6.962,35.836
2026-09-03T07:24:54Z,2026-09-03T02:24:54Z,76.0,30.3,4.666,7.166,20.82
2026-09-03T07:25:55Z,2026-09-03T02:25:55Z,75.9,30.3,4.428,6.764,36.109
2026-09-03T07:26:55Z,2026-09-03T02:26:55Z,76.0,30.3,4.855,6.827,30.922
2026-09-03T07:27:55Z,2026-09-03T02:27:55Z,76.2,30.3,4.609,6.873,45.188
2026-09-03T07:28:55Z,2026-09-03T02:28:55Z,76.0,30.3,4.653,7.003,33.32
2026-09-03T07:29:55Z,2026-09-03T02:29:55Z,76.1,30.3,4.643,6.656,25.198
2026-09-03T07:30:55Z,2026-09-03T02:30:55Z,75.9,30.3,4.636,6.955,42.366
2026-09-03T07:31:55Z,2026-09-03T02:31:55Z,76.0,30.3,4.355,6.769,38.789
2026-09-03T07:32:55Z,2026-09-03T02:32:55Z,76.0,30.3,4.523,6.569,34.314
2026-09-03T07:33:55Z,2026-09-03T02:33:55Z,75.8,30.3,4.541,6.819,28.493
2026-09-03T07:34:55Z,2026-09-03T02:34:55Z,75.9,30.3,4.55,6.77,50.039
2026-09-03T07:35:55Z,2026-09-03T02:35:55Z,76.0,30.2,4.59,6.914,36.621
2026-09-03T07:36:55Z,2026-09-03T02:36:55Z,75.8,30.3,4.602,6.611,52.707
2026-09-03T07:37:55Z,2026-09-03T02:37:55Z,76.0,30.3,4.461,6.641,31.662
2026-09-03T07:38:55Z,2026-09-03T02:38:55Z,76.0,30.3,4.546,6.637,28.533
2026-09-03T07:39:55Z,2026-09-03T02:39:55Z,76.0,30.3,4.631,6.922,35.423
2026-09-03T07:40:55Z,2026-09-03T02:40:55Z,76.0,30.3,4.468,6.382,32.26
2026-09-03T07:41:55Z,2026-09-03T02:41:55Z,75.9,30.3,4.409,6.595,50.528
2026-09-03T07:42:55Z,2026-09-03T02:42:55Z,75.8,30.3,4.173,6.347,41.98
2026-09-03T07:43:55Z,2026-09-03T02:43:55Z,75.8,30.3,4.451,6.923,45.853
2026-09-03T07:44:55Z,2026-09-03T02:44:55Z,75.8,30.3,4.616,6.837,37.097
2026-09-03T07:45:55Z,2026-09-03T02:45:55Z,75.7,30.3,4.555,7.086,32.974
2026-09-03T07:46:55Z,2026-09-03T02:46:55Z,75.7,30.3,4.335,6.597,40.549
2026-09-03T07:47:56Z,2026-09-03T02:47:56Z,75.8,30.3,4.663,6.697,39.074
2026-09-03T07:48:56Z,2026-09-03T02:48:56Z,75.8,30.3,4.451,6.884,30.564
2026-09-03T07:49:52Z,2026-09-03T02:49:52Z,75.8,30.3,4.408,6.307,36.361
2026-09-03T07:50:52Z,2026-09-03T02:50:52Z,75.6,30.3,4.729,6.887,37.497
2026-09-03T07:51:52Z,2026-09-03T02:51:52Z,75.7,30.3,4.501,6.535,34.594
2026-09-03T07:52:53Z,2026-09-03T02:52:53Z,75.6,30.3,4.585,6.666,53.79
2026-09-03T07:53:53Z,2026-09-03T02:53:53Z,75.6,30.3,4.368,6.416,32.637
2026-09-03T07:54:53Z,2026-09-03T02:54:53Z,75.7,30.3,4.274,6.316,23.677
2026-09-03T07:55:53Z,2026-09-03T02:55:53Z,75.6,30.3,4.585,6.44,46.908
2026-09-03T07:56:53Z,2026-09-03T02:56:53Z,75.4,30.3,4.308,6.439,40.206
2026-09-03T07:57:53Z,2026-09-03T02:57:53Z,75.6,30.3,4.652,6.502,33.601
2026-09-03T07:58:53Z,2026-09-03T02:58:53Z,75.6,30.3,4.602,6.787,57.224
2026-09-03T07:59:53Z,2026-09-03T02:59:53Z,75.6,30.3,4.449,7.045,62.219
2026-09-03T08:00:53Z,2026-09-03T03:00:53Z,75.5,30.3,4.687,7.112,33.812
2026-09-03T08:01:53Z,2026-09-03T03:01:53Z,75.6,30.3,4.539,6.686,40.402
2026-09-03T08:02:53Z,2026-09-03T03:02:53Z,75.7,30.3,4.338,6.499,27.297
2026-09-03T08:03:53Z,2026-09-03T03:03:53Z,75.5,30.3,4.733,6.731,35.382
2026-09-03T08:04:53Z,2026-09-03T03:04:53Z,75.6,30.3,4.387,6.757,34.668
2026-09-03T08:05:53Z,2026-09-03T03:05:53Z,75.5,30.3,4.462,6.682,46.077
2026-09-03T08:06:53Z,2026-09-03T03:06:53Z,75.6,30.3,4.382,6.486,36.221
2026-09-03T08:07:53Z,2026-09-03T03:07:53Z,75.4,30.3,4.616,6.812,68.141
2026-09-03T08:08:53Z,2026-09-03T03:08:53Z,75.5,30.3,4.491,6.596,26.702
2026-09-03T08:09:53Z,2026-09-03T03:09:53Z,75.4,30.3,4.398,6.613,42.825
2026-09-03T08:10:53Z,2026-09-03T03:10:53Z,75.5,30.3,4.397,6.58,32.684
2026-09-03T08:11:53Z,2026-09-03T03:11:53Z,75.6,30.3,4.309,6.659,27.373
2026-09-03T08:12:53Z,2026-09-03T03:12:53Z,75.4,30.3,4.336,6.341,38.568
2026-09-03T08:13:54Z,2026-09-03T03:13:54Z,75.6,30.3,4.689,7.118,42.367
2026-09-03T08:14:54Z,2026-09-03T03:14:54Z,75.6,30.3,4.218,6.402,43.798
2026-09-03T08:15:54Z,2026-09-03T03:15:54Z,75.5,30.3,5.005,7.484,38.624
2026-09-03T08:16:54Z,2026-09-03T03:16:54Z,75.5,30.3,4.738,6.937,33.276
2026-09-03T08:17:54Z,2026-09-03T03:17:54Z,75.5,30.3,4.627,6.605,44.158
2026-09-03T08:18:54Z,2026-09-03T03:18:54Z,75.5,30.3,4.578,6.193,23.41
2026-09-03T08:19:54Z,2026-09-03T03:19:54Z,75.6,30.3,4.322,6.406,37.132
2026-09-03T08:20:54Z,2026-09-03T03:20:54Z,75.7,30.3,4.617,6.605,34.693
2026-09-03T08:21:54Z,2026-09-03T03:21:54Z,75.6,30.3,4.575,6.696,25.956
2026-09-03T08:22:54Z,2026-09-03T03:22:54Z,75.6,30.3,4.173,6.12,24.866
2026-09-03T08:23:54Z,2026-09-03T03:23:54Z,75.5,30.3,4.815,6.7,35.531
2026-09-03T08:24:54Z,2026-09-03T03:24:54Z,75.4,30.3,4.576,6.823,44.5
2026-09-03T08:25:54Z,2026-09-03T03:25:54Z,75.5,30.3,4.298,6.432,28.994
2026-09-03T08:26:54Z,2026-09-03T03:26:54Z,75.5,30.3,4.479,6.047,36.396
2026-09-03T08:27:54Z,2026-09-03T03:27:54Z,75.5,30.3,4.316,6.565,46.801
2026-09-03T08:28:54Z,2026-09-03T03:28:54Z,75.5,30.3,4.529,6.768,26.445
2026-09-03T08:29:54Z,2026-09-03T03:29:54Z,75.6,30.3,4.674,6.352,32.721
2026-09-03T08:30:54Z,2026-09-03T03:30:54Z,75.5,30.3,4.514,6.653,49.605
2026-09-03T08:31:54Z,2026-09-03T03:31:54Z,75.4,30.3,4.429,6.519,27.292
2026-09-03T08:32:54Z,2026-09-03T03:32:54Z,75.5,30.3,4.602,6.766,32.542
2026-09-03T08:33:54Z,2026-09-03T03:33:54Z,75.6,30.3,4.151,6.042,44.429
2026-09-03T08:34:54Z,2026-09-03T03:34:54Z,75.5,30.3,4.333,6.162,36.399
2026-09-03T08:35:55Z,2026-09-03T03:35:55Z,75.4,30.3,4.591,6.806,40.644
2026-09-03T08:36:55Z,2026-09-03T03:36:55Z,75.5,30.4,4.592,6.942,34.514
2026-09-03T08:37:55Z,2026-09-03T03:37:55Z,75.5,30.4,4.615,6.622,47.17
2026-09-03T08:38:55Z,2026-09-03T03:38:55Z,75.6,30.4,4.521,6.567,36.729
2026-09-03T08:39:55Z,2026-09-03T03:39:55Z,75.5,30.4,4.387,7.021,44.262
2026-09-03T08:40:55Z,2026-09-03T03:40:55Z,75.5,30.4,4.593,7.14,31.508
2026-09-03T08:41:55Z,2026-09-03T03:41:55Z,75.5,30.4,4.588,6.356,24.415
2026-09-03T08:42:55Z,2026-09-03T03:42:55Z,75.6,30.4,4.382,6.51,26.622
2026-09-03T08:43:55Z,2026-09-03T03:43:55Z,75.6,30.4,4.565,6.719,36.702
2026-09-03T08:44:55Z,2026-09-03T03:44:55Z,75.5,30.4,4.374,6.521,35.497
2026-09-03T08:45:55Z,2026-09-03T03:45:55Z,75.6,30.4,4.734,6.737,48.047
2026-09-03T08:46:55Z,2026-09-03T03:46:55Z,75.6,30.4,4.521,6.627,34.388
2026-09-03T08:47:55Z,2026-09-03T03:47:55Z,75.5,30.4,4.377,6.462,23.495
2026-09-03T08:48:55Z,2026-09-03T03:48:55Z,75.4,30.4,4.452,6.477,33.674
2026-09-03T08:49:55Z,2026-09-03T03:49:55Z,75.4,30.4,4.419,6.387,24.419
2026-09-03T08:50:55Z,2026-09-03T03:50:55Z,75.4,30.4,4.607,6.904,26.666
2026-09-03T08:51:55Z,2026-09-03T03:51:55Z,75.4,30.4,4.377,6.077,41.037
2026-09-03T08:52:55Z,2026-09-03T03:52:55Z,75.5,30.4,4.609,6.725,37.313
2026-09-03T08:53:55Z,2026-09-03T03:53:55Z,75.4,30.4,4.779,6.854,54.11
2026-09-03T08:54:55Z,2026-09-03T03:54:55Z,75.6,30.4,4.409,6.395,59.007
2026-09-03T08:55:55Z,2026-09-03T03:55:55Z,75.5,30.4,4.915,7.092,38.083
2026-09-03T08:56:55Z,2026-09-03T03:56:55Z,75.3,30.4,4.574,6.711,26.52
2026-09-03T08:57:56Z,2026-09-03T03:57:56Z,75.4,30.4,4.435,6.734,27.578
2026-09-03T08:58:56Z,2026-09-03T03:58:56Z,75.5,30.4,4.706,6.77,46.607
2026-09-03T08:59:52Z,2026-09-03T03:59:52Z,75.4,30.4,4.957,6.867,41.689
2026-09-03T09:00:52Z,2026-09-03T04:00:52Z,75.5,30.4,4.712,6.663,23.966
2026-09-03T09:01:53Z,2026-09-03T04:01:53Z,75.5,30.4,4.669,6.947,33.723
2026-09-03T09:02:53Z,2026-09-03T04:02:53Z,75.4,30.4,4.6,6.482,44.473
2026-09-03T09:03:53Z,2026-09-03T04:03:53Z,75.5,30.4,4.527,6.671,34.807
2026-09-03T09:04:53Z,2026-09-03T04:04:53Z,75.5,30.4,4.284,6.19,18.683
2026-09-03T09:05:53Z,2026-09-03T04:05:53Z,75.5,30.4,4.674,6.77,27.32
2026-09-03T09:06:53Z,2026-09-03T04:06:53Z,75.5,30.4,4.115,6.423,37.447
2026-09-03T09:07:53Z,2026-09-03T04:07:53Z,75.6,30.4,4.499,6.312,50.47
2026-09-03T09:08:53Z,2026-09-03T04:08:53Z,75.4,30.4,4.692,6.646,31.296
2026-09-03T09:09:53Z,2026-09-03T04:09:53Z,75.4,30.4,4.728,6.918,29.443
2026-09-03T09:10:53Z,2026-09-03T04:10:53Z,75.3,30.4,4.482,6.461,35.236
2026-09-03T09:11:53Z,2026-09-03T04:11:53Z,75.4,30.4,4.596,6.749,33.243
2026-09-03T09:12:53Z,2026-09-03T04:12:53Z,75.4,30.4,4.545,6.633,40.955
2026-09-03T09:13:53Z,2026-09-03T04:13:53Z,75.5,30.4,4.444,6.548,37.897
2026-09-03T09:14:53Z,2026-09-03T04:14:53Z,75.6,30.4,4.34,6.405,32.033
2026-09-03T09:15:53Z,2026-09-03T04:15:53Z,75.5,30.4,4.572,7.096,32.162
2026-09-03T09:16:53Z,2026-09-03T04:16:53Z,75.5,30.4,4.583,6.252,38.48
2026-09-03T09:17:53Z,2026-09-03T04:17:53Z,75.5,30.4,4.379,6.933,33.745
2026-09-03T09:18:53Z,2026-09-03T04:18:53Z,75.5,30.4,4.425,6.444,36.068
2026-09-03T09:19:53Z,2026-09-03T04:19:53Z,75.5,30.4,4.525,6.671,38.738
2026-09-03T09:20:53Z,2026-09-03T04:20:53Z,75.6,30.4,4.828,7.214,34.065
2026-09-03T09:21:53Z,2026-09-03T04:21:53Z,75.5,30.4,4.471,6.693,32.689
2026-09-03T09:22:54Z,2026-09-03T04:22:54Z,75.5,30.4,4.744,6.785,20.507
2026-09-03T09:23:54Z,2026-09-03T04:23:54Z,75.5,30.4,4.87,6.965,30.856
2026-09-03T09:24:54Z,2026-09-03T04:24:54Z,75.4,30.4,4.62,7.096,37.854
2026-09-03T09:25:54Z,2026-09-03T04:25:54Z,75.6,30.4,4.362,6.38,45.125
2026-09-03T09:26:54Z,2026-09-03T04:26:54Z,75.6,30.4,4.792,6.667,45.331
2026-09-03T09:27:54Z,2026-09-03T04:27:54Z,75.6,30.4,4.341,6.076,23.575
2026-09-03T09:28:54Z,2026-09-03T04:28:54Z,75.5,30.4,4.34,6.284,72.283
2026-09-03T09:29:54Z,2026-09-03T04:29:54Z,75.5,30.4,4.556,6.469,44.14
2026-09-03T09:30:54Z,2026-09-03T04:30:54Z,75.6,30.4,4.303,6.123,24.591
2026-09-03T09:31:54Z,2026-09-03T04:31:54Z,75.6,30.4,4.42,6.753,44.404
2026-09-03T09:32:54Z,2026-09-03T04:32:54Z,75.6,30.4,4.63,6.64,43.375
2026-09-03T09:33:54Z,2026-09-03T04:33:54Z,75.6,30.4,4.452,6.672,33.877
2026-09-03T09:34:54Z,2026-09-03T04:34:54Z,75.5,30.4,4.776,7.122,32.205
2026-09-03T09:35:54Z,2026-09-03T04:35:54Z,75.6,30.4,4.586,6.523,33.213
2026-09-03T09:36:54Z,2026-09-03T04:36:54Z,75.6,30.4,4.439,6.555,30.847
2026-09-03T09:37:54Z,2026-09-03T04:37:54Z,75.5,30.4,4.323,6.35,58.882
2026-09-03T09:38:54Z,2026-09-03T04:38:54Z,75.6,30.4,4.769,6.987,64.366
2026-09-03T09:39:54Z,2026-09-03T04:39:54Z,75.6,30.4,4.536,7.097,39.851
2026-09-03T09:40:54Z,2026-09-03T04:40:54Z,75.6,30.4,4.538,6.511,58.814
2026-09-03T09:41:54Z,2026-09-03T04:41:54Z,75.5,30.5,4.894,6.96,36.823
2026-09-03T09:42:54Z,2026-09-03T04:42:54Z,75.6,30.5,4.606,6.801,41.388
2026-09-03T09:43:54Z,2026-09-03T04:43:54Z,75.6,30.5,4.403,6.615,42.356
2026-09-03T09:44:54Z,2026-09-03T04:44:54Z,75.6,30.5,4.442,6.34,36.605
2026-09-03T09:45:55Z,2026-09-03T04:45:55Z,75.5,30.5,4.66,6.602,52.605
2026-09-03T09:46:55Z,2026-09-03T04:46:55Z,75.7,30.5,4.491,6.765,34.354
2026-09-03T09:47:55Z,2026-09-03T04:47:55Z,75.6,30.5,4.689,6.826,27.949
2026-09-03T09:48:55Z,2026-09-03T04:48:55Z,75.5,30.5,4.475,6.373,41.508
2026-09-03T09:49:55Z,2026-09-03T04:49:55Z,75.5,30.5,4.897,7.038,24.89
2026-09-03T09:50:55Z,2026-09-03T04:50:55Z,75.5,30.5,4.905,7.236,23.595
2026-09-03T09:51:55Z,2026-09-03T04:51:55Z,75.5,30.5,4.865,6.721,48.533
2026-09-03T09:52:55Z,2026-09-03T04:52:55Z,75.4,30.5,4.872,6.919,38.465
2026-09-03T09:53:55Z,2026-09-03T04:53:55Z,75.6,30.5,4.529,7.147,29.135
2026-09-03T09:54:55Z,2026-09-03T04:54:55Z,75.6,30.5,4.519,6.608,43.232
2026-09-03T09:55:55Z,2026-09-03T04:55:55Z,75.7,30.5,4.348,6.716,28.625
2026-09-03T09:56:55Z,2026-09-03T04:56:55Z,75.6,30.5,4.717,7.087,50.262
2026-09-03T09:57:55Z,2026-09-03T04:57:55Z,75.5,30.6,4.703,6.91,51.249
2026-09-03T09:58:55Z,2026-09-03T04:58:55Z,75.5,30.6,4.381,6.476,52.852
2026-09-03T09:59:55Z,2026-09-03T04:59:55Z,75.5,30.6,4.498,6.881,52.194
2026-09-03T10:00:55Z,2026-09-03T05:00:55Z,75.5,30.6,4.548,6.707,60.418
2026-09-03T10:01:55Z,2026-09-03T05:01:55Z,75.5,30.6,4.436,6.824,49.431
2026-09-03T10:02:55Z,2026-09-03T05:02:55Z,75.5,30.6,4.54,6.649,24.276
2026-09-03T10:03:55Z,2026-09-03T05:03:55Z,75.4,30.6,4.623,6.695,32.686
2026-09-03T10:04:55Z,2026-09-03T05:04:55Z,75.5,30.6,4.539,6.755,49.956
2026-09-03T10:05:55Z,2026-09-03T05:05:55Z,75.5,30.6,4.642,6.866,41.892
2026-09-03T10:06:55Z,2026-09-03T05:06:55Z,75.5,30.6,4.589,6.762,39.145
2026-09-03T10:07:55Z,2026-09-03T05:07:55Z,75.4,30.6,4.551,6.759,41.5
2026-09-03T10:08:56Z,2026-09-03T05:08:56Z,75.4,30.6,4.44,6.603,27.49
2026-09-03T10:09:56Z,2026-09-03T05:09:56Z,75.5,30.6,4.561,6.602,32.033
2026-09-03T10:10:56Z,2026-09-03T05:10:56Z,75.4,30.6,4.352,6.423,60.892
2026-09-03T10:11:56Z,2026-09-03T05:11:56Z,75.4,30.6,4.168,6.279,28.909
2026-09-03T10:12:56Z,2026-09-03T05:12:56Z,75.5,30.6,4.509,6.651,32.148
2026-09-03T10:13:56Z,2026-09-03T05:13:56Z,75.5,30.6,4.254,6.375,46.498
2026-09-03T10:14:56Z,2026-09-03T05:14:56Z,75.4,30.6,4.453,6.487,16.856
2026-09-03T10:15:56Z,2026-09-03T05:15:56Z,75.4,30.6,4.44,6.539,25.342
2026-09-03T10:16:56Z,2026-09-03T05:16:56Z,75.3,30.6,4.664,6.575,36.093
2026-09-03T10:17:56Z,2026-09-03T05:17:56Z,75.4,30.6,4.779,7.242,50.564
2026-09-03T10:18:56Z,2026-09-03T05:18:56Z,75.4,30.6,4.536,6.664,37.887
2026-09-03T10:19:56Z,2026-09-03T05:19:56Z,75.4,30.6,4.375,6.468,22.814
2026-09-03T10:20:56Z,2026-09-03T05:20:56Z,75.3,30.6,4.528,6.962,30.205
2026-09-03T10:21:56Z,2026-09-03T05:21:56Z,75.3,30.6,4.306,6.505,40.59
2026-09-03T10:22:56Z,2026-09-03T05:22:56Z,75.3,30.6,4.424,6.436,17.544
2026-09-03T10:23:56Z,2026-09-03T05:23:56Z,75.2,30.6,4.302,6.512,51.165
2026-09-03T10:24:56Z,2026-09-03T05:24:56Z,75.3,30.6,4.479,6.861,36.906
2026-09-03T10:25:56Z,2026-09-03T05:25:56Z,75.3,30.6,4.295,6.522,42.538
2026-09-03T10:26:56Z,2026-09-03T05:26:56Z,75.3,30.6,4.566,6.763,42.629
2026-09-03T10:27:56Z,2026-09-03T05:27:56Z,75.3,30.6,4.402,6.638,30.591
2026-09-03T10:28:56Z,2026-09-03T05:28:56Z,75.4,30.6,4.453,6.62,30.743
2026-09-03T10:29:56Z,2026-09-03T05:29:56Z,75.3,30.6,4.49,6.672,30.111
2026-09-03T10:30:56Z,2026-09-03T05:30:56Z,75.3,30.6,4.355,6.652,29.079
2026-09-03T10:31:56Z,2026-09-03T05:31:56Z,75.3,30.6,4.203,6.339,37.997
2026-09-03T10:32:57Z,2026-09-03T05:32:57Z,75.1,30.6,4.267,6.383,44.381
2026-09-03T10:33:57Z,2026-09-03T05:33:57Z,75.3,30.6,4.455,6.446,20.854
2026-09-03T10:34:53Z,2026-09-03T05:34:53Z,75.3,30.6,4.251,6.056,51.992
2026-09-03T10:35:53Z,2026-09-03T05:35:53Z,75.4,30.6,4.354,6.47,20.104
2026-09-03T10:36:53Z,2026-09-03T05:36:53Z,75.0,30.6,4.144,6.032,22.351
2026-09-03T10:37:53Z,2026-09-03T05:37:53Z,75.0,30.6,4.245,6.561,43.429
2026-09-03T10:38:54Z,2026-09-03T05:38:54Z,75.0,30.6,4.039,6.139,62.241
2026-09-03T10:39:54Z,2026-09-03T05:39:54Z,75.1,30.6,4.021,6.432,28.823
2026-09-03T10:40:54Z,2026-09-03T05:40:54Z,74.9,30.6,4.035,6.234,33.573
2026-09-03T10:41:54Z,2026-09-03T05:41:54Z,74.9,30.6,4.151,6.438,37.109
2026-09-03T10:42:54Z,2026-09-03T05:42:54Z,74.9,30.6,4.059,6.377,32.18
2026-09-03T10:43:54Z,2026-09-03T05:43:54Z,74.9,30.6,4.082,6.444,46.741
2026-09-03T10:44:54Z,2026-09-03T05:44:54Z,74.9,30.6,4.048,6.087,18.331
2026-09-03T10:45:54Z,2026-09-03T05:45:54Z,74.8,30.6,3.949,6.649,27.116
2026-09-03T10:46:54Z,2026-09-03T05:46:54Z,74.8,30.6,4.243,6.326,45.429
2026-09-03T10:47:54Z,2026-09-03T05:47:54Z,74.7,30.6,4.226,6.495,28.061
2026-09-03T10:48:54Z,2026-09-03T05:48:54Z,74.7,30.6,4.164,6.195,20.36
2026-09-03T10:49:54Z,2026-09-03T05:49:54Z,74.8,30.6,4.101,6.305,44.311
2026-09-03T10:50:54Z,2026-09-03T05:50:54Z,74.8,30.6,4.08,6.109,31.809
2026-09-03T10:51:54Z,2026-09-03T05:51:54Z,74.8,30.6,4.089,6.429,32.122
2026-09-03T10:52:54Z,2026-09-03T05:52:54Z,74.8,30.6,4.296,6.129,40.347
2026-09-03T10:53:54Z,2026-09-03T05:53:54Z,74.7,30.6,3.904,5.832,29.249
2026-09-03T10:54:54Z,2026-09-03T05:54:54Z,74.7,30.6,4.113,6.189,41.787
2026-09-03T10:55:54Z,2026-09-03T05:55:54Z,74.8,30.6,4.106,6.168,44.136
2026-09-03T10:56:54Z,2026-09-03T05:56:54Z,74.9,30.6,3.979,6.042,27.918
2026-09-03T10:57:54Z,2026-09-03T05:57:54Z,74.8,30.6,4.1,6.571,38.101
2026-09-03T10:58:54Z,2026-09-03T05:58:54Z,74.9,30.6,3.908,5.939,43.943
2026-09-03T10:59:54Z,2026-09-03T05:59:54Z,75.0,30.5,4.216,6.194,18.415
2026-09-03T11:00:54Z,2026-09-03T06:00:54Z,74.9,30.5,4.054,6.06,23.075
2026-09-03T11:01:55Z,2026-09-03T06:01:55Z,74.8,30.5,4.044,6.503,31.288
2026-09-03T11:02:55Z,2026-09-03T06:02:55Z,74.9,30.5,4.159,5.869,37.615
2026-09-03T11:03:55Z,2026-09-03T06:03:55Z,74.8,30.5,4.227,6.316,38.473
2026-09-03T11:04:55Z,2026-09-03T06:04:55Z,74.6,30.5,3.991,6.584,24.016
2026-09-03T11:05:55Z,2026-09-03T06:05:55Z,74.7,30.5,4.261,6.371,26.549
2026-09-03T11:06:55Z,2026-09-03T06:06:55Z,74.8,30.5,4.005,5.94,44.291
2026-09-03T11:07:55Z,2026-09-03T06:07:55Z,74.8,30.5,4.222,6.803,29.623
2026-09-03T11:08:55Z,2026-09-03T06:08:55Z,74.5,30.5,4.232,6.233,37.619
2026-09-03T11:09:55Z,2026-09-03T06:09:55Z,74.7,30.5,4.204,6.362,27.531
2026-09-03T11:10:55Z,2026-09-03T06:10:55Z,74.8,30.5,3.985,6.016,27.866
2026-09-03T11:11:55Z,2026-09-03T06:11:55Z,74.8,30.5,4.342,6.395,34.731
2026-09-03T11:12:55Z,2026-09-03T06:12:55Z,74.7,30.5,3.928,6.051,47.665
2026-09-03T11:13:55Z,2026-09-03T06:13:55Z,74.8,30.5,4.181,6.326,35.113
2026-09-03T11:14:55Z,2026-09-03T06:14:55Z,74.9,30.5,3.994,6.085,38.328
2026-09-03T11:15:55Z,2026-09-03T06:15:55Z,74.8,30.5,3.926,6.822,41.197
2026-09-03T11:16:55Z,2026-09-03T06:16:55Z,74.8,30.5,4.039,6.587,42.681
2026-09-03T11:17:55Z,2026-09-03T06:17:55Z,74.9,30.5,3.967,5.973,26.279
2026-09-03T11:18:55Z,2026-09-03T06:18:55Z,74.9,30.5,4.278,6.662,28.077
2026-09-03T11:19:55Z,2026-09-03T06:19:55Z,75.0,30.5,3.962,6.17,48.073
2026-09-03T11:20:55Z,2026-09-03T06:20:55Z,75.1,30.4,3.953,6.291,30.504
2026-09-03T11:21:55Z,2026-09-03T06:21:55Z,75.1,30.4,4.116,6.446,31.145
2026-09-03T11:22:55Z,2026-09-03T06:22:55Z,75.1,30.4,4.307,6.507,27.155
2026-09-03T11:23:56Z,2026-09-03T06:23:56Z,75.2,30.4,4.283,6.251,30.985
2026-09-03T11:24:56Z,2026-09-03T06:24:56Z,75.4,30.4,4.053,6.346,47.481
2026-09-03T11:25:56Z,2026-09-03T06:25:56Z,75.3,30.4,4.274,6.164,55.572
2026-09-03T11:26:56Z,2026-09-03T06:26:56Z,75.5,30.4,3.893,6.24,42.045
2026-09-03T11:27:56Z,2026-09-03T06:27:56Z,75.8,30.4,3.858,5.883,21.577
2026-09-03T11:28:56Z,2026-09-03T06:28:56Z,75.8,30.4,3.957,6.479,68.023
2026-09-03T11:29:56Z,2026-09-03T06:29:56Z,76.1,30.3,3.843,6.345,15.11
2026-09-03T11:30:56Z,2026-09-03T06:30:56Z,76.1,30.3,4.187,6.455,31.708
2026-09-03T11:31:56Z,2026-09-03T06:31:56Z,76.2,30.3,4.429,6.623,23.192
2026-09-03T11:32:56Z,2026-09-03T06:32:56Z,76.5,30.3,4.442,6.51,40.738
2026-09-03T11:33:56Z,2026-09-03T06:33:56Z,76.7,30.3,4.181,6.337,32.467
2026-09-03T11:34:56Z,2026-09-03T06:34:56Z,76.9,30.3,4.291,6.28,52.94
2026-09-03T11:35:56Z,2026-09-03T06:35:56Z,77.0,30.2,3.997,6.277,23.689
2026-09-03T11:36:56Z,2026-09-03T06:36:56Z,77.3,30.2,3.953,6.341,40.075
2026-09-03T11:37:56Z,2026-09-03T06:37:56Z,77.3,30.2,4.086,6.444,32.257
2026-09-03T11:38:56Z,2026-09-03T06:38:56Z,77.8,30.1,3.893,6.267,39.023
2026-09-03T11:39:56Z,2026-09-03T06:39:56Z,77.7,30.1,4.088,6.308,23.563
2026-09-03T11:40:56Z,2026-09-03T06:40:56Z,78.0,30.1,3.998,6.19,21.695
2026-09-03T11:41:56Z,2026-09-03T06:41:56Z,78.3,30.1,4.049,6.189,39.299
2026-09-03T11:42:56Z,2026-09-03T06:42:56Z,78.6,30.0,4.09,6.335,43.418
2026-09-03T11:43:57Z,2026-09-03T06:43:57Z,78.5,30.0,3.947,6.156,37.287
2026-09-03T11:44:57Z,2026-09-03T06:44:57Z,78.5,30.0,4.15,6.199,35.43
2026-09-03T11:45:57Z,2026-09-03T06:45:57Z,78.5,29.9,4.255,6.192,45.083
2026-09-03T11:46:57Z,2026-09-03T06:46:57Z,79.0,29.9,4.032,6.411,33.97
2026-09-03T11:47:57Z,2026-09-03T06:47:57Z,78.9,29.9,3.882,6.006,25.932
2026-09-03T11:48:57Z,2026-09-03T06:48:57Z,78.9,29.9,3.96,6.077,37.667
2026-09-03T11:49:54Z,2026-09-03T06:49:54Z,78.9,29.8,4.239,6.567,34.504
2026-09-03T11:50:54Z,2026-09-03T06:50:54Z,79.1,29.8,4.139,6.371,42.275
2026-09-03T11:51:54Z,2026-09-03T06:51:54Z,79.1,29.8,4.011,6.006,28.754
2026-09-03T11:52:54Z,2026-09-03T06:52:54Z,79.1,29.8,4.176,6.529,29.173
2026-09-03T11:53:54Z,2026-09-03T06:53:54Z,78.8,29.8,4.19,6.826,31.806
2026-09-03T11:54:54Z,2026-09-03T06:54:54Z,78.8,29.7,4.132,6.576,37.978
2026-09-03T11:55:54Z,2026-09-03T06:55:54Z,78.9,29.7,4.412,6.911,46.033
2026-09-03T11:56:54Z,2026-09-03T06:56:54Z,78.9,29.7,4.133,6.885,43.547
2026-09-03T11:57:54Z,2026-09-03T06:57:54Z,78.9,29.7,4.418,6.847,41.2
2026-09-03T11:58:54Z,2026-09-03T06:58:54Z,78.7,29.7,4.483,6.793,29.776
2026-09-03T11:59:54Z,2026-09-03T06:59:54Z,79.0,29.7,4.196,6.555,34.98
2026-09-03T12:00:54Z,2026-09-03T07:00:54Z,78.9,29.7,4.327,6.369,48.057
2026-09-03T12:01:54Z,2026-09-03T07:01:54Z,78.7,29.7,3.924,6.392,38.325
2026-09-03T12:02:54Z,2026-09-03T07:02:54Z,78.9,29.7,4.22,6.714,40.454
2026-09-03T12:03:54Z,2026-09-03T07:03:54Z,78.8,29.7,4.085,6.427,51.15
2026-09-03T12:04:54Z,2026-09-03T07:04:54Z,78.9,29.7,3.873,6.001,26.558
2026-09-03T12:05:54Z,2026-09-03T07:05:54Z,78.8,29.7,4.334,6.596,31.255
2026-09-03T12:06:54Z,2026-09-03T07:06:54Z,78.9,29.7,4.419,6.69,34.842
2026-09-03T12:07:54Z,2026-09-03T07:07:54Z,78.8,29.7,4.52,6.42,42.564
2026-09-03T12:08:54Z,2026-09-03T07:08:54Z,78.9,29.7,4.372,6.603,43.25
2026-09-03T12:09:55Z,2026-09-03T07:09:55Z,79.1,29.7,4.336,6.526,49.689
2026-09-03T12:10:55Z,2026-09-03T07:10:55Z,79.0,29.7,4.175,6.637,39.339
2026-09-03T12:11:55Z,2026-09-03T07:11:55Z,78.8,29.7,4.387,6.976,29.534
2026-09-03T12:12:55Z,2026-09-03T07:12:55Z,78.6,29.7,4.411,6.834,47.75
2026-09-03T12:13:55Z,2026-09-03T07:13:55Z,78.7,29.7,4.039,6.127,65.721
2026-09-03T12:14:55Z,2026-09-03T07:14:55Z,78.8,29.7,4.315,6.913,49.815
2026-09-03T12:15:55Z,2026-09-03T07:15:55Z,78.6,29.7,4.606,6.65,48.974
2026-09-03T12:16:55Z,2026-09-03T07:16:55Z,78.6,29.7,4.334,7.061,48.558
2026-09-03T12:17:55Z,2026-09-03T07:17:55Z,78.7,29.7,4.402,6.371,42.645
2026-09-03T12:18:55Z,2026-09-03T07:18:55Z,78.8,29.7,4.361,6.571,42.617
2026-09-03T12:19:55Z,2026-09-03T07:19:55Z,78.7,29.7,4.271,6.282,66.403
2026-09-03T12:20:55Z,2026-09-03T07:20:55Z,78.7,29.7,4.352,6.67,38.167
2026-09-03T12:21:55Z,2026-09-03T07:21:55Z,79.1,29.7,4.283,6.327,37.265
2026-09-03T12:22:55Z,2026-09-03T07:22:55Z,78.8,29.7,4.422,6.595,39.314
2026-09-03T12:23:55Z,2026-09-03T07:23:55Z,78.8,29.7,4.262,6.883,37.205
2026-09-03T12:24:55Z,2026-09-03T07:24:55Z,78.8,29.8,4.628,7.242,54.812
2026-09-03T12:25:56Z,2026-09-03T07:25:56Z,78.6,29.8,4.27,6.861,64.809
2026-09-03T12:26:56Z,2026-09-03T07:26:56Z,78.7,29.8,4.094,6.418,29.905
2026-09-03T12:27:56Z,2026-09-03T07:27:56Z,78.8,29.8,4.104,6.555,36.955
2026-09-03T12:28:56Z,2026-09-03T07:28:56Z,79.0,29.8,4.328,6.423,25.353
2026-09-03T12:29:56Z,2026-09-03T07:29:56Z,78.7,29.8,4.216,6.958,44.08
2026-09-03T12:30:56Z,2026-09-03T07:30:56Z,78.5,29.8,4.102,6.772,43.941
2026-09-03T12:31:56Z,2026-09-03T07:31:56Z,78.5,29.8,4.519,6.999,48.668
2026-09-03T12:32:56Z,2026-09-03T07:32:56Z,78.5,29.8,4.406,7.172,47.408
2026-09-03T12:33:56Z,2026-09-03T07:33:56Z,78.5,29.8,4.157,6.561,27.716
2026-09-03T12:34:56Z,2026-09-03T07:34:56Z,78.5,29.8,4.151,6.364,49.894
2026-09-03T12:35:56Z,2026-09-03T07:35:56Z,78.5,29.8,4.289,6.481,35.906
2026-09-03T12:36:56Z,2026-09-03T07:36:56Z,78.5,29.8,4.282,6.532,44.387
2026-09-03T12:37:56Z,2026-09-03T07:37:56Z,78.5,29.8,4.25,6.613,48.388
2026-09-03T12:38:56Z,2026-09-03T07:38:56Z,78.4,29.8,4.487,6.939,31.353
2026-09-03T12:39:56Z,2026-09-03T07:39:56Z,78.3,29.8,4.441,6.405,24.766
2026-09-03T12:40:56Z,2026-09-03T07:40:56Z,78.5,29.9,4.2,6.672,35.307
2026-09-03T12:41:56Z,2026-09-03T07:41:56Z,78.6,29.9,4.242,6.516,40.081
2026-09-03T12:42:56Z,2026-09-03T07:42:56Z,78.6,29.9,3.967,6.174,24.359
2026-09-03T12:43:56Z,2026-09-03T07:43:56Z,78.6,29.9,4.194,6.485,48.406
2026-09-03T12:44:57Z,2026-09-03T07:44:57Z,78.3,29.9,4.124,6.465,45.535
2026-09-03T12:45:57Z,2026-09-03T07:45:57Z,78.2,29.9,4.499,6.672,50.677
2026-09-03T12:46:57Z,2026-09-03T07:46:57Z,78.6,29.9,4.28,6.499,44.163
2026-09-03T12:47:57Z,2026-09-03T07:47:57Z,78.4,29.9,4.338,6.323,30.938
2026-09-03T12:48:57Z,2026-09-03T07:48:57Z,78.1,29.9,4.336,6.634,44.069
2026-09-03T12:49:57Z,2026-09-03T07:49:57Z,78.4,29.9,4.378,7.207,45.701
2026-09-03T12:50:57Z,2026-09-03T07:50:57Z,78.5,29.9,4.274,6.79,26.095
2026-09-03T12:51:57Z,2026-09-03T07:51:57Z,78.0,29.9,4.313,6.976,44.867
2026-09-03T12:52:57Z,2026-09-03T07:52:57Z,77.8,29.9,4.527,6.568,31.981
2026-09-03T12:53:57Z,2026-09-03T07:53:57Z,78.0,29.9,4.267,6.613,38.971
2026-09-03T12:54:54Z,2026-09-03T07:54:54Z,77.9,29.9,4.481,6.966,21.673
2026-09-03T12:55:54Z,2026-09-03T07:55:54Z,78.0,30.0,4.279,6.58,34.24
2026-09-03T12:56:54Z,2026-09-03T07:56:54Z,77.9,30.0,4.293,7.044,41.817
2026-09-03T12:57:54Z,2026-09-03T07:57:54Z,78.0,30.0,4.536,6.918,27.968
2026-09-03T12:58:54Z,2026-09-03T07:58:54Z,77.8,30.0,4.664,7.119,26.361
2026-09-03T12:59:54Z,2026-09-03T07:59:54Z,77.6,30.0,4.344,6.662,32.111
2026-09-03T13:00:54Z,2026-09-03T08:00:54Z,77.5,30.0,4.72,7.109,45.787
2026-09-03T13:01:54Z,2026-09-03T08:01:54Z,77.7,30.0,4.783,6.953,32.503
2026-09-03T13:02:54Z,2026-09-03T08:02:54Z,78.1,30.0,4.739,6.86,41.837
2026-09-03T13:03:54Z,2026-09-03T08:03:54Z,77.9,30.0,4.299,6.404,24.47
2026-09-03T13:04:54Z,2026-09-03T08:04:54Z,78.2,30.0,4.34,6.624,38.114
2026-09-03T13:05:54Z,2026-09-03T08:05:54Z,78.4,30.0,4.426,6.904,34.39
2026-09-03T13:06:54Z,2026-09-03T08:06:54Z,78.3,30.0,4.718,6.514,31.298
2026-09-03T13:07:54Z,2026-09-03T08:07:54Z,78.4,30.0,4.539,6.856,38.24
2026-09-03T13:08:54Z,2026-09-03T08:08:54Z,78.5,30.0,4.369,7.148,30.021
2026-09-03T13:09:54Z,2026-09-03T08:09:54Z,79.0,30.0,4.273,6.315,35.24
2026-09-03T13:10:54Z,2026-09-03T08:10:54Z,79.6,30.0,4.617,6.81,48.81
2026-09-03T13:11:54Z,2026-09-03T08:11:54Z,79.9,30.0,4.278,6.775,43.324
2026-09-03T13:12:55Z,2026-09-03T08:12:55Z,79.7,30.0,4.347,6.441,55.42
2026-09-03T13:13:55Z,2026-09-03T08:13:55Z,79.6,30.0,4.341,6.803,22.488
2026-09-03T13:14:55Z,2026-09-03T08:14:55Z,79.6,29.9,4.616,7.026,29.376
2026-09-03T13:15:55Z,2026-09-03T08:15:55Z,79.3,29.9,4.268,6.864,48.764
2026-09-03T13:16:55Z,2026-09-03T08:16:55Z,79.5,29.9,4.542,6.944,56.559
2026-09-03T13:17:55Z,2026-09-03T08:17:55Z,80.0,29.9,4.327,6.641,42.22
2026-09-03T13:18:55Z,2026-09-03T08:18:55Z,79.1,29.9,4.673,7.104,49.9
2026-09-03T13:19:55Z,2026-09-03T08:19:55Z,79.5,29.9,4.262,6.515,35.488
2026-09-03T13:20:55Z,2026-09-03T08:20:55Z,80.4,29.9,4.319,6.675,22.603
2026-09-03T13:21:55Z,2026-09-03T08:21:55Z,79.9,29.9,4.618,6.856,48.32
2026-09-03T13:22:55Z,2026-09-03T08:22:55Z,80.0,29.9,4.547,6.643,43.865
2026-09-03T13:23:55Z,2026-09-03T08:23:55Z,80.8,29.9,4.388,6.929,50.259
2026-09-03T13:24:55Z,2026-09-03T08:24:55Z,80.8,29.8,4.421,6.758,51.441
2026-09-03T13:25:55Z,2026-09-03T08:25:55Z,80.4,29.8,4.635,7.265,58.421
2026-09-03T13:26:55Z,2026-09-03T08:26:55Z,80.0,29.8,4.644,7.184,25.108
2026-09-03T13:27:55Z,2026-09-03T08:27:55Z,80.8,29.8,4.455,7.027,25.306
2026-09-03T13:28:55Z,2026-09-03T08:28:55Z,80.8,29.8,4.573,7.234,45.835
2026-09-03T13:29:55Z,2026-09-03T08:29:55Z,80.9,29.8,4.159,6.752,29.985
2026-09-03T13:30:55Z,2026-09-03T08:30:55Z,81.1,29.8,4.349,6.987,31.558
2026-09-03T13:31:55Z,2026-09-03T08:31:55Z,80.5,29.8,4.445,7.202,28.521
2026-09-03T13:32:55Z,2026-09-03T08:32:55Z,81.4,29.7,4.726,7.188,46.916
2026-09-03T13:33:55Z,2026-09-03T08:33:55Z,81.5,29.7,4.524,6.636,30.012
2026-09-03T13:34:55Z,2026-09-03T08:34:55Z,81.1,29.7,4.351,7.058,34.625
2026-09-03T13:35:55Z,2026-09-03T08:35:55Z,81.2,29.7,4.5,7.007,23.104
2026-09-03T13:36:56Z,2026-09-03T08:36:56Z,81.1,29.7,4.676,7.063,48.262
2026-09-03T13:37:56Z,2026-09-03T08:37:56Z,81.2,29.7,4.384,6.407,42.343
2026-09-03T13:38:56Z,2026-09-03T08:38:56Z,81.7,29.7,4.656,7.322,56.643
2026-09-03T13:39:56Z,2026-09-03T08:39:56Z,81.7,29.7,4.66,6.997,41.942
2026-09-03T13:40:56Z,2026-09-03T08:40:56Z,81.3,29.7,4.448,7.655,53.17
2026-09-03T13:41:56Z,2026-09-03T08:41:56Z,81.4,29.6,4.728,7.628,50.112
2026-09-03T13:42:56Z,2026-09-03T08:42:56Z,81.8,29.7,4.406,6.829,46.861
2026-09-03T13:43:56Z,2026-09-03T08:43:56Z,81.3,29.6,4.396,6.766,34.669
2026-09-03T13:44:56Z,2026-09-03T08:44:56Z,80.8,29.6,4.223,6.59,29.204
2026-09-03T13:45:56Z,2026-09-03T08:45:56Z,80.7,29.6,4.705,7.19,57.222
2026-09-03T13:46:56Z,2026-09-03T08:46:56Z,81.1,29.6,4.797,7.403,40.284
2026-09-03T13:47:56Z,2026-09-03T08:47:56Z,81.5,29.6,4.795,7.067,49.178
2026-09-03T13:48:56Z,2026-09-03T08:48:56Z,81.8,29.6,4.808,7.229,25.923
2026-09-03T13:49:56Z,2026-09-03T08:49:56Z,81.6,29.6,4.733,7.442,30.135
2026-09-03T13:50:56Z,2026-09-03T08:50:56Z,81.7,29.6,4.552,6.749,43.578
2026-09-03T13:51:56Z,2026-09-03T08:51:56Z,81.9,29.6,4.656,7.582,34.959
2026-09-03T13:52:56Z,2026-09-03T08:52:56Z,80.9,29.6,4.78,7.529,39.911
2026-09-03T13:53:56Z,2026-09-03T08:53:56Z,80.4,29.6,4.859,7.301,47.555
2026-09-03T13:54:56Z,2026-09-03T08:54:56Z,81.1,29.6,4.687,7.242,35.493
2026-09-03T13:55:56Z,2026-09-03T08:55:56Z,81.1,29.6,4.708,7.122,34.934
2026-09-03T13:56:56Z,2026-09-03T08:56:56Z,81.3,29.6,4.74,7.379,46.229
2026-09-03T13:57:56Z,2026-09-03T08:57:56Z,81.3,29.6,4.796,7.605,83.098
2026-09-03T13:58:56Z,2026-09-03T08:58:56Z,81.0,29.6,4.91,7.384,40.024
2026-09-03T13:59:56Z,2026-09-03T08:59:56Z,80.7,29.6,4.926,7.762,44.453
2026-09-03T14:00:56Z,2026-09-03T09:00:56Z,81.4,29.6,4.917,7.327,46.681
2026-09-03T14:01:57Z,2026-09-03T09:01:57Z,81.5,29.6,4.744,7.024,40.304
2026-09-03T14:02:57Z,2026-09-03T09:02:57Z,81.4,29.7,4.697,7.108,29.973
2026-09-03T14:03:57Z,2026-09-03T09:03:57Z,81.3,29.7,4.823,7.011,39.109
2026-09-03T14:04:57Z,2026-09-03T09:04:57Z,81.3,29.7,4.553,6.949,27.443
2026-09-03T14:05:57Z,2026-09-03T09:05:57Z,80.5,29.7,4.423,6.987,66.602
2026-09-03T14:06:57Z,2026-09-03T09:06:57Z,81.0,29.7,4.759,7.499,28.096
2026-09-03T14:07:57Z,2026-09-03T09:07:57Z,81.0,29.7,4.628,7.089,40.175
2026-09-03T14:08:57Z,2026-09-03T09:08:57Z,80.3,29.7,4.748,7.479,44.9
2026-09-03T14:09:57Z,2026-09-03T09:09:57Z,80.7,29.7,4.531,6.854,42.642
2026-09-03T14:10:57Z,2026-09-03T09:10:57Z,80.1,29.8,4.384,7.329,33.533
2026-09-03T14:11:57Z,2026-09-03T09:11:57Z,80.0,29.8,4.755,6.882,38.705
2026-09-03T14:12:57Z,2026-09-03T09:12:57Z,80.1,29.8,5.1,7.545,34.308
2026-09-03T14:13:57Z,2026-09-03T09:13:57Z,80.2,29.8,4.684,7.384,44.139
2026-09-03T14:14:57Z,2026-09-03T09:14:57Z,81.0,29.8,4.932,7.561,44.824
2026-09-03T14:15:57Z,2026-09-03T09:15:57Z,81.0,29.8,4.707,7.343,50.12
2026-09-03T14:16:57Z,2026-09-03T09:16:57Z,81.2,29.8,4.735,7.98,62.217
2026-09-03T14:17:57Z,2026-09-03T09:17:57Z,81.0,29.9,4.918,7.798,43.478
2026-09-03T14:18:57Z,2026-09-03T09:18:57Z,80.7,29.9,4.781,7.686,45.269
2026-09-03T14:19:57Z,2026-09-03T09:19:57Z,80.2,29.9,4.541,7.542,35.529
2026-09-03T14:20:57Z,2026-09-03T09:20:57Z,80.5,29.9,4.891,7.586,63.26
2026-09-03T14:21:57Z,2026-09-03T09:21:57Z,79.7,29.9,4.822,7.694,46.382
2026-09-03T14:22:57Z,2026-09-03T09:22:57Z,80.0,29.9,4.701,8.05,54.813
2026-09-03T14:23:57Z,2026-09-03T09:23:57Z,80.0,30.0,4.808,7.696,58.792
2026-09-03T14:24:57Z,2026-09-03T09:24:57Z,79.7,30.0,4.52,7.21,75.895
2026-09-03T14:25:58Z,2026-09-03T09:25:58Z,79.7,30.0,4.823,8.134,70.83
2026-09-03T14:26:58Z,2026-09-03T09:26:58Z,79.7,30.0,4.889,7.97,61.455
2026-09-03T14:27:58Z,2026-09-03T09:27:58Z,80.4,30.1,5.251,8.459,52.04
2026-09-03T14:28:58Z,2026-09-03T09:28:58Z,80.6,30.1,4.603,8.284,51.141
2026-09-03T14:29:54Z,2026-09-03T09:29:54Z,80.2,30.1,4.645,8.435,42.93
2026-09-03T14:30:55Z,2026-09-03T09:30:55Z,80.5,30.2,4.928,8.704,31.567
2026-09-03T14:31:55Z,2026-09-03T09:31:55Z,80.5,30.2,5.493,8.755,40.09
2026-09-03T14:32:55Z,2026-09-03T09:32:55Z,80.2,30.2,5.136,8.919,62.231
2026-09-03T14:33:55Z,2026-09-03T09:33:55Z,80.0,30.3,5.27,8.722,66.439
2026-09-03T14:34:55Z,2026-09-03T09:34:55Z,80.6,30.3,4.898,8.449,66.374
2026-09-03T14:35:55Z,2026-09-03T09:35:55Z,79.8,30.3,5.688,9.742,48.364
2026-09-03T14:36:55Z,2026-09-03T09:36:55Z,79.4,30.4,5.474,9.198,55.046
2026-09-03T14:37:55Z,2026-09-03T09:37:55Z,80.1,30.4,4.956,9.255,67.743
2026-09-03T14:38:55Z,2026-09-03T09:38:55Z,79.6,30.5,5.111,9.541,62.371
2026-09-03T14:39:55Z,2026-09-03T09:39:55Z,79.2,30.5,5.006,8.991,36.601
2026-09-03T14:40:55Z,2026-09-03T09:40:55Z,78.7,30.5,4.956,8.849,76.198
2026-09-03T14:41:55Z,2026-09-03T09:41:55Z,78.4,30.6,5.291,8.795,63.002
2026-09-03T14:42:55Z,2026-09-03T09:42:55Z,78.8,30.6,5.256,8.459,58.835
2026-09-03T14:43:55Z,2026-09-03T09:43:55Z,78.2,30.6,5.165,8.149,30.987
2026-09-03T14:44:55Z,2026-09-03T09:44:55Z,78.2,30.7,4.99,7.774,45.093
2026-09-03T14:45:55Z,2026-09-03T09:45:55Z,78.1,30.7,5.056,7.781,69.895
2026-09-03T14:46:55Z,2026-09-03T09:46:55Z,78.1,30.7,5.442,8.029,46.707
2026-09-03T14:47:55Z,2026-09-03T09:47:55Z,76.6,30.8,5.278,8.295,35.28
2026-09-03T14:48:55Z,2026-09-03T09:48:55Z,77.2,30.8,5.308,8.241,46.289
2026-09-03T14:49:55Z,2026-09-03T09:49:55Z,77.5,30.8,5.473,8.562,44.242
2026-09-03T14:50:55Z,2026-09-03T09:50:55Z,77.2,30.9,5.392,8.417,24.698
2026-09-03T14:51:55Z,2026-09-03T09:51:55Z,76.7,30.9,5.7,8.454,47.66
2026-09-03T14:52:56Z,2026-09-03T09:52:56Z,77.2,30.9,5.202,7.991,53.838
2026-09-03T14:53:56Z,2026-09-03T09:53:56Z,77.6,30.9,5.474,8.453,69.444
2026-09-03T14:54:56Z,2026-09-03T09:54:56Z,77.0,31.0,5.299,8.211,38.869
2026-09-03T14:55:56Z,2026-09-03T09:55:56Z,76.3,31.0,5.662,8.446,34.8
2026-09-03T14:56:56Z,2026-09-03T09:56:56Z,76.1,31.0,5.236,8.547,33.248
2026-09-03T14:57:56Z,2026-09-03T09:57:56Z,76.6,31.1,5.216,8.231,75.91
2026-09-03T14:58:56Z,2026-09-03T09:58:56Z,76.7,31.1,5.253,8.152,48.381
2026-09-03T14:59:56Z,2026-09-03T09:59:56Z,77.4,31.1,5.105,8.445,34.549
2026-09-03T15:00:56Z,2026-09-03T10:00:56Z,77.0,31.2,5.045,7.803,51.528
2026-09-03T15:01:56Z,2026-09-03T10:01:56Z,75.5,31.2,5.125,7.835,62.73
2026-09-03T15:02:56Z,2026-09-03T10:02:56Z,74.4,31.2,5.205,7.832,49.832
2026-09-03T15:03:56Z,2026-09-03T10:03:56Z,75.5,31.3,4.983,7.767,32.257
2026-09-03T15:04:56Z,2026-09-03T10:04:56Z,75.0,31.3,5.397,8.637,27.821
2026-09-03T15:05:56Z,2026-09-03T10:05:56Z,75.6,31.3,5.28,8.345,35.314
2026-09-03T15:06:56Z,2026-09-03T10:06:56Z,75.5,31.4,5.171,8.291,45.38
2026-09-03T15:07:56Z,2026-09-03T10:07:56Z,75.3,31.4,4.847,7.569,39.591
2026-09-03T15:08:56Z,2026-09-03T10:08:56Z,75.8,31.4,4.853,7.607,53.164
2026-09-03T15:09:56Z,2026-09-03T10:09:56Z,76.3,31.5,4.871,7.44,53.328
2026-09-03T15:10:56Z,2026-09-03T10:10:56Z,75.5,31.5,5.423,7.806,44.234
2026-09-03T15:11:56Z,2026-09-03T10:11:56Z,73.9,31.6,5.006,7.786,50.398
2026-09-03T15:12:56Z,2026-09-03T10:12:56Z,74.6,31.6,5.292,8.39,27.318
2026-09-03T15:13:56Z,2026-09-03T10:13:56Z,73.9,31.7,5.248,8.199,22.746
2026-09-03T15:14:57Z,2026-09-03T10:14:57Z,74.3,31.7,5.227,8.526,38.933
2026-09-03T15:15:57Z,2026-09-03T10:15:57Z,74.0,31.8,5.56,8.381,28.868
2026-09-03T15:16:57Z,2026-09-03T10:16:57Z,74.2,31.8,4.827,7.939,39.182
2026-09-03T15:17:57Z,2026-09-03T10:17:57Z,73.1,31.9,5.259,8.132,43.621
2026-09-03T15:18:57Z,2026-09-03T10:18:57Z,73.5,32.0,5.137,7.764,47.791
2026-09-03T15:19:57Z,2026-09-03T10:19:57Z,72.6,32.0,5.109,7.448,36.185
2026-09-03T15:20:57Z,2026-09-03T10:20:57Z,73.1,32.1,4.891,7.348,44.836
2026-09-03T15:21:57Z,2026-09-03T10:21:57Z,76.0,32.1,4.969,7.26,41.292
2026-09-03T15:22:57Z,2026-09-03T10:22:57Z,75.8,32.2,5.043,7.682,43.336
2026-09-03T15:23:57Z,2026-09-03T10:23:57Z,73.3,32.2,5.36,8.428,32.077
2026-09-03T15:24:57Z,2026-09-03T10:24:57Z,73.3,32.3,5.039,7.458,40.47
2026-09-03T15:25:57Z,2026-09-03T10:25:57Z,75.1,32.3,5.132,8.125,33.436
2026-09-03T15:26:57Z,2026-09-03T10:26:57Z,74.1,32.4,5.494,7.995,30.556
2026-09-03T15:27:57Z,2026-09-03T10:27:57Z,74.4,32.5,5.525,8.267,54.462
2026-09-03T15:28:57Z,2026-09-03T10:28:57Z,74.2,32.5,5.323,8.134,43.744
2026-09-03T15:29:57Z,2026-09-03T10:29:57Z,72.6,32.6,4.993,7.802,64.28
2026-09-03T15:30:57Z,2026-09-03T10:30:57Z,71.5,32.6,5.41,8.296,39.433
2026-09-03T15:31:57Z,2026-09-03T10:31:57Z,71.7,32.7,4.992,7.679,36.842
2026-09-03T15:32:57Z,2026-09-03T10:32:57Z,71.2,32.7,5.375,8.193,42.485
2026-09-03T15:33:57Z,2026-09-03T10:33:57Z,72.0,32.8,5.229,8.136,57.0
2026-09-03T15:34:57Z,2026-09-03T10:34:57Z,72.7,32.8,5.403,8.35,45.373
2026-09-03T15:35:57Z,2026-09-03T10:35:57Z,72.0,32.9,5.172,8.072,57.951
2026-09-03T15:36:57Z,2026-09-03T10:36:57Z,72.3,32.9,5.146,7.472,40.676
2026-09-03T15:37:58Z,2026-09-03T10:37:58Z,70.5,33.0,5.123,8.02,75.122
2026-09-03T15:38:58Z,2026-09-03T10:38:58Z,68.3,33.0,5.177,7.532,40.012
2026-09-03T15:39:58Z,2026-09-03T10:39:58Z,67.9,33.1,5.257,8.094,27.195
2026-09-03T15:40:58Z,2026-09-03T10:40:58Z,69.5,33.2,4.988,7.637,50.394
2026-09-03T15:41:58Z,2026-09-03T10:41:58Z,69.6,33.2,5.086,8.05,42.209
2026-09-03T15:42:58Z,2026-09-03T10:42:58Z,71.4,33.3,5.233,7.879,36.124
2026-09-03T15:43:58Z,2026-09-03T10:43:58Z,70.1,33.4,5.338,8.001,40.909
2026-09-03T15:44:55Z,2026-09-03T10:44:55Z,68.4,33.5,5.381,8.15,44.288
2026-09-03T15:45:55Z,2026-09-03T10:45:55Z,68.1,33.6,5.414,8.008,55.525
2026-09-03T15:46:55Z,2026-09-03T10:46:55Z,69.0,33.7,5.634,8.743,32.256
2026-09-03T15:47:55Z,2026-09-03T10:47:55Z,69.0,33.7,5.159,7.377,27.822
2026-09-03T15:48:55Z,2026-09-03T10:48:55Z,68.2,33.8,5.571,8.344,41.32
2026-09-03T15:49:55Z,2026-09-03T10:49:55Z,68.3,33.9,5.688,8.427,35.116
2026-09-03T15:50:55Z,2026-09-03T10:50:55Z,67.6,34.0,5.441,8.446,58.741
2026-09-03T15:51:55Z,2026-09-03T10:51:55Z,67.0,34.1,5.498,8.422,32.02
2026-09-03T15:52:55Z,2026-09-03T10:52:55Z,67.4,34.2,6.107,8.739,44.087
2026-09-03T15:53:55Z,2026-09-03T10:53:55Z,66.6,34.3,5.851,8.717,45.765
2026-09-03T15:54:55Z,2026-09-03T10:54:55Z,66.4,34.3,5.544,8.414,34.655
2026-09-03T15:55:55Z,2026-09-03T10:55:55Z,67.3,34.4,6.026,8.725,31.386
2026-09-03T15:56:55Z,2026-09-03T10:56:55Z,66.2,34.5,5.674,8.152,33.446
2026-09-03T15:57:55Z,2026-09-03T10:57:55Z,67.0,34.5,5.832,8.213,60.493
2026-09-03T15:58:55Z,2026-09-03T10:58:55Z,67.6,34.6,5.774,8.178,29.254
2026-09-03T15:59:55Z,2026-09-03T10:59:55Z,66.0,34.7,5.685,8.785,29.804
2026-09-03T16:00:55Z,2026-09-03T11:00:55Z,65.5,34.8,6.04,8.949,45.353
2026-09-03T16:01:55Z,2026-09-03T11:01:55Z,65.3,34.8,5.489,8.005,41.301
2026-09-03T16:02:55Z,2026-09-03T11:02:55Z,64.1,34.9,5.578,8.223,42.683
2026-09-03T16:03:55Z,2026-09-03T11:03:55Z,65.3,34.9,5.718,8.328,28.754
2026-09-03T16:04:56Z,2026-09-03T11:04:56Z,64.4,34.9,5.675,7.692,30.712
2026-09-03T16:05:56Z,2026-09-03T11:05:56Z,65.0,35.0,5.843,8.669,46.838
2026-09-03T16:06:56Z,2026-09-03T11:06:56Z,64.2,35.0,5.929,8.378,35.519
2026-09-03T16:07:56Z,2026-09-03T11:07:56Z,64.0,35.0,5.828,8.33,33.973
2026-09-03T16:08:56Z,2026-09-03T11:08:56Z,64.3,35.0,5.858,8.516,44.311
2026-09-03T16:09:56Z,2026-09-03T11:09:56Z,64.5,35.0,5.604,8.274,39.304
2026-09-03T16:10:56Z,2026-09-03T11:10:56Z,64.0,35.1,5.892,8.76,40.487
2026-09-03T16:11:56Z,2026-09-03T11:11:56Z,63.1,35.1,5.621,7.814,78.213
2026-09-03T16:12:56Z,2026-09-03T11:12:56Z,63.0,35.1,5.747,8.164,35.457
2026-09-03T16:13:56Z,2026-09-03T11:13:56Z,63.3,35.1,5.799,8.383,38.394
2026-09-03T16:14:56Z,2026-09-03T11:14:56Z,63.2,35.1,5.434,8.057,30.446
2026-09-03T16:15:56Z,2026-09-03T11:15:56Z,62.7,35.1,5.721,8.862,34.575
2026-09-03T16:16:56Z,2026-09-03T11:16:56Z,64.0,35.1,5.825,8.387,40.045
2026-09-03T16:17:56Z,2026-09-03T11:17:56Z,64.1,35.1,5.547,8.204,50.195
2026-09-03T16:18:56Z,2026-09-03T11:18:56Z,63.8,35.2,5.957,8.575,32.909
2026-09-03T16:19:56Z,2026-09-03T11:19:56Z,63.1,35.2,5.437,7.936,33.919
2026-09-03T16:20:56Z,2026-09-03T11:20:56Z,63.3,35.3,5.877,8.229,44.448
2026-09-03T16:21:56Z,2026-09-03T11:21:56Z,62.9,35.4,5.714,8.121,30.934
2026-09-03T16:22:56Z,2026-09-03T11:22:56Z,62.3,35.4,6.0,8.746,36.273
2026-09-03T16:23:56Z,2026-09-03T11:23:56Z,62.1,35.5,5.919,8.569,42.488
2026-09-03T16:24:56Z,2026-09-03T11:24:56Z,63.0,35.6,6.201,8.557,28.125
2026-09-03T16:25:56Z,2026-09-03T11:25:56Z,62.2,35.7,5.986,8.334,45.996
2026-09-03T16:26:56Z,2026-09-03T11:26:56Z,60.6,35.8,5.753,8.629,18.798
2026-09-03T16:27:56Z,2026-09-03T11:27:56Z,61.3,36.0,6.009,8.529,49.393
2026-09-03T16:28:57Z,2026-09-03T11:28:57Z,61.1,36.1,6.015,8.095,30.924
2026-09-03T16:29:57Z,2026-09-03T11:29:57Z,59.6,36.3,5.944,8.531,37.383
2026-09-03T16:30:57Z,2026-09-03T11:30:57Z,58.6,36.4,6.32,8.904,23.853
2026-09-03T16:31:57Z,2026-09-03T11:31:57Z,58.9,36.5,5.863,7.981,44.536
2026-09-03T16:32:57Z,2026-09-03T11:32:57Z,58.4,36.6,5.932,8.469,49.963
2026-09-03T16:33:57Z,2026-09-03T11:33:57Z,58.4,36.8,5.731,7.857,23.54
2026-09-03T16:34:57Z,2026-09-03T11:34:57Z,57.6,36.9,6.16,8.56,26.193
2026-09-03T16:35:57Z,2026-09-03T11:35:57Z,57.0,37.0,5.926,8.44,39.386
2026-09-03T16:36:57Z,2026-09-03T11:36:57Z,56.5,37.2,5.687,7.85,42.113
2026-09-03T16:37:57Z,2026-09-03T11:37:57Z,56.4,37.4,6.037,8.257,27.159
2026-09-03T16:38:57Z,2026-09-03T11:38:57Z,55.3,37.6,6.231,8.591,55.082
2026-09-03T16:39:57Z,2026-09-03T11:39:57Z,55.6,37.8,6.281,8.387,47.952
2026-09-03T16:40:57Z,2026-09-03T11:40:57Z,53.6,38.0,6.34,8.822,41.044
2026-09-03T16:41:57Z,2026-09-03T11:41:57Z,53.0,38.2,5.893,8.331,22.224
2026-09-03T16:42:57Z,2026-09-03T11:42:57Z,52.9,38.4,6.029,8.341,28.591
2026-09-03T16:43:57Z,2026-09-03T11:43:57Z,51.5,38.5,6.705,9.065,24.025
2026-09-03T16:44:57Z,2026-09-03T11:44:57Z,51.1,38.7,6.275,8.799,27.979
2026-09-03T16:45:57Z,2026-09-03T11:45:57Z,51.2,38.8,6.789,9.579,19.859
2026-09-03T16:46:57Z,2026-09-03T11:46:57Z,51.9,38.9,7.243,9.719,22.591
2026-09-03T16:47:57Z,2026-09-03T11:47:57Z,51.4,39.1,6.818,9.002,31.705
2026-09-03T16:48:57Z,2026-09-03T11:48:57Z,49.8,39.2,6.426,8.705,33.663
2026-09-03T16:49:57Z,2026-09-03T11:49:57Z,49.7,39.4,6.741,8.703,24.097
2026-09-03T16:50:57Z,2026-09-03T11:50:57Z,49.7,39.5,7.082,9.225,22.978
2026-09-03T16:51:57Z,2026-09-03T11:51:57Z,49.5,39.7,6.619,8.743,44.889
2026-09-03T16:52:57Z,2026-09-03T11:52:57Z,49.1,39.8,6.562,8.544,37.128
2026-09-03T16:53:58Z,2026-09-03T11:53:58Z,47.4,40.0,7.1,10.017,29.125
2026-09-03T16:54:58Z,2026-09-03T11:54:58Z,47.9,40.0,7.059,9.279,38.506
2026-09-03T16:55:58Z,2026-09-03T11:55:58Z,47.1,40.1,6.641,9.503,27.843
2026-09-03T16:56:58Z,2026-09-03T11:56:58Z,48.3,40.2,6.741,9.157,35.344
2026-09-03T16:57:58Z,2026-09-03T11:57:58Z,47.6,40.2,7.346,9.768,35.086
2026-09-03T16:58:58Z,2026-09-03T11:58:58Z,46.8,40.3,7.078,9.556,40.297
2026-09-03T16:59:58Z,2026-09-03T11:59:58Z,47.1,40.3,7.494,9.73,41.864
2026-09-03T17:00:58Z,2026-09-03T12:00:58Z,47.6,40.3,7.106,9.74,34.924
2026-09-03T17:01:58Z,2026-09-03T12:01:58Z,47.5,40.3,6.863,9.436,34.814
2026-09-03T17:02:58Z,2026-09-03T12:02:58Z,47.3,40.2,7.388,10.196,29.931
2026-09-03T17:03:58Z,2026-09-03T12:03:58Z,47.0,40.2,6.771,9.888,31.021
2026-09-03T17:04:55Z,2026-09-03T12:04:55Z,47.3,40.2,7.343,10.105,32.228
2026-09-03T17:05:55Z,2026-09-03T12:05:55Z,47.6,40.1,7.558,10.085,36.241
2026-09-03T17:06:55Z,2026-09-03T12:06:55Z,46.6,40.1,7.38,9.958,33.68
2026-09-03T17:07:55Z,2026-09-03T12:07:55Z,47.3,40.0,7.837,10.407,26.001
2026-09-03T17:08:55Z,2026-09-03T12:08:55Z,48.2,40.0,8.875,11.325,34.531
2026-09-03T17:09:55Z,2026-09-03T12:09:55Z,48.6,39.9,8.792,11.416,36.337
2026-09-03T17:10:55Z,2026-09-03T12:10:55Z,47.5,39.9,8.428,11.374,32.562
2026-09-03T17:11:55Z,2026-09-03T12:11:55Z,47.8,39.9,9.004,11.341,30.76
2026-09-03T17:12:55Z,2026-09-03T12:12:55Z,48.0,39.8,8.996,11.088,53.539
2026-09-03T17:13:55Z,2026-09-03T12:13:55Z,47.7,39.8,9.274,12.346,30.363
2026-09-03T17:14:55Z,2026-09-03T12:14:55Z,47.9,39.7,8.869,11.066,52.336
2026-09-03T17:15:55Z,2026-09-03T12:15:55Z,48.0,39.7,9.632,12.401,40.469
2026-09-03T17:16:55Z,2026-09-03T12:16:55Z,48.8,39.6,8.965,11.602,37.714
2026-09-03T17:17:55Z,2026-09-03T12:17:55Z,48.3,39.5,9.845,12.148,33.063
2026-09-03T17:18:55Z,2026-09-03T12:18:55Z,48.1,39.5,9.87,12.529,51.727
2026-09-03T17:19:55Z,2026-09-03T12:19:55Z,47.3,39.4,9.89,12.525,26.222
2026-09-03T17:20:56Z,2026-09-03T12:20:56Z,47.6,39.3,9.608,12.017,22.17
2026-09-03T17:21:56Z,2026-09-03T12:21:56Z,47.6,39.2,9.911,12.551,55.502
2026-09-03T17:22:56Z,2026-09-03T12:22:56Z,47.5,39.1,9.868,12.527,34.788
2026-09-03T17:23:56Z,2026-09-03T12:23:56Z,48.5,39.0,8.05,10.834,27.328
2026-09-03T17:24:56Z,2026-09-03T12:24:56Z,48.6,38.9,7.033,9.278,18.53
2026-09-03T17:25:56Z,2026-09-03T12:25:56Z,47.8,38.8,6.886,9.051,22.517
2026-09-03T17:26:56Z,2026-09-03T12:26:56Z,47.2,38.6,6.757,9.083,17.996
2026-09-03T17:27:56Z,2026-09-03T12:27:56Z,47.8,38.4,6.416,8.636,11.373
2026-09-03T17:28:56Z,2026-09-03T12:28:56Z,48.4,38.1,6.087,7.909,9.786
2026-09-03T17:29:56Z,2026-09-03T12:29:56Z,49.1,37.9,6.22,7.989,12.335
2026-09-03T17:30:56Z,2026-09-03T12:30:56Z,49.3,37.7,6.197,8.14,9.449
2026-09-03T17:31:56Z,2026-09-03T12:31:56Z,49.3,37.5,5.032,7.167,11.616
2026-09-03T17:32:56Z,2026-09-03T12:32:56Z,48.6,37.2,4.808,6.527,16.113
2026-09-03T17:33:56Z,2026-09-03T12:33:56Z,48.3,37.0,4.665,5.794,13.502
2026-09-03T17:34:56Z,2026-09-03T12:34:56Z,48.4,36.7,3.875,5.149,8.848
2026-09-03T17:35:56Z,2026-09-03T12:35:56Z,48.7,36.5,3.812,4.987,6.16
2026-09-03T17:36:56Z,2026-09-03T12:36:56Z,49.4,36.2,3.822,5.076,7.324
2026-09-03T17:37:56Z,2026-09-03T12:37:56Z,48.9,36.0,3.408,4.408,5.595
2026-09-03T17:38:56Z,2026-09-03T12:38:56Z,48.2,35.8,3.056,3.785,4.756
2026-09-03T17:39:56Z,2026-09-03T12:39:56Z,48.2,35.5,3.126,3.865,5.058
2026-09-03T17:40:56Z,2026-09-03T12:40:56Z,48.7,35.3,2.78,3.515,5.178
2026-09-03T17:41:56Z,2026-09-03T12:41:56Z,49.3,35.1,3.048,4.107,6.248
2026-09-03T17:42:56Z,2026-09-03T12:42:56Z,49.6,34.9,3.307,4.301,10.988
2026-09-03T17:43:56Z,2026-09-03T12:43:56Z,50.2,34.7,4.175,5.379,9.337
2026-09-03T17:44:57Z,2026-09-03T12:44:57Z,50.9,34.5,4.377,5.964,9.715
2026-09-03T17:45:57Z,2026-09-03T12:45:57Z,51.2,34.3,3.966,5.752,9.563
2026-09-03T17:46:57Z,2026-09-03T12:46:57Z,51.9,34.1,4.344,6.069,10.385
2026-09-03T17:47:57Z,2026-09-03T12:47:57Z,52.2,34.0,4.592,6.593,9.904
2026-09-03T17:48:57Z,2026-09-03T12:48:57Z,52.6,33.8,4.582,6.692,9.542
2026-09-03T17:49:57Z,2026-09-03T12:49:57Z,55.0,33.7,4.743,7.042,24.934
2026-09-03T17:50:57Z,2026-09-03T12:50:57Z,57.2,33.5,5.19,8.042,15.882
2026-09-03T17:51:57Z,2026-09-03T12:51:57Z,58.4,33.4,5.368,7.655,28.239
2026-09-03T17:52:57Z,2026-09-03T12:52:57Z,59.4,33.2,5.426,8.735,44.298
2026-09-03T17:53:57Z,2026-09-03T12:53:57Z,62.2,33.0,5.623,10.292,97.658
2026-09-03T17:54:57Z,2026-09-03T12:54:57Z,64.4,32.8,5.7,10.679,57.622
2026-09-03T17:55:57Z,2026-09-03T12:55:57Z,65.1,32.6,6.12,10.939,75.372
2026-09-03T17:56:57Z,2026-09-03T12:56:57Z,64.7,32.4,6.088,9.889,29.467
2026-09-03T17:57:57Z,2026-09-03T12:57:57Z,64.6,32.2,5.71,8.676,31.015
2026-09-03T17:58:57Z,2026-09-03T12:58:57Z,63.0,32.0,4.112,5.596,13.896
2026-09-03T17:59:57Z,2026-09-03T12:59:57Z,63.3,31.7,4.004,5.274,33.465
2026-09-03T18:00:57Z,2026-09-03T13:00:57Z,63.6,31.5,3.724,4.799,20.184
2026-09-03T18:01:57Z,2026-09-03T13:01:57Z,63.7,31.3,3.45,4.328,7.87
2026-09-03T18:02:57Z,2026-09-03T13:02:57Z,63.8,31.1,3.287,4.215,9.291
2026-09-03T18:03:57Z,2026-09-03T13:03:57Z,65.1,30.9,3.213,4.281,18.01
2026-09-03T18:04:57Z,2026-09-03T13:04:57Z,65.7,30.7,3.422,4.21,23.836
2026-09-03T18:05:57Z,2026-09-03T13:05:57Z,66.9,30.5,3.465,4.996,11.567
2026-09-03T18:06:57Z,2026-09-03T13:06:57Z,67.6,30.3,3.602,5.085,23.475
2026-09-03T18:07:58Z,2026-09-03T13:07:58Z,68.1,30.2,3.699,5.046,27.632
2026-09-03T18:08:58Z,2026-09-03T13:08:58Z,69.0,30.0,3.817,5.237,25.821
2026-09-03T18:09:58Z,2026-09-03T13:09:58Z,70.4,29.8,3.67,4.856,25.78
2026-09-03T18:10:58Z,2026-09-03T13:10:58Z,72.1,29.7,3.652,4.999,11.247
2026-09-03T18:11:58Z,2026-09-03T13:11:58Z,72.2,29.5,3.838,5.373,12.121
2026-09-03T18:12:58Z,2026-09-03T13:12:58Z,72.9,29.4,3.66,5.209,33.381
2026-09-03T18:13:58Z,2026-09-03T13:13:58Z,73.5,29.2,3.884,5.128,21.903
2026-09-03T18:14:58Z,2026-09-03T13:14:58Z,73.5,29.1,3.937,5.423,14.5
2026-09-03T18:15:58Z,2026-09-03T13:15:58Z,74.8,29.0,4.26,6.179,43.821
2026-09-03T18:16:58Z,2026-09-03T13:16:58Z,74.5,28.9,4.514,7.112,63.864
2026-09-03T18:17:58Z,2026-09-03T13:17:58Z,75.7,28.8,4.923,7.85,86.008
2026-09-03T18:18:58Z,2026-09-03T13:18:58Z,76.4,28.7,4.525,7.332,44.489
2026-09-03T18:19:55Z,2026-09-03T13:19:55Z,76.1,28.6,4.648,7.413,57.027
2026-09-03T18:20:55Z,2026-09-03T13:20:55Z,76.9,28.5,4.718,7.305,69.291
2026-09-03T18:21:55Z,2026-09-03T13:21:55Z,77.4,28.4,4.767,7.109,32.007
2026-09-03T18:22:55Z,2026-09-03T13:22:55Z,77.0,28.3,4.564,7.071,31.329
2026-09-03T18:23:55Z,2026-09-03T13:23:55Z,77.4,28.2,4.527,7.285,45.459
2026-09-03T18:24:55Z,2026-09-03T13:24:55Z,76.9,28.2,4.349,7.347,21.32
2026-09-03T18:25:55Z,2026-09-03T13:25:55Z,77.2,28.1,4.311,7.145,20.637
2026-09-03T18:26:55Z,2026-09-03T13:26:55Z,77.4,28.0,4.062,6.0,24.625
2026-09-03T18:27:55Z,2026-09-03T13:27:55Z,77.6,27.9,4.213,5.696,14.246
2026-09-03T18:28:55Z,2026-09-03T13:28:55Z,77.6,27.9,4.704,6.384,18.042
2026-09-03T18:29:55Z,2026-09-03T13:29:55Z,77.4,27.8,4.558,6.235,14.553
2026-09-03T18:30:55Z,2026-09-03T13:30:55Z,78.8,27.8,4.398,5.678,13.405
2026-09-03T18:31:55Z,2026-09-03T13:31:55Z,78.9,27.7,4.583,6.447,20.09
2026-09-03T18:32:56Z,2026-09-03T13:32:56Z,77.7,27.7,4.631,6.431,20.664
2026-09-03T18:33:56Z,2026-09-03T13:33:56Z,78.7,27.7,4.623,6.058,17.093
2026-09-03T18:34:56Z,2026-09-03T13:34:56Z,80.7,27.6,4.484,5.912,23.134
2026-09-03T18:35:56Z,2026-09-03T13:35:56Z,80.6,27.6,4.269,5.647,26.381
2026-09-03T18:36:56Z,2026-09-03T13:36:56Z,81.0,27.6,4.599,5.894,14.047
2026-09-03T18:37:56Z,2026-09-03T13:37:56Z,81.2,27.6,4.557,6.63,32.001
2026-09-03T18:38:56Z,2026-09-03T13:38:56Z,81.7,27.5,4.811,8.361,71.657
2026-09-03T18:39:56Z,2026-09-03T13:39:56Z,81.8,27.5,4.803,7.806,48.377
2026-09-03T18:40:56Z,2026-09-03T13:40:56Z,82.1,27.5,4.987,8.085,27.005
2026-09-03T18:41:56Z,2026-09-03T13:41:56Z,82.2,27.5,4.686,7.504,27.72
2026-09-03T18:42:56Z,2026-09-03T13:42:56Z,80.0,27.4,4.477,6.741,16.837
2026-09-03T18:43:56Z,2026-09-03T13:43:56Z,80.0,27.4,4.545,6.471,15.861
2026-09-03T18:44:56Z,2026-09-03T13:44:56Z,80.4,27.4,4.696,6.525,22.327
2026-09-03T18:45:56Z,2026-09-03T13:45:56Z,81.1,27.4,4.583,6.555,15.714
2026-09-03T18:46:56Z,2026-09-03T13:46:56Z,81.5,27.3,4.622,6.692,17.446
2026-09-03T18:47:56Z,2026-09-03T13:47:56Z,82.0,27.3,4.393,6.758,19.136
2026-09-03T18:48:56Z,2026-09-03T13:48:56Z,82.4,27.3,4.218,6.071,13.275
2026-09-03T18:49:56Z,2026-09-03T13:49:56Z,82.7,27.3,4.12,5.742,15.209
2026-09-03T18:50:56Z,2026-09-03T13:50:56Z,82.8,27.3,4.055,5.433,11.455
2026-09-03T18:51:57Z,2026-09-03T13:51:57Z,82.6,27.3,4.074,5.439,14.947
2026-09-03T18:52:57Z,2026-09-03T13:52:57Z,83.0,27.3,4.274,6.147,9.788
2026-09-03T18:53:57Z,2026-09-03T13:53:57Z,83.3,27.3,4.244,5.583,14.894
2026-09-03T18:54:57Z,2026-09-03T13:54:57Z,83.6,27.3,4.118,5.459,13.736
2026-09-03T18:55:57Z,2026-09-03T13:55:57Z,84.1,27.3,4.24,5.723,13.29
2026-09-03T18:56:57Z,2026-09-03T13:56:57Z,83.7,27.3,4.442,6.474,18.951
2026-09-03T18:57:57Z,2026-09-03T13:57:57Z,84.2,27.3,4.561,6.575,11.876
2026-09-03T18:58:57Z,2026-09-03T13:58:57Z,85.3,27.3,4.275,5.763,33.669
2026-09-03T18:59:57Z,2026-09-03T13:59:57Z,86.2,27.3,4.266,5.805,30.846
2026-09-03T19:00:57Z,2026-09-03T14:00:57Z,86.5,27.3,4.298,5.752,24.465
2026-09-03T19:01:57Z,2026-09-03T14:01:57Z,85.6,27.3,4.477,5.737,15.433
2026-09-03T19:02:57Z,2026-09-03T14:02:57Z,86.0,27.4,4.595,6.505,26.168
2026-09-03T19:03:57Z,2026-09-03T14:03:57Z,86.7,27.4,4.382,5.888,12.249
2026-09-03T19:04:57Z,2026-09-03T14:04:57Z,86.7,27.4,4.442,5.91,19.772
2026-09-03T19:05:57Z,2026-09-03T14:05:57Z,87.0,27.4,4.504,5.925,9.361
2026-09-03T19:06:57Z,2026-09-03T14:06:57Z,87.6,27.5,4.372,5.736,19.489
2026-09-03T19:07:57Z,2026-09-03T14:07:57Z,86.9,27.5,4.527,6.226,15.66
2026-09-03T19:08:57Z,2026-09-03T14:08:57Z,84.8,27.5,4.893,6.553,19.254
2026-09-03T19:09:57Z,2026-09-03T14:09:57Z,83.6,27.5,4.753,6.376,20.565
2026-09-03T19:10:57Z,2026-09-03T14:10:57Z,83.4,27.6,4.985,6.822,17.85
2026-09-03T19:11:57Z,2026-09-03T14:11:57Z,83.5,27.6,5.254,6.995,12.246
2026-09-03T19:12:57Z,2026-09-03T14:12:57Z,83.6,27.6,5.487,7.242,14.275
2026-09-03T19:13:58Z,2026-09-03T14:13:58Z,83.0,27.6,5.374,6.844,22.701
2026-09-03T19:14:58Z,2026-09-03T14:14:58Z,81.8,27.7,5.234,6.703,19.37
2026-09-03T19:15:58Z,2026-09-03T14:15:58Z,81.8,27.7,5.899,8.052,18.087
2026-09-03T19:16:58Z,2026-09-03T14:16:58Z,81.4,27.7,5.788,7.653,15.023
2026-09-03T19:17:58Z,2026-09-03T14:17:58Z,81.5,27.7,5.451,7.174,15.055
2026-09-03T19:18:58Z,2026-09-03T14:18:58Z,81.6,27.8,5.562,7.201,18.756
2026-09-03T19:19:58Z,2026-09-03T14:19:58Z,81.6,27.8,5.966,7.795,19.436
2026-09-03T19:20:58Z,2026-09-03T14:20:58Z,81.5,27.8,5.974,7.724,23.488
2026-09-03T19:21:58Z,2026-09-03T14:21:58Z,81.0,27.8,5.913,7.872,25.495
2026-09-03T19:22:58Z,2026-09-03T14:22:58Z,81.1,27.9,5.918,7.854,13.062
2026-09-03T19:23:58Z,2026-09-03T14:23:58Z,80.7,27.9,5.825,7.926,23.283
2026-09-03T19:24:58Z,2026-09-03T14:24:58Z,80.5,27.9,5.844,7.654,16.235
2026-09-03T19:25:58Z,2026-09-03T14:25:58Z,80.6,27.9,6.068,7.677,17.752
2026-09-03T19:26:58Z,2026-09-03T14:26:58Z,80.9,28.0,5.935,7.774,14.73
2026-09-03T19:27:58Z,2026-09-03T14:27:58Z,81.2,28.0,5.736,7.546,15.282
2026-09-03T19:28:58Z,2026-09-03T14:28:58Z,80.7,28.0,5.889,7.802,28.599
2026-09-03T19:29:55Z,2026-09-03T14:29:55Z,80.8,28.1,5.682,7.39,14.119
2026-09-03T19:30:55Z,2026-09-03T14:30:55Z,80.8,28.1,5.725,7.352,11.586
2026-09-03T19:31:55Z,2026-09-03T14:31:55Z,80.9,28.1,5.778,7.8,12.204
2026-09-03T19:32:55Z,2026-09-03T14:32:55Z,80.3,28.1,5.723,7.565,24.063
2026-09-03T19:33:55Z,2026-09-03T14:33:55Z,79.5,28.2,5.498,7.408,21.88
2026-09-03T19:34:55Z,2026-09-03T14:34:55Z,79.6,28.2,5.886,7.644,24.261
2026-09-03T19:35:55Z,2026-09-03T14:35:55Z,79.4,28.3,5.575,7.113,35.264
2026-09-03T19:36:55Z,2026-09-03T14:36:55Z,78.7,28.3,5.273,6.744,15.471
2026-09-03T19:37:55Z,2026-09-03T14:37:55Z,77.7,28.3,5.163,6.953,14.932
2026-09-03T19:38:56Z,2026-09-03T14:38:56Z,77.2,28.3,5.289,6.95,15.085
2026-09-03T19:39:56Z,2026-09-03T14:39:56Z,77.3,28.4,5.146,6.636,14.104
2026-09-03T19:40:56Z,2026-09-03T14:40:56Z,76.6,28.4,5.085,6.438,23.379
2026-09-03T19:41:56Z,2026-09-03T14:41:56Z,75.6,28.4,4.809,5.915,16.206
2026-09-03T19:42:56Z,2026-09-03T14:42:56Z,75.7,28.5,4.489,5.795,10.044
2026-09-03T19:43:56Z,2026-09-03T14:43:56Z,76.6,28.5,4.778,6.141,24.065
2026-09-03T19:44:56Z,2026-09-03T14:44:56Z,76.9,28.5,5.017,6.33,30.159
2026-09-03T19:45:56Z,2026-09-03T14:45:56Z,77.8,28.5,4.946,6.133,22.548
2026-09-03T19:46:56Z,2026-09-03T14:46:56Z,77.7,28.5,4.49,5.684,11.131
2026-09-03T19:47:56Z,2026-09-03T14:47:56Z,76.7,28.6,4.779,5.764,12.687
2026-09-03T19:48:56Z,2026-09-03T14:48:56Z,76.4,28.6,4.447,5.75,23.661
2026-09-03T19:49:56Z,2026-09-03T14:49:56Z,76.5,28.6,4.847,6.242,17.208
2026-09-03T19:50:56Z,2026-09-03T14:50:56Z,76.5,28.6,4.961,6.413,11.6
2026-09-03T19:51:56Z,2026-09-03T14:51:56Z,76.1,28.6,5.039,6.226,20.939
2026-09-03T19:52:56Z,2026-09-03T14:52:56Z,76.4,28.6,4.845,6.398,13.261
2026-09-03T19:53:56Z,2026-09-03T14:53:56Z,76.6,28.7,5.153,6.719,17.989
2026-09-03T19:54:56Z,2026-09-03T14:54:56Z,76.3,28.7,4.907,6.434,10.881
2026-09-03T19:55:56Z,2026-09-03T14:55:56Z,75.8,28.7,4.954,6.506,25.32
2026-09-03T19:56:56Z,2026-09-03T14:56:56Z,76.4,28.7,4.902,6.523,12.725
2026-09-03T19:57:56Z,2026-09-03T14:57:56Z,77.6,28.7,5.056,6.589,20.035
2026-09-03T19:58:56Z,2026-09-03T14:58:56Z,78.2,28.7,4.998,6.475,22.581
2026-09-03T19:59:56Z,2026-09-03T14:59:56Z,77.8,28.7,5.292,7.106,12.868
2026-09-03T20:00:56Z,2026-09-03T15:00:56Z,77.8,28.8,5.266,7.288,22.506
2026-09-03T20:01:56Z,2026-09-03T15:01:56Z,77.6,28.8,5.418,7.366,18.239
2026-09-03T20:02:57Z,2026-09-03T15:02:57Z,77.2,28.8,5.759,7.685,16.28
2026-09-03T20:03:57Z,2026-09-03T15:03:57Z,76.5,28.8,5.399,7.23,13.776
2026-09-03T20:04:57Z,2026-09-03T15:04:57Z,76.6,28.8,5.663,7.739,20.417
2026-09-03T20:05:57Z,2026-09-03T15:05:57Z,76.5,28.9,5.796,7.782,27.363
2026-09-03T20:06:57Z,2026-09-03T15:06:57Z,76.1,28.9,5.637,7.669,16.938
2026-09-03T20:07:57Z,2026-09-03T15:07:57Z,76.5,28.9,5.581,7.583,21.925
2026-09-03T20:08:57Z,2026-09-03T15:08:57Z,76.4,28.9,5.753,7.529,16.457
2026-09-03T20:09:57Z,2026-09-03T15:09:57Z,75.6,28.9,5.867,7.895,22.291
2026-09-03T20:10:57Z,2026-09-03T15:10:57Z,75.9,28.9,5.92,7.872,15.394
2026-09-03T20:11:57Z,2026-09-03T15:11:57Z,76.2,28.9,5.724,7.889,17.778
2026-09-03T20:12:57Z,2026-09-03T15:12:57Z,76.8,28.9,6.045,7.906,14.737
2026-09-03T20:13:57Z,2026-09-03T15:13:57Z,76.6,29.0,6.127,8.642,16.792
2026-09-03T20:14:57Z,2026-09-03T15:14:57Z,76.7,29.0,5.879,8.032,15.615
2026-09-03T20:15:57Z,2026-09-03T15:15:57Z,76.8,29.0,5.693,7.815,13.998
2026-09-03T20:16:57Z,2026-09-03T15:16:57Z,76.5,29.0,6.61,8.752,13.332
2026-09-03T20:17:57Z,2026-09-03T15:17:57Z,75.8,29.0,5.465,7.609,21.306
2026-09-03T20:18:57Z,2026-09-03T15:18:57Z,75.5,29.0,6.175,8.074,23.319
2026-09-03T20:19:57Z,2026-09-03T15:19:57Z,75.9,29.1,6.342,8.811,24.388
2026-09-03T20:20:57Z,2026-09-03T15:20:57Z,76.1,29.1,6.229,8.256,39.273
2026-09-03T20:21:57Z,2026-09-03T15:21:57Z,75.8,29.1,6.04,8.473,17.94
2026-09-03T20:22:57Z,2026-09-03T15:22:57Z,75.7,29.1,6.09,8.327,21.273
2026-09-03T20:23:57Z,2026-09-03T15:23:57Z,75.8,29.1,5.956,8.346,19.036
2026-09-03T20:24:57Z,2026-09-03T15:24:57Z,76.2,29.1,6.103,8.539,18.995
2026-09-03T20:25:58Z,2026-09-03T15:25:58Z,76.0,29.1,6.11,8.441,51.03
2026-09-03T20:26:58Z,2026-09-03T15:26:58Z,75.6,29.2,6.269,8.685,17.047
2026-09-03T20:27:58Z,2026-09-03T15:27:58Z,75.7,29.2,5.871,8.097,19.678
2026-09-03T20:28:58Z,2026-09-03T15:28:58Z,75.8,29.2,5.906,7.808,20.061
2026-09-03T20:29:58Z,2026-09-03T15:29:58Z,75.5,29.2,6.184,8.674,15.235
2026-09-03T20:30:58Z,2026-09-03T15:30:58Z,76.0,29.2,5.98,8.143,12.982
2026-09-03T20:31:58Z,2026-09-03T15:31:58Z,76.1,29.2,5.971,8.31,33.36
2026-09-03T20:32:58Z,2026-09-03T15:32:58Z,75.6,29.2,5.713,8.075,19.315
2026-09-03T20:33:58Z,2026-09-03T15:33:58Z,75.6,29.3,5.522,8.057,25.386
2026-09-03T20:34:58Z,2026-09-03T15:34:58Z,75.6,29.3,6.061,8.641,15.569
2026-09-03T20:35:58Z,2026-09-03T15:35:58Z,75.8,29.3,6.222,8.691,19.151
2026-09-03T20:36:58Z,2026-09-03T15:36:58Z,75.7,29.3,5.926,8.733,21.512
2026-09-03T20:37:58Z,2026-09-03T15:37:58Z,76.0,29.3,6.41,8.273,17.908
2026-09-03T20:38:58Z,2026-09-03T15:38:58Z,75.9,29.3,6.205,8.546,24.206
2026-09-03T20:39:58Z,2026-09-03T15:39:58Z,75.9,29.3,6.412,8.765,39.35
2026-09-03T20:40:58Z,2026-09-03T15:40:58Z,75.9,29.3,6.452,8.919,20.227
2026-09-03T20:41:58Z,2026-09-03T15:41:58Z,76.1,29.4,6.581,8.986,28.227
2026-09-03T20:42:58Z,2026-09-03T15:42:58Z,75.7,29.4,6.619,9.122,28.94
2026-09-03T20:43:58Z,2026-09-03T15:43:58Z,75.5,29.4,6.459,8.805,24.391
2026-09-03T20:44:58Z,2026-09-03T15:44:58Z,75.6,29.4,6.317,8.728,26.408
2026-09-03T20:45:58Z,2026-09-03T15:45:58Z,76.0,29.4,6.557,8.92,20.002
2026-09-03T20:46:58Z,2026-09-03T15:46:58Z,75.7,29.4,6.304,8.439,32.023
2026-09-03T20:47:59Z,2026-09-03T15:47:59Z,75.2,29.4,6.584,8.771,14.154
2026-09-03T20:48:59Z,2026-09-03T15:48:59Z,75.7,29.4,6.308,8.669,21.432
2026-09-03T20:49:55Z,2026-09-03T15:49:55Z,75.6,29.4,7.127,9.55,19.425
2026-09-03T20:50:55Z,2026-09-03T15:50:55Z,75.6,29.5,6.682,8.745,28.174
2026-09-03T20:51:55Z,2026-09-03T15:51:55Z,75.1,29.5,6.765,9.178,13.422
2026-09-03T20:52:56Z,2026-09-03T15:52:56Z,75.5,29.5,6.068,8.284,16.846
2026-09-03T20:53:56Z,2026-09-03T15:53:56Z,75.9,29.5,6.252,8.669,13.865
2026-09-03T20:54:56Z,2026-09-03T15:54:56Z,75.5,29.5,6.62,8.352,17.487
2026-09-03T20:55:56Z,2026-09-03T15:55:56Z,75.6,29.5,6.37,8.741,23.145
2026-09-03T20:56:56Z,2026-09-03T15:56:56Z,75.2,29.5,6.598,8.484,22.132
2026-09-03T20:57:56Z,2026-09-03T15:57:56Z,75.3,29.5,6.257,8.513,19.726
2026-09-03T20:58:56Z,2026-09-03T15:58:56Z,75.7,29.5,6.184,8.447,13.828
2026-09-03T20:59:56Z,2026-09-03T15:59:56Z,75.1,29.5,6.436,8.624,36.693
2026-09-03T21:00:56Z,2026-09-03T16:00:56Z,74.9,29.5,6.116,8.174,13.548
2026-09-03T21:01:56Z,2026-09-03T16:01:56Z,74.9,29.5,6.124,8.37,17.375
2026-09-03T21:02:56Z,2026-09-03T16:02:56Z,75.5,29.6,6.466,8.641,20.017
2026-09-03T21:03:56Z,2026-09-03T16:03:56Z,75.5,29.6,6.544,8.755,29.876
2026-09-03T21:04:56Z,2026-09-03T16:04:56Z,77.0,29.6,6.4,8.402,20.894
2026-09-03T21:05:56Z,2026-09-03T16:05:56Z,78.2,29.6,6.519,8.167,29.537
2026-09-03T21:06:56Z,2026-09-03T16:06:56Z,75.3,29.6,6.855,8.991,16.512
2026-09-03T21:07:56Z,2026-09-03T16:07:56Z,74.5,29.6,6.263,8.287,17.336
2026-09-03T21:08:56Z,2026-09-03T16:08:56Z,74.8,29.7,6.856,8.429,23.812
2026-09-03T21:09:56Z,2026-09-03T16:09:56Z,76.5,29.7,6.355,7.901,21.341
2026-09-03T21:10:56Z,2026-09-03T16:10:56Z,74.0,29.7,6.67,8.353,31.856
2026-09-03T21:11:56Z,2026-09-03T16:11:56Z,73.8,29.7,7.005,8.919,15.582
2026-09-03T21:12:57Z,2026-09-03T16:12:57Z,72.3,29.7,6.689,8.585,13.019
2026-09-03T21:13:57Z,2026-09-03T16:13:57Z,72.9,29.7,6.945,8.844,21.138
2026-09-03T21:14:57Z,2026-09-03T16:14:57Z,72.9,29.8,7.009,8.995,19.079
2026-09-03T21:15:57Z,2026-09-03T16:15:57Z,71.6,29.8,6.754,8.643,20.727
2026-09-03T21:16:57Z,2026-09-03T16:16:57Z,71.0,29.8,7.022,8.973,24.458
2026-09-03T21:17:57Z,2026-09-03T16:17:57Z,71.3,29.8,7.655,9.654,27.96
2026-09-03T21:18:57Z,2026-09-03T16:18:57Z,73.7,29.8,7.104,9.135,35.93
2026-09-03T21:19:57Z,2026-09-03T16:19:57Z,71.8,29.8,7.102,9.11,18.634
2026-09-03T21:20:57Z,2026-09-03T16:20:57Z,71.3,29.8,6.784,8.43,17.264
2026-09-03T21:21:57Z,2026-09-03T16:21:57Z,72.1,29.9,7.236,9.189,35.507
2026-09-03T21:22:57Z,2026-09-03T16:22:57Z,72.2,29.9,7.764,9.443,21.458
2026-09-03T21:23:57Z,2026-09-03T16:23:57Z,72.0,29.9,7.353,9.543,23.944
2026-09-03T21:24:57Z,2026-09-03T16:24:57Z,72.3,29.9,7.773,9.629,20.618
2026-09-03T21:25:57Z,2026-09-03T16:25:57Z,72.4,29.9,7.46,9.654,33.982
2026-09-03T21:26:57Z,2026-09-03T16:26:57Z,72.4,30.0,7.17,9.097,43.65
2026-09-03T21:27:57Z,2026-09-03T16:27:57Z,72.5,30.0,6.108,8.021,34.441
2026-09-03T21:28:57Z,2026-09-03T16:28:57Z,70.9,30.0,5.377,6.794,18.651
2026-09-03T21:29:57Z,2026-09-03T16:29:57Z,70.9,30.0,5.084,6.503,28.861
2026-09-03T21:30:57Z,2026-09-03T16:30:57Z,71.5,30.0,4.837,6.317,24.856
2026-09-03T21:31:57Z,2026-09-03T16:31:57Z,70.3,30.0,4.777,6.172,12.126
2026-09-03T21:32:57Z,2026-09-03T16:32:57Z,69.9,30.0,4.841,6.062,21.214
2026-09-03T21:33:57Z,2026-09-03T16:33:57Z,69.8,30.0,4.529,6.093,35.156
2026-09-03T21:34:57Z,2026-09-03T16:34:57Z,69.9,30.0,4.345,5.711,35.89
2026-09-03T21:35:57Z,2026-09-03T16:35:57Z,70.1,30.0,4.777,6.234,18.112
2026-09-03T21:36:57Z,2026-09-03T16:36:57Z,70.6,30.0,4.671,6.391,39.041
2026-09-03T21:37:58Z,2026-09-03T16:37:58Z,70.5,30.0,4.742,6.357,27.615
2026-09-03T21:38:58Z,2026-09-03T16:38:58Z,71.2,30.0,4.605,5.986,31.738
2026-09-03T21:39:58Z,2026-09-03T16:39:58Z,71.2,30.0,4.553,6.248,44.955
2026-09-03T21:40:58Z,2026-09-03T16:40:58Z,71.7,30.0,4.639,6.448,35.757
2026-09-03T21:41:58Z,2026-09-03T16:41:58Z,71.6,30.0,4.56,6.156,16.616
2026-09-03T21:42:58Z,2026-09-03T16:42:58Z,71.4,30.0,4.867,6.171,25.013
2026-09-03T21:43:58Z,2026-09-03T16:43:58Z,71.5,30.0,4.929,6.811,20.714
2026-09-03T21:44:58Z,2026-09-03T16:44:58Z,72.5,30.0,4.691,6.392,26.846
2026-09-03T21:45:58Z,2026-09-03T16:45:58Z,71.6,30.0,4.499,5.991,29.961
2026-09-03T21:46:58Z,2026-09-03T16:46:58Z,72.0,30.0,4.473,6.202,19.824
2026-09-03T21:47:58Z,2026-09-03T16:47:58Z,71.1,30.0,4.094,5.955,35.026
2026-09-03T21:48:58Z,2026-09-03T16:48:58Z,71.2,30.0,4.586,6.064,24.486
2026-09-03T21:49:58Z,2026-09-03T16:49:58Z,71.4,30.0,4.166,5.732,32.682
2026-09-03T21:50:58Z,2026-09-03T16:50:58Z,70.4,30.0,3.947,5.695,37.038
2026-09-03T21:51:58Z,2026-09-03T16:51:58Z,70.9,30.0,4.073,5.114,27.524
2026-09-03T21:52:58Z,2026-09-03T16:52:58Z,70.5,30.0,4.629,6.064,24.669
2026-09-03T21:53:58Z,2026-09-03T16:53:58Z,70.1,30.0,3.895,5.454,33.241
2026-09-03T21:54:58Z,2026-09-03T16:54:58Z,69.9,30.0,4.249,5.478,20.842
2026-09-03T21:55:58Z,2026-09-03T16:55:58Z,70.4,30.0,4.33,5.588,17.125
2026-09-03T21:56:58Z,2026-09-03T16:56:58Z,70.3,30.0,4.263,5.535,26.627
2026-09-03T21:57:58Z,2026-09-03T16:57:58Z,71.2,30.0,4.476,5.971,20.045
2026-09-03T21:58:58Z,2026-09-03T16:58:58Z,70.8,30.0,4.213,5.853,30.064
2026-09-03T21:59:59Z,2026-09-03T16:59:59Z,71.9,30.0,4.812,6.045,17.394
2026-09-03T22:00:59Z,2026-09-03T17:00:59Z,71.5,30.0,4.682,5.95,25.84
2026-09-03T22:01:59Z,2026-09-03T17:01:59Z,70.8,30.0,4.64,6.242,20.382
2026-09-03T22:02:59Z,2026-09-03T17:02:59Z,71.1,30.0,4.77,6.226,9.614
2026-09-03T22:03:59Z,2026-09-03T17:03:59Z,71.0,30.0,4.714,5.927,18.84
2026-09-03T22:04:56Z,2026-09-03T17:04:56Z,72.1,30.1,4.496,6.109,12.791
2026-09-03T22:05:56Z,2026-09-03T17:05:56Z,70.7,30.1,4.479,5.793,29.33
2026-09-03T22:06:56Z,2026-09-03T17:06:56Z,71.3,30.1,4.51,6.131,24.368
2026-09-03T22:07:56Z,2026-09-03T17:07:56Z,71.1,30.1,4.321,5.61,15.106
2026-09-03T22:08:56Z,2026-09-03T17:08:56Z,71.1,30.1,4.248,5.705,36.095
2026-09-03T22:09:56Z,2026-09-03T17:09:56Z,69.6,30.1,4.219,6.023,20.803
2026-09-03T22:10:56Z,2026-09-03T17:10:56Z,70.3,30.2,4.615,5.91,22.971
2026-09-03T22:11:56Z,2026-09-03T17:11:56Z,69.6,30.2,4.084,5.325,29.105
2026-09-03T22:12:56Z,2026-09-03T17:12:56Z,67.8,30.2,4.033,5.369,15.456
2026-09-03T22:13:56Z,2026-09-03T17:13:56Z,68.4,30.2,4.011,5.017,8.665
2026-09-03T22:14:56Z,2026-09-03T17:14:56Z,68.6,30.2,3.941,4.998,17.945
2026-09-03T22:15:56Z,2026-09-03T17:15:56Z,67.7,30.2,3.99,5.048,18.438
2026-09-03T22:16:56Z,2026-09-03T17:16:56Z,67.4,30.2,4.071,5.425,21.146
2026-09-03T22:17:56Z,2026-09-03T17:17:56Z,66.8,30.3,3.716,5.028,12.246
2026-09-03T22:18:56Z,2026-09-03T17:18:56Z,67.8,30.3,3.94,4.837,15.783
2026-09-03T22:19:56Z,2026-09-03T17:19:56Z,67.6,30.3,3.691,4.986,12.137
2026-09-03T22:20:56Z,2026-09-03T17:20:56Z,67.7,30.3,3.782,4.922,12.531
2026-09-03T22:21:56Z,2026-09-03T17:21:56Z,68.1,30.3,3.722,5.115,34.199
2026-09-03T22:22:56Z,2026-09-03T17:22:56Z,67.1,30.3,3.476,4.791,12.054
2026-09-03T22:23:56Z,2026-09-03T17:23:56Z,67.0,30.3,3.89,5.045,25.752
2026-09-03T22:24:57Z,2026-09-03T17:24:57Z,67.7,30.3,4.065,5.396,17.208
2026-09-03T22:25:57Z,2026-09-03T17:25:57Z,67.0,30.3,3.767,4.822,17.507
2026-09-03T22:26:57Z,2026-09-03T17:26:57Z,65.8,30.4,3.504,4.522,10.091
2026-09-03T22:27:57Z,2026-09-03T17:27:57Z,64.8,30.4,3.515,4.645,7.569
2026-09-03T22:28:57Z,2026-09-03T17:28:57Z,65.6,30.4,3.447,4.332,11.207
2026-09-03T22:29:57Z,2026-09-03T17:29:57Z,65.8,30.4,3.553,4.452,12.362
2026-09-03T22:30:57Z,2026-09-03T17:30:57Z,65.7,30.4,3.528,4.561,9.638
2026-09-03T22:31:57Z,2026-09-03T17:31:57Z,65.1,30.4,3.648,4.673,12.915
2026-09-03T22:32:57Z,2026-09-03T17:32:57Z,65.9,30.4,3.562,4.431,13.024
2026-09-03T22:33:57Z,2026-09-03T17:33:57Z,65.4,30.4,3.535,4.49,10.764
2026-09-03T22:34:57Z,2026-09-03T17:34:57Z,64.3,30.4,3.787,4.794,10.293
2026-09-03T22:35:57Z,2026-09-03T17:35:57Z,64.8,30.5,3.765,4.856,7.847
2026-09-03T22:36:57Z,2026-09-03T17:36:57Z,65.1,30.5,3.587,4.908,8.257
2026-09-03T22:37:57Z,2026-09-03T17:37:57Z,64.8,30.5,3.878,5.019,18.865
2026-09-03T22:38:57Z,2026-09-03T17:38:57Z,64.0,30.5,3.95,5.084,13.547
2026-09-03T22:39:57Z,2026-09-03T17:39:57Z,65.2,30.5,3.727,4.751,20.041
2026-09-03T22:40:57Z,2026-09-03T17:40:57Z,65.7,30.5,3.432,4.416,7.815
2026-09-03T22:41:57Z,2026-09-03T17:41:57Z,64.3,30.5,3.943,5.23,7.347
2026-09-03T22:42:57Z,2026-09-03T17:42:57Z,66.3,30.6,3.687,4.963,23.73
2026-09-03T22:43:57Z,2026-09-03T17:43:57Z,65.9,30.6,3.968,5.349,15.211
2026-09-03T22:44:57Z,2026-09-03T17:44:57Z,65.8,30.6,3.792,4.965,17.321
2026-09-03T22:45:57Z,2026-09-03T17:45:57Z,65.3,30.6,3.792,5.177,23.099
2026-09-03T22:46:58Z,2026-09-03T17:46:58Z,68.2,30.6,3.76,5.011,15.055
2026-09-03T22:47:58Z,2026-09-03T17:47:58Z,66.3,30.6,4.023,5.334,9.248
2026-09-03T22:48:58Z,2026-09-03T17:48:58Z,67.0,30.6,4.154,5.448,13.293
2026-09-03T22:49:58Z,2026-09-03T17:49:58Z,67.5,30.7,4.245,5.533,23.451
2026-09-03T22:50:58Z,2026-09-03T17:50:58Z,67.6,30.7,4.197,5.595,11.087
2026-09-03T22:51:58Z,2026-09-03T17:51:58Z,67.0,30.7,4.318,5.553,19.443
2026-09-03T22:52:58Z,2026-09-03T17:52:58Z,66.3,30.7,4.594,6.151,28.575
2026-09-03T22:53:58Z,2026-09-03T17:53:58Z,66.4,30.7,4.572,6.015,32.82
2026-09-03T22:54:58Z,2026-09-03T17:54:58Z,66.9,30.8,4.239,5.854,18.753
2026-09-03T22:55:58Z,2026-09-03T17:55:58Z,66.8,30.8,4.384,6.029,17.513
2026-09-03T22:56:58Z,2026-09-03T17:56:58Z,66.2,30.8,4.321,5.636,16.762
2026-09-03T22:57:58Z,2026-09-03T17:57:58Z,67.3,30.8,4.358,6.144,18.439
2026-09-03T22:58:58Z,2026-09-03T17:58:58Z,66.7,30.8,4.557,6.1,28.416
2026-09-03T22:59:58Z,2026-09-03T17:59:58Z,66.2,30.8,4.623,6.055,22.202
2026-09-03T23:00:58Z,2026-09-03T18:00:58Z,67.5,30.8,4.842,6.828,17.209
2026-09-03T23:01:58Z,2026-09-03T18:01:58Z,68.0,30.9,4.748,6.123,26.418
2026-09-03T23:02:58Z,2026-09-03T18:02:58Z,68.1,30.9,4.775,6.238,10.687
2026-09-03T23:03:58Z,2026-09-03T18:03:58Z,69.8,30.9,4.728,6.432,24.584
2026-09-03T23:04:58Z,2026-09-03T18:04:58Z,67.2,30.9,4.651,6.065,18.477
2026-09-03T23:05:58Z,2026-09-03T18:05:58Z,67.1,30.9,4.896,6.453,9.564
2026-09-03T23:06:58Z,2026-09-03T18:06:58Z,67.3,30.9,5.062,6.453,14.944
2026-09-03T23:07:58Z,2026-09-03T18:07:58Z,66.7,30.9,5.074,6.309,10.7
2026-09-03T23:08:58Z,2026-09-03T18:08:58Z,67.4,30.9,5.113,6.668,13.681
2026-09-03T23:09:58Z,2026-09-03T18:09:58Z,67.8,30.9,4.985,6.577,25.24
2026-09-03T23:10:58Z,2026-09-03T18:10:58Z,68.4,30.9,4.889,6.507,28.937
2026-09-03T23:11:59Z,2026-09-03T18:11:59Z,66.8,30.9,4.835,6.333,20.799
2026-09-03T23:12:59Z,2026-09-03T18:12:59Z,66.2,31.0,4.55,5.936,15.031
2026-09-03T23:13:59Z,2026-09-03T18:13:59Z,65.6,31.0,4.581,6.232,21.13
2026-09-03T23:14:59Z,2026-09-03T18:14:59Z,65.8,31.0,4.605,6.18,9.509
2026-09-03T23:15:59Z,2026-09-03T18:15:59Z,66.8,31.0,4.908,6.306,12.821
2026-09-03T23:16:59Z,2026-09-03T18:16:59Z,65.9,31.0,4.608,5.951,22.019
2026-09-03T23:17:59Z,2026-09-03T18:17:59Z,66.0,31.0,4.762,6.26,12.653
2026-09-03T23:18:59Z,2026-09-03T18:18:59Z,65.8,31.0,5.101,6.795,26.192
2026-09-03T23:19:59Z,2026-09-03T18:19:59Z,66.9,31.0,4.914,6.551,16.099
2026-09-03T23:20:59Z,2026-09-03T18:20:59Z,66.2,31.0,5.037,6.702,20.405
2026-09-03T23:21:59Z,2026-09-03T18:21:59Z,66.3,31.0,4.685,6.049,13.636
2026-09-03T23:22:59Z,2026-09-03T18:22:59Z,66.0,31.0,4.803,6.123,19.088
2026-09-03T23:23:59Z,2026-09-03T18:23:59Z,65.4,31.0,4.558,6.147,13.809
2026-09-03T23:24:59Z,2026-09-03T18:24:59Z,66.1,31.0,4.944,6.275,24.219
2026-09-03T23:25:59Z,2026-09-03T18:25:59Z,67.1,31.0,4.781,6.287,16.326
2026-09-03T23:26:59Z,2026-09-03T18:26:59Z,67.0,31.0,4.818,6.313,23.739
2026-09-03T23:27:59Z,2026-09-03T18:27:59Z,66.8,31.0,4.821,6.301,28.72
2026-09-03T23:28:59Z,2026-09-03T18:28:59Z,66.5,31.0,4.812,6.541,18.183
2026-09-03T23:29:59Z,2026-09-03T18:29:59Z,68.5,31.0,4.954,6.442,28.842
2026-09-03T23:30:59Z,2026-09-03T18:30:59Z,67.0,31.0,4.911,6.323,17.465
2026-09-03T23:31:59Z,2026-09-03T18:31:59Z,66.0,31.0,4.817,6.395,14.21
2026-09-03T23:32:59Z,2026-09-03T18:32:59Z,66.7,31.0,5.113,6.673,15.434
2026-09-03T23:33:59Z,2026-09-03T18:33:59Z,66.5,31.0,5.2,6.736,28.068
2026-09-03T23:34:59Z,2026-09-03T18:34:59Z,67.0,31.0,4.938,6.556,16.163
2026-09-03T23:35:59Z,2026-09-03T18:35:59Z,67.5,31.0,4.939,6.598,12.997
2026-09-03T23:37:00Z,2026-09-03T18:37:00Z,67.7,31.0,5.25,6.745,25.573
2026-09-03T23:38:00Z,2026-09-03T18:38:00Z,67.3,31.0,5.386,6.858,29.172
2026-09-03T23:39:00Z,2026-09-03T18:39:00Z,68.1,31.0,5.078,6.87,14.323
2026-09-03T23:39:56Z,2026-09-03T18:39:56Z,68.6,31.0,5.389,7.053,23.714
2026-09-03T23:40:57Z,2026-09-03T18:40:57Z,69.1,30.9,5.283,6.842,28.246
2026-09-03T23:41:57Z,2026-09-03T18:41:57Z,68.4,30.9,5.473,7.14,25.584
2026-09-03T23:42:57Z,2026-09-03T18:42:57Z,67.6,30.9,5.689,7.058,22.118
2026-09-03T23:43:57Z,2026-09-03T18:43:57Z,67.8,30.9,5.298,7.029,13.769
2026-09-03T23:44:57Z,2026-09-03T18:44:57Z,68.2,30.9,5.634,7.086,22.546
2026-09-03T23:45:57Z,2026-09-03T18:45:57Z,68.4,30.9,5.235,6.776,19.491
2026-09-03T23:46:57Z,2026-09-03T18:46:57Z,68.5,30.9,5.843,7.366,20.071
2026-09-03T23:47:57Z,2026-09-03T18:47:57Z,68.2,30.9,5.559,7.25,26.232
2026-09-03T23:48:57Z,2026-09-03T18:48:57Z,68.4,30.9,5.694,7.607,14.622
2026-09-03T23:49:57Z,2026-09-03T18:49:57Z,68.0,30.9,5.976,7.756,28.061
2026-09-03T23:50:57Z,2026-09-03T18:50:57Z,68.4,30.9,5.979,7.692,35.869
2026-09-03T23:51:57Z,2026-09-03T18:51:57Z,68.1,30.9,5.568,7.736,14.482
2026-09-03T23:52:57Z,2026-09-03T18:52:57Z,68.4,30.9,5.857,7.925,19.343
2026-09-03T23:53:57Z,2026-09-03T18:53:57Z,69.1,30.9,5.845,7.443,13.557
2026-09-03T23:54:57Z,2026-09-03T18:54:57Z,68.9,30.9,6.068,8.097,27.464
2026-09-03T23:55:57Z,2026-09-03T18:55:57Z,69.0,30.9,5.897,7.422,15.916
2026-09-03T23:56:57Z,2026-09-03T18:56:57Z,68.7,30.9,5.507,7.386,17.884
2026-09-03T23:57:57Z,2026-09-03T18:57:57Z,68.6,30.9,5.898,7.609,35.225
2026-09-03T23:58:57Z,2026-09-03T18:58:57Z,68.8,30.8,5.561,7.563,31.648
2026-09-03T23:59:57Z,2026-09-03T18:59:57Z,68.8,30.8,5.78,7.419,18.655
2026-09-04T00:00:57Z,2026-09-03T19:00:57Z,68.9,30.8,6.022,7.773,23.125
2026-09-04T00:01:57Z,2026-09-03T19:01:57Z,69.2,30.8,5.646,7.211,19.627
2026-09-04T00:02:58Z,2026-09-03T19:02:58Z,69.0,30.8,5.696,7.45,19.929
2026-09-04T00:03:58Z,2026-09-03T19:03:58Z,69.3,30.8,6.004,8.03,27.863
2026-09-04T00:04:58Z,2026-09-03T19:04:58Z,69.4,30.8,5.892,7.877,27.809
2026-09-04T00:05:58Z,2026-09-03T19:05:58Z,69.5,30.8,6.22,8.241,21.986
2026-09-04T00:06:58Z,2026-09-03T19:06:58Z,69.7,30.8,6.078,7.845,13.916
2026-09-04T00:07:58Z,2026-09-03T19:07:58Z,69.3,30.8,5.862,7.522,16.503
2026-09-04T00:08:58Z,2026-09-03T19:08:58Z,69.3,30.8,5.663,7.814,37.54
2026-09-04T00:09:58Z,2026-09-03T19:09:58Z,69.6,30.8,5.944,7.89,36.382
2026-09-04T00:10:58Z,2026-09-03T19:10:58Z,69.6,30.8,5.846,7.859,45.995
2026-09-04T00:11:58Z,2026-09-03T19:11:58Z,69.3,30.8,5.698,7.457,22.225
2026-09-04T00:12:58Z,2026-09-03T19:12:58Z,69.8,30.7,6.231,7.792,25.592
2026-09-04T00:13:58Z,2026-09-03T19:13:58Z,69.9,30.7,6.448,8.329,18.597
2026-09-04T00:14:58Z,2026-09-03T19:14:58Z,70.4,30.7,6.37,8.866,27.761
2026-09-04T00:15:58Z,2026-09-03T19:15:58Z,70.0,30.7,6.542,8.43,46.998
2026-09-04T00:16:58Z,2026-09-03T19:16:58Z,70.5,30.7,6.849,8.894,39.72
2026-09-04T00:17:58Z,2026-09-03T19:17:58Z,69.9,30.7,6.729,8.543,23.28
2026-09-04T00:18:58Z,2026-09-03T19:18:58Z,70.0,30.7,7.749,9.58,21.387
2026-09-04T00:19:58Z,2026-09-03T19:19:58Z,70.0,30.7,7.833,10.11,35.849
2026-09-04T00:20:58Z,2026-09-03T19:20:58Z,70.1,30.7,7.819,10.179,26.39
2026-09-04T00:21:58Z,2026-09-03T19:21:58Z,70.6,30.7,8.706,10.471,27.166
2026-09-04T00:22:58Z,2026-09-03T19:22:58Z,70.8,30.7,7.944,9.653,41.123
2026-09-04T00:23:58Z,2026-09-03T19:23:58Z,71.0,30.7,8.5,10.643,37.305
2026-09-04T00:24:58Z,2026-09-03T19:24:58Z,71.0,30.7,8.58,10.874,46.728
2026-09-04T00:25:58Z,2026-09-03T19:25:58Z,70.9,30.7,8.679,10.799,50.711
2026-09-04T00:26:58Z,2026-09-03T19:26:58Z,70.9,30.7,9.217,11.307,20.994
2026-09-04T00:27:59Z,2026-09-03T19:27:59Z,71.2,30.7,9.207,11.619,58.044
2026-09-04T00:28:59Z,2026-09-03T19:28:59Z,71.4,30.7,10.018,12.209,41.111
2026-09-04T00:29:59Z,2026-09-03T19:29:59Z,71.8,30.6,9.776,12.037,59.886
2026-09-04T00:30:59Z,2026-09-03T19:30:59Z,72.2,30.6,9.786,13.459,70.806
2026-09-04T00:31:59Z,2026-09-03T19:31:59Z,72.2,30.6,9.918,12.343,62.428
2026-09-04T00:32:59Z,2026-09-03T19:32:59Z,72.4,30.6,9.53,11.704,44.622
2026-09-04T00:33:59Z,2026-09-03T19:33:59Z,72.5,30.6,10.299,15.069,70.429
2026-09-04T00:34:59Z,2026-09-03T19:34:59Z,72.6,30.6,10.613,14.293,61.435
2026-09-04T00:35:59Z,2026-09-03T19:35:59Z,72.9,30.6,10.69,13.78,60.553
2026-09-04T00:36:59Z,2026-09-03T19:36:59Z,72.9,30.6,10.133,12.82,84.953
2026-09-04T00:37:59Z,2026-09-03T19:37:59Z,73.1,30.6,10.089,12.761,73.492
2026-09-04T00:38:59Z,2026-09-03T19:38:59Z,73.4,30.6,9.438,12.01,33.454
2026-09-04T00:39:59Z,2026-09-03T19:39:59Z,73.4,30.6,9.488,14.544,56.797
2026-09-04T00:40:59Z,2026-09-03T19:40:59Z,73.0,30.6,8.727,12.28,62.951
2026-09-04T00:41:59Z,2026-09-03T19:41:59Z,73.4,30.6,8.347,11.022,42.618
2026-09-04T00:42:59Z,2026-09-03T19:42:59Z,73.5,30.6,8.377,11.111,24.771
2026-09-04T00:43:59Z,2026-09-03T19:43:59Z,73.5,30.6,7.813,9.927,54.525
2026-09-04T00:44:59Z,2026-09-03T19:44:59Z,73.4,30.6,7.464,9.549,41.451
2026-09-04T00:45:59Z,2026-09-03T19:45:59Z,73.5,30.6,7.162,9.885,49.01
2026-09-04T00:46:59Z,2026-09-03T19:46:59Z,73.5,30.6,6.694,9.035,44.367
2026-09-04T00:47:59Z,2026-09-03T19:47:59Z,73.9,30.5,7.23,9.832,52.437
2026-09-04T00:48:59Z,2026-09-03T19:48:59Z,73.7,30.5,6.335,8.529,62.43
2026-09-04T00:49:59Z,2026-09-03T19:49:59Z,73.9,30.5,6.288,8.914,50.802
2026-09-04T00:51:00Z,2026-09-03T19:51:00Z,74.0,30.5,6.123,8.839,28.014
2026-09-04T00:52:00Z,2026-09-03T19:52:00Z,74.0,30.5,6.464,10.081,61.356
2026-09-04T00:53:00Z,2026-09-03T19:53:00Z,74.2,30.5,6.147,8.612,46.478
2026-09-04T00:54:00Z,2026-09-03T19:54:00Z,74.4,30.5,5.95,8.397,35.881
2026-09-04T00:55:00Z,2026-09-03T19:55:00Z,74.5,30.5,5.999,9.619,48.335
2026-09-04T00:56:00Z,2026-09-03T19:56:00Z,74.7,30.5,6.101,8.853,50.597
2026-09-04T00:57:00Z,2026-09-03T19:57:00Z,74.6,30.5,6.266,9.149,54.635
2026-09-04T00:58:00Z,2026-09-03T19:58:00Z,74.3,30.4,5.967,8.808,59.118
2026-09-04T00:59:00Z,2026-09-03T19:59:00Z,74.6,30.4,6.109,8.439,30.84
2026-09-04T00:59:57Z,2026-09-03T19:59:57Z,74.7,30.4,6.623,9.427,43.337
2026-09-04T01:00:57Z,2026-09-03T20:00:57Z,75.1,30.4,5.501,7.758,63.117
2026-09-04T01:01:57Z,2026-09-03T20:01:57Z,75.2,30.4,5.87,7.908,27.86
2026-09-04T01:02:57Z,2026-09-03T20:02:57Z,75.3,30.4,5.707,7.962,44.254
2026-09-04T01:03:57Z,2026-09-03T20:03:57Z,75.0,30.4,5.588,7.789,52.144
2026-09-04T01:04:57Z,2026-09-03T20:04:57Z,75.0,30.4,6.09,8.907,34.543
2026-09-04T01:05:57Z,2026-09-03T20:05:57Z,75.2,30.4,6.445,11.409,132.606
2026-09-04T01:06:57Z,2026-09-03T20:06:57Z,75.3,30.4,5.904,8.838,49.658
2026-09-04T01:07:57Z,2026-09-03T20:07:57Z,75.4,30.4,5.859,8.269,40.049
2026-09-04T01:08:57Z,2026-09-03T20:08:57Z,75.3,30.4,5.611,7.639,31.595
2026-09-04T01:09:57Z,2026-09-03T20:09:57Z,75.6,30.3,5.675,7.895,53.005
2026-09-04T01:10:57Z,2026-09-03T20:10:57Z,75.7,30.3,5.668,7.778,25.273
2026-09-04T01:11:57Z,2026-09-03T20:11:57Z,75.8,30.3,5.649,8.35,29.047
2026-09-04T01:12:57Z,2026-09-03T20:12:57Z,75.9,30.3,5.6,7.949,41.287
2026-09-04T01:13:57Z,2026-09-03T20:13:57Z,76.1,30.3,5.849,8.326,53.153
2026-09-04T01:14:57Z,2026-09-03T20:14:57Z,76.0,30.3,5.232,7.73,53.36
2026-09-04T01:15:58Z,2026-09-03T20:15:58Z,76.2,30.3,5.411,7.82,32.808
2026-09-04T01:16:58Z,2026-09-03T20:16:58Z,76.1,30.3,5.588,7.916,46.021
2026-09-04T01:17:58Z,2026-09-03T20:17:58Z,76.3,30.3,5.109,7.686,43.649
2026-09-04T01:18:58Z,2026-09-03T20:18:58Z,76.5,30.2,5.587,8.343,34.633
2026-09-04T01:19:58Z,2026-09-03T20:19:58Z,76.5,30.2,5.599,7.916,40.986
2026-09-04T01:20:58Z,2026-09-03T20:20:58Z,76.4,30.2,5.622,8.316,35.529
2026-09-04T01:21:58Z,2026-09-03T20:21:58Z,76.4,30.2,5.664,8.011,42.37
2026-09-04T01:22:58Z,2026-09-03T20:22:58Z,76.6,30.2,6.001,9.761,74.812
2026-09-04T01:23:58Z,2026-09-03T20:23:58Z,76.5,30.2,5.53,8.349,62.415
2026-09-04T01:24:58Z,2026-09-03T20:24:58Z,76.7,30.2,5.165,7.889,44.879
2026-09-04T01:25:58Z,2026-09-03T20:25:58Z,76.8,30.2,5.23,7.731,46.268
2026-09-04T01:26:58Z,2026-09-03T20:26:58Z,77.0,30.2,5.171,7.047,40.904
2026-09-04T01:27:58Z,2026-09-03T20:27:58Z,76.8,30.2,5.478,8.116,34.931
2026-09-04T01:28:58Z,2026-09-03T20:28:58Z,76.8,30.1,5.652,9.261,63.324
2026-09-04T01:29:58Z,2026-09-03T20:29:58Z,76.8,30.1,5.836,10.132,87.129
2026-09-04T01:30:58Z,2026-09-03T20:30:58Z,76.9,30.1,5.45,8.129,60.26
2026-09-04T01:31:58Z,2026-09-03T20:31:58Z,77.0,30.1,5.59,9.091,89.942
2026-09-04T01:32:58Z,2026-09-03T20:32:58Z,77.2,30.1,5.393,8.831,65.91
2026-09-04T01:33:58Z,2026-09-03T20:33:58Z,77.0,30.1,5.268,8.153,34.939
2026-09-04T01:34:58Z,2026-09-03T20:34:58Z,77.2,30.1,4.995,7.664,43.247
2026-09-04T01:35:58Z,2026-09-03T20:35:58Z,77.2,30.1,5.257,7.831,34.366
2026-09-04T01:36:58Z,2026-09-03T20:36:58Z,77.2,30.1,5.2,7.15,56.177
2026-09-04T01:37:59Z,2026-09-03T20:37:59Z,77.2,30.1,5.011,7.595,57.441
2026-09-04T01:38:59Z,2026-09-03T20:38:59Z,77.3,30.1,5.094,7.909,36.116
2026-09-04T01:39:59Z,2026-09-03T20:39:59Z,77.5,30.1,5.285,8.223,55.154
2026-09-04T01:40:59Z,2026-09-03T20:40:59Z,77.5,30.0,5.204,8.081,66.197
2026-09-04T01:41:59Z,2026-09-03T20:41:59Z,77.7,30.0,5.204,7.856,56.601
2026-09-04T01:42:59Z,2026-09-03T20:42:59Z,77.5,30.0,5.405,7.374,32.948
2026-09-04T01:43:59Z,2026-09-03T20:43:59Z,77.4,30.0,5.434,7.983,31.288
2026-09-04T01:44:59Z,2026-09-03T20:44:59Z,77.2,30.0,5.303,7.968,53.604
2026-09-04T01:45:59Z,2026-09-03T20:45:59Z,77.3,30.0,5.802,8.18,38.766
2026-09-04T01:46:59Z,2026-09-03T20:46:59Z,77.1,30.0,5.491,7.557,34.966
2026-09-04T01:47:59Z,2026-09-03T20:47:59Z,77.4,30.0,5.092,7.4,36.284
2026-09-04T01:48:59Z,2026-09-03T20:48:59Z,77.5,30.0,4.76,7.556,61.981
2026-09-04T01:49:59Z,2026-09-03T20:49:59Z,77.4,30.0,5.474,7.977,52.398
2026-09-04T01:50:59Z,2026-09-03T20:50:59Z,77.4,30.0,5.429,7.4,36.699
2026-09-04T01:51:59Z,2026-09-03T20:51:59Z,77.4,30.0,5.411,7.755,28.778
2026-09-04T01:52:59Z,2026-09-03T20:52:59Z,77.3,30.0,5.088,7.076,48.828
2026-09-04T01:53:59Z,2026-09-03T20:53:59Z,77.4,30.0,5.324,7.633,46.271
2026-09-04T01:54:59Z,2026-09-03T20:54:59Z,77.2,30.0,4.539,6.864,35.097
2026-09-04T01:55:59Z,2026-09-03T20:55:59Z,77.5,30.0,4.591,6.628,43.195
2026-09-04T01:56:59Z,2026-09-03T20:56:59Z,77.4,30.0,4.999,7.139,35.095
2026-09-04T01:57:59Z,2026-09-03T20:57:59Z,77.3,30.0,4.988,7.992,59.406
2026-09-04T01:58:59Z,2026-09-03T20:58:59Z,77.4,30.0,5.068,7.733,32.468
2026-09-04T02:00:00Z,2026-09-03T21:00:00Z,77.4,30.0,4.855,7.139,33.75
2026-09-04T02:01:00Z,2026-09-03T21:01:00Z,77.5,30.0,4.839,7.07,26.772
2026-09-04T02:02:00Z,2026-09-03T21:02:00Z,77.4,30.0,4.581,6.57,30.968
2026-09-04T02:03:00Z,2026-09-03T21:03:00Z,77.4,30.0,4.78,6.901,41.807
2026-09-04T02:04:00Z,2026-09-03T21:04:00Z,77.4,30.0,4.858,7.453,47.957
2026-09-04T02:05:00Z,2026-09-03T21:05:00Z,77.4,30.0,4.487,6.915,50.644
2026-09-04T02:06:00Z,2026-09-03T21:06:00Z,77.4,30.0,4.813,7.616,50.112
2026-09-04T02:07:00Z,2026-09-03T21:07:00Z,77.5,30.0,4.414,6.521,29.825
2026-09-04T02:08:00Z,2026-09-03T21:08:00Z,77.6,30.0,4.65,6.8,39.299
2026-09-04T02:09:00Z,2026-09-03T21:09:00Z,77.6,30.0,4.42,6.555,43.197
2026-09-04T02:10:00Z,2026-09-03T21:10:00Z,77.5,30.0,4.801,6.92,28.469
2026-09-04T02:11:00Z,2026-09-03T21:11:00Z,77.5,30.0,5.052,7.97,33.472
2026-09-04T02:12:00Z,2026-09-03T21:12:00Z,77.5,30.0,4.695,7.36,65.495
2026-09-04T02:13:00Z,2026-09-03T21:13:00Z,77.5,30.0,4.681,6.525,39.34
2026-09-04T02:14:00Z,2026-09-03T21:14:00Z,77.5,30.0,4.739,7.256,33.139
2026-09-04T02:14:57Z,2026-09-03T21:14:57Z,77.6,30.0,4.586,6.55,27.876
2026-09-04T02:15:57Z,2026-09-03T21:15:57Z,77.6,30.0,4.344,6.288,42.712
2026-09-04T02:16:57Z,2026-09-03T21:16:57Z,77.7,30.0,4.573,6.594,37.167
2026-09-04T02:17:57Z,2026-09-03T21:17:57Z,77.7,30.0,4.428,6.402,34.005
2026-09-04T02:18:57Z,2026-09-03T21:18:57Z,77.6,30.0,4.54,6.94,31.718
2026-09-04T02:19:57Z,2026-09-03T21:19:57Z,77.6,30.0,4.373,6.692,31.854
2026-09-04T02:20:57Z,2026-09-03T21:20:57Z,77.7,30.0,4.496,6.497,29.714
2026-09-04T02:21:57Z,2026-09-03T21:21:57Z,77.8,30.0,4.548,6.664,28.277
2026-09-04T02:22:57Z,2026-09-03T21:22:57Z,77.8,30.0,4.568,6.811,37.083
2026-09-04T02:23:57Z,2026-09-03T21:23:57Z,77.9,30.0,4.591,6.778,30.449
2026-09-04T02:24:57Z,2026-09-03T21:24:57Z,77.8,30.0,4.725,6.688,29.704
2026-09-04T02:25:58Z,2026-09-03T21:25:58Z,77.7,30.0,4.795,7.231,29.11
2026-09-04T02:26:58Z,2026-09-03T21:26:58Z,77.8,30.0,4.257,6.631,34.747
2026-09-04T02:27:58Z,2026-09-03T21:27:58Z,77.7,30.0,4.735,6.902,22.785
2026-09-04T02:28:58Z,2026-09-03T21:28:58Z,77.6,30.0,4.612,7.128,53.327
2026-09-04T02:29:58Z,2026-09-03T21:29:58Z,77.8,30.0,4.612,6.952,41.071
2026-09-04T02:30:58Z,2026-09-03T21:30:58Z,77.8,30.0,4.517,7.134,34.624
2026-09-04T02:31:58Z,2026-09-03T21:31:58Z,77.7,30.0,4.121,6.272,53.157
2026-09-04T02:32:58Z,2026-09-03T21:32:58Z,77.8,30.0,4.407,6.384,25.292
2026-09-04T02:33:58Z,2026-09-03T21:33:58Z,77.8,30.0,4.38,7.173,26.143
2026-09-04T02:34:58Z,2026-09-03T21:34:58Z,77.9,30.0,4.441,6.429,39.21
2026-09-04T02:35:58Z,2026-09-03T21:35:58Z,77.9,30.0,4.546,6.471,20.749
2026-09-04T02:36:58Z,2026-09-03T21:36:58Z,77.8,30.0,4.475,6.306,36.251
2026-09-04T02:37:58Z,2026-09-03T21:37:58Z,78.1,30.0,4.243,6.349,52.078
2026-09-04T02:38:58Z,2026-09-03T21:38:58Z,77.8,30.0,4.335,6.407,35.806
2026-09-04T02:39:58Z,2026-09-03T21:39:58Z,77.9,30.0,4.234,6.453,43.963
2026-09-04T02:40:58Z,2026-09-03T21:40:58Z,78.0,30.0,4.157,6.198,44.646
2026-09-04T02:41:58Z,2026-09-03T21:41:58Z,77.9,30.0,4.146,5.988,40.175
2026-09-04T02:42:58Z,2026-09-03T21:42:58Z,77.8,30.0,4.491,6.267,35.671
2026-09-04T02:43:58Z,2026-09-03T21:43:58Z,78.0,30.0,4.395,6.362,28.138
2026-09-04T02:44:58Z,2026-09-03T21:44:58Z,77.8,30.0,4.643,6.517,33.491
2026-09-04T02:45:58Z,2026-09-03T21:45:58Z,77.9,30.0,4.016,5.955,31.328
2026-09-04T02:46:59Z,2026-09-03T21:46:59Z,77.9,30.0,4.237,6.515,24.313
2026-09-04T02:47:59Z,2026-09-03T21:47:59Z,78.0,30.0,4.5,6.372,32.956
2026-09-04T02:48:59Z,2026-09-03T21:48:59Z,78.0,30.0,4.264,6.42,30.348
2026-09-04T02:49:59Z,2026-09-03T21:49:59Z,78.1,30.0,4.213,6.394,41.227
2026-09-04T02:50:59Z,2026-09-03T21:50:59Z,77.8,30.0,3.932,6.07,26.028
2026-09-04T02:51:59Z,2026-09-03T21:51:59Z,78.0,30.0,4.142,6.123,33.002
2026-09-04T02:52:59Z,2026-09-03T21:52:59Z,77.8,30.0,4.342,6.96,41.128
2026-09-04T02:53:59Z,2026-09-03T21:53:59Z,77.9,30.0,4.053,6.058,52.276
2026-09-04T02:54:59Z,2026-09-03T21:54:59Z,77.8,30.0,4.217,6.187,47.89
2026-09-04T02:55:59Z,2026-09-03T21:55:59Z,77.9,30.0,4.304,6.419,37.467
2026-09-04T02:56:59Z,2026-09-03T21:56:59Z,78.0,30.0,4.206,6.579,43.152
2026-09-04T02:57:59Z,2026-09-03T21:57:59Z,78.1,30.0,4.292,6.541,51.514
2026-09-04T02:58:59Z,2026-09-03T21:58:59Z,78.2,30.0,4.017,6.345,41.12
2026-09-04T02:59:59Z,2026-09-03T21:59:59Z,78.2,30.0,4.533,6.812,24.09
2026-09-04T03:00:59Z,2026-09-03T22:00:59Z,78.2,30.0,4.316,6.589,25.157
2026-09-04T03:01:59Z,2026-09-03T22:01:59Z,78.1,30.0,4.082,6.387,40.068
2026-09-04T03:02:59Z,2026-09-03T22:02:59Z,78.2,30.0,4.23,6.247,24.214
2026-09-04T03:03:59Z,2026-09-03T22:03:59Z,78.2,30.0,4.16,6.195,27.001
2026-09-04T03:04:59Z,2026-09-03T22:04:59Z,78.1,30.0,3.881,5.605,28.006
2026-09-04T03:05:59Z,2026-09-03T22:05:59Z,78.2,30.0,4.228,6.354,31.057
2026-09-04T03:06:59Z,2026-09-03T22:06:59Z,78.3,30.0,4.427,6.782,35.454
2026-09-04T03:07:59Z,2026-09-03T22:07:59Z,78.3,30.0,4.292,6.592,36.11
2026-09-04T03:08:59Z,2026-09-03T22:08:59Z,78.3,30.0,4.126,6.531,20.626
2026-09-04T03:09:59Z,2026-09-03T22:09:59Z,78.3,30.0,4.083,6.725,37.576
2026-09-04T03:10:59Z,2026-09-03T22:10:59Z,78.4,30.0,4.186,6.73,44.163
2026-09-04T03:12:00Z,2026-09-03T22:12:00Z,78.3,30.0,4.24,6.48,34.805
2026-09-04T03:13:00Z,2026-09-03T22:13:00Z,78.3,30.0,3.911,5.965,34.886
2026-09-04T03:14:00Z,2026-09-03T22:14:00Z,78.4,30.0,3.912,6.239,42.9
2026-09-04T03:15:00Z,2026-09-03T22:15:00Z,78.6,30.0,3.883,6.333,34.711
2026-09-04T03:16:00Z,2026-09-03T22:16:00Z,78.6,30.0,4.245,5.941,48.818
2026-09-04T03:17:00Z,2026-09-03T22:17:00Z,78.5,30.0,4.226,6.419,29.359
2026-09-04T03:18:00Z,2026-09-03T22:18:00Z,78.6,30.0,4.065,6.581,52.68
2026-09-04T03:19:00Z,2026-09-03T22:19:00Z,78.8,30.0,4.142,6.404,28.009
2026-09-04T03:20:00Z,2026-09-03T22:20:00Z,78.7,30.0,4.157,6.22,34.519
2026-09-04T03:21:00Z,2026-09-03T22:21:00Z,78.7,29.9,4.29,6.42,34.231
2026-09-04T03:22:00Z,2026-09-03T22:22:00Z,78.8,29.9,4.446,7.435,42.097
2026-09-04T03:23:00Z,2026-09-03T22:23:00Z,78.9,29.9,3.968,5.796,30.221
2026-09-04T03:24:00Z,2026-09-03T22:24:00Z,79.0,29.9,4.08,6.52,42.298
2026-09-04T03:25:00Z,2026-09-03T22:25:00Z,79.0,29.9,4.056,6.35,33.894
2026-09-04T03:26:00Z,2026-09-03T22:26:00Z,78.8,29.9,4.422,6.818,47.483
2026-09-04T03:27:00Z,2026-09-03T22:27:00Z,79.1,29.9,4.764,7.813,64.946
2026-09-04T03:28:00Z,2026-09-03T22:28:00Z,79.0,29.9,4.751,6.985,34.804
2026-09-04T03:29:00Z,2026-09-03T22:29:00Z,79.0,29.9,4.55,6.941,52.365
2026-09-04T03:30:00Z,2026-09-03T22:30:00Z,79.1,29.9,4.332,6.726,29.695
2026-09-04T03:31:00Z,2026-09-03T22:31:00Z,79.1,29.9,4.214,6.913,43.571
2026-09-04T03:32:01Z,2026-09-03T22:32:01Z,79.0,29.9,4.557,7.264,31.837
2026-09-04T03:33:01Z,2026-09-03T22:33:01Z,79.0,29.9,4.103,6.322,38.083
2026-09-04T03:34:01Z,2026-09-03T22:34:01Z,78.7,29.9,4.187,6.67,40.983
2026-09-04T03:34:57Z,2026-09-03T22:34:57Z,78.9,29.9,4.365,7.14,31.377
2026-09-04T03:35:57Z,2026-09-03T22:35:57Z,79.0,29.9,4.38,6.762,86.829
2026-09-04T03:36:57Z,2026-09-03T22:36:57Z,78.8,29.9,4.253,7.406,62.514
2026-09-04T03:37:58Z,2026-09-03T22:37:58Z,79.0,29.9,4.36,7.347,57.892
2026-09-04T03:38:58Z,2026-09-03T22:38:58Z,78.9,29.9,4.145,6.705,52.19
2026-09-04T03:39:58Z,2026-09-03T22:39:58Z,78.8,29.9,4.563,6.922,49.745
2026-09-04T03:40:58Z,2026-09-03T22:40:58Z,78.6,29.9,4.046,6.715,41.466
2026-09-04T03:41:58Z,2026-09-03T22:41:58Z,78.6,29.9,4.433,7.607,38.875
2026-09-04T03:42:58Z,2026-09-03T22:42:58Z,78.6,29.9,4.243,6.805,42.507
2026-09-04T03:43:58Z,2026-09-03T22:43:58Z,78.8,29.9,4.427,7.183,39.435
2026-09-04T03:44:58Z,2026-09-03T22:44:58Z,78.7,29.9,3.949,6.664,39.567
2026-09-04T03:45:58Z,2026-09-03T22:45:58Z,78.8,29.9,3.92,6.161,26.798
2026-09-04T03:46:58Z,2026-09-03T22:46:58Z,78.7,29.9,3.785,6.387,33.695
2026-09-04T03:47:58Z,2026-09-03T22:47:58Z,78.8,29.9,3.742,5.897,45.16
2026-09-04T03:48:58Z,2026-09-03T22:48:58Z,78.8,29.9,3.775,6.317,34.896
2026-09-04T03:49:58Z,2026-09-03T22:49:58Z,78.9,29.9,4.167,6.737,65.847
2026-09-04T03:50:58Z,2026-09-03T22:50:58Z,78.9,29.9,3.883,6.2,32.968
2026-09-04T03:51:58Z,2026-09-03T22:51:58Z,78.7,29.9,4.096,6.571,33.126
2026-09-04T03:52:58Z,2026-09-03T22:52:58Z,78.8,29.9,4.015,6.567,42.974
2026-09-04T03:53:58Z,2026-09-03T22:53:58Z,78.8,29.9,3.882,6.747,88.365
2026-09-04T03:54:58Z,2026-09-03T22:54:58Z,78.8,29.8,4.256,7.002,44.951
2026-09-04T03:55:58Z,2026-09-03T22:55:58Z,78.9,29.8,4.068,6.815,56.507
2026-09-04T03:56:58Z,2026-09-03T22:56:58Z,78.8,29.8,4.323,6.502,61.046
2026-09-04T03:57:59Z,2026-09-03T22:57:59Z,78.8,29.8,3.834,5.993,42.595
2026-09-04T03:58:59Z,2026-09-03T22:58:59Z,78.9,29.8,3.85,6.6,50.485
2026-09-04T03:59:59Z,2026-09-03T22:59:59Z,78.8,29.8,3.71,6.247,44.484
2026-09-04T04:00:59Z,2026-09-03T23:00:59Z,79.0,29.8,4.053,6.502,33.712
2026-09-04T04:01:59Z,2026-09-03T23:01:59Z,78.8,29.8,3.853,6.25,41.416
2026-09-04T04:02:59Z,2026-09-03T23:02:59Z,78.8,29.8,3.503,5.85,50.459
2026-09-04T04:03:59Z,2026-09-03T23:03:59Z,79.0,29.8,3.709,6.162,49.986
2026-09-04T04:04:59Z,2026-09-03T23:04:59Z,78.8,29.8,3.727,6.189,30.487
2026-09-04T04:05:59Z,2026-09-03T23:05:59Z,78.8,29.8,3.725,6.001,23.168
2026-09-04T04:06:59Z,2026-09-03T23:06:59Z,78.8,29.8,3.66,6.155,42.373
2026-09-04T04:07:59Z,2026-09-03T23:07:59Z,78.8,29.8,3.843,6.036,38.248
2026-09-04T04:08:59Z,2026-09-03T23:08:59Z,78.9,29.8,3.85,6.803,31.268
2026-09-04T04:09:59Z,2026-09-03T23:09:59Z,78.9,29.8,3.689,5.972,47.304
2026-09-04T04:10:59Z,2026-09-03T23:10:59Z,78.9,29.8,3.81,5.829,36.019
2026-09-04T04:11:59Z,2026-09-03T23:11:59Z,78.8,29.8,3.635,6.29,46.504
2026-09-04T04:12:59Z,2026-09-03T23:12:59Z,78.8,29.8,3.913,6.468,44.568
2026-09-04T04:13:59Z,2026-09-03T23:13:59Z,79.0,29.8,3.879,6.922,55.492
2026-09-04T04:14:59Z,2026-09-03T23:14:59Z,78.9,29.8,3.621,5.823,38.063
2026-09-04T04:15:59Z,2026-09-03T23:15:59Z,78.9,29.8,3.74,6.035,20.962
2026-09-04T04:16:59Z,2026-09-03T23:16:59Z,79.1,29.8,3.43,5.861,45.226
2026-09-04T04:17:59Z,2026-09-03T23:17:59Z,79.1,29.8,3.781,6.15,34.137
2026-09-04T04:19:00Z,2026-09-03T23:19:00Z,79.0,29.8,4.12,6.493,50.248
2026-09-04T04:20:00Z,2026-09-03T23:20:00Z,79.0,29.8,3.837,6.822,44.121
2026-09-04T04:21:00Z,2026-09-03T23:21:00Z,79.1,29.8,4.053,6.883,43.64
2026-09-04T04:22:00Z,2026-09-03T23:22:00Z,79.3,29.8,4.072,6.861,80.328
2026-09-04T04:23:00Z,2026-09-03T23:23:00Z,79.3,29.8,4.074,6.571,61.356
2026-09-04T04:24:00Z,2026-09-03T23:24:00Z,79.3,29.8,3.9,6.594,35.336
2026-09-04T04:25:00Z,2026-09-03T23:25:00Z,79.4,29.8,3.996,6.525,57.886
2026-09-04T04:26:00Z,2026-09-03T23:26:00Z,79.2,29.8,3.929,6.455,41.809
2026-09-04T04:27:00Z,2026-09-03T23:27:00Z,79.2,29.8,3.784,6.286,23.596
2026-09-04T04:28:00Z,2026-09-03T23:28:00Z,79.2,29.8,3.632,6.234,70.205
2026-09-04T04:29:00Z,2026-09-03T23:29:00Z,79.3,29.8,3.504,6.156,59.302
2026-09-04T04:30:00Z,2026-09-03T23:30:00Z,79.3,29.8,3.418,5.999,46.658
2026-09-04T04:31:00Z,2026-09-03T23:31:00Z,79.2,29.8,3.744,5.744,31.428
2026-09-04T04:32:00Z,2026-09-03T23:32:00Z,79.2,29.8,3.559,6.085,34.268
2026-09-04T04:33:00Z,2026-09-03T23:33:00Z,79.3,29.8,3.664,6.158,56.264
2026-09-04T04:34:00Z,2026-09-03T23:34:00Z,79.3,29.8,3.664,6.333,46.29
2026-09-04T04:35:00Z,2026-09-03T23:35:00Z,79.2,29.8,3.77,6.196,34.281
2026-09-04T04:36:00Z,2026-09-03T23:36:00Z,79.2,29.8,3.538,5.885,56.267
2026-09-04T04:37:00Z,2026-09-03T23:37:00Z,79.2,29.8,3.603,6.302,33.62
2026-09-04T04:38:00Z,2026-09-03T23:38:00Z,79.3,29.8,3.571,6.081,40.41
2026-09-04T04:39:00Z,2026-09-03T23:39:00Z,79.4,29.8,3.831,5.928,36.198
2026-09-04T04:40:00Z,2026-09-03T23:40:00Z,79.4,29.8,3.685,5.903,45.673
2026-09-04T04:41:00Z,2026-09-03T23:41:00Z,79.3,29.8,3.487,5.908,23.923
2026-09-04T04:42:01Z,2026-09-03T23:42:01Z,79.5,29.8,3.537,5.797,29.884
2026-09-04T04:43:01Z,2026-09-03T23:43:01Z,79.4,29.8,3.556,6.294,39.798
2026-09-04T04:44:01Z,2026-09-03T23:44:01Z,79.5,29.8,3.76,6.176,32.043
2026-09-04T04:45:01Z,2026-09-03T23:45:01Z,79.5,29.8,3.617,6.171,25.425
2026-09-04T04:46:01Z,2026-09-03T23:46:01Z,79.6,29.8,3.719,6.289,25.677
2026-09-04T04:47:01Z,2026-09-03T23:47:01Z,79.8,29.8,3.934,6.721,55.931
2026-09-04T04:48:01Z,2026-09-03T23:48:01Z,79.8,29.8,3.872,6.106,43.246
2026-09-04T04:49:01Z,2026-09-03T23:49:01Z,79.7,29.8,3.695,6.053,33.752
2026-09-04T04:49:58Z,2026-09-03T23:49:58Z,79.7,29.8,3.702,6.367,52.487
2026-09-04T04:50:58Z,2026-09-03T23:50:58Z,79.7,29.8,3.61,5.811,32.695
2026-09-04T04:51:58Z,2026-09-03T23:51:58Z,80.0,29.8,3.572,6.026,40.273
2026-09-04T04:52:58Z,2026-09-03T23:52:58Z,80.0,29.8,3.66,6.103,40.659
2026-09-04T04:53:58Z,2026-09-03T23:53:58Z,80.1,29.8,3.666,6.096,31.568
2026-09-04T04:54:58Z,2026-09-03T23:54:58Z,80.0,29.8,3.487,5.377,52.336
2026-09-04T04:55:58Z,2026-09-03T23:55:58Z,80.0,29.8,3.618,5.629,37.677
2026-09-04T04:56:58Z,2026-09-03T23:56:58Z,80.0,29.8,3.508,6.188,26.016
2026-09-04T04:57:58Z,2026-09-03T23:57:58Z,79.8,29.8,3.773,5.892,65.448
2026-09-04T04:58:58Z,2026-09-03T23:58:58Z,80.0,29.8,3.499,5.699,24.508
2026-09-04T04:59:58Z,2026-09-03T23:59:58Z,80.1,29.8,3.319,5.344,33.916
2026-09-04T05:00:58Z,2026-09-04T00:00:58Z,80.2,29.8,3.632,5.721,22.839
2026-09-04T05:01:58Z,2026-09-04T00:01:58Z,80.0,29.8,3.686,6.54,32.456
2026-09-04T05:02:58Z,2026-09-04T00:02:58Z,80.0,29.8,3.852,7.001,45.422
2026-09-04T05:03:58Z,2026-09-04T00:03:58Z,80.0,29.8,3.574,5.837,22.424
2026-09-04T05:04:58Z,2026-09-04T00:04:58Z,80.0,29.8,3.5,5.706,33.01
2026-09-04T05:05:58Z,2026-09-04T00:05:58Z,79.9,29.8,3.408,5.292,34.912
2026-09-04T05:06:58Z,2026-09-04T00:06:58Z,80.0,29.8,3.549,5.581,47.927
2026-09-04T05:07:58Z,2026-09-04T00:07:58Z,79.9,29.8,3.641,6.121,46.61
2026-09-04T05:08:59Z,2026-09-04T00:08:59Z,80.0,29.8,3.775,6.412,53.081
2026-09-04T05:09:59Z,2026-09-04T00:09:59Z,80.0,29.7,3.542,6.073,43.125
2026-09-04T05:10:59Z,2026-09-04T00:10:59Z,80.1,29.7,3.431,5.762,57.138
2026-09-04T05:11:59Z,2026-09-04T00:11:59Z,80.1,29.7,3.143,5.302,44.133
2026-09-04T05:12:59Z,2026-09-04T00:12:59Z,80.0,29.7,3.508,5.753,29.246
2026-09-04T05:13:59Z,2026-09-04T00:13:59Z,80.1,29.7,3.621,5.824,38.487
2026-09-04T05:14:59Z,2026-09-04T00:14:59Z,80.2,29.7,3.422,5.897,47.866
2026-09-04T05:15:59Z,2026-09-04T00:15:59Z,80.2,29.7,3.71,6.05,56.754
2026-09-04T05:16:59Z,2026-09-04T00:16:59Z,80.2,29.7,3.534,6.225,27.16
2026-09-04T05:17:59Z,2026-09-04T00:17:59Z,80.2,29.7,3.61,6.161,36.642
2026-09-04T05:18:59Z,2026-09-04T00:18:59Z,80.1,29.7,3.479,5.822,47.112
2026-09-04T05:19:59Z,2026-09-04T00:19:59Z,80.2,29.7,3.549,5.786,33.713
2026-09-04T05:20:59Z,2026-09-04T00:20:59Z,80.1,29.7,3.161,5.657,53.943
2026-09-04T05:21:59Z,2026-09-04T00:21:59Z,80.2,29.7,3.358,6.267,25.981
2026-09-04T05:22:59Z,2026-09-04T00:22:59Z,80.3,29.7,3.771,6.169,56.047
2026-09-04T05:23:59Z,2026-09-04T00:23:59Z,80.2,29.7,3.297,5.901,32.017
2026-09-04T05:24:59Z,2026-09-04T00:24:59Z,80.2,29.7,3.606,5.738,52.958
2026-09-04T05:25:59Z,2026-09-04T00:25:59Z,80.3,29.7,3.389,5.957,36.967
2026-09-04T05:26:59Z,2026-09-04T00:26:59Z,80.3,29.8,3.461,6.189,44.582
2026-09-04T05:27:59Z,2026-09-04T00:27:59Z,80.3,29.7,3.6,6.431,43.564
2026-09-04T05:28:59Z,2026-09-04T00:28:59Z,80.3,29.8,3.558,6.21,42.424
2026-09-04T05:30:00Z,2026-09-04T00:30:00Z,80.3,29.8,3.411,6.141,38.166
2026-09-04T05:31:00Z,2026-09-04T00:31:00Z,80.5,29.8,3.703,6.58,41.577
2026-09-04T05:32:00Z,2026-09-04T00:32:00Z,80.5,29.8,3.544,6.189,35.821
2026-09-04T05:33:00Z,2026-09-04T00:33:00Z,80.4,29.8,3.457,6.158,50.78
2026-09-04T05:34:00Z,2026-09-04T00:34:00Z,80.4,29.8,3.726,6.624,49.888
2026-09-04T05:35:00Z,2026-09-04T00:35:00Z,80.4,29.8,3.298,5.911,27.363
2026-09-04T05:36:00Z,2026-09-04T00:36:00Z,80.4,29.8,3.677,6.11,43.514
2026-09-04T05:37:00Z,2026-09-04T00:37:00Z,80.4,29.8,3.704,6.485,24.339
2026-09-04T05:38:00Z,2026-09-04T00:38:00Z,80.4,29.8,3.499,6.047,35.1
2026-09-04T05:39:00Z,2026-09-04T00:39:00Z,80.3,29.8,3.6,5.761,37.214
2026-09-04T05:40:00Z,2026-09-04T00:40:00Z,80.3,29.8,3.6,6.017,42.059
2026-09-04T05:41:00Z,2026-09-04T00:41:00Z,80.3,29.8,3.38,5.752,35.737
2026-09-04T05:42:00Z,2026-09-04T00:42:00Z,80.3,29.8,3.586,6.066,31.789
2026-09-04T05:43:00Z,2026-09-04T00:43:00Z,80.2,29.8,3.327,5.801,39.731
2026-09-04T05:44:00Z,2026-09-04T00:44:00Z,80.2,29.8,3.623,6.371,50.211
2026-09-04T05:45:00Z,2026-09-04T00:45:00Z,80.2,29.8,3.431,6.518,60.922
2026-09-04T05:46:00Z,2026-09-04T00:46:00Z,80.2,29.8,3.418,5.671,41.915
2026-09-04T05:47:00Z,2026-09-04T00:47:00Z,80.2,29.8,3.282,5.853,31.381
2026-09-04T05:48:00Z,2026-09-04T00:48:00Z,80.2,29.8,3.314,5.687,42.196
2026-09-04T05:49:00Z,2026-09-04T00:49:00Z,80.2,29.8,3.487,5.883,39.659
2026-09-04T05:50:00Z,2026-09-04T00:50:00Z,80.2,29.8,3.297,5.732,36.827
2026-09-04T05:51:01Z,2026-09-04T00:51:01Z,80.1,29.8,3.304,5.272,31.846
2026-09-04T05:52:01Z,2026-09-04T00:52:01Z,80.1,29.8,3.407,5.767,50.938
2026-09-04T05:53:01Z,2026-09-04T00:53:01Z,80.0,29.8,3.499,5.817,60.128
2026-09-04T05:54:01Z,2026-09-04T00:54:01Z,80.1,29.8,3.387,5.673,37.899
2026-09-04T05:55:01Z,2026-09-04T00:55:01Z,80.2,29.8,3.593,6.075,52.163
2026-09-04T05:56:01Z,2026-09-04T00:56:01Z,80.3,29.8,3.34,5.628,66.452
2026-09-04T05:57:01Z,2026-09-04T00:57:01Z,80.2,29.8,3.313,5.747,67.757
2026-09-04T05:58:01Z,2026-09-04T00:58:01Z,80.1,29.8,3.441,5.311,22.68
2026-09-04T05:59:01Z,2026-09-04T00:59:01Z,80.1,29.8,3.212,5.701,63.061
2026-09-04T06:00:01Z,2026-09-04T01:00:01Z,80.2,29.8,3.347,6.037,38.911
2026-09-04T06:01:01Z,2026-09-04T01:01:01Z,80.3,29.8,3.549,5.99,50.522
2026-09-04T06:02:01Z,2026-09-04T01:02:01Z,80.0,29.8,3.49,6.005,53.354
2026-09-04T06:03:01Z,2026-09-04T01:03:01Z,80.0,29.8,3.389,5.902,50.513
2026-09-04T06:04:01Z,2026-09-04T01:04:01Z,80.0,29.8,3.606,6.257,47.439
2026-09-04T06:05:01Z,2026-09-04T01:05:01Z,80.0,29.8,3.635,5.715,38.104
2026-09-04T06:06:01Z,2026-09-04T01:06:01Z,80.0,29.8,3.459,5.636,26.896
2026-09-04T06:07:01Z,2026-09-04T01:07:01Z,80.0,29.8,3.495,5.594,33.331
2026-09-04T06:08:01Z,2026-09-04T01:08:01Z,80.0,29.8,3.438,5.713,31.121
2026-09-04T06:09:01Z,2026-09-04T01:09:01Z,80.1,29.8,3.307,5.888,44.182
2026-09-04T06:09:58Z,2026-09-04T01:09:58Z,79.9,29.8,3.585,5.748,46.823
2026-09-04T06:10:58Z,2026-09-04T01:10:58Z,80.0,29.8,3.586,5.814,30.786
2026-09-04T06:11:58Z,2026-09-04T01:11:58Z,80.0,29.8,3.611,5.387,38.48
2026-09-04T06:12:58Z,2026-09-04T01:12:58Z,80.1,29.8,3.611,6.266,28.624
2026-09-04T06:13:58Z,2026-09-04T01:13:58Z,80.2,29.8,3.489,6.098,34.378
2026-09-04T06:14:58Z,2026-09-04T01:14:58Z,80.1,29.7,3.343,6.201,35.293
2026-09-04T06:15:59Z,2026-09-04T01:15:59Z,80.1,29.7,3.502,5.635,41.851
2026-09-04T06:16:59Z,2026-09-04T01:16:59Z,80.2,29.7,3.529,6.202,39.184
2026-09-04T06:17:59Z,2026-09-04T01:17:59Z,80.2,29.7,3.251,5.68,55.214
2026-09-04T06:18:59Z,2026-09-04T01:18:59Z,80.0,29.7,3.626,6.13,59.493
2026-09-04T06:19:59Z,2026-09-04T01:19:59Z,80.1,29.7,3.608,6.314,35.159
2026-09-04T06:20:59Z,2026-09-04T01:20:59Z,80.2,29.7,3.422,5.95,35.6
2026-09-04T06:21:59Z,2026-09-04T01:21:59Z,80.2,29.7,3.146,5.777,53.885
2026-09-04T06:22:59Z,2026-09-04T01:22:59Z,80.0,29.7,3.252,5.738,35.019
2026-09-04T06:23:59Z,2026-09-04T01:23:59Z,80.0,29.7,3.488,5.922,38.37
2026-09-04T06:24:59Z,2026-09-04T01:24:59Z,80.0,29.7,3.773,6.24,41.814
2026-09-04T06:25:59Z,2026-09-04T01:25:59Z,80.2,29.7,3.637,5.842,39.377
2026-09-04T06:26:59Z,2026-09-04T01:26:59Z,80.3,29.7,3.404,5.79,29.661
2026-09-04T06:27:59Z,2026-09-04T01:27:59Z,80.2,29.7,3.349,5.275,24.681
2026-09-04T06:28:59Z,2026-09-04T01:28:59Z,80.1,29.7,3.396,5.369,23.661
2026-09-04T06:29:59Z,2026-09-04T01:29:59Z,80.1,29.7,3.438,5.704,34.616
2026-09-04T06:30:59Z,2026-09-04T01:30:59Z,80.1,29.7,3.315,5.571,38.58
2026-09-04T06:31:59Z,2026-09-04T01:31:59Z,80.0,29.6,3.624,5.704,24.802
2026-09-04T06:32:59Z,2026-09-04T01:32:59Z,80.3,29.6,3.453,5.849,22.046
2026-09-04T06:33:59Z,2026-09-04T01:33:59Z,80.2,29.6,3.31,5.635,42.147
2026-09-04T06:34:59Z,2026-09-04T01:34:59Z,80.4,29.6,3.387,5.576,38.337
2026-09-04T06:35:59Z,2026-09-04T01:35:59Z,80.3,29.6,3.352,5.741,34.155
2026-09-04T06:36:59Z,2026-09-04T01:36:59Z,80.3,29.6,3.597,5.874,17.856
2026-09-04T06:37:59Z,2026-09-04T01:37:59Z,80.4,29.6,3.254,5.553,37.809
2026-09-04T06:38:59Z,2026-09-04T01:38:59Z,80.3,29.6,3.387,5.79,32.556
2026-09-04T06:39:59Z,2026-09-04T01:39:59Z,80.2,29.6,3.329,5.83,43.194
2026-09-04T06:41:00Z,2026-09-04T01:41:00Z,80.2,29.6,3.178,5.422,44.248
2026-09-04T06:42:00Z,2026-09-04T01:42:00Z,80.4,29.6,3.362,5.311,25.503
2026-09-04T06:43:00Z,2026-09-04T01:43:00Z,80.5,29.6,3.113,5.152,22.104
2026-09-04T06:44:00Z,2026-09-04T01:44:00Z,80.3,29.6,3.215,5.307,45.662
2026-09-04T06:45:00Z,2026-09-04T01:45:00Z,80.4,29.6,3.373,5.782,48.901
2026-09-04T06:46:00Z,2026-09-04T01:46:00Z,80.5,29.6,3.155,5.278,48.192
2026-09-04T06:47:00Z,2026-09-04T01:47:00Z,80.4,29.6,3.32,5.215,30.607
2026-09-04T06:48:00Z,2026-09-04T01:48:00Z,80.4,29.6,3.263,5.534,41.408
2026-09-04T06:49:00Z,2026-09-04T01:49:00Z,80.3,29.6,3.437,5.527,39.596
2026-09-04T06:50:00Z,2026-09-04T01:50:00Z,80.3,29.6,3.079,5.261,42.41
2026-09-04T06:51:00Z,2026-09-04T01:51:00Z,80.5,29.6,3.279,5.446,24.587
2026-09-04T06:52:00Z,2026-09-04T01:52:00Z,80.4,29.6,3.232,5.318,39.092
2026-09-04T06:53:00Z,2026-09-04T01:53:00Z,80.4,29.6,3.32,5.32,27.566
2026-09-04T06:54:00Z,2026-09-04T01:54:00Z,80.4,29.6,3.406,5.809,41.067
2026-09-04T06:55:00Z,2026-09-04T01:55:00Z,80.4,29.6,3.349,5.545,28.713
2026-09-04T06:56:00Z,2026-09-04T01:56:00Z,80.3,29.6,3.288,5.341,25.81
2026-09-04T06:57:00Z,2026-09-04T01:57:00Z,80.3,29.6,3.035,5.38,28.593
2026-09-04T06:58:00Z,2026-09-04T01:58:00Z,80.3,29.6,3.264,5.384,28.276
2026-09-04T06:59:00Z,2026-09-04T01:59:00Z,80.3,29.6,3.252,5.113,38.996
2026-09-04T07:00:00Z,2026-09-04T02:00:00Z,80.3,29.6,3.13,5.227,44.975
2026-09-04T07:01:00Z,2026-09-04T02:01:00Z,80.3,29.6,3.266,5.249,31.924
2026-09-04T07:02:00Z,2026-09-04T02:02:00Z,80.4,29.6,2.985,5.201,40.179
2026-09-04T07:03:01Z,2026-09-04T02:03:01Z,80.3,29.6,3.108,5.171,29.792
2026-09-04T07:04:01Z,2026-09-04T02:04:01Z,80.5,29.6,3.395,5.101,27.774
2026-09-04T07:05:01Z,2026-09-04T02:05:01Z,80.4,29.6,3.158,5.109,41.667
2026-09-04T07:06:01Z,2026-09-04T02:06:01Z,80.3,29.6,3.252,5.449,40.619
2026-09-04T07:07:01Z,2026-09-04T02:07:01Z,80.4,29.6,3.444,5.021,26.82
2026-09-04T07:08:01Z,2026-09-04T02:08:01Z,80.4,29.6,3.269,5.09,34.068
2026-09-04T07:09:01Z,2026-09-04T02:09:01Z,80.4,29.6,3.452,5.625,39.949
2026-09-04T07:10:01Z,2026-09-04T02:10:01Z,80.5,29.6,3.603,6.007,22.32
2026-09-04T07:11:01Z,2026-09-04T02:11:01Z,80.5,29.6,3.228,5.169,27.217
2026-09-04T07:12:01Z,2026-09-04T02:12:01Z,80.5,29.6,3.236,5.58,42.95
2026-09-04T07:13:01Z,2026-09-04T02:13:01Z,80.3,29.6,3.301,5.253,34.329
2026-09-04T07:14:01Z,2026-09-04T02:14:01Z,80.5,29.6,3.323,5.638,32.399
2026-09-04T07:15:01Z,2026-09-04T02:15:01Z,80.6,29.6,3.291,5.442,44.867
2026-09-04T07:16:01Z,2026-09-04T02:16:01Z,80.5,29.6,3.296,5.233,34.643
2026-09-04T07:17:01Z,2026-09-04T02:17:01Z,80.5,29.6,3.213,5.103,30.663
2026-09-04T07:18:01Z,2026-09-04T02:18:01Z,80.5,29.6,3.381,5.545,22.435
2026-09-04T07:19:01Z,2026-09-04T02:19:01Z,80.5,29.6,3.126,4.823,44.242
2026-09-04T07:20:01Z,2026-09-04T02:20:01Z,80.4,29.6,3.019,5.238,47.623
2026-09-04T07:21:01Z,2026-09-04T02:21:01Z,80.4,29.6,3.159,5.66,40.304
2026-09-04T07:22:01Z,2026-09-04T02:22:01Z,80.5,29.6,3.404,5.417,22.755
2026-09-04T07:23:01Z,2026-09-04T02:23:01Z,80.5,29.6,3.223,5.425,23.024
2026-09-04T07:24:01Z,2026-09-04T02:24:01Z,80.4,29.6,3.255,5.553,28.747
2026-09-04T07:25:01Z,2026-09-04T02:25:01Z,80.4,29.6,3.133,4.985,34.705
2026-09-04T07:26:02Z,2026-09-04T02:26:02Z,80.3,29.6,3.505,5.933,47.053
2026-09-04T07:27:02Z,2026-09-04T02:27:02Z,80.3,29.6,3.043,5.219,31.512
2026-09-04T07:28:02Z,2026-09-04T02:28:02Z,80.1,29.6,3.199,4.806,15.77
2026-09-04T07:29:02Z,2026-09-04T02:29:02Z,80.2,29.6,3.392,5.344,16.975
2026-09-04T07:29:59Z,2026-09-04T02:29:59Z,79.9,29.6,3.253,5.226,21.697
2026-09-04T07:30:59Z,2026-09-04T02:30:59Z,80.1,29.6,3.123,5.209,28.446
2026-09-04T07:31:59Z,2026-09-04T02:31:59Z,80.1,29.6,3.326,5.448,39.657
2026-09-04T07:32:59Z,2026-09-04T02:32:59Z,80.1,29.6,3.531,5.387,27.603
2026-09-04T07:33:59Z,2026-09-04T02:33:59Z,80.1,29.6,3.374,5.149,39.815
2026-09-04T07:34:59Z,2026-09-04T02:34:59Z,80.1,29.6,3.111,5.199,30.564
2026-09-04T07:35:59Z,2026-09-04T02:35:59Z,80.0,29.6,3.15,5.447,38.707
2026-09-04T07:36:59Z,2026-09-04T02:36:59Z,80.1,29.6,3.201,5.503,29.975
2026-09-04T07:37:59Z,2026-09-04T02:37:59Z,80.1,29.6,3.26,5.716,41.709
2026-09-04T07:38:59Z,2026-09-04T02:38:59Z,80.1,29.6,3.106,5.612,55.511
2026-09-04T07:39:59Z,2026-09-04T02:39:59Z,80.1,29.6,3.676,5.813,35.441
2026-09-04T07:40:59Z,2026-09-04T02:40:59Z,80.2,29.6,4.119,6.364,32.09
2026-09-04T07:41:59Z,2026-09-04T02:41:59Z,80.1,29.6,3.237,5.492,76.881
2026-09-04T07:42:59Z,2026-09-04T02:42:59Z,80.0,29.6,3.326,5.223,40.157
2026-09-04T07:43:59Z,2026-09-04T02:43:59Z,80.1,29.6,3.278,5.917,45.19
2026-09-04T07:44:59Z,2026-09-04T02:44:59Z,80.1,29.6,3.237,5.568,60.606
2026-09-04T07:45:59Z,2026-09-04T02:45:59Z,80.0,29.6,3.247,5.319,40.498
2026-09-04T07:46:59Z,2026-09-04T02:46:59Z,80.2,29.6,3.347,5.091,31.957
2026-09-04T07:47:59Z,2026-09-04T02:47:59Z,80.2,29.5,3.12,5.379,43.58
2026-09-04T07:48:59Z,2026-09-04T02:48:59Z,80.2,29.6,3.093,5.376,36.488
2026-09-04T07:49:59Z,2026-09-04T02:49:59Z,80.1,29.5,3.313,5.251,32.569
2026-09-04T07:50:59Z,2026-09-04T02:50:59Z,80.2,29.5,3.131,5.087,33.32
2026-09-04T07:51:59Z,2026-09-04T02:51:59Z,80.1,29.5,3.33,5.481,53.154
2026-09-04T07:53:00Z,2026-09-04T02:53:00Z,80.1,29.5,3.521,6.214,36.541
2026-09-04T07:54:00Z,2026-09-04T02:54:00Z,80.1,29.5,3.438,5.539,23.894
2026-09-04T07:55:00Z,2026-09-04T02:55:00Z,80.1,29.5,3.036,4.898,24.442
2026-09-04T07:56:00Z,2026-09-04T02:56:00Z,80.0,29.5,3.341,5.238,33.312
2026-09-04T07:57:00Z,2026-09-04T02:57:00Z,79.9,29.5,3.131,4.965,19.035
2026-09-04T07:58:00Z,2026-09-04T02:58:00Z,79.9,29.5,3.325,4.965,15.012
2026-09-04T07:59:00Z,2026-09-04T02:59:00Z,80.0,29.5,3.39,5.228,23.01
2026-09-04T08:00:00Z,2026-09-04T03:00:00Z,80.0,29.5,3.429,5.196,42.578
2026-09-04T08:01:00Z,2026-09-04T03:01:00Z,80.0,29.5,3.311,4.911,33.184
2026-09-04T08:02:00Z,2026-09-04T03:02:00Z,80.0,29.5,3.236,4.596,37.457
2026-09-04T08:03:00Z,2026-09-04T03:03:00Z,80.1,29.5,3.211,5.38,33.44
2026-09-04T08:04:00Z,2026-09-04T03:04:00Z,80.1,29.5,2.981,4.959,46.168
2026-09-04T08:05:00Z,2026-09-04T03:05:00Z,80.3,29.5,3.275,5.387,42.687
2026-09-04T08:06:00Z,2026-09-04T03:06:00Z,80.3,29.5,3.217,5.194,19.936
2026-09-04T08:07:00Z,2026-09-04T03:07:00Z,80.3,29.5,3.22,5.151,31.469
2026-09-04T08:08:00Z,2026-09-04T03:08:00Z,80.3,29.5,3.268,5.054,32.265
2026-09-04T08:09:00Z,2026-09-04T03:09:00Z,80.4,29.5,3.127,4.998,29.627
2026-09-04T08:10:00Z,2026-09-04T03:10:00Z,80.5,29.5,3.279,5.259,28.631
2026-09-04T08:11:00Z,2026-09-04T03:11:00Z,80.7,29.5,3.267,5.36,22.674
2026-09-04T08:12:00Z,2026-09-04T03:12:00Z,80.7,29.5,3.255,5.379,38.367
2026-09-04T08:13:00Z,2026-09-04T03:13:00Z,80.6,29.5,3.251,5.234,32.168
2026-09-04T08:14:00Z,2026-09-04T03:14:00Z,80.6,29.5,3.369,5.403,29.799
2026-09-04T08:15:01Z,2026-09-04T03:15:01Z,80.5,29.5,3.448,5.283,32.369
2026-09-04T08:16:01Z,2026-09-04T03:16:01Z,80.6,29.5,3.374,5.803,29.34
2026-09-04T08:17:01Z,2026-09-04T03:17:01Z,80.5,29.5,3.577,5.717,44.881
2026-09-04T08:18:01Z,2026-09-04T03:18:01Z,80.6,29.5,3.267,5.229,40.991
2026-09-04T08:19:01Z,2026-09-04T03:19:01Z,80.5,29.5,3.519,5.183,39.061
2026-09-04T08:20:01Z,2026-09-04T03:20:01Z,80.5,29.5,3.058,5.095,35.329
2026-09-04T08:21:01Z,2026-09-04T03:21:01Z,80.4,29.5,3.386,5.477,21.394
2026-09-04T08:22:01Z,2026-09-04T03:22:01Z,80.5,29.5,3.084,4.743,22.808
2026-09-04T08:23:01Z,2026-09-04T03:23:01Z,80.7,29.5,3.157,5.06,17.871
2026-09-04T08:24:01Z,2026-09-04T03:24:01Z,80.6,29.5,3.199,4.981,34.672
2026-09-04T08:25:01Z,2026-09-04T03:25:01Z,80.6,29.5,3.467,5.52,24.573
2026-09-04T08:26:01Z,2026-09-04T03:26:01Z,80.8,29.5,3.464,5.382,23.325
2026-09-04T08:27:01Z,2026-09-04T03:27:01Z,80.8,29.5,3.187,5.425,26.222
2026-09-04T08:28:01Z,2026-09-04T03:28:01Z,80.9,29.5,3.058,5.274,31.955
2026-09-04T08:29:01Z,2026-09-04T03:29:01Z,81.0,29.4,3.204,5.08,36.212
2026-09-04T08:30:01Z,2026-09-04T03:30:01Z,81.2,29.4,3.153,5.352,17.062
2026-09-04T08:31:01Z,2026-09-04T03:31:01Z,81.5,29.4,3.406,5.696,30.909
2026-09-04T08:32:01Z,2026-09-04T03:32:01Z,81.5,29.4,3.19,4.897,23.125
2026-09-04T08:33:01Z,2026-09-04T03:33:01Z,81.4,29.4,3.228,5.369,38.608
2026-09-04T08:34:01Z,2026-09-04T03:34:01Z,82.0,29.4,3.266,5.729,42.717
2026-09-04T08:35:01Z,2026-09-04T03:35:01Z,82.1,29.4,3.271,5.23,24.279
2026-09-04T08:36:02Z,2026-09-04T03:36:02Z,82.0,29.4,3.261,4.945,28.564
2026-09-04T08:37:02Z,2026-09-04T03:37:02Z,82.2,29.4,3.471,5.639,24.659
2026-09-04T08:38:02Z,2026-09-04T03:38:02Z,82.4,29.3,3.274,5.149,28.73
2026-09-04T08:39:02Z,2026-09-04T03:39:02Z,82.5,29.3,3.325,5.372,34.15
2026-09-04T08:40:02Z,2026-09-04T03:40:02Z,82.5,29.3,3.379,5.457,29.236
2026-09-04T08:41:02Z,2026-09-04T03:41:02Z,82.2,29.3,3.029,4.638,19.721
2026-09-04T08:42:02Z,2026-09-04T03:42:02Z,82.4,29.3,3.358,5.478,31.137
2026-09-04T08:43:02Z,2026-09-04T03:43:02Z,82.5,29.3,3.223,5.499,15.283
2026-09-04T08:44:02Z,2026-09-04T03:44:02Z,82.8,29.2,3.441,5.166,45.036
2026-09-04T08:45:02Z,2026-09-04T03:45:02Z,82.9,29.2,3.222,5.292,24.572
2026-09-04T08:46:02Z,2026-09-04T03:46:02Z,82.9,29.2,3.126,5.404,36.842
2026-09-04T08:47:02Z,2026-09-04T03:47:02Z,83.0,29.2,3.36,5.713,23.139
2026-09-04T08:48:02Z,2026-09-04T03:48:02Z,83.1,29.2,3.252,5.427,29.292
2026-09-04T08:49:02Z,2026-09-04T03:49:02Z,83.3,29.1,3.241,5.608,30.097
2026-09-04T08:50:02Z,2026-09-04T03:50:02Z,83.3,29.1,3.2,5.646,25.353
2026-09-04T08:51:02Z,2026-09-04T03:51:02Z,83.5,29.1,3.119,5.285,23.737
2026-09-04T08:52:02Z,2026-09-04T03:52:02Z,83.6,29.1,3.285,5.166,26.365
2026-09-04T08:53:02Z,2026-09-04T03:53:02Z,83.7,29.1,3.261,5.897,36.305
2026-09-04T08:54:02Z,2026-09-04T03:54:02Z,83.6,29.0,3.307,5.736,42.801
2026-09-04T08:54:59Z,2026-09-04T03:54:59Z,83.8,29.0,3.087,5.495,53.637
2026-09-04T08:55:59Z,2026-09-04T03:55:59Z,83.9,29.0,3.175,5.48,44.11
2026-09-04T08:56:59Z,2026-09-04T03:56:59Z,83.8,29.0,3.331,5.369,36.157
2026-09-04T08:57:59Z,2026-09-04T03:57:59Z,83.8,29.0,2.963,5.23,24.88
2026-09-04T08:58:59Z,2026-09-04T03:58:59Z,83.9,29.0,3.322,5.631,40.871
2026-09-04T08:59:59Z,2026-09-04T03:59:59Z,84.0,28.9,3.216,5.516,38.691
2026-09-04T09:00:59Z,2026-09-04T04:00:59Z,84.2,28.9,3.297,5.563,25.993
2026-09-04T09:01:59Z,2026-09-04T04:01:59Z,84.3,28.9,3.34,5.895,35.31
2026-09-04T09:02:59Z,2026-09-04T04:02:59Z,84.5,28.9,3.228,5.316,35.314
2026-09-04T09:03:59Z,2026-09-04T04:03:59Z,84.6,28.9,3.156,5.376,26.92
2026-09-04T09:05:00Z,2026-09-04T04:05:00Z,84.4,28.9,3.5,5.941,18.804
2026-09-04T09:06:00Z,2026-09-04T04:06:00Z,84.4,28.9,3.132,5.428,33.041
2026-09-04T09:07:00Z,2026-09-04T04:07:00Z,84.2,28.8,3.167,5.675,36.706
2026-09-04T09:08:00Z,2026-09-04T04:08:00Z,84.4,28.8,3.322,5.739,17.036
2026-09-04T09:09:00Z,2026-09-04T04:09:00Z,84.5,28.8,3.272,5.913,45.493
2026-09-04T09:10:00Z,2026-09-04T04:10:00Z,84.6,28.8,3.236,5.37,23.573
2026-09-04T09:11:00Z,2026-09-04T04:11:00Z,84.7,28.8,3.383,5.382,37.484
2026-09-04T09:12:00Z,2026-09-04T04:12:00Z,84.7,28.8,3.241,5.914,30.255
2026-09-04T09:13:00Z,2026-09-04T04:13:00Z,84.8,28.8,3.386,6.07,52.01
2026-09-04T09:14:00Z,2026-09-04T04:14:00Z,85.1,28.8,3.112,5.987,30.182
2026-09-04T09:15:00Z,2026-09-04T04:15:00Z,85.2,28.8,3.214,5.344,28.237
2026-09-04T09:16:00Z,2026-09-04T04:16:00Z,85.1,28.8,3.099,5.304,29.522
2026-09-04T09:17:00Z,2026-09-04T04:17:00Z,85.2,28.7,3.369,5.532,29.44
2026-09-04T09:18:00Z,2026-09-04T04:18:00Z,85.1,28.7,3.207,5.631,32.629
2026-09-04T09:19:00Z,2026-09-04T04:19:00Z,85.1,28.7,3.339,5.529,29.762
2026-09-04T09:20:00Z,2026-09-04T04:20:00Z,85.4,28.7,3.221,5.743,59.287
2026-09-04T09:21:00Z,2026-09-04T04:21:00Z,85.5,28.7,3.455,5.932,35.025
2026-09-04T09:22:00Z,2026-09-04T04:22:00Z,85.5,28.7,2.951,5.389,42.155
2026-09-04T09:23:00Z,2026-09-04T04:23:00Z,85.6,28.7,3.066,4.944,42.144
2026-09-04T09:24:00Z,2026-09-04T04:24:00Z,85.7,28.7,3.19,5.615,29.37
2026-09-04T09:25:00Z,2026-09-04T04:25:00Z,85.8,28.7,3.209,5.897,32.226
2026-09-04T09:26:00Z,2026-09-04T04:26:00Z,85.7,28.6,3.422,5.781,23.776
2026-09-04T09:27:00Z,2026-09-04T04:27:00Z,85.9,28.6,3.116,5.364,37.169
2026-09-04T09:28:01Z,2026-09-04T04:28:01Z,85.8,28.6,3.13,6.01,20.608
2026-09-04T09:29:01Z,2026-09-04T04:29:01Z,85.8,28.6,3.214,5.791,29.5
2026-09-04T09:30:01Z,2026-09-04T04:30:01Z,86.0,28.6,3.061,5.573,35.256
2026-09-04T09:31:01Z,2026-09-04T04:31:01Z,86.1,28.6,2.942,5.624,41.869
2026-09-04T09:32:01Z,2026-09-04T04:32:01Z,86.1,28.6,3.146,5.785,33.499
2026-09-04T09:33:01Z,2026-09-04T04:33:01Z,86.1,28.6,3.235,5.546,35.518
2026-09-04T09:34:01Z,2026-09-04T04:34:01Z,86.3,28.6,3.168,5.225,36.405
2026-09-04T09:35:01Z,2026-09-04T04:35:01Z,86.6,28.6,3.041,5.554,37.554
2026-09-04T09:36:01Z,2026-09-04T04:36:01Z,86.7,28.6,3.187,5.428,37.928
2026-09-04T09:37:01Z,2026-09-04T04:37:01Z,86.7,28.6,3.086,5.571,31.274
2026-09-04T09:38:01Z,2026-09-04T04:38:01Z,86.8,28.6,3.275,5.415,31.61
2026-09-04T09:39:01Z,2026-09-04T04:39:01Z,86.9,28.5,3.092,5.232,46.753
2026-09-04T09:40:01Z,2026-09-04T04:40:01Z,87.0,28.5,3.147,5.713,31.831
2026-09-04T09:41:01Z,2026-09-04T04:41:01Z,87.1,28.5,3.131,5.354,21.801
2026-09-04T09:42:01Z,2026-09-04T04:42:01Z,87.2,28.5,3.258,5.468,25.737
2026-09-04T09:43:01Z,2026-09-04T04:43:01Z,87.1,28.5,3.267,5.831,32.322
2026-09-04T09:44:01Z,2026-09-04T04:44:01Z,87.0,28.5,3.184,6.187,28.758
2026-09-04T09:45:01Z,2026-09-04T04:45:01Z,87.1,28.5,3.043,5.379,38.031
2026-09-04T09:46:01Z,2026-09-04T04:46:01Z,87.2,28.5,3.048,5.386,41.405
2026-09-04T09:47:01Z,2026-09-04T04:47:01Z,87.4,28.5,2.97,5.415,30.163
2026-09-04T09:48:01Z,2026-09-04T04:48:01Z,87.7,28.5,3.062,5.441,24.129
2026-09-04T09:49:01Z,2026-09-04T04:49:01Z,87.6,28.5,2.878,5.605,29.924
2026-09-04T09:50:02Z,2026-09-04T04:50:02Z,87.6,28.5,2.877,5.298,26.262
2026-09-04T09:51:02Z,2026-09-04T04:51:02Z,87.6,28.5,3.034,5.432,34.338
2026-09-04T09:52:02Z,2026-09-04T04:52:02Z,87.7,28.5,2.994,4.801,24.516
2026-09-04T09:53:02Z,2026-09-04T04:53:02Z,87.4,28.5,2.91,5.341,39.407
2026-09-04T09:54:02Z,2026-09-04T04:54:02Z,87.3,28.5,3.073,5.169,36.279
2026-09-04T09:55:02Z,2026-09-04T04:55:02Z,87.2,28.5,2.913,5.072,35.418
2026-09-04T09:56:02Z,2026-09-04T04:56:02Z,87.4,28.5,3.008,5.032,25.202
2026-09-04T09:57:02Z,2026-09-04T04:57:02Z,87.5,28.5,2.976,4.993,21.361
2026-09-04T09:58:02Z,2026-09-04T04:58:02Z,87.5,28.5,3.05,5.306,13.355
2026-09-04T09:59:02Z,2026-09-04T04:59:02Z,87.5,28.5,3.128,5.362,27.568
2026-09-04T10:00:02Z,2026-09-04T05:00:02Z,87.1,28.5,2.943,4.954,45.842
2026-09-04T10:01:02Z,2026-09-04T05:01:02Z,87.1,28.5,3.011,5.047,29.754
2026-09-04T10:02:02Z,2026-09-04T05:02:02Z,87.0,28.5,3.157,5.211,30.042
2026-09-04T10:03:02Z,2026-09-04T05:03:02Z,87.0,28.4,2.992,4.869,20.041
2026-09-04T10:04:02Z,2026-09-04T05:04:02Z,87.0,28.4,2.936,5.028,31.746
2026-09-04T10:05:02Z,2026-09-04T05:05:02Z,86.8,28.4,3.163,5.279,43.783
2026-09-04T10:06:02Z,2026-09-04T05:06:02Z,87.0,28.4,2.946,5.31,24.386
2026-09-04T10:07:02Z,2026-09-04T05:07:02Z,86.9,28.4,3.087,5.007,35.41
2026-09-04T10:08:02Z,2026-09-04T05:08:02Z,86.9,28.4,3.001,5.065,24.014
2026-09-04T10:09:02Z,2026-09-04T05:09:02Z,87.0,28.4,3.22,5.596,55.799
2026-09-04T10:10:02Z,2026-09-04T05:10:02Z,86.8,28.4,3.135,5.223,28.288
2026-09-04T10:11:02Z,2026-09-04T05:11:02Z,87.0,28.4,3.244,5.693,47.359
2026-09-04T10:12:02Z,2026-09-04T05:12:02Z,87.1,28.4,3.284,6.354,24.039
2026-09-04T10:13:03Z,2026-09-04T05:13:03Z,87.0,28.4,3.283,6.534,32.316
2026-09-04T10:14:03Z,2026-09-04T05:14:03Z,87.0,28.4,3.423,6.233,54.32
2026-09-04T10:15:03Z,2026-09-04T05:15:03Z,86.9,28.4,3.5,5.99,39.876
2026-09-04T10:16:03Z,2026-09-04T05:16:03Z,86.9,28.4,3.662,6.873,31.218
2026-09-04T10:17:03Z,2026-09-04T05:17:03Z,86.8,28.4,4.032,6.878,51.487
2026-09-04T10:18:03Z,2026-09-04T05:18:03Z,86.8,28.4,3.735,6.524,32.576
2026-09-04T10:19:03Z,2026-09-04T05:19:03Z,86.7,28.4,3.643,6.594,43.442
2026-09-04T10:20:00Z,2026-09-04T05:20:00Z,86.7,28.4,3.925,6.737,45.207
2026-09-04T10:21:00Z,2026-09-04T05:21:00Z,86.7,28.4,3.496,6.619,40.159
2026-09-04T10:22:00Z,2026-09-04T05:22:00Z,86.7,28.4,3.937,7.153,31.055
2026-09-04T10:23:00Z,2026-09-04T05:23:00Z,86.8,28.4,3.78,6.74,23.664
2026-09-04T10:24:00Z,2026-09-04T05:24:00Z,86.8,28.4,3.547,6.036,35.497
2026-09-04T10:25:00Z,2026-09-04T05:25:00Z,86.8,28.4,3.656,5.855,27.072
2026-09-04T10:26:00Z,2026-09-04T05:26:00Z,86.9,28.3,3.34,6.24,29.8
2026-09-04T10:27:00Z,2026-09-04T05:27:00Z,86.7,28.4,3.329,6.23,25.996
2026-09-04T10:28:00Z,2026-09-04T05:28:00Z,86.6,28.4,3.242,5.489,34.445
2026-09-04T10:29:00Z,2026-09-04T05:29:00Z,86.7,28.4,3.443,5.656,29.475
2026-09-04T10:30:00Z,2026-09-04T05:30:00Z,86.8,28.3,3.343,5.832,40.296
2026-09-04T10:31:00Z,2026-09-04T05:31:00Z,86.9,28.3,3.233,6.011,35.498
2026-09-04T10:32:00Z,2026-09-04T05:32:00Z,86.8,28.3,3.286,5.842,21.931
2026-09-04T10:33:00Z,2026-09-04T05:33:00Z,86.7,28.4,3.338,5.539,27.742
2026-09-04T10:34:00Z,2026-09-04T05:34:00Z,86.8,28.4,3.646,5.738,34.176
2026-09-04T10:35:00Z,2026-09-04T05:35:00Z,86.8,28.4,3.494,5.596,25.465
2026-09-04T10:36:00Z,2026-09-04T05:36:00Z,86.7,28.4,3.255,5.864,30.855
2026-09-04T10:37:00Z,2026-09-04T05:37:00Z,86.6,28.4,3.464,5.838,23.461
2026-09-04T10:38:01Z,2026-09-04T05:38:01Z,86.7,28.4,3.522,5.553,39.386
2026-09-04T10:39:01Z,2026-09-04T05:39:01Z,86.6,28.4,3.274,5.175,33.654
2026-09-04T10:40:01Z,2026-09-04T05:40:01Z,86.6,28.4,3.33,5.588,30.163
2026-09-04T10:41:01Z,2026-09-04T05:41:01Z,86.7,28.4,3.476,5.877,31.13
2026-09-04T10:42:01Z,2026-09-04T05:42:01Z,86.8,28.4,3.526,5.727,38.618
2026-09-04T10:43:01Z,2026-09-04T05:43:01Z,86.8,28.4,3.28,5.621,19.097
2026-09-04T10:44:01Z,2026-09-04T05:44:01Z,86.8,28.4,3.236,5.598,21.988
2026-09-04T10:45:01Z,2026-09-04T05:45:01Z,86.8,28.4,3.228,5.691,29.763
2026-09-04T10:46:01Z,2026-09-04T05:46:01Z,86.7,28.4,3.248,5.717,36.67
2026-09-04T10:47:01Z,2026-09-04T05:47:01Z,86.7,28.4,3.307,5.681,34.752
2026-09-04T10:48:01Z,2026-09-04T05:48:01Z,86.8,28.4,3.352,5.685,23.616
2026-09-04T10:49:01Z,2026-09-04T05:49:01Z,86.8,28.4,3.194,5.655,26.651
2026-09-04T10:50:01Z,2026-09-04T05:50:01Z,86.8,28.4,3.284,5.201,20.023
2026-09-04T10:51:01Z,2026-09-04T05:51:01Z,86.8,28.4,3.46,5.991,43.306
2026-09-04T10:52:01Z,2026-09-04T05:52:01Z,86.8,28.4,3.269,5.19,19.978
2026-09-04T10:53:01Z,2026-09-04T05:53:01Z,86.8,28.4,3.284,5.541,20.834
2026-09-04T10:54:01Z,2026-09-04T05:54:01Z,86.8,28.4,3.275,5.275,43.888
2026-09-04T10:55:01Z,2026-09-04T05:55:01Z,86.8,28.4,3.191,5.402,35.344
2026-09-04T10:56:01Z,2026-09-04T05:56:01Z,86.8,28.4,3.369,5.654,24.362
2026-09-04T10:57:01Z,2026-09-04T05:57:01Z,86.8,28.4,3.292,5.47,39.309
2026-09-04T10:58:01Z,2026-09-04T05:58:01Z,86.9,28.4,3.179,5.572,23.988
2026-09-04T10:59:01Z,2026-09-04T05:59:01Z,86.9,28.4,3.373,5.728,29.288
2026-09-04T11:00:02Z,2026-09-04T06:00:02Z,86.8,28.4,3.627,5.739,15.446
2026-09-04T11:01:02Z,2026-09-04T06:01:02Z,86.8,28.4,3.516,5.689,37.36
2026-09-04T11:02:02Z,2026-09-04T06:02:02Z,86.7,28.4,3.615,5.511,16.406
2026-09-04T11:03:02Z,2026-09-04T06:03:02Z,86.7,28.4,3.176,5.311,41.687
2026-09-04T11:04:02Z,2026-09-04T06:04:02Z,86.8,28.4,3.418,5.837,23.656
2026-09-04T11:05:02Z,2026-09-04T06:05:02Z,86.8,28.4,3.55,5.659,18.132
2026-09-04T11:06:02Z,2026-09-04T06:06:02Z,86.7,28.4,3.274,5.738,29.482
2026-09-04T11:07:02Z,2026-09-04T06:07:02Z,86.8,28.4,3.422,6.099,23.18
2026-09-04T11:08:02Z,2026-09-04T06:08:02Z,86.8,28.4,3.337,5.822,28.679
2026-09-04T11:09:02Z,2026-09-04T06:09:02Z,86.7,28.4,3.204,5.492,22.691
2026-09-04T11:10:02Z,2026-09-04T06:10:02Z,86.7,28.4,3.334,5.626,23.463
2026-09-04T11:11:02Z,2026-09-04T06:11:02Z,86.7,28.4,3.243,5.685,18.509
2026-09-04T11:12:02Z,2026-09-04T06:12:02Z,86.6,28.4,3.306,5.105,37.707
2026-09-04T11:13:02Z,2026-09-04T06:13:02Z,86.4,28.5,3.462,5.665,23.278
2026-09-04T11:14:02Z,2026-09-04T06:14:02Z,86.4,28.5,3.505,5.932,28.103
2026-09-04T11:15:02Z,2026-09-04T06:15:02Z,86.5,28.5,3.145,5.217,16.285
2026-09-04T11:16:02Z,2026-09-04T06:16:02Z,86.5,28.5,3.451,5.828,21.923
2026-09-04T11:17:02Z,2026-09-04T06:17:02Z,86.4,28.5,3.361,5.487,20.606
2026-09-04T11:18:02Z,2026-09-04T06:18:02Z,86.4,28.5,3.383,5.611,29.417
2026-09-04T11:19:02Z,2026-09-04T06:19:02Z,86.2,28.5,3.562,5.592,22.224
2026-09-04T11:20:02Z,2026-09-04T06:20:02Z,86.2,28.5,3.537,5.669,30.088
2026-09-04T11:21:02Z,2026-09-04T06:21:02Z,86.1,28.5,3.201,5.32,22.049
2026-09-04T11:22:02Z,2026-09-04T06:22:02Z,86.2,28.5,3.455,5.699,17.727
2026-09-04T11:23:02Z,2026-09-04T06:23:02Z,86.3,28.5,3.557,5.958,24.361
2026-09-04T11:24:03Z,2026-09-04T06:24:03Z,86.2,28.5,3.409,5.536,11.063
2026-09-04T11:25:03Z,2026-09-04T06:25:03Z,85.9,28.5,3.727,5.883,18.271
2026-09-04T11:26:03Z,2026-09-04T06:26:03Z,85.8,28.5,3.817,5.853,20.461
2026-09-04T11:27:03Z,2026-09-04T06:27:03Z,85.6,28.5,3.765,5.954,24.851
2026-09-04T11:28:03Z,2026-09-04T06:28:03Z,85.5,28.5,3.515,5.573,20.442
2026-09-04T11:29:03Z,2026-09-04T06:29:03Z,85.3,28.5,3.471,5.464,35.307
2026-09-04T11:30:03Z,2026-09-04T06:30:03Z,85.5,28.5,3.228,4.98,21.65
2026-09-04T11:31:03Z,2026-09-04T06:31:03Z,85.5,28.5,3.353,5.2,30.419
2026-09-04T11:32:03Z,2026-09-04T06:32:03Z,85.2,28.5,3.432,5.741,27.758
2026-09-04T11:33:03Z,2026-09-04T06:33:03Z,85.2,28.5,3.567,5.367,17.862
2026-09-04T11:34:03Z,2026-09-04T06:34:03Z,85.1,28.5,3.301,5.268,16.832
2026-09-04T11:35:03Z,2026-09-04T06:35:03Z,85.3,28.5,3.24,5.24,28.723
2026-09-04T11:36:03Z,2026-09-04T06:36:03Z,85.4,28.5,3.542,5.42,37.501
2026-09-04T11:37:03Z,2026-09-04T06:37:03Z,85.4,28.5,3.296,5.227,19.802
2026-09-04T11:38:03Z,2026-09-04T06:38:03Z,85.4,28.5,3.366,5.036,24.334
2026-09-04T11:39:03Z,2026-09-04T06:39:03Z,85.5,28.5,3.663,5.576,37.47
2026-09-04T11:40:03Z,2026-09-04T06:40:03Z,85.7,28.5,3.053,4.714,27.304
2026-09-04T11:41:03Z,2026-09-04T06:41:03Z,85.6,28.5,3.428,5.142,15.085
2026-09-04T11:42:03Z,2026-09-04T06:42:03Z,85.8,28.5,3.455,5.318,21.818
2026-09-04T11:43:03Z,2026-09-04T06:43:03Z,85.9,28.5,3.47,5.604,35.326
2026-09-04T11:44:03Z,2026-09-04T06:44:03Z,85.7,28.5,3.42,5.352,31.093
2026-09-04T11:45:03Z,2026-09-04T06:45:03Z,85.6,28.5,3.523,5.57,19.001
2026-09-04T11:46:04Z,2026-09-04T06:46:04Z,85.7,28.5,3.598,5.619,19.881
2026-09-04T11:47:04Z,2026-09-04T06:47:04Z,85.6,28.5,3.533,5.724,27.649
2026-09-04T11:48:04Z,2026-09-04T06:48:04Z,85.5,28.5,3.326,5.152,19.818
2026-09-04T11:49:04Z,2026-09-04T06:49:04Z,85.5,28.5,3.695,5.486,27.921
2026-09-04T11:50:01Z,2026-09-04T06:50:01Z,85.5,28.5,3.687,5.567,42.104
2026-09-04T11:51:01Z,2026-09-04T06:51:01Z,85.3,28.5,3.331,5.252,35.533
2026-09-04T11:52:01Z,2026-09-04T06:52:01Z,85.3,28.5,3.456,5.413,22.427
2026-09-04T11:53:01Z,2026-09-04T06:53:01Z,85.5,28.5,3.417,5.24,20.245
2026-09-04T11:54:01Z,2026-09-04T06:54:01Z,85.5,28.5,3.303,5.515,35.108
2026-09-04T11:55:01Z,2026-09-04T06:55:01Z,85.3,28.5,3.386,5.28,24.415
2026-09-04T11:56:01Z,2026-09-04T06:56:01Z,85.3,28.5,3.331,5.169,17.301
2026-09-04T11:57:01Z,2026-09-04T06:57:01Z,85.4,28.5,3.251,5.127,23.145
2026-09-04T11:58:01Z,2026-09-04T06:58:01Z,85.6,28.5,3.317,4.97,17.366
2026-09-04T11:59:01Z,2026-09-04T06:59:01Z,85.6,28.5,3.368,5.337,40.475
2026-09-04T12:00:01Z,2026-09-04T07:00:01Z,85.5,28.5,3.277,5.169,31.918
2026-09-04T12:01:01Z,2026-09-04T07:01:01Z,85.4,28.5,3.545,5.561,39.096
2026-09-04T12:02:01Z,2026-09-04T07:02:01Z,85.4,28.5,3.428,5.537,21.665
2026-09-04T12:03:01Z,2026-09-04T07:03:01Z,85.5,28.5,3.561,5.54,15.353
2026-09-04T12:04:01Z,2026-09-04T07:04:01Z,85.6,28.5,3.382,5.224,30.877
2026-09-04T12:05:01Z,2026-09-04T07:05:01Z,85.5,28.5,3.446,5.281,16.413
2026-09-04T12:06:01Z,2026-09-04T07:06:01Z,85.6,28.5,3.258,5.137,24.248
2026-09-04T12:07:01Z,2026-09-04T07:07:01Z,85.5,28.5,3.5,5.403,17.192
2026-09-04T12:08:01Z,2026-09-04T07:08:01Z,85.5,28.5,3.643,5.676,19.563
2026-09-04T12:09:01Z,2026-09-04T07:09:01Z,85.6,28.5,3.481,5.438,32.437
2026-09-04T12:10:01Z,2026-09-04T07:10:01Z,85.6,28.6,3.425,5.291,44.828
2026-09-04T12:11:01Z,2026-09-04T07:11:01Z,85.6,28.5,3.661,6.071,18.331
2026-09-04T12:12:01Z,2026-09-04T07:12:01Z,85.7,28.5,3.607,5.729,21.204
2026-09-04T12:13:01Z,2026-09-04T07:13:01Z,85.5,28.6,3.599,5.435,18.933
2026-09-04T12:14:02Z,2026-09-04T07:14:02Z,85.5,28.6,3.573,5.693,30.077
2026-09-04T12:15:02Z,2026-09-04T07:15:02Z,85.5,28.6,3.808,5.49,20.235
2026-09-04T12:16:02Z,2026-09-04T07:16:02Z,85.6,28.6,3.676,5.949,14.983
2026-09-04T12:17:02Z,2026-09-04T07:17:02Z,85.7,28.6,3.714,5.934,24.321
2026-09-04T12:18:02Z,2026-09-04T07:18:02Z,85.7,28.6,3.698,5.441,33.172
2026-09-04T12:19:02Z,2026-09-04T07:19:02Z,85.8,28.6,3.578,5.235,30.62
2026-09-04T12:20:02Z,2026-09-04T07:20:02Z,85.8,28.6,3.464,5.609,23.481
2026-09-04T12:21:02Z,2026-09-04T07:21:02Z,85.9,28.6,3.499,5.401,29.197
2026-09-04T12:22:02Z,2026-09-04T07:22:02Z,85.8,28.6,3.516,5.438,23.029
2026-09-04T12:23:02Z,2026-09-04T07:23:02Z,85.8,28.6,3.912,5.662,31.402
2026-09-04T12:24:02Z,2026-09-04T07:24:02Z,85.8,28.6,3.517,5.392,26.114
2026-09-04T12:25:02Z,2026-09-04T07:25:02Z,85.8,28.6,3.833,5.752,53.136
2026-09-04T12:26:02Z,2026-09-04T07:26:02Z,85.7,28.6,3.727,5.735,38.367
2026-09-04T12:27:02Z,2026-09-04T07:27:02Z,85.8,28.6,3.707,5.476,28.143
2026-09-04T12:28:02Z,2026-09-04T07:28:02Z,85.8,28.6,3.716,6.036,27.87
2026-09-04T12:29:02Z,2026-09-04T07:29:02Z,85.5,28.6,3.637,5.83,25.76
2026-09-04T12:30:02Z,2026-09-04T07:30:02Z,85.8,28.6,3.636,5.392,26.466
2026-09-04T12:31:02Z,2026-09-04T07:31:02Z,85.8,28.6,3.53,5.585,21.063
2026-09-04T12:32:02Z,2026-09-04T07:32:02Z,85.7,28.6,3.8,6.718,26.092
2026-09-04T12:33:03Z,2026-09-04T07:33:03Z,85.7,28.6,3.801,5.679,38.173
2026-09-04T12:34:03Z,2026-09-04T07:34:03Z,85.4,28.6,3.852,6.165,30.664
2026-09-04T12:35:03Z,2026-09-04T07:35:03Z,85.2,28.6,3.828,6.245,35.544
2026-09-04T12:36:03Z,2026-09-04T07:36:03Z,85.3,28.6,3.877,6.132,22.566
2026-09-04T12:37:03Z,2026-09-04T07:37:03Z,85.3,28.7,3.664,5.901,21.627
2026-09-04T12:38:03Z,2026-09-04T07:38:03Z,85.5,28.7,3.515,5.775,32.554
2026-09-04T12:39:03Z,2026-09-04T07:39:03Z,85.7,28.7,3.601,5.587,26.769
2026-09-04T12:40:03Z,2026-09-04T07:40:03Z,85.8,28.7,3.717,5.946,35.645
2026-09-04T12:41:03Z,2026-09-04T07:41:03Z,85.5,28.7,3.736,5.536,18.396
2026-09-04T12:42:03Z,2026-09-04T07:42:03Z,85.5,28.7,3.749,5.566,15.119
2026-09-04T12:43:03Z,2026-09-04T07:43:03Z,85.6,28.7,4.0,6.114,16.311
2026-09-04T12:44:03Z,2026-09-04T07:44:03Z,85.7,28.8,3.759,5.791,27.664
2026-09-04T12:45:03Z,2026-09-04T07:45:03Z,85.6,28.8,4.297,6.431,37.592
2026-09-04T12:46:03Z,2026-09-04T07:46:03Z,85.6,28.8,4.588,6.76,28.054
2026-09-04T12:47:03Z,2026-09-04T07:47:03Z,85.7,28.8,4.735,6.825,27.415
2026-09-04T12:48:03Z,2026-09-04T07:48:03Z,85.8,28.8,5.076,7.286,21.212
2026-09-04T12:49:03Z,2026-09-04T07:49:03Z,85.8,28.8,5.192,7.276,41.455
2026-09-04T12:50:03Z,2026-09-04T07:50:03Z,85.8,28.8,5.566,7.82,32.983
2026-09-04T12:51:03Z,2026-09-04T07:51:03Z,85.9,28.8,5.52,7.229,37.071
2026-09-04T12:52:03Z,2026-09-04T07:52:03Z,85.7,28.8,5.206,7.492,25.281
2026-09-04T12:53:03Z,2026-09-04T07:53:03Z,85.7,28.8,5.751,7.707,30.154
2026-09-04T12:54:03Z,2026-09-04T07:54:03Z,85.7,28.8,5.226,7.695,42.707
2026-09-04T12:55:03Z,2026-09-04T07:55:03Z,85.7,28.8,5.224,7.506,30.575
2026-09-04T12:56:03Z,2026-09-04T07:56:03Z,85.7,28.9,5.483,7.804,40.932
2026-09-04T12:57:04Z,2026-09-04T07:57:04Z,85.7,28.9,5.647,7.533,34.016
2026-09-04T12:58:04Z,2026-09-04T07:58:04Z,85.6,28.9,5.701,8.07,28.328
2026-09-04T12:59:04Z,2026-09-04T07:59:04Z,85.6,28.9,5.557,8.18,60.485
2026-09-04T13:00:04Z,2026-09-04T08:00:04Z,85.6,28.9,5.476,8.019,24.802
2026-09-04T13:01:04Z,2026-09-04T08:01:04Z,85.5,28.9,5.879,8.542,38.484
2026-09-04T13:02:04Z,2026-09-04T08:02:04Z,85.5,28.9,5.625,7.735,27.149
2026-09-04T13:03:04Z,2026-09-04T08:03:04Z,85.6,28.9,5.903,8.274,46.266
2026-09-04T13:04:04Z,2026-09-04T08:04:04Z,85.6,28.9,5.937,8.585,31.93
2026-09-04T13:05:04Z,2026-09-04T08:05:04Z,85.5,28.9,5.69,8.185,41.989
2026-09-04T13:06:04Z,2026-09-04T08:06:04Z,85.5,28.9,6.017,8.531,48.424
2026-09-04T13:07:04Z,2026-09-04T08:07:04Z,85.5,28.9,6.29,9.227,33.402
2026-09-04T13:08:04Z,2026-09-04T08:08:04Z,85.4,28.9,5.647,8.356,56.881
2026-09-04T13:09:04Z,2026-09-04T08:09:04Z,85.3,28.9,5.747,8.495,24.592
2026-09-04T13:10:04Z,2026-09-04T08:10:04Z,85.4,29.0,5.884,8.234,48.03
2026-09-04T13:11:04Z,2026-09-04T08:11:04Z,85.3,29.0,5.904,8.836,26.587
2026-09-04T13:12:04Z,2026-09-04T08:12:04Z,85.4,29.0,5.961,8.73,36.399
2026-09-04T13:13:04Z,2026-09-04T08:13:04Z,85.3,29.0,6.152,9.044,34.236
2026-09-04T13:14:04Z,2026-09-04T08:14:04Z,85.4,29.0,6.127,8.838,43.858
2026-09-04T13:15:04Z,2026-09-04T08:15:04Z,85.3,29.0,5.953,8.852,43.862
2026-09-04T13:16:04Z,2026-09-04T08:16:04Z,85.3,29.0,6.125,8.496,31.033
2026-09-04T13:17:04Z,2026-09-04T08:17:04Z,85.3,29.0,6.031,8.963,30.841
2026-09-04T13:18:04Z,2026-09-04T08:18:04Z,85.2,29.1,5.686,8.479,37.699
2026-09-04T13:19:04Z,2026-09-04T08:19:04Z,85.5,29.1,6.294,8.749,59.072
2026-09-04T13:20:04Z,2026-09-04T08:20:04Z,85.4,29.1,6.135,8.573,49.72
2026-09-04T13:21:04Z,2026-09-04T08:21:04Z,85.0,29.2,5.918,8.742,43.908
2026-09-04T13:22:04Z,2026-09-04T08:22:04Z,85.2,29.3,6.371,9.305,38.099
2026-09-04T13:23:05Z,2026-09-04T08:23:05Z,85.0,29.3,6.141,8.986,57.94
2026-09-04T13:24:05Z,2026-09-04T08:24:05Z,84.6,29.4,6.165,8.641,23.977
2026-09-04T13:25:01Z,2026-09-04T08:25:01Z,84.4,29.5,5.974,8.357,53.02
2026-09-04T13:26:01Z,2026-09-04T08:26:01Z,84.0,29.6,6.252,8.839,35.109
2026-09-04T13:27:01Z,2026-09-04T08:27:01Z,83.7,29.8,6.476,9.369,54.14
2026-09-04T13:28:02Z,2026-09-04T08:28:02Z,83.0,29.9,6.448,9.018,25.524
2026-09-04T13:29:02Z,2026-09-04T08:29:02Z,82.3,30.0,6.703,9.566,32.928
2026-09-04T13:30:02Z,2026-09-04T08:30:02Z,81.9,30.2,6.709,9.319,28.918
2026-09-04T13:31:02Z,2026-09-04T08:31:02Z,81.5,30.3,6.473,9.491,38.58
2026-09-04T13:32:02Z,2026-09-04T08:32:02Z,80.7,30.4,6.565,10.002,48.824
2026-09-04T13:33:02Z,2026-09-04T08:33:02Z,80.1,30.6,6.509,9.461,65.339
2026-09-04T13:34:02Z,2026-09-04T08:34:02Z,80.4,30.7,6.851,9.864,36.928
2026-09-04T13:35:02Z,2026-09-04T08:35:02Z,78.9,30.9,6.859,9.563,60.482
2026-09-04T13:36:02Z,2026-09-04T08:36:02Z,78.3,31.0,6.704,9.489,35.679
2026-09-04T13:37:02Z,2026-09-04T08:37:02Z,78.1,31.2,6.571,8.685,51.63
2026-09-04T13:38:02Z,2026-09-04T08:38:02Z,77.8,31.4,7.05,9.522,48.021
2026-09-04T13:39:02Z,2026-09-04T08:39:02Z,77.0,31.5,6.528,8.858,51.146
2026-09-04T13:40:02Z,2026-09-04T08:40:02Z,76.3,31.7,6.751,9.196,41.275
2026-09-04T13:41:02Z,2026-09-04T08:41:02Z,75.7,31.9,6.219,8.412,38.296
2026-09-04T13:42:02Z,2026-09-04T08:42:02Z,75.3,32.0,6.118,8.472,27.36
2026-09-04T13:43:02Z,2026-09-04T08:43:02Z,75.5,32.2,5.959,8.346,25.537
2026-09-04T13:44:02Z,2026-09-04T08:44:02Z,74.6,32.4,6.508,9.083,41.437
2026-09-04T13:45:02Z,2026-09-04T08:45:02Z,73.7,32.6,6.426,8.92,53.186
2026-09-04T13:46:02Z,2026-09-04T08:46:02Z,72.6,32.7,5.819,7.871,34.967
2026-09-04T13:47:02Z,2026-09-04T08:47:02Z,73.2,32.9,6.253,8.535,35.8
2026-09-04T13:48:02Z,2026-09-04T08:48:02Z,71.7,33.1,5.567,7.956,35.397
2026-09-04T13:49:02Z,2026-09-04T08:49:02Z,71.4,33.2,5.053,7.216,40.667
2026-09-04T13:50:02Z,2026-09-04T08:50:02Z,71.4,33.4,5.142,7.604,33.017
2026-09-04T13:51:02Z,2026-09-04T08:51:02Z,71.7,33.5,5.223,7.579,35.487
2026-09-04T13:52:03Z,2026-09-04T08:52:03Z,70.8,33.7,5.383,7.446,68.437
2026-09-04T13:53:03Z,2026-09-04T08:53:03Z,69.5,33.9,4.878,6.691,33.29
2026-09-04T13:54:03Z,2026-09-04T08:54:03Z,68.7,34.0,4.799,7.108,42.992
2026-09-04T13:55:03Z,2026-09-04T08:55:03Z,68.0,34.1,4.942,7.235,32.338
2026-09-04T13:56:03Z,2026-09-04T08:56:03Z,66.9,34.3,5.125,7.445,34.942
2026-09-04T13:57:03Z,2026-09-04T08:57:03Z,67.6,34.4,5.067,7.351,30.174
2026-09-04T13:58:03Z,2026-09-04T08:58:03Z,67.2,34.5,4.801,6.86,46.528
2026-09-04T13:59:03Z,2026-09-04T08:59:03Z,66.5,34.6,5.285,7.6,39.515
2026-09-04T14:00:03Z,2026-09-04T09:00:03Z,67.2,34.7,5.133,6.964,21.81
2026-09-04T14:01:03Z,2026-09-04T09:01:03Z,67.0,34.8,5.305,7.264,39.923
2026-09-04T14:02:03Z,2026-09-04T09:02:03Z,66.0,34.9,4.634,6.677,31.187
2026-09-04T14:03:03Z,2026-09-04T09:03:03Z,64.3,35.0,4.832,7.057,20.962
2026-09-04T14:04:03Z,2026-09-04T09:04:03Z,65.7,35.1,4.993,7.343,27.171
2026-09-04T14:05:03Z,2026-09-04T09:05:03Z,65.5,35.2,5.241,7.89,47.521
2026-09-04T14:06:03Z,2026-09-04T09:06:03Z,65.8,35.3,5.487,7.72,28.739
2026-09-04T14:07:03Z,2026-09-04T09:07:03Z,64.8,35.4,5.328,7.717,34.336
2026-09-04T14:08:03Z,2026-09-04T09:08:03Z,63.9,35.6,5.801,7.695,27.529
2026-09-04T14:09:03Z,2026-09-04T09:09:03Z,64.3,35.7,5.632,7.713,43.222
2026-09-04T14:10:03Z,2026-09-04T09:10:03Z,64.5,35.8,5.442,7.956,51.795
2026-09-04T14:11:03Z,2026-09-04T09:11:03Z,63.4,35.9,5.977,8.288,32.506
2026-09-04T14:12:03Z,2026-09-04T09:12:03Z,61.9,36.0,5.842,8.498,21.52
2026-09-04T14:13:03Z,2026-09-04T09:13:03Z,62.8,36.1,5.772,8.124,29.811
2026-09-04T14:14:04Z,2026-09-04T09:14:04Z,62.3,36.3,5.504,7.829,35.995
2026-09-04T14:15:04Z,2026-09-04T09:15:04Z,62.9,36.4,5.622,7.896,35.232
2026-09-04T14:16:04Z,2026-09-04T09:16:04Z,62.4,36.5,5.572,8.57,49.715
2026-09-04T14:17:04Z,2026-09-04T09:17:04Z,61.3,36.6,5.247,8.063,35.198
2026-09-04T14:18:04Z,2026-09-04T09:18:04Z,61.1,36.7,4.383,6.311,24.967
2026-09-04T14:19:04Z,2026-09-04T09:19:04Z,60.3,36.9,6.194,9.001,23.11
2026-09-04T14:20:04Z,2026-09-04T09:20:04Z,59.8,37.0,5.872,8.901,34.199
2026-09-04T14:21:04Z,2026-09-04T09:21:04Z,58.8,37.1,4.565,7.148,17.084
2026-09-04T14:22:04Z,2026-09-04T09:22:04Z,58.8,37.2,4.064,6.25,26.736
2026-09-04T14:23:04Z,2026-09-04T09:23:04Z,58.5,37.3,4.159,6.912,33.765
2026-09-04T14:24:04Z,2026-09-04T09:24:04Z,58.0,37.4,4.313,6.02,15.533
2026-09-04T14:25:04Z,2026-09-04T09:25:04Z,57.4,37.5,4.105,6.438,34.354
2026-09-04T14:26:04Z,2026-09-04T09:26:04Z,56.9,37.6,3.754,6.349,35.496
2026-09-04T14:27:04Z,2026-09-04T09:27:04Z,57.1,37.6,3.673,6.307,83.114
2026-09-04T14:28:04Z,2026-09-04T09:28:04Z,56.5,37.6,3.455,5.925,34.01
2026-09-04T14:29:04Z,2026-09-04T09:29:04Z,57.1,37.7,3.48,5.304,27.562
2026-09-04T14:30:04Z,2026-09-04T09:30:04Z,55.7,37.7,3.518,5.734,19.708
2026-09-04T14:31:04Z,2026-09-04T09:31:04Z,56.7,37.8,3.77,6.1,32.826
2026-09-04T14:32:04Z,2026-09-04T09:32:04Z,57.4,37.8,3.858,6.175,18.186
2026-09-04T14:33:04Z,2026-09-04T09:33:04Z,56.0,37.9,3.889,6.333,51.444
2026-09-04T14:34:04Z,2026-09-04T09:34:04Z,55.5,38.0,3.783,6.534,29.716
2026-09-04T14:35:04Z,2026-09-04T09:35:04Z,54.9,38.1,3.893,6.125,22.995
2026-09-04T14:36:04Z,2026-09-04T09:36:04Z,54.8,38.2,3.67,6.158,28.973
2026-09-04T14:37:05Z,2026-09-04T09:37:05Z,55.4,38.2,3.781,6.185,24.089
2026-09-04T14:38:05Z,2026-09-04T09:38:05Z,54.1,38.3,3.8,5.933,36.19
2026-09-04T14:39:05Z,2026-09-04T09:39:05Z,53.7,38.4,3.975,6.241,25.223
2026-09-04T14:40:05Z,2026-09-04T09:40:05Z,54.4,38.5,3.884,6.096,28.919
2026-09-04T14:41:05Z,2026-09-04T09:41:05Z,54.3,38.6,4.934,7.889,33.353
2026-09-04T14:42:05Z,2026-09-04T09:42:05Z,54.3,38.6,5.424,7.957,42.204
2026-09-04T14:43:05Z,2026-09-04T09:43:05Z,55.6,38.7,5.078,7.452,45.779
2026-09-04T14:44:05Z,2026-09-04T09:44:05Z,55.9,38.8,4.98,7.307,21.398
2026-09-04T14:45:05Z,2026-09-04T09:45:05Z,55.7,38.8,5.093,7.123,45.014
2026-09-04T14:46:05Z,2026-09-04T09:46:05Z,54.4,38.9,4.796,7.329,25.668
2026-09-04T14:47:05Z,2026-09-04T09:47:05Z,54.1,39.0,4.235,6.646,18.954
2026-09-04T14:48:05Z,2026-09-04T09:48:05Z,52.5,39.1,4.464,6.712,16.627
2026-09-04T14:49:05Z,2026-09-04T09:49:05Z,51.8,39.2,4.295,6.841,24.286
2026-09-04T14:50:05Z,2026-09-04T09:50:05Z,51.4,39.2,4.747,7.026,24.859
2026-09-04T14:51:05Z,2026-09-04T09:51:05Z,52.2,39.2,5.173,7.363,24.471
2026-09-04T14:52:05Z,2026-09-04T09:52:05Z,52.2,39.3,5.447,7.757,33.771
2026-09-04T14:53:05Z,2026-09-04T09:53:05Z,52.4,39.3,5.228,8.079,21.66
2026-09-04T14:54:05Z,2026-09-04T09:54:05Z,53.3,39.3,5.535,7.792,28.155
2026-09-04T14:55:05Z,2026-09-04T09:55:05Z,53.1,39.3,5.454,7.851,36.446
2026-09-04T14:56:05Z,2026-09-04T09:56:05Z,53.2,39.3,4.946,7.341,47.394
2026-09-04T14:57:05Z,2026-09-04T09:57:05Z,52.4,39.2,4.592,7.129,31.304
2026-09-04T14:58:05Z,2026-09-04T09:58:05Z,52.0,39.1,4.389,6.704,19.669
2026-09-04T14:59:05Z,2026-09-04T09:59:05Z,52.3,39.0,4.578,7.096,28.599
2026-09-04T15:00:05Z,2026-09-04T10:00:05Z,52.2,39.0,4.308,6.877,19.679
2026-09-04T15:01:05Z,2026-09-04T10:01:05Z,53.1,38.9,5.624,8.383,42.823
2026-09-04T15:02:05Z,2026-09-04T10:02:05Z,54.1,38.8,6.985,9.835,23.571
2026-09-04T15:03:06Z,2026-09-04T10:03:06Z,54.1,38.6,7.34,10.755,36.437
2026-09-04T15:04:06Z,2026-09-04T10:04:06Z,54.7,38.5,7.891,10.839,41.707
2026-09-04T15:05:06Z,2026-09-04T10:05:06Z,54.8,38.4,6.864,9.939,49.933
2026-09-04T15:06:06Z,2026-09-04T10:06:06Z,55.5,38.3,6.842,9.453,75.728
2026-09-04T15:07:06Z,2026-09-04T10:07:06Z,56.0,38.2,7.238,10.143,48.451
2026-09-04T15:08:06Z,2026-09-04T10:08:06Z,56.2,38.0,6.952,10.095,45.315
2026-09-04T15:09:06Z,2026-09-04T10:09:06Z,56.8,37.9,6.991,9.437,43.3
2026-09-04T15:10:06Z,2026-09-04T10:10:06Z,57.2,37.8,6.807,9.708,40.677
2026-09-04T15:11:06Z,2026-09-04T10:11:06Z,56.4,37.7,7.344,9.868,75.53
2026-09-04T15:12:06Z,2026-09-04T10:12:06Z,57.0,37.5,7.146,10.536,54.39
2026-09-04T15:13:06Z,2026-09-04T10:13:06Z,57.6,37.4,7.064,10.22,41.689
2026-09-04T15:14:06Z,2026-09-04T10:14:06Z,57.9,37.3,7.086,10.626,39.767
2026-09-04T15:15:06Z,2026-09-04T10:15:06Z,58.3,37.2,7.554,11.022,53.681
2026-09-04T15:16:06Z,2026-09-04T10:16:06Z,58.4,37.2,7.041,10.938,68.098
2026-09-04T15:17:06Z,2026-09-04T10:17:06Z,58.6,37.1,7.124,10.808,34.888
2026-09-04T15:18:06Z,2026-09-04T10:18:06Z,58.6,37.0,7.232,11.135,73.746
2026-09-04T15:19:06Z,2026-09-04T10:19:06Z,59.6,37.0,7.441,10.954,58.268
2026-09-04T15:20:06Z,2026-09-04T10:20:06Z,59.7,37.0,6.878,10.537,49.845
2026-09-04T15:21:06Z,2026-09-04T10:21:06Z,59.4,37.0,7.1,10.714,52.508
2026-09-04T15:22:06Z,2026-09-04T10:22:06Z,58.8,37.0,6.76,9.968,34.825
2026-09-04T15:23:06Z,2026-09-04T10:23:06Z,58.3,37.0,6.429,9.594,49.957
2026-09-04T15:24:06Z,2026-09-04T10:24:06Z,59.3,37.0,6.746,10.054,55.19
2026-09-04T15:25:03Z,2026-09-04T10:25:03Z,59.1,37.0,7.014,10.149,52.635
2026-09-04T15:26:03Z,2026-09-04T10:26:03Z,59.3,37.1,6.573,10.114,54.122
2026-09-04T15:27:03Z,2026-09-04T10:27:03Z,58.6,37.2,6.016,9.269,58.026
2026-09-04T15:28:03Z,2026-09-04T10:28:03Z,57.8,37.2,7.226,10.904,58.225
2026-09-04T15:29:03Z,2026-09-04T10:29:03Z,58.8,37.3,6.882,10.272,45.118
2026-09-04T15:30:03Z,2026-09-04T10:30:03Z,59.3,37.3,7.191,10.387,53.93
2026-09-04T15:31:04Z,2026-09-04T10:31:04Z,59.4,37.4,6.817,9.84,55.325
2026-09-04T15:32:04Z,2026-09-04T10:32:04Z,58.8,37.4,7.098,10.631,41.108
2026-09-04T15:33:04Z,2026-09-04T10:33:04Z,58.9,37.5,6.817,10.247,46.909
2026-09-04T15:34:04Z,2026-09-04T10:34:04Z,58.1,37.5,7.567,10.624,42.667
2026-09-04T15:35:04Z,2026-09-04T10:35:04Z,57.3,37.6,7.482,10.872,43.17
2026-09-04T15:36:04Z,2026-09-04T10:36:04Z,57.4,37.5,7.411,10.463,37.233
2026-09-04T15:37:04Z,2026-09-04T10:37:04Z,57.5,37.5,7.302,10.759,82.525
2026-09-04T15:38:04Z,2026-09-04T10:38:04Z,58.0,37.4,7.817,11.287,63.719
2026-09-04T15:39:04Z,2026-09-04T10:39:04Z,58.0,37.3,7.579,10.766,37.072
2026-09-04T15:40:04Z,2026-09-04T10:40:04Z,58.5,37.2,7.082,10.731,60.507
2026-09-04T15:41:04Z,2026-09-04T10:41:04Z,58.2,37.1,7.047,10.324,61.003
2026-09-04T15:42:04Z,2026-09-04T10:42:04Z,58.3,37.0,6.766,10.051,50.64
2026-09-04T15:43:04Z,2026-09-04T10:43:04Z,58.6,36.9,7.018,9.986,59.539
2026-09-04T15:44:04Z,2026-09-04T10:44:04Z,58.8,36.8,6.744,10.442,41.312
2026-09-04T15:45:04Z,2026-09-04T10:45:04Z,58.9,36.7,6.756,9.767,48.515
2026-09-04T15:46:04Z,2026-09-04T10:46:04Z,59.5,36.5,6.657,9.643,27.869
2026-09-04T15:47:04Z,2026-09-04T10:47:04Z,59.9,36.4,6.588,9.438,47.633
2026-09-04T15:48:04Z,2026-09-04T10:48:04Z,60.3,36.2,6.617,9.53,43.658
2026-09-04T15:49:04Z,2026-09-04T10:49:04Z,60.8,36.1,6.711,10.556,52.085
2026-09-04T15:50:04Z,2026-09-04T10:50:04Z,61.5,36.0,7.003,10.164,60.45
2026-09-04T15:51:04Z,2026-09-04T10:51:04Z,62.1,35.9,6.514,9.133,68.404
2026-09-04T15:52:04Z,2026-09-04T10:52:04Z,62.6,35.8,6.427,9.811,40.889
2026-09-04T15:53:04Z,2026-09-04T10:53:04Z,62.4,35.6,7.053,9.945,48.961
2026-09-04T15:54:05Z,2026-09-04T10:54:05Z,62.5,35.5,7.058,10.177,65.992
2026-09-04T15:55:05Z,2026-09-04T10:55:05Z,63.7,35.4,6.987,9.559,36.105
2026-09-04T15:56:05Z,2026-09-04T10:56:05Z,63.9,35.3,7.001,10.477,47.376
2026-09-04T15:57:05Z,2026-09-04T10:57:05Z,64.4,35.2,7.078,10.114,73.839
2026-09-04T15:58:05Z,2026-09-04T10:58:05Z,64.5,35.1,6.954,9.697,35.698
2026-09-04T15:59:05Z,2026-09-04T10:59:05Z,64.3,35.1,6.589,9.302,31.417
2026-09-04T16:00:05Z,2026-09-04T11:00:05Z,64.6,35.0,6.296,9.129,56.001
2026-09-04T16:01:05Z,2026-09-04T11:01:05Z,65.0,34.9,6.13,9.33,28.767
2026-09-04T16:02:05Z,2026-09-04T11:02:05Z,64.7,34.8,6.06,8.736,46.353
2026-09-04T16:03:05Z,2026-09-04T11:03:05Z,64.8,34.8,5.295,8.333,51.794
2026-09-04T16:04:05Z,2026-09-04T11:04:05Z,65.1,34.7,6.19,8.756,42.807
2026-09-04T16:05:05Z,2026-09-04T11:05:05Z,65.4,34.6,6.521,9.046,68.639
2026-09-04T16:06:05Z,2026-09-04T11:06:05Z,65.3,34.6,5.943,8.446,92.0
2026-09-04T16:07:05Z,2026-09-04T11:07:05Z,66.1,34.5,6.483,9.873,55.724
2026-09-04T16:08:05Z,2026-09-04T11:08:05Z,65.7,34.5,6.584,9.936,55.285
2026-09-04T16:09:05Z,2026-09-04T11:09:05Z,65.6,34.4,6.151,8.935,51.417
2026-09-04T16:10:05Z,2026-09-04T11:10:05Z,65.6,34.4,6.23,9.231,47.148
2026-09-04T16:11:05Z,2026-09-04T11:11:05Z,66.1,34.3,6.554,9.504,78.448
2026-09-04T16:12:05Z,2026-09-04T11:12:05Z,66.5,34.3,7.237,9.936,69.369
2026-09-04T16:13:05Z,2026-09-04T11:13:05Z,66.8,34.2,6.99,10.158,55.978
2026-09-04T16:14:05Z,2026-09-04T11:14:05Z,66.6,34.2,7.41,10.664,53.229
2026-09-04T16:15:05Z,2026-09-04T11:15:05Z,66.9,34.2,6.807,10.146,85.396
2026-09-04T16:16:05Z,2026-09-04T11:16:05Z,66.9,34.2,7.473,10.133,75.172
2026-09-04T16:17:06Z,2026-09-04T11:17:06Z,67.3,34.1,7.556,10.499,40.514
2026-09-04T16:18:06Z,2026-09-04T11:18:06Z,66.9,34.1,7.833,10.979,56.286
2026-09-04T16:19:06Z,2026-09-04T11:19:06Z,67.5,34.1,7.906,10.82,46.855
2026-09-04T16:20:06Z,2026-09-04T11:20:06Z,68.0,34.1,8.193,12.098,46.808
2026-09-04T16:21:06Z,2026-09-04T11:21:06Z,67.6,34.1,7.736,10.477,42.216
2026-09-04T16:22:06Z,2026-09-04T11:22:06Z,67.0,34.1,7.673,10.735,46.1
2026-09-04T16:23:06Z,2026-09-04T11:23:06Z,66.8,34.1,7.031,9.735,57.258
2026-09-04T16:24:06Z,2026-09-04T11:24:06Z,66.6,34.1,6.895,9.807,45.469
2026-09-04T16:25:06Z,2026-09-04T11:25:06Z,66.8,34.2,7.119,9.732,58.992
2026-09-04T16:26:06Z,2026-09-04T11:26:06Z,66.5,34.2,7.333,10.285,68.764
2026-09-04T16:27:06Z,2026-09-04T11:27:06Z,66.6,34.2,7.169,10.066,32.503
2026-09-04T16:28:06Z,2026-09-04T11:28:06Z,66.5,34.2,6.853,10.035,49.765
2026-09-04T16:29:06Z,2026-09-04T11:29:06Z,66.2,34.2,6.201,8.729,38.967
2026-09-04T16:30:06Z,2026-09-04T11:30:06Z,66.3,34.3,6.188,9.085,54.322
2026-09-04T16:31:06Z,2026-09-04T11:31:06Z,65.8,34.3,5.943,8.317,61.96
2026-09-04T16:32:06Z,2026-09-04T11:32:06Z,65.7,34.3,5.971,8.583,64.069
2026-09-04T16:33:06Z,2026-09-04T11:33:06Z,65.6,34.4,5.814,8.337,44.901
2026-09-04T16:34:06Z,2026-09-04T11:34:06Z,65.3,34.4,6.097,8.794,36.11
2026-09-04T16:35:06Z,2026-09-04T11:35:06Z,65.0,34.4,5.919,8.491,32.032
2026-09-04T16:36:06Z,2026-09-04T11:36:06Z,66.3,34.5,6.498,9.463,45.328
2026-09-04T16:37:06Z,2026-09-04T11:37:06Z,65.9,34.5,6.961,10.13,57.876
2026-09-04T16:38:06Z,2026-09-04T11:38:06Z,66.5,34.5,7.458,9.692,53.045
2026-09-04T16:39:07Z,2026-09-04T11:39:07Z,66.7,34.6,6.885,10.899,60.804
2026-09-04T16:40:07Z,2026-09-04T11:40:07Z,67.1,34.6,7.494,10.737,57.629
2026-09-04T16:41:07Z,2026-09-04T11:41:07Z,65.4,34.7,7.088,9.852,51.788
2026-09-04T16:42:07Z,2026-09-04T11:42:07Z,63.6,34.7,6.274,8.888,39.608
2026-09-04T16:43:07Z,2026-09-04T11:43:07Z,63.5,34.7,5.993,8.626,46.323
2026-09-04T16:44:07Z,2026-09-04T11:44:07Z,63.6,34.7,6.416,9.454,30.778
2026-09-04T16:45:04Z,2026-09-04T11:45:04Z,63.6,34.7,6.4,9.337,58.722
2026-09-04T16:46:04Z,2026-09-04T11:46:04Z,63.2,34.8,7.052,9.865,119.087
2026-09-04T16:47:04Z,2026-09-04T11:47:04Z,63.1,34.8,5.823,8.407,37.145
2026-09-04T16:48:04Z,2026-09-04T11:48:04Z,63.7,34.8,6.141,8.784,45.994
2026-09-04T16:49:04Z,2026-09-04T11:49:04Z,63.5,34.8,5.879,8.847,38.706
2026-09-04T16:50:04Z,2026-09-04T11:50:04Z,63.9,34.8,6.32,8.719,44.742
2026-09-04T16:51:04Z,2026-09-04T11:51:04Z,63.9,34.8,6.071,8.408,47.019
2026-09-04T16:52:04Z,2026-09-04T11:52:04Z,64.7,34.8,6.256,8.747,42.451
2026-09-04T16:53:04Z,2026-09-04T11:53:04Z,63.0,34.8,6.389,9.451,40.873
2026-09-04T16:54:04Z,2026-09-04T11:54:04Z,63.6,34.8,6.353,9.112,61.674
2026-09-04T16:55:04Z,2026-09-04T11:55:04Z,63.4,34.8,6.659,9.594,55.781
2026-09-04T16:56:04Z,2026-09-04T11:56:04Z,63.4,34.8,6.482,8.557,31.449
2026-09-04T16:57:04Z,2026-09-04T11:57:04Z,61.2,34.8,5.977,7.822,37.286
2026-09-04T16:58:04Z,2026-09-04T11:58:04Z,58.5,34.8,5.525,6.796,25.227
2026-09-04T16:59:04Z,2026-09-04T11:59:04Z,57.2,34.7,5.653,6.769,16.656
2026-09-04T17:00:04Z,2026-09-04T12:00:04Z,57.4,34.7,5.536,6.749,12.945
2026-09-04T17:01:04Z,2026-09-04T12:01:04Z,57.3,34.6,5.756,7.19,29.467
2026-09-04T17:02:04Z,2026-09-04T12:02:04Z,57.4,34.5,5.625,6.722,23.42
2026-09-04T17:03:04Z,2026-09-04T12:03:04Z,58.5,34.5,5.762,7.032,18.894
2026-09-04T17:04:04Z,2026-09-04T12:04:04Z,57.6,34.4,6.225,7.496,12.339
2026-09-04T17:05:04Z,2026-09-04T12:05:04Z,57.1,34.3,6.847,8.118,24.895
2026-09-04T17:06:04Z,2026-09-04T12:06:04Z,57.2,34.2,7.085,8.485,23.463
2026-09-04T17:07:05Z,2026-09-04T12:07:05Z,56.9,34.1,7.828,9.24,23.213
2026-09-04T17:08:05Z,2026-09-04T12:08:05Z,57.4,34.0,7.092,8.274,22.827
2026-09-04T17:09:05Z,2026-09-04T12:09:05Z,59.1,34.0,7.13,8.287,25.023
2026-09-04T17:10:05Z,2026-09-04T12:10:05Z,58.7,33.9,7.281,8.602,19.495
2026-09-04T17:11:05Z,2026-09-04T12:11:05Z,58.2,33.8,7.085,8.221,12.314
2026-09-04T17:12:05Z,2026-09-04T12:12:05Z,58.8,33.7,7.239,8.286,13.439
2026-09-04T17:13:05Z,2026-09-04T12:13:05Z,57.7,33.6,6.486,7.581,8.865
2026-09-04T17:14:05Z,2026-09-04T12:14:05Z,58.2,33.5,6.608,7.671,11.611
2026-09-04T17:15:05Z,2026-09-04T12:15:05Z,58.8,33.5,6.846,7.908,19.234
2026-09-04T17:16:05Z,2026-09-04T12:16:05Z,58.6,33.4,7.403,8.491,10.048
2026-09-04T17:17:05Z,2026-09-04T12:17:05Z,59.4,33.3,7.231,8.505,10.707
2026-09-04T17:18:05Z,2026-09-04T12:18:05Z,60.5,33.2,7.393,8.456,14.782
2026-09-04T17:19:05Z,2026-09-04T12:19:05Z,61.6,33.1,7.428,8.645,21.565
2026-09-04T17:20:05Z,2026-09-04T12:20:05Z,62.7,33.0,7.323,8.395,13.414
2026-09-04T17:21:05Z,2026-09-04T12:21:05Z,63.7,32.9,7.627,9.286,16.079
2026-09-04T17:22:05Z,2026-09-04T12:22:05Z,65.2,32.8,7.224,8.61,29.663
2026-09-04T17:23:05Z,2026-09-04T12:23:05Z,64.8,32.7,7.442,9.196,27.901
2026-09-04T17:24:05Z,2026-09-04T12:24:05Z,66.9,32.6,7.519,10.0,76.96
2026-09-04T17:25:05Z,2026-09-04T12:25:05Z,67.4,32.4,8.179,10.785,42.801
2026-09-04T17:26:05Z,2026-09-04T12:26:05Z,67.9,32.3,7.82,10.519,67.187
2026-09-04T17:27:06Z,2026-09-04T12:27:06Z,70.3,32.2,7.754,10.848,41.95
2026-09-04T17:28:06Z,2026-09-04T12:28:06Z,70.4,32.1,7.542,10.973,62.828
2026-09-04T17:29:06Z,2026-09-04T12:29:06Z,71.9,32.0,7.689,10.391,47.041
2026-09-04T17:30:06Z,2026-09-04T12:30:06Z,72.0,31.9,7.802,9.934,32.887
2026-09-04T17:31:06Z,2026-09-04T12:31:06Z,70.5,31.8,8.161,10.512,27.843
2026-09-04T17:32:06Z,2026-09-04T12:32:06Z,70.9,31.7,7.715,10.217,27.286
2026-09-04T17:33:06Z,2026-09-04T12:33:06Z,72.5,31.6,8.011,10.411,37.622
2026-09-04T17:34:06Z,2026-09-04T12:34:06Z,72.6,31.5,8.214,10.292,47.618
2026-09-04T17:35:06Z,2026-09-04T12:35:06Z,71.2,31.3,8.936,10.392,22.193
2026-09-04T17:36:06Z,2026-09-04T12:36:06Z,71.9,31.2,8.217,10.148,37.096
2026-09-04T17:37:06Z,2026-09-04T12:37:06Z,71.4,31.1,8.109,9.952,13.53
2026-09-04T17:38:06Z,2026-09-04T12:38:06Z,72.0,31.1,8.517,10.553,26.851
2026-09-04T17:39:06Z,2026-09-04T12:39:06Z,72.6,31.0,8.39,10.184,18.762
2026-09-04T17:40:06Z,2026-09-04T12:40:06Z,72.6,30.9,8.741,10.745,16.88
2026-09-04T17:41:06Z,2026-09-04T12:41:06Z,73.8,30.8,9.268,11.597,32.211
2026-09-04T17:42:06Z,2026-09-04T12:42:06Z,75.8,30.7,8.09,10.413,67.137
2026-09-04T17:43:06Z,2026-09-04T12:43:06Z,77.1,30.7,8.047,9.884,24.149
2026-09-04T17:44:06Z,2026-09-04T12:44:06Z,75.7,30.6,7.932,9.913,17.071
2026-09-04T17:45:06Z,2026-09-04T12:45:06Z,76.3,30.6,7.806,10.058,43.77
2026-09-04T17:46:06Z,2026-09-04T12:46:06Z,76.6,30.5,7.423,9.784,24.1
2026-09-04T17:47:06Z,2026-09-04T12:47:06Z,74.3,30.5,5.66,7.436,19.29
2026-09-04T17:48:06Z,2026-09-04T12:48:06Z,72.6,30.4,5.165,6.836,17.114
2026-09-04T17:49:06Z,2026-09-04T12:49:06Z,72.2,30.4,5.192,6.85,19.063
2026-09-04T17:50:06Z,2026-09-04T12:50:06Z,72.3,30.3,4.864,6.623,33.339
2026-09-04T17:51:07Z,2026-09-04T12:51:07Z,72.2,30.2,5.115,7.206,21.573
2026-09-04T17:52:07Z,2026-09-04T12:52:07Z,73.3,30.2,4.868,6.837,19.338
2026-09-04T17:53:07Z,2026-09-04T12:53:07Z,72.9,30.2,4.883,6.439,29.775
2026-09-04T17:54:07Z,2026-09-04T12:54:07Z,72.6,30.1,4.508,6.143,13.229
2026-09-04T17:55:07Z,2026-09-04T12:55:07Z,73.1,30.1,4.634,6.38,25.986
2026-09-04T17:56:07Z,2026-09-04T12:56:07Z,73.4,30.0,4.875,6.224,12.729
2026-09-04T17:57:07Z,2026-09-04T12:57:07Z,74.3,30.0,4.957,6.834,17.56
2026-09-04T17:58:07Z,2026-09-04T12:58:07Z,74.3,30.0,4.568,6.271,12.679
2026-09-04T17:59:07Z,2026-09-04T12:59:07Z,75.2,29.9,4.903,6.705,23.247
2026-09-04T18:00:07Z,2026-09-04T13:00:07Z,75.2,29.9,4.806,6.511,22.186
2026-09-04T18:01:07Z,2026-09-04T13:01:07Z,76.0,29.9,5.07,6.556,13.83
2026-09-04T18:02:07Z,2026-09-04T13:02:07Z,76.4,29.9,5.036,6.734,36.34
2026-09-04T18:03:07Z,2026-09-04T13:03:07Z,78.3,29.9,4.8,6.48,16.956
2026-09-04T18:04:07Z,2026-09-04T13:04:07Z,78.7,29.9,4.942,6.742,22.95
2026-09-04T18:05:04Z,2026-09-04T13:05:04Z,80.6,29.9,4.769,6.804,30.077
2026-09-04T18:06:04Z,2026-09-04T13:06:04Z,79.9,29.9,5.14,7.21,50.735
2026-09-04T18:07:04Z,2026-09-04T13:07:04Z,78.4,29.9,5.147,7.344,18.337
2026-09-04T18:08:04Z,2026-09-04T13:08:04Z,77.1,30.0,5.347,7.268,19.962
2026-09-04T18:09:04Z,2026-09-04T13:09:04Z,76.3,30.0,5.261,6.9,31.697
2026-09-04T18:10:04Z,2026-09-04T13:10:04Z,77.2,30.0,4.909,6.624,17.988
2026-09-04T18:11:04Z,2026-09-04T13:11:04Z,76.6,30.0,5.454,7.266,33.072
2026-09-04T18:12:04Z,2026-09-04T13:12:04Z,77.4,30.1,4.912,6.69,36.45
2026-09-04T18:13:04Z,2026-09-04T13:13:04Z,77.9,30.1,4.918,6.614,20.441
2026-09-04T18:14:04Z,2026-09-04T13:14:04Z,78.7,30.1,4.805,6.138,37.648
2026-09-04T18:15:04Z,2026-09-04T13:15:04Z,77.0,30.2,5.127,6.553,25.805
2026-09-04T18:16:04Z,2026-09-04T13:16:04Z,77.3,30.2,5.065,6.541,33.268
2026-09-04T18:17:05Z,2026-09-04T13:17:05Z,78.0,30.3,4.921,6.311,16.931
2026-09-04T18:18:05Z,2026-09-04T13:18:05Z,76.8,30.3,5.148,7.028,36.664
2026-09-04T18:19:05Z,2026-09-04T13:19:05Z,77.7,30.4,4.93,6.78,13.644
2026-09-04T18:20:05Z,2026-09-04T13:20:05Z,77.7,30.4,5.221,6.851,18.801
2026-09-04T18:21:05Z,2026-09-04T13:21:05Z,76.2,30.5,4.908,6.645,20.593
2026-09-04T18:22:05Z,2026-09-04T13:22:05Z,77.3,30.6,5.208,6.934,10.362
2026-09-04T18:23:05Z,2026-09-04T13:23:05Z,76.6,30.6,4.861,6.563,13.628
2026-09-04T18:24:05Z,2026-09-04T13:24:05Z,77.9,30.7,4.581,6.028,14.976
2026-09-04T18:25:05Z,2026-09-04T13:25:05Z,77.2,30.8,4.725,6.629,15.846
2026-09-04T18:26:05Z,2026-09-04T13:26:05Z,76.5,30.8,4.251,6.02,28.461
2026-09-04T18:27:05Z,2026-09-04T13:27:05Z,76.9,30.9,4.742,6.287,27.789
2026-09-04T18:28:05Z,2026-09-04T13:28:05Z,77.4,31.0,4.52,5.941,22.066
2026-09-04T18:29:05Z,2026-09-04T13:29:05Z,77.5,31.2,4.469,6.214,20.64
2026-09-04T18:30:05Z,2026-09-04T13:30:05Z,76.2,31.3,4.446,6.046,14.898
2026-09-04T18:31:05Z,2026-09-04T13:31:05Z,73.9,31.4,4.76,6.027,15.285
2026-09-04T18:32:05Z,2026-09-04T13:32:05Z,75.0,31.6,4.304,5.63,13.836
2026-09-04T18:33:05Z,2026-09-04T13:33:05Z,75.9,31.8,4.601,6.13,25.589
2026-09-04T18:34:05Z,2026-09-04T13:34:05Z,74.2,32.0,4.45,5.945,9.338
2026-09-04T18:35:05Z,2026-09-04T13:35:05Z,71.9,32.1,4.327,5.669,22.664
2026-09-04T18:36:05Z,2026-09-04T13:36:05Z,71.5,32.2,4.415,5.758,18.217
2026-09-04T18:37:05Z,2026-09-04T13:37:05Z,71.9,32.4,4.125,5.277,9.28
2026-09-04T18:38:05Z,2026-09-04T13:38:05Z,71.6,32.4,4.129,5.715,9.621
2026-09-04T18:39:06Z,2026-09-04T13:39:06Z,69.4,32.5,4.326,5.695,17.029
2026-09-04T18:40:06Z,2026-09-04T13:40:06Z,69.5,32.6,4.502,6.42,15.947
2026-09-04T18:41:06Z,2026-09-04T13:41:06Z,69.2,32.6,4.499,5.714,19.063
2026-09-04T18:42:06Z,2026-09-04T13:42:06Z,70.4,32.7,4.567,5.86,12.655
2026-09-04T18:43:06Z,2026-09-04T13:43:06Z,73.1,32.7,4.166,5.788,10.616
2026-09-04T18:44:06Z,2026-09-04T13:44:06Z,72.3,32.8,4.147,5.47,8.94
2026-09-04T18:45:06Z,2026-09-04T13:45:06Z,70.4,32.9,4.106,5.568,10.886
2026-09-04T18:46:06Z,2026-09-04T13:46:06Z,72.4,33.0,4.261,5.755,9.954
2026-09-04T18:47:06Z,2026-09-04T13:47:06Z,70.2,33.1,3.915,5.277,8.623
2026-09-04T18:48:06Z,2026-09-04T13:48:06Z,70.0,33.3,3.968,5.117,7.733
2026-09-04T18:49:06Z,2026-09-04T13:49:06Z,69.4,33.4,3.954,5.227,7.309
2026-09-04T18:50:06Z,2026-09-04T13:50:06Z,66.5,33.6,4.108,5.75,13.121
2026-09-04T18:51:06Z,2026-09-04T13:51:06Z,64.9,33.8,4.27,5.867,9.168
2026-09-04T18:52:06Z,2026-09-04T13:52:06Z,64.2,34.0,4.227,5.579,10.936
2026-09-04T18:53:06Z,2026-09-04T13:53:06Z,64.5,34.1,4.222,5.712,11.176
2026-09-04T18:54:06Z,2026-09-04T13:54:06Z,65.5,34.3,4.231,5.777,9.047
2026-09-04T18:55:06Z,2026-09-04T13:55:06Z,65.7,34.5,4.353,5.787,21.85
2026-09-04T18:56:06Z,2026-09-04T13:56:06Z,64.2,34.7,4.124,5.445,17.754
2026-09-04T18:57:06Z,2026-09-04T13:57:06Z,62.3,34.9,4.516,6.07,10.345
2026-09-04T18:58:06Z,2026-09-04T13:58:06Z,60.7,35.0,4.448,6.283,23.831
2026-09-04T18:59:06Z,2026-09-04T13:59:06Z,60.1,35.2,4.483,5.987,11.441
2026-09-04T19:00:06Z,2026-09-04T14:00:06Z,60.0,35.3,4.58,6.084,22.836
2026-09-04T19:01:06Z,2026-09-04T14:01:06Z,61.1,35.5,4.495,5.872,12.449
2026-09-04T19:02:07Z,2026-09-04T14:02:07Z,61.3,35.7,4.558,5.824,18.18
2026-09-04T19:03:07Z,2026-09-04T14:03:07Z,62.5,35.8,4.675,6.163,9.989
2026-09-04T19:04:07Z,2026-09-04T14:04:07Z,62.2,36.0,4.263,5.648,13.106
2026-09-04T19:05:07Z,2026-09-04T14:05:07Z,58.8,36.2,4.549,6.179,8.419
2026-09-04T19:06:07Z,2026-09-04T14:06:07Z,59.6,36.4,4.143,5.547,9.49
2026-09-04T19:07:07Z,2026-09-04T14:07:07Z,59.7,36.6,4.079,5.488,16.599
2026-09-04T19:08:07Z,2026-09-04T14:08:07Z,59.1,36.8,4.408,5.888,8.28
2026-09-04T19:09:07Z,2026-09-04T14:09:07Z,59.2,37.0,4.438,5.632,16.047
2026-09-04T19:10:07Z,2026-09-04T14:10:07Z,59.4,37.2,4.5,6.14,10.5
2026-09-04T19:11:07Z,2026-09-04T14:11:07Z,55.5,37.4,4.452,6.157,17.914
2026-09-04T19:12:07Z,2026-09-04T14:12:07Z,54.5,37.6,4.446,5.775,12.497
2026-09-04T19:13:07Z,2026-09-04T14:13:07Z,53.8,37.8,4.391,5.99,16.557
2026-09-04T19:14:07Z,2026-09-04T14:14:07Z,53.3,38.0,4.318,5.61,9.476
2026-09-04T19:15:07Z,2026-09-04T14:15:07Z,51.9,38.1,4.437,5.736,9.537
2026-09-04T19:16:07Z,2026-09-04T14:16:07Z,51.3,38.3,4.395,5.655,21.789
2026-09-04T19:17:07Z,2026-09-04T14:17:07Z,52.6,38.4,4.756,5.949,10.378
2026-09-04T19:18:07Z,2026-09-04T14:18:07Z,52.6,38.6,4.531,6.089,8.629
2026-09-04T19:19:07Z,2026-09-04T14:19:07Z,52.4,38.7,4.565,6.265,28.88
2026-09-04T19:20:07Z,2026-09-04T14:20:07Z,51.4,38.9,4.415,5.838,17.595
2026-09-04T19:21:07Z,2026-09-04T14:21:07Z,50.4,39.0,4.541,6.012,8.954
2026-09-04T19:22:07Z,2026-09-04T14:22:07Z,50.2,39.1,4.706,6.311,16.761
2026-09-04T19:23:07Z,2026-09-04T14:23:07Z,48.5,39.3,4.181,5.467,10.412
2026-09-04T19:24:07Z,2026-09-04T14:24:07Z,50.0,39.4,4.51,6.068,9.133
2026-09-04T19:25:07Z,2026-09-04T14:25:07Z,49.0,39.5,4.341,5.649,14.598
2026-09-04T19:26:07Z,2026-09-04T14:26:07Z,48.6,39.6,4.147,5.776,10.937
2026-09-04T19:27:07Z,2026-09-04T14:27:07Z,47.3,39.7,4.282,5.597,12.522
2026-09-04T19:28:08Z,2026-09-04T14:28:08Z,48.1,39.8,4.098,5.462,17.991
2026-09-04T19:29:08Z,2026-09-04T14:29:08Z,48.0,39.9,3.815,5.154,21.149
2026-09-04T19:30:08Z,2026-09-04T14:30:08Z,47.6,40.0,3.37,4.84,9.908
2026-09-04T19:31:08Z,2026-09-04T14:31:08Z,46.9,40.1,3.876,5.129,13.212
2026-09-04T19:32:08Z,2026-09-04T14:32:08Z,47.4,40.1,3.795,5.237,20.584
2026-09-04T19:33:08Z,2026-09-04T14:33:08Z,46.6,40.2,3.79,4.901,7.845
2026-09-04T19:34:08Z,2026-09-04T14:34:08Z,45.4,40.3,3.727,4.685,23.483
2026-09-04T19:35:08Z,2026-09-04T14:35:08Z,44.3,40.4,3.409,4.347,5.977
2026-09-04T19:36:08Z,2026-09-04T14:36:08Z,45.8,40.4,3.313,4.267,10.018
2026-09-04T19:37:08Z,2026-09-04T14:37:08Z,47.3,40.5,3.065,4.366,8.652
2026-09-04T19:38:08Z,2026-09-04T14:38:08Z,44.2,40.6,3.318,4.259,6.88
2026-09-04T19:39:08Z,2026-09-04T14:39:08Z,44.6,40.7,3.316,4.567,7.724
2026-09-04T19:40:08Z,2026-09-04T14:40:08Z,44.0,40.8,3.012,4.199,13.973
2026-09-04T19:41:08Z,2026-09-04T14:41:08Z,43.5,40.8,3.332,4.181,14.87
2026-09-04T19:42:08Z,2026-09-04T14:42:08Z,43.3,40.9,3.35,4.803,6.53
2026-09-04T19:43:08Z,2026-09-04T14:43:08Z,42.6,41.0,3.713,4.523,9.225
2026-09-04T19:44:08Z,2026-09-04T14:44:08Z,42.4,41.1,3.437,4.78,10.162
2026-09-04T19:45:08Z,2026-09-04T14:45:08Z,41.0,41.1,3.344,4.307,5.672
2026-09-04T19:46:08Z,2026-09-04T14:46:08Z,43.9,41.2,3.457,4.608,11.224
2026-09-04T19:47:08Z,2026-09-04T14:47:08Z,43.3,41.3,3.526,4.562,9.791
2026-09-04T19:48:08Z,2026-09-04T14:48:08Z,41.5,41.4,3.499,4.541,5.326
2026-09-04T19:49:08Z,2026-09-04T14:49:08Z,42.2,41.5,3.502,4.635,8.964
2026-09-04T19:50:08Z,2026-09-04T14:50:08Z,43.2,41.6,3.836,5.098,9.82
2026-09-04T19:51:08Z,2026-09-04T14:51:08Z,43.2,41.7,3.817,4.881,8.613
2026-09-04T19:52:08Z,2026-09-04T14:52:08Z,42.2,41.8,4.206,5.371,7.735
2026-09-04T19:53:08Z,2026-09-04T14:53:08Z,42.0,41.8,4.034,5.257,6.645
2026-09-04T19:54:09Z,2026-09-04T14:54:09Z,42.8,41.9,4.144,5.26,21.072
2026-09-04T19:55:09Z,2026-09-04T14:55:09Z,43.7,41.9,3.843,4.935,6.425
2026-09-04T19:56:04Z,2026-09-04T14:56:04Z,42.5,42.0,4.315,5.244,9.856
2026-09-04T19:57:04Z,2026-09-04T14:57:04Z,41.7,42.0,4.215,5.196,9.911
2026-09-04T19:58:04Z,2026-09-04T14:58:04Z,42.0,42.0,4.169,5.027,6.417
2026-09-04T19:59:05Z,2026-09-04T14:59:05Z,42.2,42.0,4.127,4.995,12.864
2026-09-04T20:00:06Z,2026-09-04T15:00:06Z,42.3,42.1,4.486,5.619,10.186
2026-09-04T20:01:06Z,2026-09-04T15:01:06Z,41.1,42.1,4.08,4.764,11.649
2026-09-04T20:02:07Z,2026-09-04T15:02:07Z,42.4,42.1,4.304,4.958,6.226
2026-09-04T20:03:07Z,2026-09-04T15:03:07Z,40.0,42.2,4.33,5.56,8.966
2026-09-04T20:04:07Z,2026-09-04T15:04:07Z,39.7,42.2,4.093,4.898,6.135
2026-09-04T20:05:08Z,2026-09-04T15:05:08Z,39.8,42.3,4.689,5.595,34.269
2026-09-04T20:06:08Z,2026-09-04T15:06:08Z,39.2,42.3,4.271,5.382,15.88
2026-09-04T20:07:08Z,2026-09-04T15:07:08Z,40.4,42.2,4.353,5.601,5.841
2026-09-04T20:08:08Z,2026-09-04T15:08:08Z,40.5,42.2,4.647,5.768,6.696
2026-09-04T20:09:09Z,2026-09-04T15:09:09Z,40.6,42.2,4.85,6.756,11.59
2026-09-04T20:10:04Z,2026-09-04T15:10:04Z,40.2,42.2,4.713,6.026,12.266
2026-09-04T20:11:04Z,2026-09-04T15:11:04Z,39.5,42.2,4.769,5.563,8.693
2026-09-04T20:12:05Z,2026-09-04T15:12:05Z,39.2,42.2,5.122,6.185,6.639
2026-09-04T20:13:05Z,2026-09-04T15:13:05Z,40.7,42.1,4.895,6.631,12.447
2026-09-04T20:14:05Z,2026-09-04T15:14:05Z,41.5,42.1,4.297,5.317,5.809
2026-09-04T20:15:06Z,2026-09-04T15:15:06Z,39.9,42.0,4.456,5.709,7.257
2026-09-04T20:16:06Z,2026-09-04T15:16:06Z,39.5,41.9,4.518,6.388,8.219
2026-09-04T20:17:07Z,2026-09-04T15:17:07Z,38.7,41.7,3.974,5.194,9.253
2026-09-04T20:18:07Z,2026-09-04T15:18:07Z,39.2,41.6,3.965,5.248,6.817
2026-09-04T20:19:08Z,2026-09-04T15:19:08Z,39.8,41.4,4.165,5.547,9.366
2026-09-04T20:20:08Z,2026-09-04T15:20:08Z,39.8,41.3,4.042,4.809,5.855
2026-09-04T20:21:08Z,2026-09-04T15:21:08Z,41.9,41.1,4.184,5.348,10.849
2026-09-04T20:22:08Z,2026-09-04T15:22:08Z,42.1,41.0,4.146,5.761,8.094
2026-09-04T20:23:09Z,2026-09-04T15:23:09Z,40.5,40.8,4.426,5.759,12.318
2026-09-04T20:24:09Z,2026-09-04T15:24:09Z,42.3,40.7,4.271,5.573,8.769
2026-09-04T20:25:09Z,2026-09-04T15:25:09Z,44.0,40.6,4.229,5.247,8.218
2026-09-04T20:26:09Z,2026-09-04T15:26:09Z,43.3,40.5,4.244,5.731,7.703
2026-09-04T20:27:09Z,2026-09-04T15:27:09Z,42.3,40.4,3.96,4.794,6.596
2026-09-04T20:28:09Z,2026-09-04T15:28:09Z,41.4,40.3,3.842,4.986,7.104
2026-09-04T20:29:09Z,2026-09-04T15:29:09Z,41.0,40.2,3.629,4.7,9.158
2026-09-04T20:30:09Z,2026-09-04T15:30:09Z,41.9,40.2,4.268,5.735,22.486
2026-09-04T20:31:09Z,2026-09-04T15:31:09Z,41.7,40.1,4.382,5.762,7.977
2026-09-04T20:32:09Z,2026-09-04T15:32:09Z,43.7,40.0,4.303,5.82,9.262
2026-09-04T20:33:09Z,2026-09-04T15:33:09Z,43.6,39.9,4.331,5.805,16.553
2026-09-04T20:34:09Z,2026-09-04T15:34:09Z,42.7,39.9,4.766,5.972,9.625
2026-09-04T20:35:09Z,2026-09-04T15:35:09Z,42.6,39.8,4.432,5.488,8.006
2026-09-04T20:36:09Z,2026-09-04T15:36:09Z,43.2,39.7,4.415,5.718,7.349
2026-09-04T20:37:09Z,2026-09-04T15:37:09Z,45.3,39.6,4.354,5.381,12.311
2026-09-04T20:38:09Z,2026-09-04T15:38:09Z,45.9,39.6,4.57,5.864,8.529
2026-09-04T20:39:09Z,2026-09-04T15:39:09Z,46.3,39.5,4.43,5.503,7.353
2026-09-04T20:40:09Z,2026-09-04T15:40:09Z,44.7,39.5,4.293,5.36,6.779
2026-09-04T20:41:09Z,2026-09-04T15:41:09Z,45.6,39.5,4.685,5.843,12.885
2026-09-04T20:42:10Z,2026-09-04T15:42:10Z,43.8,39.6,4.709,6.348,7.384
2026-09-04T20:43:10Z,2026-09-04T15:43:10Z,44.7,39.7,4.307,5.42,7.975
2026-09-04T20:44:10Z,2026-09-04T15:44:10Z,42.6,39.8,4.12,5.629,10.528
2026-09-04T20:45:07Z,2026-09-04T15:45:07Z,42.2,39.8,4.331,6.025,9.302
2026-09-04T20:46:07Z,2026-09-04T15:46:07Z,41.6,39.9,4.084,5.545,12.19
2026-09-04T20:47:07Z,2026-09-04T15:47:07Z,41.3,40.0,3.894,5.243,11.832
2026-09-04T20:48:07Z,2026-09-04T15:48:07Z,40.9,40.1,3.724,4.979,10.07
2026-09-04T20:49:07Z,2026-09-04T15:49:07Z,40.5,40.2,4.026,5.438,12.155
2026-09-04T20:50:07Z,2026-09-04T15:50:07Z,40.4,40.3,3.828,4.944,6.525
2026-09-04T20:51:07Z,2026-09-04T15:51:07Z,40.3,40.5,3.87,4.792,7.155
2026-09-04T20:52:07Z,2026-09-04T15:52:07Z,41.8,40.6,3.501,4.665,8.116
2026-09-04T20:53:07Z,2026-09-04T15:53:07Z,38.2,40.7,3.664,5.085,7.336
2026-09-04T20:54:07Z,2026-09-04T15:54:07Z,39.2,40.8,3.818,4.908,18.171
2026-09-04T20:55:07Z,2026-09-04T15:55:07Z,40.5,40.9,3.92,4.902,11.426
2026-09-04T20:56:07Z,2026-09-04T15:56:07Z,39.2,41.0,3.636,4.746,20.373
2026-09-04T20:57:07Z,2026-09-04T15:57:07Z,39.6,41.1,3.885,4.891,5.353
2026-09-04T20:58:07Z,2026-09-04T15:58:07Z,40.1,41.2,3.9,4.874,8.145
2026-09-04T20:59:07Z,2026-09-04T15:59:07Z,37.7,41.3,3.609,4.763,10.36
2026-09-04T21:00:07Z,2026-09-04T16:00:07Z,38.4,41.4,3.711,4.798,8.384
2026-09-04T21:01:07Z,2026-09-04T16:01:07Z,38.3,41.5,3.882,4.861,10.265
2026-09-04T21:02:07Z,2026-09-04T16:02:07Z,37.1,41.6,4.103,5.562,8.356
2026-09-04T21:03:07Z,2026-09-04T16:03:07Z,38.1,41.7,3.796,4.779,13.558
2026-09-04T21:04:07Z,2026-09-04T16:04:07Z,37.0,41.7,3.424,4.493,11.565
2026-09-04T21:05:07Z,2026-09-04T16:05:07Z,36.8,41.8,3.317,4.774,20.382
2026-09-04T21:06:07Z,2026-09-04T16:06:07Z,37.1,41.8,3.735,4.646,8.672
2026-09-04T21:07:07Z,2026-09-04T16:07:07Z,37.1,41.9,3.333,4.41,6.914
2026-09-04T21:08:07Z,2026-09-04T16:08:07Z,35.5,41.9,3.278,4.39,20.742
2026-09-04T21:09:07Z,2026-09-04T16:09:07Z,36.3,41.9,3.651,5.092,7.517
2026-09-04T21:10:08Z,2026-09-04T16:10:08Z,36.5,42.0,3.762,5.178,6.848
2026-09-04T21:11:08Z,2026-09-04T16:11:08Z,35.7,42.0,3.476,4.603,5.565
2026-09-04T21:12:08Z,2026-09-04T16:12:08Z,35.1,42.0,3.53,5.006,12.761
2026-09-04T21:13:09Z,2026-09-04T16:13:09Z,36.5,41.9,3.574,5.094,7.352
2026-09-04T21:14:09Z,2026-09-04T16:14:09Z,37.5,41.9,3.512,4.572,4.865
2026-09-04T21:15:09Z,2026-09-04T16:15:09Z,36.1,41.9,3.181,4.154,9.029
2026-09-04T21:16:10Z,2026-09-04T16:16:10Z,37.1,41.8,3.662,4.694,8.017
2026-09-04T21:17:10Z,2026-09-04T16:17:10Z,36.2,41.7,3.559,4.486,4.743
2026-09-04T21:18:10Z,2026-09-04T16:18:10Z,35.4,41.7,3.348,4.151,25.732
2026-09-04T21:19:10Z,2026-09-04T16:19:10Z,37.4,41.6,3.694,4.705,7.544
2026-09-04T21:20:07Z,2026-09-04T16:20:07Z,36.8,41.5,3.631,4.273,5.523
2026-09-04T21:21:07Z,2026-09-04T16:21:07Z,36.9,41.4,3.458,4.635,6.342
2026-09-04T21:22:08Z,2026-09-04T16:22:08Z,36.9,41.3,3.59,4.715,12.546
2026-09-04T21:23:08Z,2026-09-04T16:23:08Z,36.2,41.2,3.561,4.958,11.305
2026-09-04T21:24:08Z,2026-09-04T16:24:08Z,37.2,41.1,3.143,4.66,19.865
2026-09-04T21:25:09Z,2026-09-04T16:25:09Z,35.1,40.9,3.145,4.515,16.847
2026-09-04T21:26:09Z,2026-09-04T16:26:09Z,36.0,40.8,2.787,3.863,14.782
2026-09-04T21:27:09Z,2026-09-04T16:27:09Z,37.0,40.7,2.643,3.707,4.354
2026-09-04T21:28:09Z,2026-09-04T16:28:09Z,37.4,40.6,2.987,3.921,27.612
2026-09-04T21:29:09Z,2026-09-04T16:29:09Z,38.1,40.5,3.355,4.502,18.977
2026-09-04T21:30:09Z,2026-09-04T16:30:09Z,37.0,40.4,3.185,4.091,5.602
2026-09-04T21:31:09Z,2026-09-04T16:31:09Z,38.4,40.2,3.488,4.75,8.803
2026-09-04T21:32:09Z,2026-09-04T16:32:09Z,40.3,40.1,3.441,4.674,12.99
2026-09-04T21:33:09Z,2026-09-04T16:33:09Z,38.3,40.0,3.554,4.655,7.205
2026-09-04T21:34:09Z,2026-09-04T16:34:09Z,39.2,39.9,3.238,4.788,8.138
2026-09-04T21:35:09Z,2026-09-04T16:35:09Z,38.5,39.8,3.491,4.676,8.025
2026-09-04T21:36:09Z,2026-09-04T16:36:09Z,38.6,39.7,3.354,4.603,19.476
2026-09-04T21:37:09Z,2026-09-04T16:37:09Z,38.9,39.6,3.497,4.554,27.16
2026-09-04T21:38:09Z,2026-09-04T16:38:09Z,39.7,39.5,3.384,4.519,9.404
2026-09-04T21:39:09Z,2026-09-04T16:39:09Z,40.4,39.4,3.177,4.622,7.132
2026-09-04T21:40:09Z,2026-09-04T16:40:09Z,41.6,39.3,3.613,5.735,140.032
2026-09-04T21:41:09Z,2026-09-04T16:41:09Z,43.3,39.3,4.181,6.152,23.222
2026-09-04T21:42:09Z,2026-09-04T16:42:09Z,44.8,39.2,4.914,7.257,40.637
2026-09-04T21:43:09Z,2026-09-04T16:43:09Z,44.1,39.1,5.458,7.239,24.432
2026-09-04T21:44:09Z,2026-09-04T16:44:09Z,45.3,39.1,5.292,7.086,25.09
2026-09-04T21:45:09Z,2026-09-04T16:45:09Z,46.0,39.0,5.694,7.692,26.481
2026-09-04T21:46:10Z,2026-09-04T16:46:10Z,45.2,38.9,5.367,6.88,23.991
2026-09-04T21:47:10Z,2026-09-04T16:47:10Z,45.3,38.8,5.292,6.926,18.585
2026-09-04T21:48:10Z,2026-09-04T16:48:10Z,45.0,38.8,5.804,7.511,24.263
2026-09-04T21:49:10Z,2026-09-04T16:49:10Z,45.3,38.7,5.323,6.993,36.265
2026-09-04T21:50:10Z,2026-09-04T16:50:10Z,45.3,38.6,5.361,6.953,15.004
2026-09-04T21:51:10Z,2026-09-04T16:51:10Z,46.9,38.5,5.449,7.004,21.168
2026-09-04T21:52:10Z,2026-09-04T16:52:10Z,48.0,38.4,5.6,7.266,31.735
2026-09-04T21:53:10Z,2026-09-04T16:53:10Z,45.9,38.4,5.232,6.811,32.581
2026-09-04T21:54:10Z,2026-09-04T16:54:10Z,45.3,38.3,4.791,6.379,30.982
2026-09-04T21:55:10Z,2026-09-04T16:55:10Z,46.1,38.2,5.122,6.852,27.621
2026-09-04T21:56:10Z,2026-09-04T16:56:10Z,47.3,38.2,5.421,7.517,36.223
2026-09-04T21:57:10Z,2026-09-04T16:57:10Z,48.2,38.1,5.627,7.466,22.216
2026-09-04T21:58:10Z,2026-09-04T16:58:10Z,47.9,38.0,5.021,6.839,17.01
2026-09-04T21:59:10Z,2026-09-04T16:59:10Z,47.8,38.0,4.993,6.298,22.582
2026-09-04T22:00:07Z,2026-09-04T17:00:07Z,48.4,37.9,5.116,6.815,11.897
2026-09-04T22:01:07Z,2026-09-04T17:01:07Z,47.2,37.8,4.804,6.403,19.231
2026-09-04T22:02:07Z,2026-09-04T17:02:07Z,48.0,37.8,5.344,6.973,14.269
2026-09-04T22:03:07Z,2026-09-04T17:03:07Z,48.2,37.7,5.67,7.016,9.791
2026-09-04T22:04:07Z,2026-09-04T17:04:07Z,48.1,37.6,5.459,7.078,23.587
2026-09-04T22:05:07Z,2026-09-04T17:05:07Z,48.7,37.5,5.167,6.793,16.554
2026-09-04T22:06:07Z,2026-09-04T17:06:07Z,48.2,37.5,5.261,6.925,30.811
2026-09-04T22:07:07Z,2026-09-04T17:07:07Z,48.4,37.4,5.121,6.454,30.534
2026-09-04T22:08:07Z,2026-09-04T17:08:07Z,48.3,37.3,5.449,6.916,16.866
2026-09-04T22:09:07Z,2026-09-04T17:09:07Z,48.9,37.2,5.471,6.814,12.89
2026-09-04T22:10:07Z,2026-09-04T17:10:07Z,48.5,37.2,5.607,7.087,10.598
2026-09-04T22:11:07Z,2026-09-04T17:11:07Z,48.5,37.1,5.522,7.059,18.499
2026-09-04T22:12:07Z,2026-09-04T17:12:07Z,48.0,37.1,5.304,6.897,13.201
2026-09-04T22:13:07Z,2026-09-04T17:13:07Z,48.4,37.0,4.888,6.214,16.458
2026-09-04T22:14:07Z,2026-09-04T17:14:07Z,48.4,37.0,5.326,6.89,24.99
2026-09-04T22:15:07Z,2026-09-04T17:15:07Z,48.4,36.9,4.954,6.416,18.133
2026-09-04T22:16:08Z,2026-09-04T17:16:08Z,49.0,36.9,5.272,6.762,12.963
2026-09-04T22:17:08Z,2026-09-04T17:17:08Z,49.5,36.8,5.128,6.782,15.244
2026-09-04T22:18:08Z,2026-09-04T17:18:08Z,50.2,36.8,5.542,7.083,20.826
2026-09-04T22:19:08Z,2026-09-04T17:19:08Z,48.8,36.7,4.912,6.77,20.149
2026-09-04T22:20:08Z,2026-09-04T17:20:08Z,49.0,36.7,5.173,6.75,26.59
2026-09-04T22:21:08Z,2026-09-04T17:21:08Z,49.6,36.6,4.893,6.332,10.444
2026-09-04T22:22:08Z,2026-09-04T17:22:08Z,50.2,36.6,4.832,6.526,36.851
2026-09-04T22:23:08Z,2026-09-04T17:23:08Z,50.4,36.5,5.322,7.174,20.459
2026-09-04T22:24:08Z,2026-09-04T17:24:08Z,50.8,36.5,5.509,7.343,25.212
2026-09-04T22:25:08Z,2026-09-04T17:25:08Z,50.1,36.4,5.657,7.477,31.627
2026-09-04T22:26:08Z,2026-09-04T17:26:08Z,50.0,36.4,5.606,7.187,22.15
2026-09-04T22:27:08Z,2026-09-04T17:27:08Z,50.2,36.3,5.252,6.891,12.577
2026-09-04T22:28:08Z,2026-09-04T17:28:08Z,50.5,36.3,5.274,6.564,16.99
2026-09-04T22:29:08Z,2026-09-04T17:29:08Z,49.9,36.2,5.104,6.905,22.565
2026-09-04T22:30:08Z,2026-09-04T17:30:08Z,50.7,36.2,5.314,7.039,15.752
2026-09-04T22:31:08Z,2026-09-04T17:31:08Z,51.6,36.2,5.252,6.931,16.913
2026-09-04T22:32:08Z,2026-09-04T17:32:08Z,50.0,36.1,5.841,7.52,24.06
2026-09-04T22:33:08Z,2026-09-04T17:33:08Z,50.9,36.1,5.76,7.439,17.648
2026-09-04T22:34:08Z,2026-09-04T17:34:08Z,50.7,36.0,5.329,6.95,20.375
2026-09-04T22:35:08Z,2026-09-04T17:35:08Z,50.1,36.0,5.007,6.548,17.233
2026-09-04T22:36:08Z,2026-09-04T17:36:08Z,50.2,35.9,5.463,6.994,16.735
2026-09-04T22:37:08Z,2026-09-04T17:37:08Z,50.1,35.9,5.368,7.168,19.256
2026-09-04T22:38:09Z,2026-09-04T17:38:09Z,51.4,35.9,5.825,7.658,12.845
2026-09-04T22:39:09Z,2026-09-04T17:39:09Z,50.3,35.8,5.738,7.205,22.704
2026-09-04T22:40:09Z,2026-09-04T17:40:09Z,50.9,35.8,5.343,6.986,21.93
2026-09-04T22:41:09Z,2026-09-04T17:41:09Z,50.3,35.8,5.533,7.223,14.322
2026-09-04T22:42:09Z,2026-09-04T17:42:09Z,51.3,35.7,5.303,6.928,20.713
2026-09-04T22:43:09Z,2026-09-04T17:43:09Z,51.9,35.7,5.354,6.824,28.653
2026-09-04T22:44:09Z,2026-09-04T17:44:09Z,51.1,35.7,5.395,6.808,18.051
2026-09-04T22:45:09Z,2026-09-04T17:45:09Z,51.4,35.7,5.634,7.675,18.734
2026-09-04T22:46:09Z,2026-09-04T17:46:09Z,51.5,35.6,5.494,7.344,14.387
2026-09-04T22:47:09Z,2026-09-04T17:47:09Z,51.8,35.6,5.662,7.241,26.908
2026-09-04T22:48:09Z,2026-09-04T17:48:09Z,51.7,35.6,5.41,6.901,38.512
2026-09-04T22:49:09Z,2026-09-04T17:49:09Z,52.3,35.6,5.913,7.716,13.49
2026-09-04T22:50:09Z,2026-09-04T17:50:09Z,52.2,35.6,5.658,7.699,17.038
2026-09-04T22:51:09Z,2026-09-04T17:51:09Z,52.4,35.5,5.917,7.332,16.124
2026-09-04T22:52:09Z,2026-09-04T17:52:09Z,52.0,35.5,6.106,7.996,19.089
2026-09-04T22:53:09Z,2026-09-04T17:53:09Z,52.6,35.5,6.003,7.651,18.09
2026-09-04T22:54:09Z,2026-09-04T17:54:09Z,52.5,35.5,5.328,7.272,24.616
2026-09-04T22:55:09Z,2026-09-04T17:55:09Z,52.4,35.5,6.113,7.66,19.13
2026-09-04T22:56:09Z,2026-09-04T17:56:09Z,52.5,35.4,5.807,7.468,21.872
2026-09-04T22:57:09Z,2026-09-04T17:57:09Z,52.8,35.4,5.999,7.376,16.002
2026-09-04T22:58:09Z,2026-09-04T17:58:09Z,52.9,35.4,5.629,7.178,21.73
2026-09-04T22:59:10Z,2026-09-04T17:59:10Z,53.0,35.4,5.862,7.679,16.673
2026-09-04T23:00:10Z,2026-09-04T18:00:10Z,52.5,35.4,5.788,7.179,25.099
2026-09-04T23:01:10Z,2026-09-04T18:01:10Z,52.7,35.4,5.701,7.507,28.892
2026-09-04T23:02:10Z,2026-09-04T18:02:10Z,53.5,35.3,6.06,7.516,23.633
2026-09-04T23:03:10Z,2026-09-04T18:03:10Z,53.0,35.3,6.049,7.503,13.942
2026-09-04T23:04:10Z,2026-09-04T18:04:10Z,53.5,35.3,5.82,7.453,31.746
2026-09-04T23:05:10Z,2026-09-04T18:05:10Z,52.9,35.3,5.851,7.38,19.161
2026-09-04T23:06:10Z,2026-09-04T18:06:10Z,53.2,35.3,5.421,7.289,31.352
2026-09-04T23:07:10Z,2026-09-04T18:07:10Z,52.9,35.3,6.094,7.947,19.415
2026-09-04T23:08:10Z,2026-09-04T18:08:10Z,52.6,35.3,6.04,7.676,28.087
2026-09-04T23:09:10Z,2026-09-04T18:09:10Z,52.9,35.3,5.47,6.901,18.267
2026-09-04T23:10:10Z,2026-09-04T18:10:10Z,52.9,35.3,5.868,7.417,16.93
2026-09-04T23:11:10Z,2026-09-04T18:11:10Z,52.9,35.3,5.883,7.732,19.312
2026-09-04T23:12:10Z,2026-09-04T18:12:10Z,53.0,35.3,6.379,7.959,24.522
2026-09-04T23:13:10Z,2026-09-04T18:13:10Z,52.9,35.3,5.385,7.085,12.711
2026-09-04T23:14:10Z,2026-09-04T18:14:10Z,53.2,35.3,6.257,7.72,33.786
2026-09-04T23:15:07Z,2026-09-04T18:15:07Z,53.1,35.3,6.327,7.756,21.557
2026-09-04T23:16:07Z,2026-09-04T18:16:07Z,52.8,35.3,5.889,7.346,14.159
2026-09-04T23:17:07Z,2026-09-04T18:17:07Z,52.6,35.3,5.909,7.445,31.619
2026-09-04T23:18:07Z,2026-09-04T18:18:07Z,53.3,35.3,6.257,7.715,20.476
2026-09-04T23:19:07Z,2026-09-04T18:19:07Z,53.1,35.2,6.075,7.532,17.476
2026-09-04T23:20:07Z,2026-09-04T18:20:07Z,53.0,35.2,5.998,7.458,17.858
2026-09-04T23:21:07Z,2026-09-04T18:21:07Z,53.4,35.2,6.119,7.552,20.314
2026-09-04T23:22:07Z,2026-09-04T18:22:07Z,53.7,35.2,6.503,8.403,34.4
2026-09-04T23:23:07Z,2026-09-04T18:23:07Z,54.2,35.2,6.09,7.558,14.325
2026-09-04T23:24:07Z,2026-09-04T18:24:07Z,54.5,35.2,5.666,7.313,19.992
2026-09-04T23:25:07Z,2026-09-04T18:25:07Z,53.9,35.1,6.277,7.807,33.125
2026-09-04T23:26:08Z,2026-09-04T18:26:08Z,54.0,35.1,6.221,8.182,45.03
2026-09-04T23:27:08Z,2026-09-04T18:27:08Z,54.2,35.1,6.32,7.807,24.685
2026-09-04T23:28:08Z,2026-09-04T18:28:08Z,54.5,35.1,6.555,8.284,24.68
2026-09-04T23:29:08Z,2026-09-04T18:29:08Z,54.1,35.0,6.602,8.24,35.845
2026-09-04T23:30:08Z,2026-09-04T18:30:08Z,54.0,35.0,6.121,8.27,23.973
2026-09-04T23:31:08Z,2026-09-04T18:31:08Z,54.2,35.0,6.372,7.905,14.608
2026-09-04T23:32:08Z,2026-09-04T18:32:08Z,54.4,34.9,6.228,7.702,33.121
2026-09-04T23:33:08Z,2026-09-04T18:33:08Z,54.5,34.9,6.568,8.228,52.549
2026-09-04T23:34:08Z,2026-09-04T18:34:08Z,54.6,34.9,5.978,7.485,17.755
2026-09-04T23:35:08Z,2026-09-04T18:35:08Z,54.9,34.8,6.023,7.376,36.51
2026-09-04T23:36:08Z,2026-09-04T18:36:08Z,55.1,34.8,6.303,7.885,27.5
2026-09-04T23:37:08Z,2026-09-04T18:37:08Z,55.3,34.8,6.487,7.678,27.325
2026-09-04T23:38:08Z,2026-09-04T18:38:08Z,55.4,34.8,6.15,8.165,20.099
2026-09-04T23:39:08Z,2026-09-04T18:39:08Z,55.4,34.7,6.297,7.796,29.423
2026-09-04T23:40:08Z,2026-09-04T18:40:08Z,55.7,34.7,6.469,7.68,20.839
2026-09-04T23:41:08Z,2026-09-04T18:41:08Z,55.3,34.7,5.433,6.749,26.609
2026-09-04T23:42:08Z,2026-09-04T18:42:08Z,55.5,34.7,4.924,6.186,19.614
2026-09-04T23:43:08Z,2026-09-04T18:43:08Z,55.7,34.6,5.362,6.358,8.434
2026-09-04T23:44:08Z,2026-09-04T18:44:08Z,56.1,34.6,4.68,6.048,21.344
2026-09-04T23:45:08Z,2026-09-04T18:45:08Z,56.9,34.6,4.811,5.88,23.74
2026-09-04T23:46:08Z,2026-09-04T18:46:08Z,56.6,34.6,4.299,5.3,41.428
2026-09-04T23:47:09Z,2026-09-04T18:47:09Z,57.0,34.5,4.271,5.634,18.052
2026-09-04T23:48:09Z,2026-09-04T18:48:09Z,57.8,34.5,4.371,5.688,17.904
2026-09-04T23:49:09Z,2026-09-04T18:49:09Z,58.9,34.5,3.976,5.33,20.38
2026-09-04T23:50:09Z,2026-09-04T18:50:09Z,58.2,34.4,4.502,5.869,15.816
2026-09-04T23:51:09Z,2026-09-04T18:51:09Z,58.8,34.4,4.108,5.091,12.159
2026-09-04T23:52:09Z,2026-09-04T18:52:09Z,59.4,34.3,4.184,5.642,15.909
2026-09-04T23:53:09Z,2026-09-04T18:53:09Z,59.7,34.3,4.651,5.928,22.8
2026-09-04T23:54:09Z,2026-09-04T18:54:09Z,58.8,34.3,4.232,5.103,22.52
2026-09-04T23:55:09Z,2026-09-04T18:55:09Z,59.6,34.2,4.015,4.839,13.929
2026-09-04T23:56:09Z,2026-09-04T18:56:09Z,60.0,34.2,4.058,5.002,10.474
2026-09-04T23:57:09Z,2026-09-04T18:57:09Z,59.7,34.1,4.135,5.357,22.112
2026-09-04T23:58:09Z,2026-09-04T18:58:09Z,59.4,34.1,4.39,5.709,8.979
2026-09-04T23:59:09Z,2026-09-04T18:59:09Z,59.8,34.0,4.053,5.163,10.156
2026-09-05T00:00:09Z,2026-09-04T19:00:09Z,59.5,34.0,4.332,5.781,12.522
2026-09-05T00:01:09Z,2026-09-04T19:01:09Z,59.4,34.0,4.498,5.453,19.845
2026-09-05T00:02:09Z,2026-09-04T19:02:09Z,59.5,33.9,4.354,5.407,14.333
2026-09-05T00:03:09Z,2026-09-04T19:03:09Z,59.7,33.9,4.564,5.761,14.082
2026-09-05T00:04:09Z,2026-09-04T19:04:09Z,60.2,33.8,4.09,5.658,14.346
2026-09-05T00:05:09Z,2026-09-04T19:05:09Z,61.3,33.8,4.176,5.63,17.271
2026-09-05T00:06:09Z,2026-09-04T19:06:09Z,60.8,33.7,4.134,5.523,14.089
2026-09-05T00:07:09Z,2026-09-04T19:07:09Z,61.0,33.7,4.054,5.17,15.642
2026-09-05T00:08:09Z,2026-09-04T19:08:09Z,61.8,33.6,4.06,5.303,30.88
2026-09-05T00:09:10Z,2026-09-04T19:09:10Z,62.3,33.5,4.088,5.641,12.99
2026-09-05T00:10:10Z,2026-09-04T19:10:10Z,62.1,33.4,4.02,5.174,7.499
2026-09-05T00:11:10Z,2026-09-04T19:11:10Z,62.7,33.4,4.143,5.488,16.013
2026-09-05T00:12:10Z,2026-09-04T19:12:10Z,63.0,33.3,3.653,4.609,6.443
2026-09-05T00:13:10Z,2026-09-04T19:13:10Z,63.3,33.2,3.998,5.177,23.526
2026-09-05T00:14:10Z,2026-09-04T19:14:10Z,63.3,33.1,3.995,5.32,9.897
2026-09-05T00:15:10Z,2026-09-04T19:15:10Z,63.2,33.1,3.839,4.995,9.447
2026-09-05T00:16:10Z,2026-09-04T19:16:10Z,63.1,33.0,4.148,5.481,10.99
2026-09-05T00:17:10Z,2026-09-04T19:17:10Z,63.5,33.0,4.069,5.329,6.016
2026-09-05T00:18:10Z,2026-09-04T19:18:10Z,63.5,32.9,3.903,5.123,17.519
2026-09-05T00:19:10Z,2026-09-04T19:19:10Z,64.0,32.9,3.829,5.239,12.222
2026-09-05T00:20:10Z,2026-09-04T19:20:10Z,64.0,32.8,3.81,4.85,9.797
2026-09-05T00:21:10Z,2026-09-04T19:21:10Z,64.2,32.8,3.998,5.463,15.581
2026-09-05T00:22:10Z,2026-09-04T19:22:10Z,64.2,32.7,4.207,5.669,12.543
2026-09-05T00:23:10Z,2026-09-04T19:23:10Z,64.3,32.7,4.237,5.857,13.1
2026-09-05T00:24:10Z,2026-09-04T19:24:10Z,64.6,32.6,3.926,5.493,16.558
2026-09-05T00:25:10Z,2026-09-04T19:25:10Z,64.6,32.6,4.248,5.541,20.543
2026-09-05T00:26:10Z,2026-09-04T19:26:10Z,65.0,32.6,4.549,6.078,14.649
2026-09-05T00:27:10Z,2026-09-04T19:27:10Z,65.5,32.5,4.395,6.082,18.032
2026-09-05T00:28:10Z,2026-09-04T19:28:10Z,65.8,32.5,4.41,5.867,11.96
2026-09-05T00:29:10Z,2026-09-04T19:29:10Z,65.8,32.5,4.219,5.666,9.409
2026-09-05T00:30:10Z,2026-09-04T19:30:10Z,65.7,32.4,4.129,5.794,9.69
2026-09-05T00:31:10Z,2026-09-04T19:31:10Z,66.0,32.4,4.191,5.508,26.693
2026-09-05T00:32:11Z,2026-09-04T19:32:11Z,65.9,32.4,4.405,5.963,22.928
2026-09-05T00:33:11Z,2026-09-04T19:33:11Z,66.1,32.3,4.526,6.191,13.504
2026-09-05T00:34:11Z,2026-09-04T19:34:11Z,65.4,32.3,4.661,6.042,13.861
2026-09-05T00:35:07Z,2026-09-04T19:35:07Z,65.6,32.3,4.231,5.825,13.545
2026-09-05T00:36:07Z,2026-09-04T19:36:07Z,65.9,32.2,4.346,5.981,13.726
2026-09-05T00:37:08Z,2026-09-04T19:37:08Z,65.8,32.2,4.454,6.189,40.107
2026-09-05T00:38:08Z,2026-09-04T19:38:08Z,65.7,32.2,4.441,5.797,20.277
2026-09-05T00:39:08Z,2026-09-04T19:39:08Z,66.2,32.2,4.375,6.175,19.538
2026-09-05T00:40:08Z,2026-09-04T19:40:08Z,66.5,32.1,4.525,6.385,13.046
2026-09-05T00:41:08Z,2026-09-04T19:41:08Z,66.7,32.1,4.202,6.212,14.982
2026-09-05T00:42:08Z,2026-09-04T19:42:08Z,67.4,32.1,4.485,6.207,22.81
2026-09-05T00:43:08Z,2026-09-04T19:43:08Z,67.8,32.1,4.5,6.116,9.809
2026-09-05T00:44:08Z,2026-09-04T19:44:08Z,68.1,32.0,4.365,5.978,17.548
2026-09-05T00:45:08Z,2026-09-04T19:45:08Z,68.3,32.0,4.254,5.684,15.863
2026-09-05T00:46:08Z,2026-09-04T19:46:08Z,68.6,32.0,4.211,5.763,12.851
2026-09-05T00:47:08Z,2026-09-04T19:47:08Z,68.7,31.9,4.258,6.097,23.259
2026-09-05T00:48:08Z,2026-09-04T19:48:08Z,68.5,31.9,4.079,5.923,17.957
2026-09-05T00:49:08Z,2026-09-04T19:49:08Z,69.1,31.9,4.141,5.979,28.61
2026-09-05T00:50:08Z,2026-09-04T19:50:08Z,69.1,31.8,4.327,5.912,13.397
2026-09-05T00:51:08Z,2026-09-04T19:51:08Z,68.6,31.8,4.437,6.067,24.162
2026-09-05T00:52:08Z,2026-09-04T19:52:08Z,69.0,31.8,4.448,6.365,16.63
2026-09-05T00:53:08Z,2026-09-04T19:53:08Z,69.0,31.7,4.405,6.242,13.904
2026-09-05T00:54:08Z,2026-09-04T19:54:08Z,68.7,31.7,4.189,6.255,20.225
2026-09-05T00:55:08Z,2026-09-04T19:55:08Z,68.4,31.7,4.446,6.443,10.584
2026-09-05T00:56:08Z,2026-09-04T19:56:08Z,69.0,31.7,3.974,5.743,16.88
2026-09-05T00:57:08Z,2026-09-04T19:57:08Z,68.9,31.6,4.115,6.193,15.648
2026-09-05T00:58:08Z,2026-09-04T19:58:08Z,68.6,31.6,4.337,5.677,11.156
2026-09-05T00:59:08Z,2026-09-04T19:59:08Z,68.9,31.5,3.944,5.74,12.159
2026-09-05T01:00:09Z,2026-09-04T20:00:09Z,69.2,31.5,4.183,5.797,14.356
2026-09-05T01:01:09Z,2026-09-04T20:01:09Z,69.5,31.4,4.279,5.674,11.006
2026-09-05T01:02:09Z,2026-09-04T20:02:09Z,69.6,31.4,4.009,5.693,11.781
2026-09-05T01:03:09Z,2026-09-04T20:03:09Z,69.7,31.4,4.147,5.73,13.572
2026-09-05T01:04:09Z,2026-09-04T20:04:09Z,69.9,31.3,3.933,5.841,11.692
2026-09-05T01:05:09Z,2026-09-04T20:05:09Z,70.0,31.3,3.897,5.41,10.473
2026-09-05T01:06:09Z,2026-09-04T20:06:09Z,69.8,31.3,4.128,5.469,8.529
2026-09-05T01:07:09Z,2026-09-04T20:07:09Z,70.0,31.2,3.943,5.463,13.609
2026-09-05T01:08:09Z,2026-09-04T20:08:09Z,69.6,31.2,3.744,4.961,17.457
2026-09-05T01:09:09Z,2026-09-04T20:09:09Z,69.7,31.2,3.819,4.933,8.776
2026-09-05T01:10:09Z,2026-09-04T20:10:09Z,69.3,31.1,3.518,4.576,8.106
2026-09-05T01:11:09Z,2026-09-04T20:11:09Z,69.1,31.1,3.575,4.331,5.226
2026-09-05T01:12:09Z,2026-09-04T20:12:09Z,67.9,31.1,3.226,4.153,15.841
2026-09-05T01:13:09Z,2026-09-04T20:13:09Z,67.6,31.0,2.827,3.584,7.645
2026-09-05T01:14:09Z,2026-09-04T20:14:09Z,67.6,31.0,2.773,3.723,6.574
2026-09-05T01:15:09Z,2026-09-04T20:15:09Z,67.9,31.0,2.866,3.951,8.234
2026-09-05T01:16:09Z,2026-09-04T20:16:09Z,67.8,30.9,3.028,3.814,15.537
2026-09-05T01:17:09Z,2026-09-04T20:17:09Z,67.7,30.9,2.754,3.505,7.138
2026-09-05T01:18:09Z,2026-09-04T20:18:09Z,67.3,30.9,2.642,3.347,20.548
2026-09-05T01:19:09Z,2026-09-04T20:19:09Z,67.3,30.8,2.794,3.357,4.693
2026-09-05T01:20:10Z,2026-09-04T20:20:10Z,66.9,30.8,2.766,3.558,7.795
2026-09-05T01:21:10Z,2026-09-04T20:21:10Z,66.8,30.8,2.694,3.257,8.725
2026-09-05T01:22:10Z,2026-09-04T20:22:10Z,67.2,30.7,2.537,3.225,7.367
2026-09-05T01:23:10Z,2026-09-04T20:23:10Z,67.3,30.7,2.561,3.393,9.278
2026-09-05T01:24:10Z,2026-09-04T20:24:10Z,68.4,30.6,2.595,3.219,6.867
2026-09-05T01:25:10Z,2026-09-04T20:25:10Z,68.0,30.6,2.699,3.466,6.472
2026-09-05T01:26:10Z,2026-09-04T20:26:10Z,68.7,30.6,2.413,3.024,13.053
2026-09-05T01:27:10Z,2026-09-04T20:27:10Z,68.0,30.5,2.542,3.33,10.138
2026-09-05T01:28:10Z,2026-09-04T20:28:10Z,68.0,30.5,2.517,3.295,7.741
2026-09-05T01:29:10Z,2026-09-04T20:29:10Z,68.1,30.5,2.519,3.273,6.701
2026-09-05T01:30:10Z,2026-09-04T20:30:10Z,67.7,30.4,2.454,3.079,4.95
2026-09-05T01:31:10Z,2026-09-04T20:31:10Z,67.9,30.4,2.727,3.416,6.751
2026-09-05T01:32:10Z,2026-09-04T20:32:10Z,68.8,30.4,2.39,3.179,9.202
2026-09-05T01:33:10Z,2026-09-04T20:33:10Z,68.5,30.3,2.625,3.419,12.996
2026-09-05T01:34:10Z,2026-09-04T20:34:10Z,68.8,30.3,2.412,3.155,4.977
2026-09-05T01:35:10Z,2026-09-04T20:35:10Z,69.0,30.3,2.398,3.08,8.867
2026-09-05T01:36:10Z,2026-09-04T20:36:10Z,69.4,30.2,2.454,3.037,4.154
2026-09-05T01:37:10Z,2026-09-04T20:37:10Z,69.5,30.2,2.558,3.359,7.596
2026-09-05T01:38:10Z,2026-09-04T20:38:10Z,69.4,30.2,2.628,3.246,6.561
2026-09-05T01:39:10Z,2026-09-04T20:39:10Z,69.2,30.2,2.657,3.442,5.528
2026-09-05T01:40:10Z,2026-09-04T20:40:10Z,69.4,30.1,2.418,3.118,6.013
2026-09-05T01:41:10Z,2026-09-04T20:41:10Z,70.0,30.1,2.591,3.217,5.07
2026-09-05T01:42:10Z,2026-09-04T20:42:10Z,70.1,30.1,2.849,3.384,5.992
2026-09-05T01:43:11Z,2026-09-04T20:43:11Z,70.3,30.1,2.737,3.405,14.817
2026-09-05T01:44:11Z,2026-09-04T20:44:11Z,70.4,30.0,2.71,3.46,13.284
2026-09-05T01:45:11Z,2026-09-04T20:45:11Z,70.0,30.0,2.857,3.6,5.879
2026-09-05T01:46:11Z,2026-09-04T20:46:11Z,70.2,30.0,2.7,3.455,9.681
2026-09-05T01:47:11Z,2026-09-04T20:47:11Z,70.3,30.0,2.918,3.881,7.504
2026-09-05T01:48:11Z,2026-09-04T20:48:11Z,70.8,30.0,2.905,3.747,10.52
2026-09-05T01:49:11Z,2026-09-04T20:49:11Z,71.1,29.9,3.103,4.073,16.615
2026-09-05T01:50:11Z,2026-09-04T20:50:11Z,71.4,29.9,3.164,4.221,11.182
2026-09-05T01:51:11Z,2026-09-04T20:51:11Z,71.8,29.9,3.252,4.267,27.814
2026-09-05T01:52:11Z,2026-09-04T20:52:11Z,72.2,29.9,3.298,4.558,11.142
2026-09-05T01:53:11Z,2026-09-04T20:53:11Z,72.4,29.8,3.252,4.4,17.456
2026-09-05T01:54:11Z,2026-09-04T20:54:11Z,72.5,29.8,3.342,4.638,17.862
2026-09-05T01:55:11Z,2026-09-04T20:55:11Z,72.4,29.8,3.374,4.497,21.016
2026-09-05T01:56:11Z,2026-09-04T20:56:11Z,72.8,29.8,3.588,4.849,9.51
2026-09-05T01:57:11Z,2026-09-04T20:57:11Z,72.8,29.8,3.276,4.724,12.466
2026-09-05T01:58:11Z,2026-09-04T20:58:11Z,73.2,29.8,3.699,5.257,15.083
2026-09-05T01:59:11Z,2026-09-04T20:59:11Z,73.5,29.7,3.86,5.363,17.089
2026-09-05T02:00:11Z,2026-09-04T21:00:11Z,73.9,29.7,3.689,5.014,16.088
2026-09-05T02:01:11Z,2026-09-04T21:01:11Z,74.3,29.7,3.709,4.991,13.98
2026-09-05T02:02:11Z,2026-09-04T21:02:11Z,74.6,29.7,3.937,5.524,11.809
2026-09-05T02:03:11Z,2026-09-04T21:03:11Z,74.9,29.7,3.656,5.084,21.175
2026-09-05T02:04:12Z,2026-09-04T21:04:12Z,75.2,29.7,3.854,5.387,22.536
2026-09-05T02:05:08Z,2026-09-04T21:05:08Z,75.5,29.7,4.088,5.469,13.404
2026-09-05T02:06:08Z,2026-09-04T21:06:08Z,75.9,29.7,4.203,5.668,23.121
2026-09-05T02:07:08Z,2026-09-04T21:07:08Z,76.1,29.7,4.22,5.629,18.337
2026-09-05T02:08:09Z,2026-09-04T21:08:09Z,76.2,29.7,4.114,5.712,21.495
2026-09-05T02:09:09Z,2026-09-04T21:09:09Z,76.2,29.7,4.353,5.784,15.981
2026-09-05T02:10:09Z,2026-09-04T21:10:09Z,76.3,29.7,4.215,5.883,13.313
2026-09-05T02:11:09Z,2026-09-04T21:11:09Z,76.4,29.7,4.376,5.817,20.242
2026-09-05T02:12:09Z,2026-09-04T21:12:09Z,76.6,29.7,4.234,5.675,20.409
2026-09-05T02:13:09Z,2026-09-04T21:13:09Z,76.8,29.7,4.537,5.937,18.85
2026-09-05T02:14:09Z,2026-09-04T21:14:09Z,76.8,29.7,4.307,5.798,19.671
2026-09-05T02:15:09Z,2026-09-04T21:15:09Z,76.7,29.7,4.268,5.979,16.247
2026-09-05T02:16:09Z,2026-09-04T21:16:09Z,76.6,29.7,4.242,5.756,15.153
2026-09-05T02:17:09Z,2026-09-04T21:17:09Z,76.4,29.7,4.328,5.788,14.262
2026-09-05T02:18:09Z,2026-09-04T21:18:09Z,76.5,29.7,3.832,5.366,21.028
2026-09-05T02:19:09Z,2026-09-04T21:19:09Z,76.4,29.7,4.196,5.569,23.338
2026-09-05T02:20:09Z,2026-09-04T21:20:09Z,76.0,29.8,4.205,5.618,36.055
2026-09-05T02:21:09Z,2026-09-04T21:21:09Z,75.9,29.8,3.847,5.282,26.006
2026-09-05T02:22:09Z,2026-09-04T21:22:09Z,76.0,29.8,4.237,5.403,25.952
2026-09-05T02:23:09Z,2026-09-04T21:23:09Z,75.9,29.8,4.089,5.801,21.435
2026-09-05T02:24:09Z,2026-09-04T21:24:09Z,76.2,29.8,4.321,5.958,14.58
2026-09-05T02:25:09Z,2026-09-04T21:25:09Z,76.0,29.8,3.912,5.206,14.939
2026-09-05T02:26:09Z,2026-09-04T21:26:09Z,76.0,29.8,3.635,5.0,29.916
2026-09-05T02:27:09Z,2026-09-04T21:27:09Z,76.0,29.9,3.834,5.401,22.248
2026-09-05T02:28:09Z,2026-09-04T21:28:09Z,75.9,29.9,3.915,5.386,25.688
2026-09-05T02:29:09Z,2026-09-04T21:29:09Z,75.8,29.9,3.888,5.198,16.608
2026-09-05T02:30:09Z,2026-09-04T21:30:09Z,75.6,29.9,3.837,5.497,12.84
2026-09-05T02:31:09Z,2026-09-04T21:31:09Z,75.6,29.9,3.818,5.275,21.84
2026-09-05T02:32:10Z,2026-09-04T21:32:10Z,75.5,29.9,3.808,5.41,30.416
2026-09-05T02:33:10Z,2026-09-04T21:33:10Z,75.3,29.9,3.867,5.721,16.693
2026-09-05T02:34:10Z,2026-09-04T21:34:10Z,75.3,29.9,3.614,5.105,16.55
2026-09-05T02:35:10Z,2026-09-04T21:35:10Z,75.3,30.0,3.761,5.255,18.137
2026-09-05T02:36:10Z,2026-09-04T21:36:10Z,75.2,30.0,3.902,5.125,36.498
2026-09-05T02:37:10Z,2026-09-04T21:37:10Z,75.3,30.0,3.874,5.003,28.422
2026-09-05T02:38:10Z,2026-09-04T21:38:10Z,75.4,30.0,3.78,5.171,19.118
2026-09-05T02:39:10Z,2026-09-04T21:39:10Z,75.2,30.0,3.675,5.308,30.751
2026-09-05T02:40:10Z,2026-09-04T21:40:10Z,75.3,30.0,3.508,4.994,18.365
2026-09-05T02:41:10Z,2026-09-04T21:41:10Z,75.3,30.0,3.665,5.048,27.47
2026-09-05T02:42:10Z,2026-09-04T21:42:10Z,75.5,30.0,3.712,5.026,41.741
2026-09-05T02:43:10Z,2026-09-04T21:43:10Z,75.3,30.0,3.782,5.389,22.16
2026-09-05T02:44:10Z,2026-09-04T21:44:10Z,75.4,30.0,3.563,5.099,39.7
2026-09-05T02:45:10Z,2026-09-04T21:45:10Z,75.6,30.1,3.61,5.018,13.211
2026-09-05T02:46:10Z,2026-09-04T21:46:10Z,75.5,30.1,3.684,4.893,22.893
2026-09-05T02:47:10Z,2026-09-04T21:47:10Z,75.6,30.1,3.638,4.974,28.96
2026-09-05T02:48:10Z,2026-09-04T21:48:10Z,75.7,30.1,3.497,5.328,26.525
2026-09-05T02:49:10Z,2026-09-04T21:49:10Z,75.8,30.1,3.367,4.74,15.108
2026-09-05T02:50:10Z,2026-09-04T21:50:10Z,75.7,30.1,3.323,4.917,12.079
2026-09-05T02:51:10Z,2026-09-04T21:51:10Z,75.8,30.1,3.589,5.349,16.237
2026-09-05T02:52:10Z,2026-09-04T21:52:10Z,75.9,30.1,3.511,5.292,16.843
2026-09-05T02:53:10Z,2026-09-04T21:53:10Z,76.0,30.1,3.639,5.094,21.295
2026-09-05T02:54:10Z,2026-09-04T21:54:10Z,75.8,30.1,3.725,5.202,8.709
2026-09-05T02:55:11Z,2026-09-04T21:55:11Z,76.0,30.1,3.417,4.867,20.244
2026-09-05T02:56:11Z,2026-09-04T21:56:11Z,75.9,30.1,3.587,5.119,20.511
2026-09-05T02:57:11Z,2026-09-04T21:57:11Z,76.1,30.1,3.457,4.93,20.788
2026-09-05T02:58:11Z,2026-09-04T21:58:11Z,76.1,30.1,3.627,4.741,32.56
2026-09-05T02:59:11Z,2026-09-04T21:59:11Z,76.0,30.1,3.572,4.793,15.278
2026-09-05T03:00:11Z,2026-09-04T22:00:11Z,76.0,30.1,3.631,5.363,18.387
2026-09-05T03:01:11Z,2026-09-04T22:01:11Z,76.2,30.1,3.724,5.443,56.151
2026-09-05T03:02:11Z,2026-09-04T22:02:11Z,76.0,30.1,3.661,4.977,11.769
2026-09-05T03:03:11Z,2026-09-04T22:03:11Z,76.2,30.1,3.507,5.174,20.644
2026-09-05T03:04:11Z,2026-09-04T22:04:11Z,76.0,30.1,3.678,5.278,52.031
2026-09-05T03:05:11Z,2026-09-04T22:05:11Z,76.1,30.1,3.737,5.338,28.724
2026-09-05T03:06:11Z,2026-09-04T22:06:11Z,76.1,30.1,3.691,5.291,11.028
2026-09-05T03:07:11Z,2026-09-04T22:07:11Z,76.1,30.1,3.592,5.048,27.192
2026-09-05T03:08:11Z,2026-09-04T22:08:11Z,76.3,30.1,3.529,4.989,23.427
2026-09-05T03:09:11Z,2026-09-04T22:09:11Z,76.1,30.1,3.756,5.303,17.336
2026-09-05T03:10:11Z,2026-09-04T22:10:11Z,76.1,30.1,3.766,5.091,20.778
2026-09-05T03:11:11Z,2026-09-04T22:11:11Z,76.3,30.1,3.692,5.384,34.221
2026-09-05T03:12:11Z,2026-09-04T22:12:11Z,76.4,30.1,3.651,5.396,23.371
2026-09-05T03:13:11Z,2026-09-04T22:13:11Z,76.5,30.1,3.853,5.015,20.625
2026-09-05T03:14:11Z,2026-09-04T22:14:11Z,76.4,30.1,3.842,5.346,30.745
2026-09-05T03:15:11Z,2026-09-04T22:15:11Z,76.4,30.1,3.913,5.617,22.573
2026-09-05T03:16:11Z,2026-09-04T22:16:11Z,76.5,30.0,3.729,5.593,33.522
2026-09-05T03:17:11Z,2026-09-04T22:17:11Z,76.4,30.0,3.919,5.367,31.4
2026-09-05T03:18:11Z,2026-09-04T22:18:11Z,76.5,30.0,3.546,5.081,22.133
2026-09-05T03:19:12Z,2026-09-04T22:19:12Z,76.5,30.0,3.757,4.986,31.214
2026-09-05T03:20:12Z,2026-09-04T22:20:12Z,76.4,30.0,3.728,5.515,27.221
2026-09-05T03:21:12Z,2026-09-04T22:21:12Z,76.5,30.0,3.732,5.13,20.621
2026-09-05T03:22:12Z,2026-09-04T22:22:12Z,76.5,30.0,3.816,5.233,28.602
2026-09-05T03:23:12Z,2026-09-04T22:23:12Z,76.6,30.0,3.692,5.52,15.784
2026-09-05T03:24:12Z,2026-09-04T22:24:12Z,76.6,30.0,3.51,5.081,48.125
2026-09-05T03:25:12Z,2026-09-04T22:25:12Z,76.8,30.0,3.631,5.026,16.808
2026-09-05T03:26:12Z,2026-09-04T22:26:12Z,76.6,30.0,3.765,5.189,25.857
2026-09-05T03:27:12Z,2026-09-04T22:27:12Z,76.7,30.0,3.86,5.673,16.061
2026-09-05T03:28:12Z,2026-09-04T22:28:12Z,76.9,30.0,3.462,5.007,31.168
2026-09-05T03:29:12Z,2026-09-04T22:29:12Z,76.8,30.0,3.555,5.107,26.263
2026-09-05T03:30:09Z,2026-09-04T22:30:09Z,76.9,30.0,3.778,5.783,47.523
2026-09-05T03:31:09Z,2026-09-04T22:31:09Z,76.8,30.0,3.87,5.22,25.714
2026-09-05T03:32:09Z,2026-09-04T22:32:09Z,76.7,30.0,3.654,5.024,20.567
2026-09-05T03:33:09Z,2026-09-04T22:33:09Z,76.9,30.0,3.534,5.176,24.145
2026-09-05T03:34:09Z,2026-09-04T22:34:09Z,76.8,30.0,3.593,4.818,18.232
2026-09-05T03:35:09Z,2026-09-04T22:35:09Z,77.0,30.0,3.543,5.15,24.054
2026-09-05T03:36:09Z,2026-09-04T22:36:09Z,77.0,29.9,3.739,5.121,35.654
2026-09-05T03:37:09Z,2026-09-04T22:37:09Z,76.9,29.9,3.52,5.021,33.911
2026-09-05T03:38:09Z,2026-09-04T22:38:09Z,77.2,29.9,3.595,5.098,19.936
2026-09-05T03:39:09Z,2026-09-04T22:39:09Z,77.0,29.9,3.433,4.833,22.086
2026-09-05T03:40:09Z,2026-09-04T22:40:09Z,77.1,29.9,3.665,5.121,13.576
2026-09-05T03:41:09Z,2026-09-04T22:41:09Z,77.2,29.9,3.515,4.875,19.287
2026-09-05T03:42:09Z,2026-09-04T22:42:09Z,77.1,29.9,3.562,5.128,14.514
2026-09-05T03:43:09Z,2026-09-04T22:43:09Z,77.2,29.9,3.717,4.993,37.061
2026-09-05T03:44:09Z,2026-09-04T22:44:09Z,77.3,29.9,3.852,5.397,30.169
2026-09-05T03:45:09Z,2026-09-04T22:45:09Z,77.2,29.9,3.399,5.083,20.714
2026-09-05T03:46:09Z,2026-09-04T22:46:09Z,77.2,29.9,3.458,5.328,34.276
2026-09-05T03:47:09Z,2026-09-04T22:47:09Z,77.2,29.9,3.641,4.878,19.827
2026-09-05T03:48:10Z,2026-09-04T22:48:10Z,77.3,29.9,3.474,4.81,30.82
2026-09-05T03:49:10Z,2026-09-04T22:49:10Z,77.3,29.9,3.677,5.171,24.425
2026-09-05T03:50:10Z,2026-09-04T22:50:10Z,77.3,29.9,3.54,4.825,18.614
2026-09-05T03:51:10Z,2026-09-04T22:51:10Z,77.3,29.9,3.694,5.496,25.317
2026-09-05T03:52:10Z,2026-09-04T22:52:10Z,77.4,29.9,3.633,5.017,11.891
2026-09-05T03:53:10Z,2026-09-04T22:53:10Z,77.4,29.9,3.714,4.965,13.577
2026-09-05T03:54:10Z,2026-09-04T22:54:10Z,77.3,29.9,3.753,5.409,17.248
2026-09-05T03:55:10Z,2026-09-04T22:55:10Z,77.5,29.8,3.927,5.219,19.163
2026-09-05T03:56:10Z,2026-09-04T22:56:10Z,77.5,29.8,3.679,5.09,24.086
2026-09-05T03:57:10Z,2026-09-04T22:57:10Z,77.5,29.8,3.775,5.282,22.93
2026-09-05T03:58:10Z,2026-09-04T22:58:10Z,77.4,29.8,3.658,5.273,50.088
2026-09-05T03:59:10Z,2026-09-04T22:59:10Z,77.4,29.8,3.732,5.438,21.001
2026-09-05T04:00:10Z,2026-09-04T23:00:10Z,77.6,29.8,3.265,4.867,23.807
2026-09-05T04:01:10Z,2026-09-04T23:01:10Z,77.5,29.8,3.605,5.344,31.841
2026-09-05T04:02:10Z,2026-09-04T23:02:10Z,77.6,29.8,3.668,5.033,13.597
2026-09-05T04:03:10Z,2026-09-04T23:03:10Z,77.6,29.8,3.423,4.83,20.518
2026-09-05T04:04:10Z,2026-09-04T23:04:10Z,77.6,29.8,3.393,4.975,31.632
2026-09-05T04:05:10Z,2026-09-04T23:05:10Z,77.6,29.8,3.586,5.177,15.893
2026-09-05T04:06:10Z,2026-09-04T23:06:10Z,77.9,29.8,3.522,5.162,37.407
2026-09-05T04:07:10Z,2026-09-04T23:07:10Z,77.8,29.8,3.462,4.967,11.326
2026-09-05T04:08:10Z,2026-09-04T23:08:10Z,77.8,29.8,3.696,5.425,19.16
2026-09-05T04:09:10Z,2026-09-04T23:09:10Z,78.0,29.8,3.621,5.004,26.803
2026-09-05T04:10:10Z,2026-09-04T23:10:10Z,77.9,29.8,3.46,5.266,38.326
2026-09-05T04:11:10Z,2026-09-04T23:11:10Z,77.7,29.8,3.591,4.998,14.683
2026-09-05T04:12:10Z,2026-09-04T23:12:10Z,77.9,29.8,3.441,4.585,18.729
2026-09-05T04:13:11Z,2026-09-04T23:13:11Z,77.9,29.8,3.342,4.787,38.507
2026-09-05T04:14:11Z,2026-09-04T23:14:11Z,78.0,29.8,3.4,4.724,31.714
2026-09-05T04:15:11Z,2026-09-04T23:15:11Z,78.0,29.8,3.435,4.928,18.334
2026-09-05T04:16:11Z,2026-09-04T23:16:11Z,78.0,29.7,3.613,5.161,19.872
2026-09-05T04:17:11Z,2026-09-04T23:17:11Z,78.0,29.7,3.193,4.576,22.969
2026-09-05T04:18:11Z,2026-09-04T23:18:11Z,78.0,29.7,3.301,4.87,16.992
2026-09-05T04:19:11Z,2026-09-04T23:19:11Z,78.0,29.7,3.411,4.877,30.503
2026-09-05T04:20:11Z,2026-09-04T23:20:11Z,78.0,29.7,3.527,5.331,20.204
2026-09-05T04:21:11Z,2026-09-04T23:21:11Z,78.1,29.7,3.452,5.249,31.154
2026-09-05T04:22:11Z,2026-09-04T23:22:11Z,78.2,29.7,3.543,4.939,31.968
2026-09-05T04:23:11Z,2026-09-04T23:23:11Z,78.2,29.7,3.268,4.722,19.226
2026-09-05T04:24:11Z,2026-09-04T23:24:11Z,78.2,29.7,3.464,5.021,31.358
2026-09-05T04:25:11Z,2026-09-04T23:25:11Z,78.3,29.7,3.377,5.026,26.127
2026-09-05T04:26:11Z,2026-09-04T23:26:11Z,78.4,29.7,3.278,4.826,28.657
2026-09-05T04:27:11Z,2026-09-04T23:27:11Z,78.3,29.7,3.407,5.143,20.069
2026-09-05T04:28:11Z,2026-09-04T23:28:11Z,78.2,29.7,3.515,5.105,25.916
2026-09-05T04:29:11Z,2026-09-04T23:29:11Z,78.3,29.7,3.448,4.901,26.129
2026-09-05T04:30:11Z,2026-09-04T23:30:11Z,78.4,29.7,3.215,4.784,12.195
2026-09-05T04:31:11Z,2026-09-04T23:31:11Z,78.4,29.6,3.425,4.938,20.814
2026-09-05T04:32:11Z,2026-09-04T23:32:11Z,78.3,29.6,3.344,4.781,13.584
2026-09-05T04:33:11Z,2026-09-04T23:33:11Z,78.4,29.6,3.329,5.188,19.534
2026-09-05T04:34:11Z,2026-09-04T23:34:11Z,78.5,29.6,3.557,4.719,23.623
2026-09-05T04:35:11Z,2026-09-04T23:35:11Z,78.5,29.6,3.23,4.674,21.869
2026-09-05T04:36:12Z,2026-09-04T23:36:12Z,78.5,29.6,3.234,4.444,13.806
2026-09-05T04:37:12Z,2026-09-04T23:37:12Z,78.6,29.6,3.381,4.614,13.546
2026-09-05T04:38:12Z,2026-09-04T23:38:12Z,78.7,29.6,3.404,4.687,15.873
2026-09-05T04:39:12Z,2026-09-04T23:39:12Z,78.6,29.6,3.154,4.496,17.524
2026-09-05T04:40:12Z,2026-09-04T23:40:12Z,78.7,29.6,3.349,4.628,26.906
2026-09-05T04:41:12Z,2026-09-04T23:41:12Z,78.7,29.6,3.624,5.196,43.087
2026-09-05T04:42:12Z,2026-09-04T23:42:12Z,78.8,29.6,3.47,5.1,12.489
2026-09-05T04:43:12Z,2026-09-04T23:43:12Z,78.9,29.6,3.345,5.012,28.591
2026-09-05T04:44:12Z,2026-09-04T23:44:12Z,78.8,29.6,3.226,4.816,19.421
2026-09-05T04:45:12Z,2026-09-04T23:45:12Z,78.7,29.5,3.442,5.142,36.539
2026-09-05T04:46:12Z,2026-09-04T23:46:12Z,78.8,29.5,3.339,4.72,18.466
2026-09-05T04:47:12Z,2026-09-04T23:47:12Z,78.6,29.5,3.369,4.666,21.795
2026-09-05T04:48:12Z,2026-09-04T23:48:12Z,78.7,29.5,3.448,5.079,12.874
2026-09-05T04:49:12Z,2026-09-04T23:49:12Z,78.8,29.5,3.366,4.916,16.614
2026-09-05T04:50:09Z,2026-09-04T23:50:09Z,78.8,29.5,3.355,4.852,24.668
2026-09-05T04:51:09Z,2026-09-04T23:51:09Z,78.9,29.5,3.077,4.76,20.7
2026-09-05T04:52:09Z,2026-09-04T23:52:09Z,78.7,29.5,3.223,4.581,19.24
2026-09-05T04:53:09Z,2026-09-04T23:53:09Z,79.0,29.5,3.268,4.857,12.532
2026-09-05T04:54:09Z,2026-09-04T23:54:09Z,79.0,29.5,3.249,4.511,19.124
2026-09-05T04:55:09Z,2026-09-04T23:55:09Z,79.0,29.5,3.127,4.458,30.696
2026-09-05T04:56:09Z,2026-09-04T23:56:09Z,78.9,29.5,3.29,4.619,21.157
2026-09-05T04:57:09Z,2026-09-04T23:57:09Z,79.0,29.5,3.401,4.995,33.472
2026-09-05T04:58:09Z,2026-09-04T23:58:09Z,79.0,29.5,3.412,4.956,30.232
2026-09-05T04:59:09Z,2026-09-04T23:59:09Z,78.8,29.5,3.234,4.37,27.452
2026-09-05T05:00:09Z,2026-09-05T00:00:09Z,79.0,29.5,3.165,4.563,18.369
2026-09-05T05:01:09Z,2026-09-05T00:01:09Z,79.1,29.5,3.443,4.689,20.476
2026-09-05T05:02:09Z,2026-09-05T00:02:09Z,79.2,29.5,3.488,4.61,30.508
2026-09-05T05:03:09Z,2026-09-05T00:03:09Z,79.2,29.5,3.497,4.965,24.443
2026-09-05T05:04:09Z,2026-09-05T00:04:09Z,79.3,29.4,3.351,4.906,22.466
2026-09-05T05:05:10Z,2026-09-05T00:05:10Z,79.3,29.4,3.551,5.013,22.862
2026-09-05T05:06:10Z,2026-09-05T00:06:10Z,79.2,29.4,3.495,4.768,21.233
2026-09-05T05:07:10Z,2026-09-05T00:07:10Z,79.2,29.4,3.599,4.98,19.271
2026-09-05T05:08:10Z,2026-09-05T00:08:10Z,79.2,29.4,3.3,5.077,37.611
2026-09-05T05:09:10Z,2026-09-05T00:09:10Z,79.2,29.4,3.368,4.841,17.606
2026-09-05T05:10:10Z,2026-09-05T00:10:10Z,79.3,29.4,3.361,4.987,24.955
2026-09-05T05:11:10Z,2026-09-05T00:11:10Z,79.2,29.4,3.4,4.66,14.688
2026-09-05T05:12:10Z,2026-09-05T00:12:10Z,79.2,29.4,3.369,4.761,31.755
2026-09-05T05:13:10Z,2026-09-05T00:13:10Z,79.3,29.4,3.213,4.564,25.369
2026-09-05T05:14:10Z,2026-09-05T00:14:10Z,79.1,29.4,3.482,4.825,18.603
2026-09-05T05:15:10Z,2026-09-05T00:15:10Z,79.2,29.4,3.163,4.538,21.578
2026-09-05T05:16:10Z,2026-09-05T00:16:10Z,79.1,29.4,3.561,4.734,11.293
2026-09-05T05:17:10Z,2026-09-05T00:17:10Z,79.1,29.4,3.429,4.285,27.82
2026-09-05T05:18:10Z,2026-09-05T00:18:10Z,79.2,29.4,3.451,4.91,15.315
2026-09-05T05:19:10Z,2026-09-05T00:19:10Z,79.1,29.4,3.455,4.554,36.773
2026-09-05T05:20:10Z,2026-09-05T00:20:10Z,79.1,29.4,3.376,4.592,18.622
2026-09-05T05:21:10Z,2026-09-05T00:21:10Z,79.2,29.3,3.314,4.948,27.546
2026-09-05T05:22:10Z,2026-09-05T00:22:10Z,79.2,29.3,3.36,4.644,23.052
2026-09-05T05:23:10Z,2026-09-05T00:23:10Z,79.3,29.3,3.62,4.925,23.698
2026-09-05T05:24:10Z,2026-09-05T00:24:10Z,79.4,29.3,3.415,4.952,18.452
2026-09-05T05:25:10Z,2026-09-05T00:25:10Z,79.4,29.3,3.367,4.921,21.828
2026-09-05T05:26:11Z,2026-09-05T00:26:11Z,79.6,29.3,3.28,4.595,18.843
2026-09-05T05:27:11Z,2026-09-05T00:27:11Z,79.7,29.3,3.246,4.781,19.525
2026-09-05T05:28:11Z,2026-09-05T00:28:11Z,79.7,29.3,3.525,4.938,23.744
2026-09-05T05:29:11Z,2026-09-05T00:29:11Z,79.7,29.3,3.364,5.156,21.466
2026-09-05T05:30:11Z,2026-09-05T00:30:11Z,79.7,29.3,3.411,4.768,25.611
2026-09-05T05:31:11Z,2026-09-05T00:31:11Z,79.8,29.3,3.493,4.692,21.185
2026-09-05T05:32:11Z,2026-09-05T00:32:11Z,79.8,29.3,3.557,5.241,19.817
2026-09-05T05:33:11Z,2026-09-05T00:33:11Z,79.8,29.3,3.394,5.095,31.162
2026-09-05T05:34:11Z,2026-09-05T00:34:11Z,79.8,29.3,3.368,4.754,33.438
2026-09-05T05:35:11Z,2026-09-05T00:35:11Z,79.9,29.3,3.625,4.62,26.955
2026-09-05T05:36:11Z,2026-09-05T00:36:11Z,80.0,29.3,3.42,5.051,19.74
2026-09-05T05:37:11Z,2026-09-05T00:37:11Z,80.0,29.3,3.464,4.74,37.315
2026-09-05T05:38:11Z,2026-09-05T00:38:11Z,80.0,29.2,3.426,4.875,22.223
2026-09-05T05:39:11Z,2026-09-05T00:39:11Z,80.1,29.2,3.481,5.111,24.872
2026-09-05T05:40:11Z,2026-09-05T00:40:11Z,80.1,29.2,3.251,4.851,25.297
2026-09-05T05:41:11Z,2026-09-05T00:41:11Z,80.2,29.2,3.488,4.915,23.617
2026-09-05T05:42:11Z,2026-09-05T00:42:11Z,80.2,29.2,3.475,5.086,28.639
2026-09-05T05:43:11Z,2026-09-05T00:43:11Z,80.2,29.2,3.333,4.898,32.545
2026-09-05T05:44:11Z,2026-09-05T00:44:11Z,80.3,29.2,3.231,4.824,31.354
2026-09-05T05:45:11Z,2026-09-05T00:45:11Z,80.3,29.2,3.36,5.1,23.788
2026-09-05T05:46:11Z,2026-09-05T00:46:11Z,80.2,29.2,3.428,4.879,26.087
2026-09-05T05:47:11Z,2026-09-05T00:47:11Z,80.2,29.2,3.348,4.583,21.516
2026-09-05T05:48:11Z,2026-09-05T00:48:11Z,80.3,29.2,3.471,5.207,28.325
2026-09-05T05:49:12Z,2026-09-05T00:49:12Z,80.3,29.2,3.558,4.973,24.686
2026-09-05T05:50:12Z,2026-09-05T00:50:12Z,80.4,29.2,3.386,4.51,12.828
2026-09-05T05:51:12Z,2026-09-05T00:51:12Z,80.5,29.2,3.231,4.646,29.876
2026-09-05T05:52:12Z,2026-09-05T00:52:12Z,80.6,29.2,3.311,4.734,12.176
2026-09-05T05:53:12Z,2026-09-05T00:53:12Z,80.5,29.1,3.621,5.07,16.77
2026-09-05T05:54:12Z,2026-09-05T00:54:12Z,80.4,29.1,3.36,4.779,14.653
2026-09-05T05:55:12Z,2026-09-05T00:55:12Z,80.5,29.1,3.393,4.55,42.631
2026-09-05T05:56:12Z,2026-09-05T00:56:12Z,80.5,29.1,3.514,4.846,19.012
2026-09-05T05:57:12Z,2026-09-05T00:57:12Z,80.6,29.1,3.44,5.064,14.539
2026-09-05T05:58:12Z,2026-09-05T00:58:12Z,80.6,29.1,3.387,4.925,18.021
2026-09-05T05:59:12Z,2026-09-05T00:59:12Z,80.7,29.1,3.42,4.524,32.956
2026-09-05T06:00:12Z,2026-09-05T01:00:12Z,80.7,29.1,3.316,4.6,16.966
2026-09-05T06:01:12Z,2026-09-05T01:01:12Z,80.7,29.1,3.351,4.924,18.743
2026-09-05T06:02:12Z,2026-09-05T01:02:12Z,80.8,29.1,3.276,4.872,32.63
2026-09-05T06:03:12Z,2026-09-05T01:03:12Z,80.7,29.1,3.519,5.337,18.758
2026-09-05T06:04:12Z,2026-09-05T01:04:12Z,80.7,29.1,3.293,4.802,14.968
2026-09-05T06:05:09Z,2026-09-05T01:05:09Z,80.7,29.1,3.273,4.931,15.014
2026-09-05T06:06:09Z,2026-09-05T01:06:09Z,80.8,29.1,3.33,4.527,26.835
2026-09-05T06:07:09Z,2026-09-05T01:07:09Z,80.9,29.1,3.178,4.866,18.533
2026-09-05T06:08:09Z,2026-09-05T01:08:09Z,80.8,29.1,3.343,5.071,17.865
2026-09-05T06:09:09Z,2026-09-05T01:09:09Z,80.8,29.1,3.16,4.588,42.33
2026-09-05T06:10:09Z,2026-09-05T01:10:09Z,80.8,29.1,3.244,4.887,35.197
2026-09-05T06:11:09Z,2026-09-05T01:11:09Z,80.9,29.1,3.287,4.63,19.577
2026-09-05T06:12:09Z,2026-09-05T01:12:09Z,80.9,29.0,3.573,5.243,17.846
2026-09-05T06:13:09Z,2026-09-05T01:13:09Z,81.0,29.0,3.508,4.897,26.261
2026-09-05T06:14:09Z,2026-09-05T01:14:09Z,81.0,29.0,3.431,4.899,25.425
2026-09-05T06:15:09Z,2026-09-05T01:15:09Z,81.0,29.0,3.461,4.878,33.934
2026-09-05T06:16:10Z,2026-09-05T01:16:10Z,81.1,29.0,3.393,4.954,23.052
2026-09-05T06:17:10Z,2026-09-05T01:17:10Z,81.2,29.0,3.157,4.694,17.269
2026-09-05T06:18:10Z,2026-09-05T01:18:10Z,81.3,29.0,3.704,5.122,40.012
2026-09-05T06:19:10Z,2026-09-05T01:19:10Z,81.4,29.0,3.523,5.245,29.792
2026-09-05T06:20:10Z,2026-09-05T01:20:10Z,81.4,29.0,3.644,5.139,38.154
2026-09-05T06:21:10Z,2026-09-05T01:21:10Z,81.4,29.0,3.317,5.031,24.006
2026-09-05T06:22:10Z,2026-09-05T01:22:10Z,81.5,29.0,3.336,4.915,21.661
2026-09-05T06:23:10Z,2026-09-05T01:23:10Z,81.6,29.0,3.507,4.837,16.315
2026-09-05T06:24:10Z,2026-09-05T01:24:10Z,81.6,29.0,3.535,5.115,23.026
2026-09-05T06:25:10Z,2026-09-05T01:25:10Z,81.6,28.9,3.369,4.916,26.961
2026-09-05T06:26:10Z,2026-09-05T01:26:10Z,81.6,28.9,3.284,4.795,25.012
2026-09-05T06:27:10Z,2026-09-05T01:27:10Z,81.6,28.9,3.215,5.332,28.509
2026-09-05T06:28:10Z,2026-09-05T01:28:10Z,81.7,28.9,3.435,5.294,21.817
2026-09-05T06:29:10Z,2026-09-05T01:29:10Z,81.8,28.9,3.472,5.343,20.317
2026-09-05T06:30:10Z,2026-09-05T01:30:10Z,81.7,28.9,3.453,5.369,18.04
2026-09-05T06:31:10Z,2026-09-05T01:31:10Z,81.8,28.9,3.359,4.78,23.715
2026-09-05T06:32:10Z,2026-09-05T01:32:10Z,81.9,28.9,3.317,4.951,24.934
2026-09-05T06:33:10Z,2026-09-05T01:33:10Z,81.9,28.9,3.346,4.711,15.281
2026-09-05T06:34:10Z,2026-09-05T01:34:10Z,81.9,28.9,3.262,4.552,16.515
2026-09-05T06:35:10Z,2026-09-05T01:35:10Z,81.9,28.9,3.279,4.993,17.969
2026-09-05T06:36:10Z,2026-09-05T01:36:10Z,82.0,28.9,3.343,5.072,24.606
2026-09-05T06:37:10Z,2026-09-05T01:37:10Z,82.0,28.9,3.286,4.76,28.546
2026-09-05T06:38:11Z,2026-09-05T01:38:11Z,82.1,28.8,3.143,4.625,24.382
2026-09-05T06:39:11Z,2026-09-05T01:39:11Z,82.0,28.8,3.318,4.573,17.572
2026-09-05T06:40:11Z,2026-09-05T01:40:11Z,82.1,28.8,3.32,4.666,14.189
2026-09-05T06:41:11Z,2026-09-05T01:41:11Z,82.1,28.8,3.175,4.579,35.668
2026-09-05T06:42:11Z,2026-09-05T01:42:11Z,82.2,28.8,3.124,4.674,29.206
2026-09-05T06:43:11Z,2026-09-05T01:43:11Z,82.1,28.8,3.155,4.537,12.026
2026-09-05T06:44:11Z,2026-09-05T01:44:11Z,82.1,28.8,2.911,4.348,22.489
2026-09-05T06:45:11Z,2026-09-05T01:45:11Z,82.1,28.8,3.09,4.261,28.496
2026-09-05T06:46:11Z,2026-09-05T01:46:11Z,82.1,28.8,3.204,4.716,12.826
2026-09-05T06:47:11Z,2026-09-05T01:47:11Z,82.1,28.8,3.303,4.686,21.228
2026-09-05T06:48:11Z,2026-09-05T01:48:11Z,82.1,28.8,3.41,4.954,15.447
2026-09-05T06:49:11Z,2026-09-05T01:49:11Z,82.2,28.8,3.245,4.676,19.186
2026-09-05T06:50:11Z,2026-09-05T01:50:11Z,82.3,28.8,3.456,4.912,31.016
2026-09-05T06:51:11Z,2026-09-05T01:51:11Z,82.3,28.8,3.398,5.024,31.391
2026-09-05T06:52:11Z,2026-09-05T01:52:11Z,82.3,28.8,3.418,4.953,21.762
2026-09-05T06:53:11Z,2026-09-05T01:53:11Z,82.4,28.8,3.58,4.842,29.49
2026-09-05T06:54:11Z,2026-09-05T01:54:11Z,82.4,28.8,3.371,5.037,22.05
2026-09-05T06:55:11Z,2026-09-05T01:55:11Z,82.4,28.7,3.226,4.792,16.93
2026-09-05T06:56:11Z,2026-09-05T01:56:11Z,82.4,28.7,3.482,5.037,16.9
2026-09-05T06:57:11Z,2026-09-05T01:57:11Z,82.3,28.7,3.533,5.064,15.817
2026-09-05T06:58:11Z,2026-09-05T01:58:11Z,82.3,28.7,3.382,4.92,41.775
2026-09-05T06:59:11Z,2026-09-05T01:59:11Z,82.3,28.7,3.45,5.094,20.54
2026-09-05T07:00:11Z,2026-09-05T02:00:11Z,82.3,28.7,3.371,4.952,26.007
2026-09-05T07:01:12Z,2026-09-05T02:01:12Z,82.3,28.7,3.685,4.894,22.706
2026-09-05T07:02:12Z,2026-09-05T02:02:12Z,82.3,28.7,3.411,4.616,24.324
2026-09-05T07:03:12Z,2026-09-05T02:03:12Z,82.3,28.7,3.408,4.955,37.1
2026-09-05T07:04:12Z,2026-09-05T02:04:12Z,82.3,28.7,3.348,4.78,23.588
2026-09-05T07:05:12Z,2026-09-05T02:05:12Z,82.3,28.7,3.695,4.874,22.224
2026-09-05T07:06:12Z,2026-09-05T02:06:12Z,82.4,28.7,3.709,5.002,25.714
2026-09-05T07:07:12Z,2026-09-05T02:07:12Z,82.4,28.7,3.19,4.627,14.2
2026-09-05T07:08:12Z,2026-09-05T02:08:12Z,82.5,28.7,3.504,5.072,17.43
2026-09-05T07:09:12Z,2026-09-05T02:09:12Z,82.5,28.7,3.445,4.512,20.65
2026-09-05T07:10:12Z,2026-09-05T02:10:12Z,82.5,28.6,3.425,4.95,22.248
2026-09-05T07:11:12Z,2026-09-05T02:11:12Z,82.6,28.6,3.514,4.853,16.884
2026-09-05T07:12:12Z,2026-09-05T02:12:12Z,82.6,28.6,3.386,4.785,28.03
2026-09-05T07:13:12Z,2026-09-05T02:13:12Z,82.5,28.6,3.401,5.278,14.573
2026-09-05T07:14:12Z,2026-09-05T02:14:12Z,82.6,28.6,3.508,4.64,25.126
2026-09-05T07:15:12Z,2026-09-05T02:15:12Z,82.8,28.6,3.382,4.973,18.701
2026-09-05T07:16:12Z,2026-09-05T02:16:12Z,82.8,28.6,3.331,5.012,20.038
2026-09-05T07:17:12Z,2026-09-05T02:17:12Z,82.8,28.6,3.477,5.125,25.42
2026-09-05T07:18:12Z,2026-09-05T02:18:12Z,82.9,28.6,3.382,4.808,39.646
2026-09-05T07:19:12Z,2026-09-05T02:19:12Z,82.9,28.6,3.478,4.911,24.756
2026-09-05T07:20:12Z,2026-09-05T02:20:12Z,83.0,28.5,3.237,4.625,32.711
2026-09-05T07:21:12Z,2026-09-05T02:21:12Z,83.0,28.5,3.204,4.691,22.671
2026-09-05T07:22:12Z,2026-09-05T02:22:12Z,83.0,28.5,3.395,4.519,28.617
2026-09-05T07:23:13Z,2026-09-05T02:23:13Z,82.9,28.5,3.372,4.914,16.113
2026-09-05T07:24:13Z,2026-09-05T02:24:13Z,82.9,28.5,3.204,4.479,28.686
2026-09-05T07:25:09Z,2026-09-05T02:25:09Z,82.8,28.5,3.296,4.364,11.338
2026-09-05T07:26:09Z,2026-09-05T02:26:09Z,82.8,28.5,3.314,4.838,17.479
2026-09-05T07:27:09Z,2026-09-05T02:27:09Z,82.9,28.5,3.311,4.944,20.79
2026-09-05T07:28:09Z,2026-09-05T02:28:09Z,83.0,28.5,3.099,4.35,30.582
2026-09-05T07:29:09Z,2026-09-05T02:29:09Z,83.0,28.5,3.383,4.681,38.456
2026-09-05T07:30:09Z,2026-09-05T02:30:09Z,83.0,28.5,3.325,5.104,35.021
2026-09-05T07:31:09Z,2026-09-05T02:31:09Z,83.1,28.5,3.407,4.678,28.585
2026-09-05T07:32:09Z,2026-09-05T02:32:09Z,83.2,28.5,3.292,4.613,19.874
2026-09-05T07:33:10Z,2026-09-05T02:33:10Z,83.2,28.4,3.183,4.867,16.211
2026-09-05T07:34:10Z,2026-09-05T02:34:10Z,83.2,28.4,3.127,4.475,21.044
2026-09-05T07:35:10Z,2026-09-05T02:35:10Z,83.3,28.4,3.247,4.544,20.491
2026-09-05T07:36:10Z,2026-09-05T02:36:10Z,83.3,28.4,3.261,4.91,31.144
2026-09-05T07:37:10Z,2026-09-05T02:37:10Z,83.3,28.4,3.3,4.532,43.54
2026-09-05T07:38:10Z,2026-09-05T02:38:10Z,83.2,28.4,3.223,5.086,20.851
2026-09-05T07:39:10Z,2026-09-05T02:39:10Z,83.3,28.4,3.079,4.489,16.698
2026-09-05T07:40:10Z,2026-09-05T02:40:10Z,83.3,28.4,3.238,4.523,18.455
2026-09-05T07:41:10Z,2026-09-05T02:41:10Z,83.4,28.4,3.38,4.527,15.986
2026-09-05T07:42:10Z,2026-09-05T02:42:10Z,83.4,28.4,3.256,4.438,16.869
2026-09-05T07:43:10Z,2026-09-05T02:43:10Z,83.4,28.4,3.416,4.854,21.88
2026-09-05T07:44:10Z,2026-09-05T02:44:10Z,83.5,28.4,3.394,4.667,24.627
2026-09-05T07:45:10Z,2026-09-05T02:45:10Z,83.6,28.3,3.45,4.534,21.302
2026-09-05T07:46:10Z,2026-09-05T02:46:10Z,83.6,28.3,3.256,4.762,11.792
2026-09-05T07:47:10Z,2026-09-05T02:47:10Z,83.6,28.3,3.234,4.306,15.189
2026-09-05T07:48:10Z,2026-09-05T02:48:10Z,83.7,28.3,3.08,4.197,20.447
2026-09-05T07:49:10Z,2026-09-05T02:49:10Z,83.9,28.3,3.158,4.445,13.533
2026-09-05T07:50:10Z,2026-09-05T02:50:10Z,84.0,28.3,3.124,4.348,17.145
2026-09-05T07:51:10Z,2026-09-05T02:51:10Z,84.0,28.3,3.072,4.359,22.907
2026-09-05T07:52:10Z,2026-09-05T02:52:10Z,83.9,28.3,3.176,4.346,45.177
2026-09-05T07:53:10Z,2026-09-05T02:53:10Z,83.9,28.3,3.043,4.174,29.43
2026-09-05T07:54:10Z,2026-09-05T02:54:10Z,83.8,28.3,3.207,4.218,18.776
2026-09-05T07:55:10Z,2026-09-05T02:55:10Z,83.8,28.3,3.232,4.373,30.916
2026-09-05T07:56:11Z,2026-09-05T02:56:11Z,83.8,28.3,3.113,4.358,27.859
2026-09-05T07:57:11Z,2026-09-05T02:57:11Z,83.7,28.3,3.271,4.306,13.5
2026-09-05T07:58:11Z,2026-09-05T02:58:11Z,83.7,28.3,3.221,4.557,21.495
2026-09-05T07:59:11Z,2026-09-05T02:59:11Z,83.7,28.3,3.024,4.33,16.132
2026-09-05T08:00:11Z,2026-09-05T03:00:11Z,83.7,28.3,3.051,4.44,17.772
2026-09-05T08:01:11Z,2026-09-05T03:01:11Z,83.8,28.3,3.066,4.411,21.834
2026-09-05T08:02:11Z,2026-09-05T03:02:11Z,83.9,28.3,3.037,4.136,15.346
2026-09-05T08:03:11Z,2026-09-05T03:03:11Z,83.9,28.3,3.03,4.08,15.455
2026-09-05T08:04:11Z,2026-09-05T03:04:11Z,83.9,28.3,3.251,4.981,21.968
2026-09-05T08:05:11Z,2026-09-05T03:05:11Z,84.0,28.3,3.188,4.497,21.336
2026-09-05T08:06:11Z,2026-09-05T03:06:11Z,84.0,28.3,3.288,4.522,35.303
2026-09-05T08:07:11Z,2026-09-05T03:07:11Z,84.1,28.3,3.189,4.673,14.744
2026-09-05T08:08:11Z,2026-09-05T03:08:11Z,84.1,28.3,2.989,4.081,19.623
2026-09-05T08:09:11Z,2026-09-05T03:09:11Z,84.2,28.3,3.206,4.558,28.751
2026-09-05T08:10:11Z,2026-09-05T03:10:11Z,84.1,28.3,3.215,4.512,26.472
2026-09-05T08:11:11Z,2026-09-05T03:11:11Z,84.1,28.2,3.256,4.427,16.111
2026-09-05T08:12:11Z,2026-09-05T03:12:11Z,84.1,28.3,3.095,4.272,28.656
2026-09-05T08:13:11Z,2026-09-05T03:13:11Z,84.1,28.2,3.29,4.582,14.8
2026-09-05T08:14:11Z,2026-09-05T03:14:11Z,84.1,28.2,3.403,4.84,29.379
2026-09-05T08:15:11Z,2026-09-05T03:15:11Z,84.1,28.2,3.467,4.696,12.858
2026-09-05T08:16:11Z,2026-09-05T03:16:11Z,84.1,28.2,3.441,4.734,16.232
2026-09-05T08:17:11Z,2026-09-05T03:17:11Z,84.1,28.2,3.229,4.469,9.478
2026-09-05T08:18:12Z,2026-09-05T03:18:12Z,84.2,28.2,3.331,4.688,27.209
2026-09-05T08:19:12Z,2026-09-05T03:19:12Z,84.2,28.2,3.354,4.602,37.524
2026-09-05T08:20:12Z,2026-09-05T03:20:12Z,84.2,28.2,3.374,4.416,19.34
2026-09-05T08:21:12Z,2026-09-05T03:21:12Z,84.2,28.2,3.458,4.764,23.304
2026-09-05T08:22:12Z,2026-09-05T03:22:12Z,84.2,28.2,3.436,4.762,14.002
2026-09-05T08:23:12Z,2026-09-05T03:23:12Z,84.3,28.2,3.387,4.251,17.836
2026-09-05T08:24:12Z,2026-09-05T03:24:12Z,84.3,28.2,3.533,4.842,20.884
2026-09-05T08:25:12Z,2026-09-05T03:25:12Z,84.2,28.2,3.481,4.82,15.462
2026-09-05T08:26:12Z,2026-09-05T03:26:12Z,84.3,28.2,3.504,4.639,23.967
2026-09-05T08:27:12Z,2026-09-05T03:27:12Z,84.3,28.2,3.15,4.225,44.369
2026-09-05T08:28:12Z,2026-09-05T03:28:12Z,84.4,28.2,3.402,4.864,17.233
2026-09-05T08:29:12Z,2026-09-05T03:29:12Z,84.4,28.1,3.395,4.335,19.808
2026-09-05T08:30:12Z,2026-09-05T03:30:12Z,84.4,28.1,3.406,4.592,25.999
2026-09-05T08:31:12Z,2026-09-05T03:31:12Z,84.4,28.1,3.361,4.816,16.126
2026-09-05T08:32:12Z,2026-09-05T03:32:12Z,84.4,28.1,3.449,4.61,28.276
2026-09-05T08:33:12Z,2026-09-05T03:33:12Z,84.4,28.1,3.209,4.253,12.426
2026-09-05T08:34:12Z,2026-09-05T03:34:12Z,84.5,28.1,3.197,4.469,11.993
2026-09-05T08:35:12Z,2026-09-05T03:35:12Z,84.5,28.1,3.354,4.72,21.093
2026-09-05T08:36:12Z,2026-09-05T03:36:12Z,84.5,28.1,3.275,4.537,29.088
2026-09-05T08:37:12Z,2026-09-05T03:37:12Z,84.5,28.1,3.48,4.717,29.477
2026-09-05T08:38:12Z,2026-09-05T03:38:12Z,84.6,28.1,3.417,4.935,32.469
2026-09-05T08:39:12Z,2026-09-05T03:39:12Z,84.7,28.1,3.325,4.662,25.069
2026-09-05T08:40:13Z,2026-09-05T03:40:13Z,84.6,28.1,3.14,4.493,19.291
2026-09-05T08:41:13Z,2026-09-05T03:41:13Z,84.6,28.1,3.341,4.446,24.385
2026-09-05T08:42:13Z,2026-09-05T03:42:13Z,84.7,28.1,3.469,4.719,18.077
2026-09-05T08:43:13Z,2026-09-05T03:43:13Z,84.7,28.1,3.209,4.768,13.311
2026-09-05T08:44:13Z,2026-09-05T03:44:13Z,84.7,28.0,3.153,4.376,23.555
2026-09-05T08:45:13Z,2026-09-05T03:45:13Z,84.7,28.0,3.217,4.578,30.138
2026-09-05T08:46:13Z,2026-09-05T03:46:13Z,84.7,28.0,3.167,4.126,22.088
2026-09-05T08:47:13Z,2026-09-05T03:47:13Z,84.6,28.0,3.088,4.209,23.029
2026-09-05T08:48:13Z,2026-09-05T03:48:13Z,84.6,28.0,3.258,4.504,15.76
2026-09-05T08:49:13Z,2026-09-05T03:49:13Z,84.6,28.0,3.371,4.329,15.842
2026-09-05T08:50:13Z,2026-09-05T03:50:13Z,84.7,28.0,3.143,4.562,16.021
2026-09-05T08:51:13Z,2026-09-05T03:51:13Z,84.6,28.0,3.462,4.388,30.733
2026-09-05T08:52:13Z,2026-09-05T03:52:13Z,84.6,28.0,3.267,4.554,18.42
2026-09-05T08:53:13Z,2026-09-05T03:53:13Z,84.5,28.0,3.128,4.23,29.47
2026-09-05T08:54:13Z,2026-09-05T03:54:13Z,84.4,28.0,3.323,4.511,27.465
2026-09-05T08:55:10Z,2026-09-05T03:55:10Z,84.4,28.0,3.199,4.306,32.894
2026-09-05T08:56:10Z,2026-09-05T03:56:10Z,84.6,28.0,3.151,4.51,7.37
2026-09-05T08:57:10Z,2026-09-05T03:57:10Z,84.6,28.0,3.291,4.72,17.712
2026-09-05T08:58:10Z,2026-09-05T03:58:10Z,84.6,28.0,3.485,5.226,20.181
2026-09-05T08:59:10Z,2026-09-05T03:59:10Z,84.6,28.0,3.18,4.305,21.514
2026-09-05T09:00:10Z,2026-09-05T04:00:10Z,84.5,28.0,3.218,4.525,42.379
2026-09-05T09:01:10Z,2026-09-05T04:01:10Z,84.4,28.0,3.138,4.559,26.25
2026-09-05T09:02:10Z,2026-09-05T04:02:10Z,84.3,28.0,3.538,4.735,26.011
2026-09-05T09:03:10Z,2026-09-05T04:03:10Z,84.4,28.0,3.356,4.433,29.344
2026-09-05T09:04:10Z,2026-09-05T04:04:10Z,84.4,28.0,3.009,4.199,15.296
2026-09-05T09:05:10Z,2026-09-05T04:05:10Z,84.3,28.0,3.161,4.564,21.833
2026-09-05T09:06:11Z,2026-09-05T04:06:11Z,84.6,28.0,3.357,4.459,14.615
2026-09-05T09:07:11Z,2026-09-05T04:07:11Z,84.5,28.0,3.298,4.639,11.702
2026-09-05T09:08:11Z,2026-09-05T04:08:11Z,84.4,28.0,3.472,4.506,25.389
2026-09-05T09:09:11Z,2026-09-05T04:09:11Z,84.5,28.0,3.266,5.004,20.466
2026-09-05T09:10:11Z,2026-09-05T04:10:11Z,84.6,28.0,3.112,5.016,14.118
2026-09-05T09:11:11Z,2026-09-05T04:11:11Z,84.4,28.0,3.416,4.718,28.726
2026-09-05T09:12:11Z,2026-09-05T04:12:11Z,84.5,28.1,3.399,5.129,27.144
2026-09-05T09:13:11Z,2026-09-05T04:13:11Z,84.6,28.1,3.217,4.644,35.644
2026-09-05T09:14:11Z,2026-09-05T04:14:11Z,84.5,28.1,3.403,4.839,17.413
2026-09-05T09:15:11Z,2026-09-05T04:15:11Z,84.5,28.1,3.151,4.937,33.207
2026-09-05T09:16:11Z,2026-09-05T04:16:11Z,84.5,28.1,3.155,4.137,11.916
2026-09-05T09:17:11Z,2026-09-05T04:17:11Z,84.5,28.1,3.296,4.494,26.492
2026-09-05T09:18:11Z,2026-09-05T04:18:11Z,84.4,28.1,3.326,4.652,12.827
2026-09-05T09:19:11Z,2026-09-05T04:19:11Z,84.5,28.1,3.053,4.439,21.705
2026-09-05T09:20:11Z,2026-09-05T04:20:11Z,84.3,28.1,3.234,4.431,21.59
2026-09-05T09:21:11Z,2026-09-05T04:21:11Z,84.2,28.1,3.475,4.61,16.071
2026-09-05T09:22:11Z,2026-09-05T04:22:11Z,84.2,28.1,3.376,4.466,26.395
2026-09-05T09:23:11Z,2026-09-05T04:23:11Z,84.2,28.0,3.28,4.57,15.551
2026-09-05T09:24:11Z,2026-09-05T04:24:11Z,84.2,28.0,3.277,4.294,17.413
2026-09-05T09:25:11Z,2026-09-05T04:25:11Z,84.2,28.0,3.228,4.448,18.708
2026-09-05T09:26:12Z,2026-09-05T04:26:12Z,84.2,28.0,3.231,4.667,17.077
2026-09-05T09:27:12Z,2026-09-05T04:27:12Z,84.3,28.0,3.178,4.405,18.795
2026-09-05T09:28:12Z,2026-09-05T04:28:12Z,84.3,28.0,3.372,4.658,18.007
2026-09-05T09:29:12Z,2026-09-05T04:29:12Z,84.3,28.0,3.384,4.344,13.235
2026-09-05T09:30:12Z,2026-09-05T04:30:12Z,84.2,28.0,3.446,4.607,10.998
2026-09-05T09:31:12Z,2026-09-05T04:31:12Z,84.2,28.0,3.341,4.301,13.079
2026-09-05T09:32:12Z,2026-09-05T04:32:12Z,84.3,28.0,3.456,4.381,16.555
2026-09-05T09:33:12Z,2026-09-05T04:33:12Z,84.3,28.0,3.125,4.256,14.888
2026-09-05T09:34:12Z,2026-09-05T04:34:12Z,84.4,28.0,3.46,4.529,26.944
2026-09-05T09:35:12Z,2026-09-05T04:35:12Z,84.5,28.0,3.232,4.31,22.522
2026-09-05T09:36:12Z,2026-09-05T04:36:12Z,84.6,28.0,3.485,4.635,20.507
2026-09-05T09:37:12Z,2026-09-05T04:37:12Z,84.6,28.0,3.325,4.492,13.416
2026-09-05T09:38:12Z,2026-09-05T04:38:12Z,84.6,27.9,3.232,4.55,22.402
2026-09-05T09:39:12Z,2026-09-05T04:39:12Z,84.7,28.0,3.261,4.272,20.921
2026-09-05T09:40:12Z,2026-09-05T04:40:12Z,84.7,27.9,3.28,4.643,22.354
2026-09-05T09:41:12Z,2026-09-05T04:41:12Z,84.6,27.9,3.331,4.447,11.116
2026-09-05T09:42:12Z,2026-09-05T04:42:12Z,84.6,27.9,3.05,4.221,20.914
2026-09-05T09:43:12Z,2026-09-05T04:43:12Z,84.6,27.9,3.149,4.197,13.86
2026-09-05T09:44:12Z,2026-09-05T04:44:12Z,84.3,27.9,3.355,4.55,27.207
2026-09-05T09:45:13Z,2026-09-05T04:45:13Z,84.3,27.9,3.462,4.492,13.129
2026-09-05T09:46:13Z,2026-09-05T04:46:13Z,84.4,27.9,3.388,4.254,13.061
2026-09-05T09:47:13Z,2026-09-05T04:47:13Z,84.5,27.9,3.387,4.684,17.354
2026-09-05T09:48:13Z,2026-09-05T04:48:13Z,84.8,27.9,3.436,4.771,13.866
2026-09-05T09:49:13Z,2026-09-05T04:49:13Z,84.9,27.9,3.317,4.623,20.279
2026-09-05T09:50:13Z,2026-09-05T04:50:13Z,85.0,27.9,3.473,4.74,24.274
2026-09-05T09:51:13Z,2026-09-05T04:51:13Z,85.0,27.9,3.368,4.846,35.269
2026-09-05T09:52:13Z,2026-09-05T04:52:13Z,84.6,27.9,3.41,4.918,17.916
2026-09-05T09:53:13Z,2026-09-05T04:53:13Z,84.6,27.9,3.362,5.009,29.247
2026-09-05T09:54:13Z,2026-09-05T04:54:13Z,84.4,27.9,3.271,4.364,13.383
2026-09-05T09:55:13Z,2026-09-05T04:55:13Z,84.6,27.9,3.575,4.888,15.007
2026-09-05T09:56:13Z,2026-09-05T04:56:13Z,84.7,27.9,3.468,4.425,27.753
2026-09-05T09:57:13Z,2026-09-05T04:57:13Z,84.8,27.9,3.569,5.061,20.679
2026-09-05T09:58:13Z,2026-09-05T04:58:13Z,84.7,27.9,3.374,4.954,24.892
2026-09-05T09:59:13Z,2026-09-05T04:59:13Z,84.5,27.8,3.496,4.702,23.96
2026-09-05T10:00:13Z,2026-09-05T05:00:13Z,84.5,27.8,3.328,4.634,28.829
2026-09-05T10:01:13Z,2026-09-05T05:01:13Z,84.5,27.8,3.355,4.664,29.565
2026-09-05T10:02:13Z,2026-09-05T05:02:13Z,84.5,27.8,3.53,4.815,23.968
2026-09-05T10:03:13Z,2026-09-05T05:03:13Z,84.5,27.8,3.42,4.682,13.424
2026-09-05T10:04:13Z,2026-09-05T05:04:13Z,84.6,27.8,3.224,4.327,12.458
2026-09-05T10:05:13Z,2026-09-05T05:05:13Z,84.8,27.8,3.273,4.317,13.36
2026-09-05T10:06:13Z,2026-09-05T05:06:13Z,85.0,27.8,3.416,4.523,11.847
2026-09-05T10:07:14Z,2026-09-05T05:07:14Z,85.1,27.8,3.314,4.379,24.906
2026-09-05T10:08:14Z,2026-09-05T05:08:14Z,85.2,27.8,3.151,4.097,36.473
2026-09-05T10:09:14Z,2026-09-05T05:09:14Z,85.2,27.8,3.194,4.513,20.328
2026-09-05T10:10:10Z,2026-09-05T05:10:10Z,85.3,27.8,3.392,4.606,32.336
2026-09-05T10:11:10Z,2026-09-05T05:11:10Z,85.3,27.8,3.205,4.284,18.08
2026-09-05T10:12:10Z,2026-09-05T05:12:10Z,85.2,27.8,3.249,4.327,14.754
2026-09-05T10:13:11Z,2026-09-05T05:13:11Z,85.2,27.8,3.27,4.46,19.727
2026-09-05T10:14:11Z,2026-09-05T05:14:11Z,85.3,27.7,3.283,4.723,20.91
2026-09-05T10:15:11Z,2026-09-05T05:15:11Z,85.3,27.7,3.37,4.753,17.825
2026-09-05T10:16:11Z,2026-09-05T05:16:11Z,85.3,27.7,3.198,4.23,17.419
2026-09-05T10:17:11Z,2026-09-05T05:17:11Z,85.3,27.7,3.173,4.322,18.4
2026-09-05T10:18:11Z,2026-09-05T05:18:11Z,85.4,27.7,3.304,4.45,36.587
2026-09-05T10:19:11Z,2026-09-05T05:19:11Z,85.5,27.7,3.32,4.399,18.853
2026-09-05T10:20:11Z,2026-09-05T05:20:11Z,85.5,27.7,3.198,4.485,18.772
2026-09-05T10:21:11Z,2026-09-05T05:21:11Z,85.5,27.7,3.299,4.575,24.779
2026-09-05T10:22:11Z,2026-09-05T05:22:11Z,85.6,27.7,3.334,4.36,12.619
2026-09-05T10:23:11Z,2026-09-05T05:23:11Z,85.6,27.7,3.292,4.265,11.634
2026-09-05T10:24:11Z,2026-09-05T05:24:11Z,85.7,27.7,3.472,4.798,21.88
2026-09-05T10:25:11Z,2026-09-05T05:25:11Z,85.7,27.7,3.176,4.624,25.764
2026-09-05T10:26:11Z,2026-09-05T05:26:11Z,85.7,27.7,3.345,4.366,16.154
2026-09-05T10:27:11Z,2026-09-05T05:27:11Z,85.6,27.7,3.335,4.225,18.227
2026-09-05T10:28:11Z,2026-09-05T05:28:11Z,85.6,27.7,3.15,4.067,21.986
2026-09-05T10:29:11Z,2026-09-05T05:29:11Z,85.6,27.7,3.46,4.666,14.287
2026-09-05T10:30:11Z,2026-09-05T05:30:11Z,85.6,27.7,3.537,4.567,21.842
2026-09-05T10:31:12Z,2026-09-05T05:31:12Z,85.7,27.7,3.376,4.567,25.645
2026-09-05T10:32:12Z,2026-09-05T05:32:12Z,85.7,27.7,3.33,4.58,28.753
2026-09-05T10:33:12Z,2026-09-05T05:33:12Z,85.7,27.7,3.263,4.543,14.438
2026-09-05T10:34:12Z,2026-09-05T05:34:12Z,85.7,27.7,3.137,4.5,10.542
2026-09-05T10:35:12Z,2026-09-05T05:35:12Z,85.6,27.6,3.334,4.382,14.664
2026-09-05T10:36:12Z,2026-09-05T05:36:12Z,85.7,27.6,3.26,4.404,20.687
2026-09-05T10:37:12Z,2026-09-05T05:37:12Z,85.6,27.6,2.983,4.219,26.088
2026-09-05T10:38:12Z,2026-09-05T05:38:12Z,85.3,27.6,3.465,4.806,21.619
2026-09-05T10:39:12Z,2026-09-05T05:39:12Z,85.2,27.6,3.436,4.47,17.726
2026-09-05T10:40:12Z,2026-09-05T05:40:12Z,85.3,27.6,3.248,3.936,19.701
2026-09-05T10:41:12Z,2026-09-05T05:41:12Z,85.3,27.6,3.209,4.332,14.583
2026-09-05T10:42:12Z,2026-09-05T05:42:12Z,85.4,27.6,3.404,4.203,29.326
2026-09-05T10:43:12Z,2026-09-05T05:43:12Z,85.6,27.6,3.323,4.358,14.769
2026-09-05T10:44:12Z,2026-09-05T05:44:12Z,85.8,27.6,3.416,4.71,19.485
2026-09-05T10:45:12Z,2026-09-05T05:45:12Z,85.9,27.6,3.306,4.563,15.293
2026-09-05T10:46:12Z,2026-09-05T05:46:12Z,86.1,27.6,3.123,4.197,16.886
2026-09-05T10:47:12Z,2026-09-05T05:47:12Z,86.2,27.6,3.193,4.602,13.141
2026-09-05T10:48:12Z,2026-09-05T05:48:12Z,86.2,27.6,3.411,5.191,20.067
2026-09-05T10:49:12Z,2026-09-05T05:49:12Z,86.2,27.6,3.22,4.537,10.187
2026-09-05T10:50:12Z,2026-09-05T05:50:12Z,86.0,27.6,3.408,4.687,24.624
2026-09-05T10:51:12Z,2026-09-05T05:51:12Z,86.0,27.6,3.427,5.011,16.968
2026-09-05T10:52:12Z,2026-09-05T05:52:12Z,86.0,27.6,3.176,4.549,15.921
2026-09-05T10:53:12Z,2026-09-05T05:53:12Z,86.0,27.6,3.267,4.437,8.707
2026-09-05T10:54:13Z,2026-09-05T05:54:13Z,86.0,27.6,3.233,4.525,15.702
2026-09-05T10:55:13Z,2026-09-05T05:55:13Z,86.0,27.6,3.311,4.537,15.342
2026-09-05T10:56:13Z,2026-09-05T05:56:13Z,85.9,27.6,3.311,4.228,18.259
2026-09-05T10:57:13Z,2026-09-05T05:57:13Z,86.0,27.6,3.276,4.537,11.641
2026-09-05T10:58:13Z,2026-09-05T05:58:13Z,86.0,27.6,3.281,4.584,19.081
2026-09-05T10:59:13Z,2026-09-05T05:59:13Z,86.2,27.6,3.329,4.4,19.88
2026-09-05T11:00:13Z,2026-09-05T06:00:13Z,86.2,27.6,3.283,4.595,14.498
2026-09-05T11:01:13Z,2026-09-05T06:01:13Z,86.1,27.6,3.271,4.598,22.135
2026-09-05T11:02:13Z,2026-09-05T06:02:13Z,86.1,27.6,3.537,4.751,17.463
2026-09-05T11:03:13Z,2026-09-05T06:03:13Z,86.2,27.6,3.269,4.655,18.804
2026-09-05T11:04:13Z,2026-09-05T06:04:13Z,86.4,27.6,3.189,4.388,19.239
2026-09-05T11:05:13Z,2026-09-05T06:05:13Z,86.3,27.6,3.279,4.563,15.653
2026-09-05T11:06:13Z,2026-09-05T06:06:13Z,86.4,27.6,3.275,4.797,15.973
2026-09-05T11:07:13Z,2026-09-05T06:07:13Z,86.4,27.6,3.267,4.545,12.956
2026-09-05T11:08:13Z,2026-09-05T06:08:13Z,86.3,27.6,3.181,4.51,13.345
2026-09-05T11:09:13Z,2026-09-05T06:09:13Z,86.4,27.6,3.201,4.649,22.88
2026-09-05T11:10:13Z,2026-09-05T06:10:13Z,86.4,27.6,3.455,4.743,21.507
2026-09-05T11:11:13Z,2026-09-05T06:11:13Z,86.4,27.6,3.199,4.493,14.503
2026-09-05T11:12:13Z,2026-09-05T06:12:13Z,86.4,27.6,3.247,4.874,17.581
2026-09-05T11:13:13Z,2026-09-05T06:13:13Z,86.4,27.6,3.22,4.593,23.217
2026-09-05T11:14:13Z,2026-09-05T06:14:13Z,85.8,27.6,3.257,4.669,29.326
2026-09-05T11:15:13Z,2026-09-05T06:15:13Z,85.5,27.6,3.462,4.76,9.755
2026-09-05T11:16:13Z,2026-09-05T06:16:13Z,85.2,27.6,3.121,4.121,14.635
2026-09-05T11:17:14Z,2026-09-05T06:17:14Z,85.3,27.6,3.187,4.162,16.917
2026-09-05T11:18:14Z,2026-09-05T06:18:14Z,85.3,27.6,3.245,4.136,23.714
2026-09-05T11:19:14Z,2026-09-05T06:19:14Z,85.3,27.6,3.236,4.396,10.241
2026-09-05T11:20:14Z,2026-09-05T06:20:14Z,85.2,27.6,3.25,4.366,14.94
2026-09-05T11:21:14Z,2026-09-05T06:21:14Z,85.1,27.6,3.339,4.199,20.38
2026-09-05T11:22:14Z,2026-09-05T06:22:14Z,85.3,27.6,3.179,4.459,24.098
2026-09-05T11:23:14Z,2026-09-05T06:23:14Z,85.6,27.6,3.068,4.272,18.222
2026-09-05T11:24:14Z,2026-09-05T06:24:14Z,85.8,27.6,3.095,4.02,12.878
2026-09-05T11:25:11Z,2026-09-05T06:25:11Z,85.9,27.6,3.383,4.705,16.028
2026-09-05T11:26:11Z,2026-09-05T06:26:11Z,85.8,27.6,3.113,4.29,35.643
2026-09-05T11:27:11Z,2026-09-05T06:27:11Z,85.8,27.6,3.201,4.131,34.881
2026-09-05T11:28:11Z,2026-09-05T06:28:11Z,85.7,27.6,3.343,4.588,27.035
2026-09-05T11:29:11Z,2026-09-05T06:29:11Z,85.7,27.6,3.269,4.515,27.178
2026-09-05T11:30:11Z,2026-09-05T06:30:11Z,85.6,27.6,3.189,4.478,9.184
2026-09-05T11:31:11Z,2026-09-05T06:31:11Z,85.7,27.6,3.243,4.331,18.17
2026-09-05T11:32:11Z,2026-09-05T06:32:11Z,85.7,27.6,3.307,4.53,14.108
2026-09-05T11:33:11Z,2026-09-05T06:33:11Z,85.8,27.6,3.398,4.506,10.076
2026-09-05T11:34:11Z,2026-09-05T06:34:11Z,85.8,27.6,3.343,4.326,32.478
2026-09-05T11:35:11Z,2026-09-05T06:35:11Z,86.0,27.6,3.207,4.409,21.655
2026-09-05T11:36:11Z,2026-09-05T06:36:11Z,85.8,27.6,3.191,4.593,24.685
2026-09-05T11:37:11Z,2026-09-05T06:37:11Z,85.5,27.6,3.07,4.206,14.595
2026-09-05T11:38:11Z,2026-09-05T06:38:11Z,85.1,27.5,3.255,4.21,9.892
2026-09-05T11:39:11Z,2026-09-05T06:39:11Z,85.0,27.5,3.465,4.486,11.64
2026-09-05T11:40:11Z,2026-09-05T06:40:11Z,85.0,27.5,3.34,4.539,17.461
2026-09-05T11:41:11Z,2026-09-05T06:41:11Z,85.1,27.5,3.143,4.289,19.749
2026-09-05T11:42:11Z,2026-09-05T06:42:11Z,85.2,27.5,3.287,4.122,14.075
2026-09-05T11:43:12Z,2026-09-05T06:43:12Z,85.2,27.5,3.197,4.432,17.623
2026-09-05T11:44:12Z,2026-09-05T06:44:12Z,85.5,27.5,3.41,4.461,29.335
2026-09-05T11:45:12Z,2026-09-05T06:45:12Z,85.6,27.5,3.397,4.74,16.428
2026-09-05T11:46:12Z,2026-09-05T06:46:12Z,85.8,27.5,3.11,4.551,33.659
2026-09-05T11:47:12Z,2026-09-05T06:47:12Z,85.8,27.5,3.385,4.924,14.943
2026-09-05T11:48:12Z,2026-09-05T06:48:12Z,85.9,27.5,3.466,4.534,19.603
2026-09-05T11:49:12Z,2026-09-05T06:49:12Z,86.1,27.5,3.234,4.598,34.143
2026-09-05T11:50:12Z,2026-09-05T06:50:12Z,86.1,27.5,3.193,4.265,29.296
2026-09-05T11:51:12Z,2026-09-05T06:51:12Z,86.1,27.5,3.349,4.528,21.734
2026-09-05T11:52:12Z,2026-09-05T06:52:12Z,86.1,27.5,3.332,4.349,16.669
2026-09-05T11:53:12Z,2026-09-05T06:53:12Z,86.0,27.5,3.459,4.794,18.014
2026-09-05T11:54:12Z,2026-09-05T06:54:12Z,86.2,27.5,3.451,4.645,22.08
2026-09-05T11:55:12Z,2026-09-05T06:55:12Z,86.3,27.5,3.37,4.363,21.468
2026-09-05T11:56:12Z,2026-09-05T06:56:12Z,86.3,27.5,3.21,4.41,10.868
2026-09-05T11:57:12Z,2026-09-05T06:57:12Z,86.4,27.5,3.173,4.482,25.351
2026-09-05T11:58:12Z,2026-09-05T06:58:12Z,86.6,27.5,3.007,4.261,23.892
2026-09-05T11:59:12Z,2026-09-05T06:59:12Z,86.7,27.5,2.901,4.135,20.775
2026-09-05T12:00:12Z,2026-09-05T07:00:12Z,86.7,27.5,3.114,4.143,14.444
2026-09-05T12:01:12Z,2026-09-05T07:01:12Z,86.7,27.5,3.183,4.105,11.908
2026-09-05T12:02:12Z,2026-09-05T07:02:12Z,86.7,27.5,3.242,4.13,17.895
2026-09-05T12:03:12Z,2026-09-05T07:03:12Z,86.6,27.5,3.098,4.43,15.5
2026-09-05T12:04:13Z,2026-09-05T07:04:13Z,86.7,27.5,3.104,4.205,23.072
2026-09-05T12:05:13Z,2026-09-05T07:05:13Z,86.8,27.5,3.205,4.63,33.476
2026-09-05T12:06:13Z,2026-09-05T07:06:13Z,87.0,27.5,3.265,4.53,45.598
2026-09-05T12:07:13Z,2026-09-05T07:07:13Z,86.7,27.5,3.607,5.366,19.912
2026-09-05T12:08:13Z,2026-09-05T07:08:13Z,86.6,27.6,3.35,4.476,15.339
2026-09-05T12:09:13Z,2026-09-05T07:09:13Z,86.5,27.6,3.37,4.533,20.292
2026-09-05T12:10:13Z,2026-09-05T07:10:13Z,86.5,27.6,3.422,4.749,42.446
2026-09-05T12:11:13Z,2026-09-05T07:11:13Z,86.5,27.6,3.473,4.924,31.362
2026-09-05T12:12:13Z,2026-09-05T07:12:13Z,86.6,27.7,3.297,4.413,21.185
2026-09-05T12:13:13Z,2026-09-05T07:13:13Z,86.5,27.7,3.22,4.337,13.043
2026-09-05T12:14:13Z,2026-09-05T07:14:13Z,86.5,27.7,3.279,3.969,19.2
2026-09-05T12:15:13Z,2026-09-05T07:15:13Z,86.4,27.7,3.368,4.642,19.147
2026-09-05T12:16:13Z,2026-09-05T07:16:13Z,86.3,27.7,3.232,4.572,19.003
2026-09-05T12:17:13Z,2026-09-05T07:17:13Z,86.3,27.7,3.282,4.637,23.351
2026-09-05T12:18:13Z,2026-09-05T07:18:13Z,86.3,27.8,3.07,4.82,25.333
2026-09-05T12:19:13Z,2026-09-05T07:19:13Z,86.3,27.8,3.15,4.444,14.349
2026-09-05T12:20:13Z,2026-09-05T07:20:13Z,86.3,27.8,3.243,4.932,32.587
2026-09-05T12:21:13Z,2026-09-05T07:21:13Z,86.1,27.8,3.531,4.836,25.336
2026-09-05T12:22:13Z,2026-09-05T07:22:13Z,85.8,27.8,3.286,4.438,19.508
2026-09-05T12:23:13Z,2026-09-05T07:23:13Z,85.9,27.8,3.285,4.466,23.966
2026-09-05T12:24:13Z,2026-09-05T07:24:13Z,85.8,27.8,3.374,4.521,25.991
2026-09-05T12:25:13Z,2026-09-05T07:25:13Z,85.7,27.8,3.399,4.413,15.052
2026-09-05T12:26:14Z,2026-09-05T07:26:14Z,85.6,27.8,3.609,5.281,28.352
2026-09-05T12:27:14Z,2026-09-05T07:27:14Z,85.6,27.9,3.497,4.519,27.453
2026-09-05T12:28:14Z,2026-09-05T07:28:14Z,85.5,27.9,3.668,4.715,29.969
2026-09-05T12:29:14Z,2026-09-05T07:29:14Z,85.5,27.9,3.579,4.801,20.968
2026-09-05T12:30:14Z,2026-09-05T07:30:14Z,85.4,27.9,3.805,5.221,28.619
2026-09-05T12:31:14Z,2026-09-05T07:31:14Z,85.3,28.0,3.52,4.414,44.59
2026-09-05T12:32:14Z,2026-09-05T07:32:14Z,85.3,28.0,3.581,4.941,22.002
2026-09-05T12:33:14Z,2026-09-05T07:33:14Z,85.1,28.0,3.532,5.085,40.291
2026-09-05T12:34:14Z,2026-09-05T07:34:14Z,85.0,28.0,3.731,5.087,30.571
2026-09-05T12:35:14Z,2026-09-05T07:35:14Z,85.0,28.0,3.832,5.463,38.675
2026-09-05T12:36:14Z,2026-09-05T07:36:14Z,84.8,28.1,4.117,6.035,60.969
2026-09-05T12:37:14Z,2026-09-05T07:37:14Z,84.7,28.1,4.307,6.119,81.486
2026-09-05T12:38:14Z,2026-09-05T07:38:14Z,84.7,28.1,4.303,5.809,60.415
2026-09-05T12:39:14Z,2026-09-05T07:39:14Z,84.6,28.2,4.093,5.852,50.093
2026-09-05T12:40:14Z,2026-09-05T07:40:14Z,84.5,28.2,4.014,5.539,42.359
2026-09-05T12:41:14Z,2026-09-05T07:41:14Z,84.4,28.2,4.053,5.349,44.616
2026-09-05T12:42:14Z,2026-09-05T07:42:14Z,84.3,28.2,3.892,5.319,17.744
2026-09-05T12:43:14Z,2026-09-05T07:43:14Z,84.2,28.3,3.95,5.276,42.968
2026-09-05T12:44:14Z,2026-09-05T07:44:14Z,84.2,28.3,3.985,5.149,24.388
2026-09-05T12:45:14Z,2026-09-05T07:45:14Z,84.1,28.3,3.937,5.255,32.857
2026-09-05T12:46:14Z,2026-09-05T07:46:14Z,83.9,28.4,3.847,4.852,28.854
2026-09-05T12:47:14Z,2026-09-05T07:47:14Z,83.8,28.4,3.813,5.286,37.674
2026-09-05T12:48:14Z,2026-09-05T07:48:14Z,83.7,28.5,3.78,5.009,23.206
2026-09-05T12:49:15Z,2026-09-05T07:49:15Z,83.6,28.5,3.899,5.233,31.161
2026-09-05T12:50:11Z,2026-09-05T07:50:11Z,83.4,28.5,3.792,4.996,34.652
2026-09-05T12:51:11Z,2026-09-05T07:51:11Z,83.3,28.6,3.716,4.964,30.385
2026-09-05T12:52:11Z,2026-09-05T07:52:11Z,83.2,28.7,3.806,5.471,50.268
2026-09-05T12:53:12Z,2026-09-05T07:53:12Z,83.0,28.7,3.781,5.283,26.794
2026-09-05T12:54:12Z,2026-09-05T07:54:12Z,82.8,28.8,3.877,5.28,53.282
2026-09-05T12:55:12Z,2026-09-05T07:55:12Z,82.7,28.8,3.933,5.446,59.073
2026-09-05T12:56:12Z,2026-09-05T07:56:12Z,82.4,28.9,3.89,5.17,22.72
2026-09-05T12:57:12Z,2026-09-05T07:57:12Z,82.3,29.0,3.827,5.38,21.09
2026-09-05T12:58:12Z,2026-09-05T07:58:12Z,82.0,29.0,3.937,5.217,49.429
2026-09-05T12:59:12Z,2026-09-05T07:59:12Z,81.9,29.1,4.059,5.85,21.046
2026-09-05T13:00:12Z,2026-09-05T08:00:12Z,81.5,29.2,4.006,5.429,43.278
2026-09-05T13:01:12Z,2026-09-05T08:01:12Z,81.5,29.3,4.076,5.772,36.357
2026-09-05T13:02:12Z,2026-09-05T08:02:12Z,81.1,29.3,4.043,5.526,58.345
2026-09-05T13:03:12Z,2026-09-05T08:03:12Z,81.1,29.4,4.302,5.653,27.41
2026-09-05T13:04:12Z,2026-09-05T08:04:12Z,80.4,29.5,4.171,5.367,28.518
2026-09-05T13:05:12Z,2026-09-05T08:05:12Z,80.4,29.6,4.274,5.6,22.82
2026-09-05T13:06:12Z,2026-09-05T08:06:12Z,80.0,29.7,4.231,5.453,38.609
2026-09-05T13:07:12Z,2026-09-05T08:07:12Z,79.5,29.8,4.217,5.767,15.685
2026-09-05T13:08:12Z,2026-09-05T08:08:12Z,79.4,29.9,4.492,5.922,35.515
2026-09-05T13:09:12Z,2026-09-05T08:09:12Z,79.0,30.0,4.262,5.324,15.234
2026-09-05T13:10:12Z,2026-09-05T08:10:12Z,78.8,30.1,4.507,5.819,19.125
2026-09-05T13:11:12Z,2026-09-05T08:11:12Z,78.9,30.2,4.347,5.631,42.4
2026-09-05T13:12:12Z,2026-09-05T08:12:12Z,78.4,30.3,4.354,5.573,20.266
2026-09-05T13:13:12Z,2026-09-05T08:13:12Z,78.1,30.4,4.119,5.45,14.869
2026-09-05T13:14:13Z,2026-09-05T08:14:13Z,77.5,30.5,4.591,5.826,18.232
2026-09-05T13:15:13Z,2026-09-05T08:15:13Z,76.8,30.6,4.483,5.637,19.625
2026-09-05T13:16:13Z,2026-09-05T08:16:13Z,76.6,30.7,4.601,5.975,14.572
2026-09-05T13:17:13Z,2026-09-05T08:17:13Z,76.4,30.8,4.373,5.769,24.43
2026-09-05T13:18:13Z,2026-09-05T08:18:13Z,76.0,30.9,4.048,5.487,20.027
2026-09-05T13:19:13Z,2026-09-05T08:19:13Z,75.7,31.0,4.023,5.344,18.615
2026-09-05T13:20:13Z,2026-09-05T08:20:13Z,75.5,31.1,3.918,5.108,21.261
2026-09-05T13:21:13Z,2026-09-05T08:21:13Z,75.9,31.2,4.215,5.618,30.604
2026-09-05T13:22:13Z,2026-09-05T08:22:13Z,74.9,31.3,4.2,5.222,23.642
2026-09-05T13:23:13Z,2026-09-05T08:23:13Z,74.8,31.4,4.135,5.479,14.017
2026-09-05T13:24:13Z,2026-09-05T08:24:13Z,75.3,31.5,3.756,5.207,20.374
2026-09-05T13:25:13Z,2026-09-05T08:25:13Z,74.2,31.6,4.044,5.209,19.961
2026-09-05T13:26:13Z,2026-09-05T08:26:13Z,74.3,31.7,4.021,5.41,24.171
2026-09-05T13:27:13Z,2026-09-05T08:27:13Z,74.4,31.8,4.147,5.273,12.914
2026-09-05T13:28:13Z,2026-09-05T08:28:13Z,75.0,31.9,4.17,5.399,21.067
2026-09-05T13:29:13Z,2026-09-05T08:29:13Z,73.8,32.0,4.021,5.3,20.515
2026-09-05T13:30:13Z,2026-09-05T08:30:13Z,72.2,32.2,4.031,5.493,17.791
2026-09-05T13:31:13Z,2026-09-05T08:31:13Z,71.4,32.3,4.299,5.384,16.14
2026-09-05T13:32:13Z,2026-09-05T08:32:13Z,71.4,32.4,4.269,5.645,14.034
2026-09-05T13:33:13Z,2026-09-05T08:33:13Z,70.1,32.6,4.383,5.74,22.593
2026-09-05T13:34:13Z,2026-09-05T08:34:13Z,69.8,32.7,4.385,5.993,31.117
2026-09-05T13:35:13Z,2026-09-05T08:35:13Z,69.1,32.8,4.424,6.086,35.946
2026-09-05T13:36:13Z,2026-09-05T08:36:13Z,68.7,32.9,4.64,5.88,33.227
2026-09-05T13:37:14Z,2026-09-05T08:37:14Z,68.2,33.1,4.258,5.547,31.075
2026-09-05T13:38:14Z,2026-09-05T08:38:14Z,67.8,33.2,4.133,5.533,19.512
2026-09-05T13:39:14Z,2026-09-05T08:39:14Z,67.7,33.3,4.261,5.859,20.213
2026-09-05T13:40:14Z,2026-09-05T08:40:14Z,67.6,33.4,4.506,5.673,22.155
2026-09-05T13:41:14Z,2026-09-05T08:41:14Z,67.4,33.5,4.222,5.473,33.082
2026-09-05T13:42:14Z,2026-09-05T08:42:14Z,66.5,33.6,4.286,5.504,21.485
2026-09-05T13:43:14Z,2026-09-05T08:43:14Z,66.3,33.7,3.998,5.284,37.759
2026-09-05T13:44:14Z,2026-09-05T08:44:14Z,65.9,33.9,4.343,6.126,19.983
2026-09-05T13:45:14Z,2026-09-05T08:45:14Z,66.1,34.0,4.519,5.871,37.493
2026-09-05T13:46:14Z,2026-09-05T08:46:14Z,65.5,34.1,4.05,5.608,36.39
2026-09-05T13:47:14Z,2026-09-05T08:47:14Z,65.7,34.2,4.091,5.696,37.336
2026-09-05T13:48:14Z,2026-09-05T08:48:14Z,65.6,34.3,3.824,5.062,26.138
2026-09-05T13:49:14Z,2026-09-05T08:49:14Z,65.0,34.4,3.262,4.599,15.378
2026-09-05T13:50:14Z,2026-09-05T08:50:14Z,65.3,34.6,3.67,5.076,14.296
2026-09-05T13:51:14Z,2026-09-05T08:51:14Z,64.0,34.7,3.81,5.309,12.656
2026-09-05T13:52:14Z,2026-09-05T08:52:14Z,64.0,34.8,3.352,4.797,18.756
2026-09-05T13:53:14Z,2026-09-05T08:53:14Z,62.3,35.0,3.418,4.484,14.583
2026-09-05T13:54:14Z,2026-09-05T08:54:14Z,61.6,35.1,3.363,4.788,15.149
2026-09-05T13:55:14Z,2026-09-05T08:55:14Z,61.8,35.2,3.582,4.957,13.734
2026-09-05T13:56:14Z,2026-09-05T08:56:14Z,61.4,35.3,3.523,4.964,18.465
2026-09-05T13:57:14Z,2026-09-05T08:57:14Z,60.6,35.5,3.465,4.784,20.446
2026-09-05T13:58:14Z,2026-09-05T08:58:14Z,60.7,35.6,3.595,4.676,25.545
2026-09-05T13:59:14Z,2026-09-05T08:59:14Z,60.2,35.7,3.344,4.403,23.336
2026-09-05T14:00:14Z,2026-09-05T09:00:14Z,60.5,35.7,3.541,4.902,15.171
2026-09-05T14:01:15Z,2026-09-05T09:01:15Z,60.0,35.8,3.747,4.964,15.64
2026-09-05T14:02:15Z,2026-09-05T09:02:15Z,59.7,35.9,3.563,4.842,18.784
2026-09-05T14:03:15Z,2026-09-05T09:03:15Z,60.7,36.0,3.175,4.748,16.908
2026-09-05T14:04:15Z,2026-09-05T09:04:15Z,60.8,36.1,3.175,4.455,13.701
2026-09-05T14:05:15Z,2026-09-05T09:05:15Z,58.8,36.2,3.282,4.681,11.731
2026-09-05T14:06:15Z,2026-09-05T09:06:15Z,58.9,36.3,3.476,4.669,31.087
2026-09-05T14:07:15Z,2026-09-05T09:07:15Z,58.1,36.4,3.174,4.357,9.93
2026-09-05T14:08:15Z,2026-09-05T09:08:15Z,57.8,36.5,3.162,4.325,21.132
2026-09-05T14:09:15Z,2026-09-05T09:09:15Z,58.6,36.6,3.185,4.422,16.369
2026-09-05T14:10:15Z,2026-09-05T09:10:15Z,57.5,36.7,3.141,4.399,21.034
2026-09-05T14:11:15Z,2026-09-05T09:11:15Z,57.2,36.7,3.163,4.209,20.157
2026-09-05T14:12:15Z,2026-09-05T09:12:15Z,56.8,36.7,3.495,4.576,11.443
2026-09-05T14:13:15Z,2026-09-05T09:13:15Z,56.5,36.8,3.164,4.42,13.139
2026-09-05T14:14:15Z,2026-09-05T09:14:15Z,56.4,36.8,3.305,4.703,22.127
2026-09-05T14:15:15Z,2026-09-05T09:15:15Z,56.4,36.7,3.526,4.934,19.76
2026-09-05T14:16:15Z,2026-09-05T09:16:15Z,56.3,36.7,3.517,4.941,14.984
2026-09-05T14:17:15Z,2026-09-05T09:17:15Z,56.8,36.7,3.169,4.643,25.484
2026-09-05T14:18:15Z,2026-09-05T09:18:15Z,57.4,36.7,3.155,4.363,12.166
2026-09-05T14:19:15Z,2026-09-05T09:19:15Z,58.0,36.7,3.215,4.69,11.604
2026-09-05T14:20:12Z,2026-09-05T09:20:12Z,57.8,36.6,3.465,4.805,34.055
2026-09-05T14:21:12Z,2026-09-05T09:21:12Z,58.1,36.7,3.667,5.244,10.935
2026-09-05T14:22:12Z,2026-09-05T09:22:12Z,58.1,36.7,3.386,4.65,40.204
2026-09-05T14:23:12Z,2026-09-05T09:23:12Z,57.5,36.8,3.452,4.91,23.374
2026-09-05T14:24:12Z,2026-09-05T09:24:12Z,57.4,36.8,3.324,4.502,25.344
2026-09-05T14:25:12Z,2026-09-05T09:25:12Z,57.8,36.9,3.371,4.706,19.315
2026-09-05T14:26:12Z,2026-09-05T09:26:12Z,56.8,37.0,3.196,4.675,28.17
2026-09-05T14:27:12Z,2026-09-05T09:27:12Z,56.7,37.1,3.036,4.607,18.804
2026-09-05T14:28:12Z,2026-09-05T09:28:12Z,55.7,37.1,3.395,4.715,20.27
2026-09-05T14:29:12Z,2026-09-05T09:29:12Z,55.4,37.2,3.342,4.701,16.404
2026-09-05T14:30:12Z,2026-09-05T09:30:12Z,55.1,37.3,3.238,4.539,8.632
2026-09-05T14:31:13Z,2026-09-05T09:31:13Z,56.0,37.4,3.222,4.666,12.155
2026-09-05T14:32:13Z,2026-09-05T09:32:13Z,55.5,37.5,3.161,4.427,28.135
2026-09-05T14:33:13Z,2026-09-05T09:33:13Z,54.3,37.5,3.184,4.651,12.678
2026-09-05T14:34:13Z,2026-09-05T09:34:13Z,53.8,37.6,3.021,4.338,15.202
2026-09-05T14:35:13Z,2026-09-05T09:35:13Z,53.3,37.7,3.277,4.614,10.466
2026-09-05T14:36:13Z,2026-09-05T09:36:13Z,53.1,37.7,3.193,4.921,15.928
2026-09-05T14:37:13Z,2026-09-05T09:37:13Z,53.2,37.8,3.282,4.722,12.425
2026-09-05T14:38:13Z,2026-09-05T09:38:13Z,53.3,37.8,3.331,4.861,15.845
2026-09-05T14:39:13Z,2026-09-05T09:39:13Z,53.2,37.9,3.369,5.021,12.349
2026-09-05T14:40:13Z,2026-09-05T09:40:13Z,53.4,37.9,3.482,4.736,16.805
2026-09-05T14:41:13Z,2026-09-05T09:41:13Z,52.5,37.9,3.248,4.571,9.231
2026-09-05T14:42:13Z,2026-09-05T09:42:13Z,52.4,37.9,3.119,4.538,24.828
2026-09-05T14:43:13Z,2026-09-05T09:43:13Z,52.5,37.9,3.239,4.74,17.255
2026-09-05T14:44:13Z,2026-09-05T09:44:13Z,52.0,38.0,3.041,4.383,21.832
2026-09-05T14:45:13Z,2026-09-05T09:45:13Z,51.8,38.0,3.213,4.574,10.94
2026-09-05T14:46:13Z,2026-09-05T09:46:13Z,51.2,38.0,3.196,4.536,17.236
2026-09-05T14:47:13Z,2026-09-05T09:47:13Z,51.7,38.0,3.078,4.5,18.396
2026-09-05T14:48:13Z,2026-09-05T09:48:13Z,51.2,38.0,3.204,4.907,20.39
2026-09-05T14:49:13Z,2026-09-05T09:49:13Z,50.6,38.1,3.376,4.684,17.821
2026-09-05T14:50:13Z,2026-09-05T09:50:13Z,50.4,38.1,3.224,4.68,24.388
2026-09-05T14:51:13Z,2026-09-05T09:51:13Z,50.9,38.0,3.117,4.334,12.387
2026-09-05T14:52:13Z,2026-09-05T09:52:13Z,51.0,38.0,2.976,4.372,7.954
2026-09-05T14:53:13Z,2026-09-05T09:53:13Z,51.1,37.9,3.145,4.37,19.436
2026-09-05T14:54:14Z,2026-09-05T09:54:14Z,51.8,37.9,3.047,4.312,10.642
2026-09-05T14:55:14Z,2026-09-05T09:55:14Z,51.9,37.8,3.125,4.353,12.091
2026-09-05T14:56:14Z,2026-09-05T09:56:14Z,53.2,37.7,3.061,4.378,17.171
2026-09-05T14:57:14Z,2026-09-05T09:57:14Z,54.1,37.6,3.154,4.563,8.065
2026-09-05T14:58:14Z,2026-09-05T09:58:14Z,53.3,37.6,3.323,4.462,13.843
2026-09-05T14:59:14Z,2026-09-05T09:59:14Z,54.0,37.5,3.334,4.468,31.554
2026-09-05T15:00:14Z,2026-09-05T10:00:14Z,53.0,37.4,3.112,4.186,13.958
2026-09-05T15:01:14Z,2026-09-05T10:01:14Z,54.0,37.4,3.006,4.327,12.427
2026-09-05T15:02:14Z,2026-09-05T10:02:14Z,53.0,37.3,3.099,4.117,7.507
2026-09-05T15:03:14Z,2026-09-05T10:03:14Z,52.6,37.2,3.238,4.684,23.997
2026-09-05T15:04:14Z,2026-09-05T10:04:14Z,54.7,37.1,3.282,4.474,25.534
2026-09-05T15:05:14Z,2026-09-05T10:05:14Z,54.4,37.1,3.388,4.95,11.344
2026-09-05T15:06:14Z,2026-09-05T10:06:14Z,54.8,37.0,3.327,4.487,14.564
2026-09-05T15:07:14Z,2026-09-05T10:07:14Z,54.5,36.9,2.875,4.074,8.522
2026-09-05T15:08:14Z,2026-09-05T10:08:14Z,53.5,36.8,3.203,4.246,17.23
2026-09-05T15:09:14Z,2026-09-05T10:09:14Z,54.4,36.8,3.343,4.582,23.0
2026-09-05T15:10:14Z,2026-09-05T10:10:14Z,54.8,36.7,3.251,4.851,11.659
2026-09-05T15:11:14Z,2026-09-05T10:11:14Z,54.8,36.7,3.393,4.629,9.076
2026-09-05T15:12:14Z,2026-09-05T10:12:14Z,56.0,36.6,3.355,4.643,9.44
2026-09-05T15:13:14Z,2026-09-05T10:13:14Z,55.6,36.6,3.263,4.637,32.745
2026-09-05T15:14:14Z,2026-09-05T10:14:14Z,55.1,36.6,3.539,5.209,13.545
2026-09-05T15:15:14Z,2026-09-05T10:15:14Z,54.2,36.6,3.335,4.324,14.104
2026-09-05T15:16:15Z,2026-09-05T10:16:15Z,52.7,36.6,3.013,4.08,9.793
2026-09-05T15:17:15Z,2026-09-05T10:17:15Z,52.5,36.6,3.033,4.162,12.356
2026-09-05T15:18:15Z,2026-09-05T10:18:15Z,53.3,36.6,3.402,4.697,13.37
2026-09-05T15:19:15Z,2026-09-05T10:19:15Z,54.3,36.5,3.177,4.214,13.688
2026-09-05T15:20:15Z,2026-09-05T10:20:15Z,52.8,36.5,3.072,4.339,8.408
2026-09-05T15:21:15Z,2026-09-05T10:21:15Z,53.6,36.5,3.182,4.635,11.174
2026-09-05T15:22:15Z,2026-09-05T10:22:15Z,53.8,36.4,3.139,4.551,7.323
2026-09-05T15:23:15Z,2026-09-05T10:23:15Z,54.6,36.4,3.218,4.459,10.97
2026-09-05T15:24:15Z,2026-09-05T10:24:15Z,54.7,36.3,2.966,4.21,13.234
2026-09-05T15:25:15Z,2026-09-05T10:25:15Z,55.3,36.3,3.336,4.454,13.745
2026-09-05T15:26:15Z,2026-09-05T10:26:15Z,54.0,36.3,3.502,4.857,10.058
2026-09-05T15:27:15Z,2026-09-05T10:27:15Z,52.6,36.3,3.37,4.358,7.598
2026-09-05T15:28:15Z,2026-09-05T10:28:15Z,53.6,36.4,3.173,4.569,10.665
2026-09-05T15:29:15Z,2026-09-05T10:29:15Z,53.0,36.5,3.299,4.464,10.523
2026-09-05T15:30:15Z,2026-09-05T10:30:15Z,52.1,36.7,3.584,4.861,9.89
2026-09-05T15:31:15Z,2026-09-05T10:31:15Z,51.9,36.8,3.177,4.702,9.518
2026-09-05T15:32:15Z,2026-09-05T10:32:15Z,52.5,36.9,4.02,5.4,23.839
2026-09-05T15:33:15Z,2026-09-05T10:33:15Z,51.9,37.0,3.637,4.677,9.49
2026-09-05T15:34:15Z,2026-09-05T10:34:15Z,51.1,37.1,3.501,4.868,14.103
2026-09-05T15:35:15Z,2026-09-05T10:35:15Z,50.3,37.3,3.508,4.869,14.18
2026-09-05T15:36:15Z,2026-09-05T10:36:15Z,50.0,37.4,3.546,4.329,8.586
2026-09-05T15:37:15Z,2026-09-05T10:37:15Z,49.9,37.5,3.547,5.069,11.728
2026-09-05T15:38:15Z,2026-09-05T10:38:15Z,49.8,37.6,3.719,4.876,10.682
2026-09-05T15:39:15Z,2026-09-05T10:39:15Z,50.2,37.7,3.689,4.945,18.493
2026-09-05T15:40:15Z,2026-09-05T10:40:15Z,50.2,37.8,3.877,5.189,13.317
2026-09-05T15:41:16Z,2026-09-05T10:41:16Z,52.0,37.9,3.571,4.817,8.522
2026-09-05T15:42:16Z,2026-09-05T10:42:16Z,51.4,38.1,3.849,4.975,9.833
2026-09-05T15:43:16Z,2026-09-05T10:43:16Z,48.9,38.3,3.72,4.638,10.144
2026-09-05T15:44:16Z,2026-09-05T10:44:16Z,48.6,38.4,3.822,5.158,9.821
2026-09-05T15:45:16Z,2026-09-05T10:45:16Z,46.4,38.6,3.768,5.083,9.715
2026-09-05T15:46:16Z,2026-09-05T10:46:16Z,46.4,38.8,3.566,4.713,13.474
2026-09-05T15:47:16Z,2026-09-05T10:47:16Z,45.9,38.9,3.502,4.614,11.668
2026-09-05T15:48:16Z,2026-09-05T10:48:16Z,45.7,39.0,3.803,4.861,6.467
2026-09-05T15:49:16Z,2026-09-05T10:49:16Z,47.3,39.2,3.706,4.858,9.308
2026-09-05T15:50:13Z,2026-09-05T10:50:13Z,47.7,39.3,3.744,5.126,21.314
2026-09-05T15:51:13Z,2026-09-05T10:51:13Z,46.3,39.5,3.807,4.904,16.999
2026-09-05T15:52:13Z,2026-09-05T10:52:13Z,46.0,39.7,3.979,5.236,18.502
2026-09-05T15:53:13Z,2026-09-05T10:53:13Z,43.3,39.8,3.749,4.765,12.632
2026-09-05T15:54:13Z,2026-09-05T10:54:13Z,44.6,40.0,3.457,4.605,9.374
2026-09-05T15:55:13Z,2026-09-05T10:55:13Z,44.8,40.2,3.704,4.959,11.77
2026-09-05T15:56:13Z,2026-09-05T10:56:13Z,43.9,40.3,3.489,4.363,12.531
2026-09-05T15:57:13Z,2026-09-05T10:57:13Z,42.3,40.5,3.584,4.386,9.085
2026-09-05T15:58:13Z,2026-09-05T10:58:13Z,40.9,40.6,3.47,4.41,14.192
2026-09-05T15:59:13Z,2026-09-05T10:59:13Z,40.6,40.7,3.33,4.451,13.466
2026-09-05T16:00:13Z,2026-09-05T11:00:13Z,39.8,40.8,3.17,4.418,10.746
2026-09-05T16:01:13Z,2026-09-05T11:01:13Z,39.0,40.9,3.02,4.003,14.447
2026-09-05T16:02:13Z,2026-09-05T11:02:13Z,38.7,40.9,3.208,4.252,7.413
2026-09-05T16:03:13Z,2026-09-05T11:03:13Z,38.9,40.9,3.19,4.143,7.658
2026-09-05T16:04:13Z,2026-09-05T11:04:13Z,39.5,40.9,2.936,4.091,8.24
2026-09-05T16:05:13Z,2026-09-05T11:05:13Z,39.6,41.0,3.001,4.28,7.484
2026-09-05T16:06:13Z,2026-09-05T11:06:13Z,40.3,41.0,3.429,4.551,18.662
2026-09-05T16:07:13Z,2026-09-05T11:07:13Z,40.4,41.1,3.225,4.297,9.411
2026-09-05T16:08:13Z,2026-09-05T11:08:13Z,40.4,41.1,3.458,4.455,9.033
2026-09-05T16:09:13Z,2026-09-05T11:09:13Z,40.2,41.2,3.606,4.534,13.368
2026-09-05T16:10:13Z,2026-09-05T11:10:13Z,39.5,41.2,3.552,4.521,8.016
2026-09-05T16:11:13Z,2026-09-05T11:11:13Z,39.7,41.3,3.534,4.381,12.41
2026-09-05T16:12:14Z,2026-09-05T11:12:14Z,38.6,41.3,3.568,4.767,9.747
2026-09-05T16:13:14Z,2026-09-05T11:13:14Z,39.2,41.3,3.705,4.874,15.847
2026-09-05T16:14:14Z,2026-09-05T11:14:14Z,38.6,41.3,3.46,4.471,14.662
2026-09-05T16:15:14Z,2026-09-05T11:15:14Z,39.2,41.4,3.645,4.729,10.203
2026-09-05T16:16:14Z,2026-09-05T11:16:14Z,38.7,41.4,3.485,4.611,9.882
2026-09-05T16:17:14Z,2026-09-05T11:17:14Z,38.3,41.4,3.622,4.713,11.396
2026-09-05T16:18:14Z,2026-09-05T11:18:14Z,38.9,41.4,3.67,4.588,41.224
2026-09-05T16:19:14Z,2026-09-05T11:19:14Z,39.7,41.4,3.397,3.924,12.32
2026-09-05T16:20:15Z,2026-09-05T11:20:15Z,40.1,41.3,3.315,3.935,4.248
2026-09-05T16:21:15Z,2026-09-05T11:21:15Z,40.7,41.2,3.592,4.551,5.185
2026-09-05T16:22:15Z,2026-09-05T11:22:15Z,40.8,41.1,3.582,4.815,8.724
2026-09-05T16:23:16Z,2026-09-05T11:23:16Z,40.5,40.9,3.671,4.757,5.354
2026-09-05T16:24:16Z,2026-09-05T11:24:16Z,42.0,40.8,3.742,4.776,138.899
2026-09-05T16:25:11Z,2026-09-05T11:25:11Z,41.6,40.7,3.835,5.474,7.438
2026-09-05T16:26:11Z,2026-09-05T11:26:11Z,41.8,40.7,4.015,5.12,12.553
2026-09-05T16:27:12Z,2026-09-05T11:27:12Z,41.3,40.6,3.877,4.909,13.161
2026-09-05T16:28:12Z,2026-09-05T11:28:12Z,41.3,40.6,4.03,5.106,21.84
2026-09-05T16:29:12Z,2026-09-05T11:29:12Z,41.5,40.6,3.893,5.15,9.811
2026-09-05T16:30:13Z,2026-09-05T11:30:13Z,41.2,40.7,4.048,5.194,13.747
2026-09-05T16:31:13Z,2026-09-05T11:31:13Z,41.4,40.7,4.15,5.158,9.124
2026-09-05T16:32:13Z,2026-09-05T11:32:13Z,39.8,40.7,3.658,4.778,10.538
2026-09-05T16:33:13Z,2026-09-05T11:33:13Z,39.6,40.8,3.473,4.787,22.193
2026-09-05T16:34:13Z,2026-09-05T11:34:13Z,39.7,40.8,3.432,4.661,15.668
2026-09-05T16:35:13Z,2026-09-05T11:35:13Z,40.0,40.7,3.463,4.626,7.68
2026-09-05T16:36:13Z,2026-09-05T11:36:13Z,40.2,40.7,3.868,5.253,11.939
2026-09-05T16:37:13Z,2026-09-05T11:37:13Z,40.4,40.6,3.908,5.094,9.618
2026-09-05T16:38:13Z,2026-09-05T11:38:13Z,40.5,40.5,3.673,4.953,12.032
2026-09-05T16:39:13Z,2026-09-05T11:39:13Z,41.0,40.4,3.92,5.213,11.309
2026-09-05T16:40:13Z,2026-09-05T11:40:13Z,40.5,40.2,3.842,5.051,10.973
2026-09-05T16:41:13Z,2026-09-05T11:41:13Z,40.7,40.1,3.816,4.958,21.442
2026-09-05T16:42:13Z,2026-09-05T11:42:13Z,40.8,39.9,3.667,4.635,7.249
2026-09-05T16:43:13Z,2026-09-05T11:43:13Z,41.0,39.8,3.806,4.912,9.089
2026-09-05T16:44:13Z,2026-09-05T11:44:13Z,41.6,39.6,3.626,4.652,18.085
2026-09-05T16:45:13Z,2026-09-05T11:45:13Z,41.7,39.4,3.801,5.194,13.632
2026-09-05T16:46:13Z,2026-09-05T11:46:13Z,42.1,39.3,3.737,5.0,10.551
2026-09-05T16:47:13Z,2026-09-05T11:47:13Z,42.6,39.1,3.567,4.671,12.247
2026-09-05T16:48:14Z,2026-09-05T11:48:14Z,42.6,39.0,3.94,5.322,12.611
2026-09-05T16:49:14Z,2026-09-05T11:49:14Z,42.9,38.8,3.778,4.864,16.106
2026-09-05T16:50:14Z,2026-09-05T11:50:14Z,43.1,38.7,3.522,4.294,6.881
2026-09-05T16:51:14Z,2026-09-05T11:51:14Z,43.4,38.5,3.488,4.674,10.154
2026-09-05T16:52:14Z,2026-09-05T11:52:14Z,43.7,38.4,4.02,5.346,29.735
2026-09-05T16:53:14Z,2026-09-05T11:53:14Z,46.1,38.3,3.804,5.261,18.312
2026-09-05T16:54:14Z,2026-09-05T11:54:14Z,49.0,38.1,3.486,4.484,10.899
2026-09-05T16:55:14Z,2026-09-05T11:55:14Z,47.5,38.0,3.633,4.662,6.327
2026-09-05T16:56:14Z,2026-09-05T11:56:14Z,46.8,37.9,3.643,4.729,16.01
2026-09-05T16:57:14Z,2026-09-05T11:57:14Z,47.1,37.9,3.595,4.984,9.554
2026-09-05T16:58:14Z,2026-09-05T11:58:14Z,47.2,37.8,3.804,4.887,9.387
2026-09-05T16:59:14Z,2026-09-05T11:59:14Z,46.0,37.8,3.965,5.114,11.044
2026-09-05T17:00:14Z,2026-09-05T12:00:14Z,47.5,37.7,3.748,4.737,12.898
2026-09-05T17:01:14Z,2026-09-05T12:01:14Z,48.9,37.8,3.597,4.714,8.767
2026-09-05T17:02:14Z,2026-09-05T12:02:14Z,48.3,37.8,3.705,4.66,10.202
2026-09-05T17:03:14Z,2026-09-05T12:03:14Z,47.6,37.9,3.742,4.982,14.471
2026-09-05T17:04:14Z,2026-09-05T12:04:14Z,46.6,38.0,3.652,4.66,12.62
2026-09-05T17:05:14Z,2026-09-05T12:05:14Z,47.1,38.1,4.0,5.129,12.449
2026-09-05T17:06:14Z,2026-09-05T12:06:14Z,45.5,38.2,3.729,4.994,10.02
2026-09-05T17:07:14Z,2026-09-05T12:07:14Z,44.6,38.3,4.126,5.189,12.688
2026-09-05T17:08:14Z,2026-09-05T12:08:14Z,45.5,38.3,3.511,4.64,12.893
2026-09-05T17:09:14Z,2026-09-05T12:09:14Z,45.5,38.4,3.831,4.946,14.053
2026-09-05T17:10:14Z,2026-09-05T12:10:14Z,46.2,38.5,3.942,5.257,13.785
2026-09-05T17:11:14Z,2026-09-05T12:11:14Z,45.9,38.6,3.787,4.858,13.824
2026-09-05T17:12:15Z,2026-09-05T12:12:15Z,45.8,38.7,3.959,5.077,8.02
2026-09-05T17:13:15Z,2026-09-05T12:13:15Z,44.2,38.8,3.809,4.818,11.074
2026-09-05T17:14:15Z,2026-09-05T12:14:15Z,43.8,38.9,3.645,4.703,9.091
2026-09-05T17:15:15Z,2026-09-05T12:15:15Z,44.4,39.0,3.928,4.87,9.482
2026-09-05T17:16:15Z,2026-09-05T12:16:15Z,43.6,39.0,4.282,5.158,10.363
2026-09-05T17:17:15Z,2026-09-05T12:17:15Z,44.0,39.1,4.281,5.294,10.135
2026-09-05T17:18:15Z,2026-09-05T12:18:15Z,44.0,39.2,4.044,5.254,19.382
2026-09-05T17:19:15Z,2026-09-05T12:19:15Z,43.3,39.3,3.848,4.903,14.958
2026-09-05T17:20:15Z,2026-09-05T12:20:15Z,42.5,39.4,3.742,4.785,9.455
2026-09-05T17:21:15Z,2026-09-05T12:21:15Z,43.1,39.4,4.059,5.144,10.491
2026-09-05T17:22:15Z,2026-09-05T12:22:15Z,42.3,39.5,4.093,5.334,18.146
2026-09-05T17:23:15Z,2026-09-05T12:23:15Z,43.6,39.6,3.891,5.329,9.096
2026-09-05T17:24:15Z,2026-09-05T12:24:15Z,42.9,39.7,4.005,5.169,6.185
2026-09-05T17:25:15Z,2026-09-05T12:25:15Z,43.3,39.7,3.766,4.907,7.466
2026-09-05T17:26:15Z,2026-09-05T12:26:15Z,43.3,39.8,4.127,5.264,9.865
2026-09-05T17:27:15Z,2026-09-05T12:27:15Z,41.3,39.9,4.008,5.096,15.886
2026-09-05T17:28:15Z,2026-09-05T12:28:15Z,41.9,39.9,4.181,5.31,11.617
2026-09-05T17:29:15Z,2026-09-05T12:29:15Z,43.5,39.9,4.695,5.496,12.315
2026-09-05T17:30:15Z,2026-09-05T12:30:15Z,42.8,40.0,4.196,5.36,18.319
2026-09-05T17:31:15Z,2026-09-05T12:31:15Z,41.9,40.0,4.157,5.563,10.783
2026-09-05T17:32:15Z,2026-09-05T12:32:15Z,42.2,40.1,3.818,4.742,18.256
2026-09-05T17:33:15Z,2026-09-05T12:33:15Z,41.6,40.1,4.079,5.305,9.869
2026-09-05T17:34:15Z,2026-09-05T12:34:15Z,41.3,40.2,4.121,5.161,7.69
2026-09-05T17:35:15Z,2026-09-05T12:35:15Z,41.0,40.1,3.977,5.12,6.723
2026-09-05T17:36:16Z,2026-09-05T12:36:16Z,41.8,40.1,3.968,5.149,10.695
2026-09-05T17:37:16Z,2026-09-05T12:37:16Z,41.2,40.1,4.06,4.873,21.154
2026-09-05T17:38:16Z,2026-09-05T12:38:16Z,41.2,40.0,4.197,5.479,8.526
2026-09-05T17:39:16Z,2026-09-05T12:39:16Z,40.6,39.9,4.108,5.401,18.545
2026-09-05T17:40:16Z,2026-09-05T12:40:16Z,41.0,39.8,4.006,5.143,7.733
2026-09-05T17:41:16Z,2026-09-05T12:41:16Z,42.2,39.7,4.108,5.0,23.516
2026-09-05T17:42:16Z,2026-09-05T12:42:16Z,42.3,39.6,4.361,5.653,8.855
2026-09-05T17:43:16Z,2026-09-05T12:43:16Z,43.1,39.5,4.535,5.752,12.639
2026-09-05T17:44:16Z,2026-09-05T12:44:16Z,43.3,39.4,4.23,5.722,10.543
2026-09-05T17:45:16Z,2026-09-05T12:45:16Z,43.7,39.3,4.19,5.336,9.218
2026-09-05T17:46:16Z,2026-09-05T12:46:16Z,45.1,39.1,5.013,5.891,25.297
2026-09-05T17:47:16Z,2026-09-05T12:47:16Z,44.5,39.0,4.532,5.782,7.012
2026-09-05T17:48:16Z,2026-09-05T12:48:16Z,45.0,38.9,4.554,5.552,11.132
2026-09-05T17:49:16Z,2026-09-05T12:49:16Z,45.6,38.8,4.414,5.296,6.695
2026-09-05T17:50:16Z,2026-09-05T12:50:16Z,44.7,38.7,4.465,5.358,15.598
2026-09-05T17:51:16Z,2026-09-05T12:51:16Z,44.7,38.6,4.189,5.443,16.924
2026-09-05T17:52:16Z,2026-09-05T12:52:16Z,44.5,38.5,4.299,5.422,7.401
2026-09-05T17:53:16Z,2026-09-05T12:53:16Z,45.2,38.4,4.414,5.409,9.608
2026-09-05T17:54:16Z,2026-09-05T12:54:16Z,45.3,38.3,4.853,5.818,15.55
2026-09-05T17:55:16Z,2026-09-05T12:55:16Z,44.6,38.2,4.539,6.033,14.035
2026-09-05T17:56:16Z,2026-09-05T12:56:16Z,45.2,38.2,4.508,5.507,15.416
2026-09-05T17:57:16Z,2026-09-05T12:57:16Z,45.3,38.1,4.433,5.567,9.136
2026-09-05T17:58:16Z,2026-09-05T12:58:16Z,44.9,38.0,4.366,5.485,8.907
2026-09-05T17:59:16Z,2026-09-05T12:59:16Z,45.0,37.9,4.46,5.634,8.977
2026-09-05T18:00:16Z,2026-09-05T13:00:16Z,45.7,37.8,4.649,5.506,22.254
2026-09-05T18:01:17Z,2026-09-05T13:01:17Z,47.2,37.7,4.45,5.652,13.459
2026-09-05T18:02:17Z,2026-09-05T13:02:17Z,47.3,37.7,4.832,5.936,15.028
2026-09-05T18:03:17Z,2026-09-05T13:03:17Z,46.2,37.6,4.701,5.702,13.063
2026-09-05T18:04:17Z,2026-09-05T13:04:17Z,46.9,37.6,5.156,6.253,17.348
2026-09-05T18:05:17Z,2026-09-05T13:05:17Z,45.9,37.5,4.753,5.971,9.418
2026-09-05T18:06:17Z,2026-09-05T13:06:17Z,46.0,37.4,4.66,5.517,10.306
2026-09-05T18:07:17Z,2026-09-05T13:07:17Z,47.2,37.4,4.871,6.167,15.343
2026-09-05T18:08:17Z,2026-09-05T13:08:17Z,47.5,37.3,4.939,6.202,12.494
2026-09-05T18:09:17Z,2026-09-05T13:09:17Z,47.2,37.3,4.601,5.474,18.398
2026-09-05T18:10:17Z,2026-09-05T13:10:17Z,47.9,37.2,5.134,6.368,14.743
2026-09-05T18:11:17Z,2026-09-05T13:11:17Z,48.0,37.2,5.169,6.194,8.884
2026-09-05T18:12:17Z,2026-09-05T13:12:17Z,47.4,37.1,5.313,6.563,12.361
2026-09-05T18:13:17Z,2026-09-05T13:13:17Z,47.8,37.1,4.743,5.9,16.624
2026-09-05T18:14:17Z,2026-09-05T13:14:17Z,49.7,37.1,4.92,6.303,16.778
2026-09-05T18:15:17Z,2026-09-05T13:15:17Z,48.4,37.1,4.895,5.811,10.661
2026-09-05T18:16:17Z,2026-09-05T13:16:17Z,49.4,37.2,5.229,6.289,16.096
2026-09-05T18:17:17Z,2026-09-05T13:17:17Z,50.4,37.2,5.609,6.653,11.613
2026-09-05T18:18:17Z,2026-09-05T13:18:17Z,47.7,37.4,5.48,6.843,10.387
2026-09-05T18:19:17Z,2026-09-05T13:19:17Z,48.3,37.5,5.019,6.035,20.936
2026-09-05T18:20:17Z,2026-09-05T13:20:17Z,47.7,37.7,4.972,5.953,9.465
2026-09-05T18:21:17Z,2026-09-05T13:21:17Z,46.9,37.9,4.712,5.554,12.721
2026-09-05T18:22:17Z,2026-09-05T13:22:17Z,45.8,38.0,4.765,5.73,15.327
2026-09-05T18:23:18Z,2026-09-05T13:23:18Z,45.4,38.2,4.456,5.592,10.319
2026-09-05T18:24:18Z,2026-09-05T13:24:18Z,46.1,38.4,4.726,5.896,23.011
2026-09-05T18:25:18Z,2026-09-05T13:25:18Z,45.7,38.5,4.775,5.878,7.677
2026-09-05T18:26:18Z,2026-09-05T13:26:18Z,44.7,38.6,4.97,5.941,10.174
2026-09-05T18:27:18Z,2026-09-05T13:27:18Z,44.8,38.7,4.55,5.533,12.712
2026-09-05T18:28:18Z,2026-09-05T13:28:18Z,44.9,38.9,4.683,5.868,10.498
2026-09-05T18:29:18Z,2026-09-05T13:29:18Z,44.3,39.0,4.786,6.053,20.688
2026-09-05T18:30:15Z,2026-09-05T13:30:15Z,43.6,39.1,4.678,6.012,10.517
2026-09-05T18:31:15Z,2026-09-05T13:31:15Z,44.8,39.2,4.758,5.621,14.867
2026-09-05T18:32:15Z,2026-09-05T13:32:15Z,47.1,39.3,6.249,7.566,11.964
2026-09-05T18:33:15Z,2026-09-05T13:33:15Z,46.6,39.4,8.425,9.615,13.977
2026-09-05T18:34:15Z,2026-09-05T13:34:15Z,46.1,39.5,9.852,10.839,39.097
2026-09-05T18:35:15Z,2026-09-05T13:35:15Z,46.3,39.5,9.246,10.5,19.649
2026-09-05T18:36:15Z,2026-09-05T13:36:15Z,46.1,39.6,9.492,11.134,56.484
2026-09-05T18:37:15Z,2026-09-05T13:37:15Z,46.1,39.7,9.813,10.991,19.865
2026-09-05T18:38:15Z,2026-09-05T13:38:15Z,45.7,39.8,9.983,11.098,34.66
2026-09-05T18:39:15Z,2026-09-05T13:39:15Z,45.8,39.8,9.765,10.707,13.332
2026-09-05T18:40:15Z,2026-09-05T13:40:15Z,44.6,39.8,9.591,10.731,26.064
2026-09-05T18:41:15Z,2026-09-05T13:41:15Z,45.8,39.8,9.956,11.143,16.801
2026-09-05T18:42:15Z,2026-09-05T13:42:15Z,45.5,39.8,10.18,11.182,17.155
2026-09-05T18:43:15Z,2026-09-05T13:43:15Z,45.1,39.9,10.364,11.397,24.746
2026-09-05T18:44:15Z,2026-09-05T13:44:15Z,45.1,39.9,10.632,12.119,19.356
2026-09-05T18:45:15Z,2026-09-05T13:45:15Z,46.2,40.0,10.579,11.839,33.298
2026-09-05T18:46:15Z,2026-09-05T13:46:15Z,45.0,40.1,10.763,12.214,21.469
2026-09-05T18:47:15Z,2026-09-05T13:47:15Z,44.9,40.2,10.55,12.078,35.309
2026-09-05T18:48:15Z,2026-09-05T13:48:15Z,44.1,40.2,9.816,10.937,25.746
2026-09-05T18:49:15Z,2026-09-05T13:49:15Z,44.5,40.2,10.784,12.218,33.438
2026-09-05T18:50:15Z,2026-09-05T13:50:15Z,45.1,40.2,10.841,12.518,34.125
2026-09-05T18:51:16Z,2026-09-05T13:51:16Z,45.0,40.2,11.222,12.236,16.848
2026-09-05T18:52:16Z,2026-09-05T13:52:16Z,43.9,40.2,11.087,12.671,24.957
2026-09-05T18:53:16Z,2026-09-05T13:53:16Z,44.0,40.1,11.081,12.554,41.018
2026-09-05T18:54:16Z,2026-09-05T13:54:16Z,44.1,40.1,12.121,13.335,22.264
2026-09-05T18:55:16Z,2026-09-05T13:55:16Z,45.1,40.1,11.508,12.698,34.069
2026-09-05T18:56:16Z,2026-09-05T13:56:16Z,44.0,40.0,10.015,11.055,33.478
2026-09-05T18:57:16Z,2026-09-05T13:57:16Z,45.4,40.0,11.715,12.894,21.529
2026-09-05T18:58:16Z,2026-09-05T13:58:16Z,45.4,39.9,11.108,12.012,22.412
2026-09-05T18:59:16Z,2026-09-05T13:59:16Z,44.6,39.9,11.149,12.393,14.59
2026-09-05T19:00:16Z,2026-09-05T14:00:16Z,44.4,39.8,11.448,12.625,28.115
2026-09-05T19:01:16Z,2026-09-05T14:01:16Z,44.8,39.7,11.563,12.276,38.348
2026-09-05T19:02:16Z,2026-09-05T14:02:16Z,45.1,39.6,11.338,12.243,25.67
2026-09-05T19:03:16Z,2026-09-05T14:03:16Z,45.5,39.5,11.216,12.345,30.377
2026-09-05T19:04:16Z,2026-09-05T14:04:16Z,45.9,39.4,11.467,12.427,22.993
2026-09-05T19:05:16Z,2026-09-05T14:05:16Z,45.9,39.4,11.063,12.094,16.364
2026-09-05T19:06:15Z,2026-09-05T14:06:15Z,47.2,39.4,11.442,12.463,15.748
2026-09-05T19:07:15Z,2026-09-05T14:07:15Z,47.3,39.5,11.454,12.618,18.688
2026-09-05T19:08:15Z,2026-09-05T14:08:15Z,45.9,39.6,11.751,12.616,22.897
2026-09-05T19:09:15Z,2026-09-05T14:09:15Z,46.5,39.7,11.638,12.813,20.999
2026-09-05T19:10:15Z,2026-09-05T14:10:15Z,44.3,39.8,11.0,11.887,24.853
2026-09-05T19:11:15Z,2026-09-05T14:11:15Z,44.4,39.9,11.059,12.102,38.027
2026-09-05T19:12:15Z,2026-09-05T14:12:15Z,45.2,39.9,11.869,13.057,34.469
2026-09-05T19:13:15Z,2026-09-05T14:13:15Z,45.2,39.9,12.073,12.904,15.598
2026-09-05T19:14:15Z,2026-09-05T14:14:15Z,44.5,39.9,12.25,13.012,15.732
2026-09-05T19:15:15Z,2026-09-05T14:15:15Z,44.6,40.0,12.457,13.444,18.831
2026-09-05T19:16:15Z,2026-09-05T14:16:15Z,44.8,40.0,12.367,13.108,17.862
2026-09-05T19:17:16Z,2026-09-05T14:17:16Z,44.5,40.1,12.6,13.456,14.271
2026-09-05T19:18:16Z,2026-09-05T14:18:16Z,44.4,40.3,12.931,13.68,21.863
2026-09-05T19:19:16Z,2026-09-05T14:19:16Z,42.6,40.4,11.327,12.164,14.558
2026-09-05T19:20:16Z,2026-09-05T14:20:16Z,43.1,40.5,11.552,12.277,21.748
2026-09-05T19:21:16Z,2026-09-05T14:21:16Z,44.0,40.6,11.739,12.796,15.348
2026-09-05T19:22:16Z,2026-09-05T14:22:16Z,43.1,40.7,11.59,12.35,25.388
2026-09-05T19:23:16Z,2026-09-05T14:23:16Z,42.3,40.8,12.206,13.03,24.308
2026-09-05T19:24:16Z,2026-09-05T14:24:16Z,42.0,40.8,11.074,11.828,18.776
2026-09-05T19:25:16Z,2026-09-05T14:25:16Z,41.7,40.9,11.778,12.778,14.822
2026-09-05T19:26:16Z,2026-09-05T14:26:16Z,41.9,40.9,11.532,12.435,16.949
2026-09-05T19:27:16Z,2026-09-05T14:27:16Z,41.9,40.9,11.822,12.67,24.244
2026-09-05T19:28:16Z,2026-09-05T14:28:16Z,41.7,40.8,12.338,13.018,20.586
2026-09-05T19:29:16Z,2026-09-05T14:29:16Z,41.7,40.7,12.59,13.589,20.996
2026-09-05T19:30:16Z,2026-09-05T14:30:16Z,41.8,40.6,12.318,13.098,16.611
2026-09-05T19:31:16Z,2026-09-05T14:31:16Z,42.0,40.5,12.358,13.19,18.519
2026-09-05T19:32:16Z,2026-09-05T14:32:16Z,42.1,40.3,12.236,13.019,22.787
2026-09-05T19:33:16Z,2026-09-05T14:33:16Z,42.5,40.2,11.22,12.233,14.808
2026-09-05T19:34:16Z,2026-09-05T14:34:16Z,43.5,40.1,11.85,12.827,16.524
2026-09-05T19:35:16Z,2026-09-05T14:35:16Z,43.5,40.1,11.402,12.097,25.24
2026-09-05T19:36:16Z,2026-09-05T14:36:16Z,43.9,40.1,12.008,12.984,26.102
2026-09-05T19:37:16Z,2026-09-05T14:37:16Z,42.9,40.1,11.667,12.674,19.525
2026-09-05T19:38:16Z,2026-09-05T14:38:16Z,42.9,40.2,11.926,12.739,14.52
2026-09-05T19:39:16Z,2026-09-05T14:39:16Z,42.9,40.2,11.082,11.851,24.464
2026-09-05T19:40:16Z,2026-09-05T14:40:16Z,42.5,40.1,11.772,12.499,13.689
2026-09-05T19:41:16Z,2026-09-05T14:41:16Z,42.9,40.1,11.406,12.288,14.401
2026-09-05T19:42:17Z,2026-09-05T14:42:17Z,42.8,40.0,11.568,12.228,23.251
2026-09-05T19:43:17Z,2026-09-05T14:43:17Z,42.7,40.0,11.098,11.934,16.278
2026-09-05T19:44:17Z,2026-09-05T14:44:17Z,42.5,39.9,11.161,11.969,14.393
2026-09-05T19:45:17Z,2026-09-05T14:45:17Z,43.7,39.8,11.018,11.893,26.42
2026-09-05T19:46:17Z,2026-09-05T14:46:17Z,44.0,39.7,10.961,12.052,20.415
2026-09-05T19:47:17Z,2026-09-05T14:47:17Z,44.2,39.7,11.023,11.684,13.973
2026-09-05T19:48:17Z,2026-09-05T14:48:17Z,43.7,39.6,10.975,11.789,21.703
2026-09-05T19:49:17Z,2026-09-05T14:49:17Z,43.3,39.5,9.91,10.738,19.395
2026-09-05T19:50:17Z,2026-09-05T14:50:17Z,43.3,39.4,9.361,10.092,15.396
2026-09-05T19:51:17Z,2026-09-05T14:51:17Z,43.7,39.4,10.02,10.894,21.262
2026-09-05T19:52:17Z,2026-09-05T14:52:17Z,44.3,39.3,10.342,11.051,21.552
2026-09-05T19:53:17Z,2026-09-05T14:53:17Z,44.0,39.2,10.409,11.288,24.331
2026-09-05T19:54:17Z,2026-09-05T14:54:17Z,44.5,39.1,9.692,10.966,12.287
2026-09-05T19:55:17Z,2026-09-05T14:55:17Z,44.5,39.1,10.433,11.138,12.724
2026-09-05T19:56:17Z,2026-09-05T14:56:17Z,44.9,39.0,10.842,11.632,15.121
2026-09-05T19:57:17Z,2026-09-05T14:57:17Z,45.1,39.0,10.561,11.501,13.538
2026-09-05T19:58:17Z,2026-09-05T14:58:17Z,46.3,38.9,10.387,11.194,16.577
2026-09-05T19:59:17Z,2026-09-05T14:59:17Z,46.3,39.0,10.128,11.007,13.495
2026-09-05T20:00:14Z,2026-09-05T15:00:14Z,45.7,39.1,10.096,10.754,13.622
2026-09-05T20:01:14Z,2026-09-05T15:01:14Z,45.1,39.1,9.766,10.545,14.172
2026-09-05T20:02:14Z,2026-09-05T15:02:14Z,43.7,39.2,9.382,10.571,14.81
2026-09-05T20:03:14Z,2026-09-05T15:03:14Z,44.3,39.2,10.092,10.997,13.644
2026-09-05T20:04:14Z,2026-09-05T15:04:14Z,43.5,39.2,8.833,9.811,23.988
2026-09-05T20:05:14Z,2026-09-05T15:05:14Z,43.1,39.2,8.917,9.766,10.582
2026-09-05T20:06:14Z,2026-09-05T15:06:14Z,44.1,39.2,9.388,10.468,14.693
2026-09-05T20:07:14Z,2026-09-05T15:07:14Z,43.9,39.3,8.688,9.635,18.016
2026-09-05T20:08:14Z,2026-09-05T15:08:14Z,43.9,39.4,9.514,10.464,14.589
2026-09-05T20:09:14Z,2026-09-05T15:09:14Z,45.1,39.5,10.078,10.986,17.215
2026-09-05T20:10:14Z,2026-09-05T15:10:14Z,44.7,39.6,10.024,10.969,15.858
2026-09-05T20:11:15Z,2026-09-05T15:11:15Z,44.0,39.7,9.8,10.718,32.168
2026-09-05T20:12:15Z,2026-09-05T15:12:15Z,43.0,39.8,9.787,10.763,16.053
2026-09-05T20:13:15Z,2026-09-05T15:13:15Z,43.2,39.9,9.201,10.055,14.304
2026-09-05T20:14:15Z,2026-09-05T15:14:15Z,43.5,40.0,9.473,10.009,13.231
2026-09-05T20:15:15Z,2026-09-05T15:15:15Z,42.9,40.1,9.371,10.343,25.592
2026-09-05T20:16:15Z,2026-09-05T15:16:15Z,43.8,40.2,9.597,10.468,12.844
2026-09-05T20:17:15Z,2026-09-05T15:17:15Z,43.2,40.4,8.917,9.799,12.455
2026-09-05T20:18:15Z,2026-09-05T15:18:15Z,43.1,40.5,9.325,10.128,13.236
2026-09-05T20:19:15Z,2026-09-05T15:19:15Z,43.1,40.6,9.078,10.02,11.493
2026-09-05T20:20:15Z,2026-09-05T15:20:15Z,41.2,40.8,9.24,10.048,12.841
2026-09-05T20:21:15Z,2026-09-05T15:21:15Z,40.4,40.9,8.674,9.676,16.713
2026-09-05T20:22:15Z,2026-09-05T15:22:15Z,40.4,41.0,8.554,9.243,11.29
2026-09-05T20:23:15Z,2026-09-05T15:23:15Z,40.6,41.1,8.176,8.744,19.294
2026-09-05T20:24:15Z,2026-09-05T15:24:15Z,40.4,41.1,7.845,8.866,12.803
2026-09-05T20:25:15Z,2026-09-05T15:25:15Z,40.6,41.2,7.48,8.246,11.59
2026-09-05T20:26:15Z,2026-09-05T15:26:15Z,40.7,41.3,7.495,8.375,17.327
2026-09-05T20:27:15Z,2026-09-05T15:27:15Z,40.2,41.3,7.352,8.371,22.637
2026-09-05T20:28:15Z,2026-09-05T15:28:15Z,40.5,41.3,6.731,7.559,15.705
2026-09-05T20:29:15Z,2026-09-05T15:29:15Z,39.7,41.3,7.08,7.897,9.599
2026-09-05T20:30:15Z,2026-09-05T15:30:15Z,39.4,41.3,6.862,7.595,13.047
2026-09-05T20:31:15Z,2026-09-05T15:31:15Z,39.4,41.3,6.96,7.874,9.469
2026-09-05T20:32:15Z,2026-09-05T15:32:15Z,39.4,41.3,6.484,7.369,14.735
2026-09-05T20:33:15Z,2026-09-05T15:33:15Z,40.0,41.3,6.818,7.706,8.927
2026-09-05T20:34:15Z,2026-09-05T15:34:15Z,39.1,41.2,6.676,7.783,17.964
2026-09-05T20:35:15Z,2026-09-05T15:35:15Z,38.8,41.2,6.813,7.784,10.599
2026-09-05T20:36:15Z,2026-09-05T15:36:15Z,39.5,41.2,6.235,7.264,21.224
2026-09-05T20:37:15Z,2026-09-05T15:37:15Z,40.2,41.1,6.301,7.041,18.226
2026-09-05T20:38:15Z,2026-09-05T15:38:15Z,39.7,41.1,6.259,7.314,16.915
2026-09-05T20:39:15Z,2026-09-05T15:39:15Z,39.2,41.1,5.344,6.135,13.079
2026-09-05T20:40:16Z,2026-09-05T15:40:16Z,39.1,41.0,5.874,7.107,28.078
2026-09-05T20:41:16Z,2026-09-05T15:41:16Z,40.9,41.0,6.507,7.503,15.221
2026-09-05T20:42:16Z,2026-09-05T15:42:16Z,39.6,41.0,6.451,7.361,10.956
2026-09-05T20:43:16Z,2026-09-05T15:43:16Z,40.6,41.0,6.137,7.145,13.678
2026-09-05T20:44:16Z,2026-09-05T15:44:16Z,40.3,40.9,6.61,7.452,8.811
2026-09-05T20:45:16Z,2026-09-05T15:45:16Z,40.2,40.9,6.621,7.626,19.988
2026-09-05T20:46:16Z,2026-09-05T15:46:16Z,39.8,40.9,6.793,7.878,17.063
2026-09-05T20:47:16Z,2026-09-05T15:47:16Z,39.2,40.9,6.932,7.671,8.813
2026-09-05T20:48:16Z,2026-09-05T15:48:16Z,40.5,40.9,7.461,8.135,13.162
2026-09-05T20:49:16Z,2026-09-05T15:49:16Z,41.0,40.8,7.367,8.187,13.51
2026-09-05T20:50:16Z,2026-09-05T15:50:16Z,41.8,40.8,7.293,8.102,10.37
2026-09-05T20:51:16Z,2026-09-05T15:51:16Z,40.3,40.8,7.343,8.436,12.455
2026-09-05T20:52:16Z,2026-09-05T15:52:16Z,40.1,40.8,7.057,7.949,8.912
2026-09-05T20:53:16Z,2026-09-05T15:53:16Z,40.5,40.8,7.83,8.729,11.764
2026-09-05T20:54:16Z,2026-09-05T15:54:16Z,40.9,40.7,8.63,9.547,12.767
2026-09-05T20:55:16Z,2026-09-05T15:55:16Z,40.4,40.7,9.227,10.41,13.84
2026-09-05T20:56:16Z,2026-09-05T15:56:16Z,41.7,40.6,9.39,10.404,15.462
2026-09-05T20:57:16Z,2026-09-05T15:57:16Z,42.2,40.6,9.048,9.95,10.936
2026-09-05T20:58:16Z,2026-09-05T15:58:16Z,42.0,40.5,9.588,10.391,20.693
2026-09-05T20:59:16Z,2026-09-05T15:59:16Z,41.6,40.4,9.754,10.516,14.644
2026-09-05T21:00:16Z,2026-09-05T16:00:16Z,42.1,40.3,9.718,10.701,24.892
2026-09-05T21:01:16Z,2026-09-05T16:01:16Z,42.1,40.2,9.122,9.796,11.845
2026-09-05T21:02:16Z,2026-09-05T16:02:16Z,42.1,40.1,9.436,10.45,17.502
2026-09-05T21:03:16Z,2026-09-05T16:03:16Z,41.9,40.0,9.174,10.046,14.721
2026-09-05T21:04:17Z,2026-09-05T16:04:17Z,42.3,39.9,8.775,9.659,31.15
2026-09-05T21:05:17Z,2026-09-05T16:05:17Z,42.1,39.8,8.928,9.867,11.269
2026-09-05T21:06:17Z,2026-09-05T16:06:17Z,42.5,39.7,9.078,9.911,19.87
2026-09-05T21:07:17Z,2026-09-05T16:07:17Z,43.4,39.6,9.515,10.435,20.325
2026-09-05T21:08:17Z,2026-09-05T16:08:17Z,43.4,39.5,9.236,10.277,12.115
2026-09-05T21:09:17Z,2026-09-05T16:09:17Z,42.7,39.4,9.228,10.034,22.059
2026-09-05T21:10:17Z,2026-09-05T16:10:17Z,43.5,39.3,8.817,9.92,16.79
2026-09-05T21:11:17Z,2026-09-05T16:11:17Z,43.7,39.3,9.424,10.411,14.791
2026-09-05T21:12:17Z,2026-09-05T16:12:17Z,44.0,39.2,8.955,9.848,11.765
2026-09-05T21:13:17Z,2026-09-05T16:13:17Z,44.2,39.1,8.995,9.927,22.064
2026-09-05T21:14:17Z,2026-09-05T16:14:17Z,44.6,39.0,8.943,9.931,16.821
2026-09-05T21:15:17Z,2026-09-05T16:15:17Z,44.9,38.9,8.829,9.559,18.704
2026-09-05T21:16:17Z,2026-09-05T16:16:17Z,44.3,38.9,8.694,9.47,17.653
2026-09-05T21:17:17Z,2026-09-05T16:17:17Z,44.0,38.8,7.954,8.708,23.376
2026-09-05T21:18:17Z,2026-09-05T16:18:17Z,44.1,38.7,8.811,9.566,13.563
2026-09-05T21:19:17Z,2026-09-05T16:19:17Z,44.7,38.6,8.749,9.454,12.455
2026-09-05T21:20:17Z,2026-09-05T16:20:17Z,45.5,38.5,9.057,9.836,19.433
2026-09-05T21:21:17Z,2026-09-05T16:21:17Z,45.1,38.4,8.701,9.73,13.099
2026-09-05T21:22:17Z,2026-09-05T16:22:17Z,45.3,38.3,9.709,10.365,22.377
2026-09-05T21:23:17Z,2026-09-05T16:23:17Z,45.9,38.3,8.816,9.477,21.901
2026-09-05T21:24:17Z,2026-09-05T16:24:17Z,45.6,38.2,9.275,9.83,27.684
2026-09-05T21:25:17Z,2026-09-05T16:25:17Z,46.1,38.1,9.061,10.056,18.387
2026-09-05T21:26:17Z,2026-09-05T16:26:17Z,46.5,38.0,9.826,10.661,32.015
2026-09-05T21:27:17Z,2026-09-05T16:27:17Z,46.8,37.9,9.48,10.272,13.397
2026-09-05T21:28:17Z,2026-09-05T16:28:17Z,46.5,37.9,9.265,9.911,30.904
2026-09-05T21:29:18Z,2026-09-05T16:29:18Z,47.2,37.8,9.413,10.52,14.921
2026-09-05T21:30:18Z,2026-09-05T16:30:18Z,46.9,37.7,9.156,9.903,15.186
2026-09-05T21:31:18Z,2026-09-05T16:31:18Z,47.0,37.7,9.152,10.156,22.961
2026-09-05T21:32:18Z,2026-09-05T16:32:18Z,47.2,37.6,9.283,10.294,14.024
2026-09-05T21:33:18Z,2026-09-05T16:33:18Z,47.7,37.5,8.87,9.693,15.838
2026-09-05T21:34:18Z,2026-09-05T16:34:18Z,47.1,37.4,8.925,9.782,15.818
2026-09-05T21:35:18Z,2026-09-05T16:35:18Z,47.7,37.4,8.955,9.715,20.613
2026-09-05T21:36:18Z,2026-09-05T16:36:18Z,47.6,37.3,9.279,10.116,22.883
2026-09-05T21:37:18Z,2026-09-05T16:37:18Z,47.7,37.3,9.354,10.127,17.221
2026-09-05T21:38:18Z,2026-09-05T16:38:18Z,48.2,37.2,8.865,9.658,17.844
2026-09-05T21:39:18Z,2026-09-05T16:39:18Z,47.5,37.1,9.023,9.862,13.788
2026-09-05T21:40:18Z,2026-09-05T16:40:18Z,48.0,37.1,9.008,9.748,12.982
2026-09-05T21:41:18Z,2026-09-05T16:41:18Z,47.8,37.0,9.274,10.051,11.864
2026-09-05T21:42:18Z,2026-09-05T16:42:18Z,48.1,37.0,8.794,9.49,18.64
2026-09-05T21:43:18Z,2026-09-05T16:43:18Z,49.3,36.9,8.153,9.01,26.693
2026-09-05T21:44:18Z,2026-09-05T16:44:18Z,49.7,36.8,7.069,7.691,12.547
2026-09-05T21:45:18Z,2026-09-05T16:45:18Z,50.2,36.8,7.501,8.245,25.407
2026-09-05T21:46:18Z,2026-09-05T16:46:18Z,50.1,36.7,7.469,8.239,12.297
2026-09-05T21:47:18Z,2026-09-05T16:47:18Z,50.1,36.7,6.995,7.808,12.516
2026-09-05T21:48:18Z,2026-09-05T16:48:18Z,50.3,36.6,7.028,7.884,10.181
2026-09-05T21:49:18Z,2026-09-05T16:49:18Z,50.9,36.5,6.531,7.457,21.694
2026-09-05T21:50:18Z,2026-09-05T16:50:18Z,51.3,36.4,7.292,7.916,25.433
2026-09-05T21:51:18Z,2026-09-05T16:51:18Z,51.2,36.4,7.37,8.283,16.732
2026-09-05T21:52:18Z,2026-09-05T16:52:18Z,51.9,36.3,6.839,7.806,17.776
2026-09-05T21:53:18Z,2026-09-05T16:53:18Z,51.7,36.2,6.899,7.873,29.841
2026-09-05T21:54:19Z,2026-09-05T16:54:19Z,52.5,36.2,7.455,8.353,15.206
2026-09-05T21:55:15Z,2026-09-05T16:55:15Z,52.3,36.1,7.403,8.291,13.48
2026-09-05T21:56:15Z,2026-09-05T16:56:15Z,54.1,36.1,6.981,7.762,27.456
2026-09-05T21:57:16Z,2026-09-05T16:57:16Z,53.5,36.0,7.027,7.891,14.242
2026-09-05T21:58:16Z,2026-09-05T16:58:16Z,54.0,36.0,6.42,7.274,13.351
2026-09-05T21:59:16Z,2026-09-05T16:59:16Z,53.2,36.0,6.919,7.872,16.868
2026-09-05T22:00:16Z,2026-09-05T17:00:16Z,53.2,35.9,6.602,7.441,9.943
2026-09-05T22:01:16Z,2026-09-05T17:01:16Z,52.9,35.9,6.887,7.759,14.455
2026-09-05T22:02:16Z,2026-09-05T17:02:16Z,53.2,35.8,6.473,7.363,15.891
2026-09-05T22:03:16Z,2026-09-05T17:03:16Z,53.9,35.8,6.587,7.382,11.286
2026-09-05T22:04:16Z,2026-09-05T17:04:16Z,54.4,35.7,6.416,7.366,11.518
2026-09-05T22:05:16Z,2026-09-05T17:05:16Z,53.5,35.7,6.801,7.638,22.526
2026-09-05T22:06:16Z,2026-09-05T17:06:16Z,54.5,35.7,6.628,7.621,10.428
2026-09-05T22:07:16Z,2026-09-05T17:07:16Z,54.1,35.6,6.002,6.736,10.885
2026-09-05T22:08:16Z,2026-09-05T17:08:16Z,53.8,35.6,6.632,7.26,15.002
2026-09-05T22:09:16Z,2026-09-05T17:09:16Z,53.7,35.5,6.461,7.27,20.01
2026-09-05T22:10:16Z,2026-09-05T17:10:16Z,53.6,35.5,6.952,7.803,8.683
2026-09-05T22:11:16Z,2026-09-05T17:11:16Z,53.5,35.4,6.484,7.319,19.698
2026-09-05T22:12:16Z,2026-09-05T17:12:16Z,53.8,35.4,6.606,7.575,10.851
2026-09-05T22:13:16Z,2026-09-05T17:13:16Z,53.8,35.3,6.275,7.316,9.978
2026-09-05T22:14:16Z,2026-09-05T17:14:16Z,55.4,35.3,6.038,6.937,13.444
2026-09-05T22:15:16Z,2026-09-05T17:15:16Z,54.8,35.3,6.348,7.118,10.151
2026-09-05T22:16:16Z,2026-09-05T17:16:16Z,57.1,35.2,6.408,7.352,10.715
2026-09-05T22:17:16Z,2026-09-05T17:17:16Z,55.6,35.2,6.552,7.577,13.269
2026-09-05T22:18:17Z,2026-09-05T17:18:17Z,54.9,35.1,6.688,7.601,16.134
2026-09-05T22:19:17Z,2026-09-05T17:19:17Z,55.9,35.1,6.66,7.434,9.48
2026-09-05T22:20:17Z,2026-09-05T17:20:17Z,56.2,35.0,6.208,7.205,20.869
2026-09-05T22:21:17Z,2026-09-05T17:21:17Z,56.5,35.0,6.738,7.616,15.671
2026-09-05T22:22:17Z,2026-09-05T17:22:17Z,57.0,34.9,6.607,7.611,10.634
2026-09-05T22:23:17Z,2026-09-05T17:23:17Z,58.6,34.9,6.523,7.559,10.523
2026-09-05T22:24:17Z,2026-09-05T17:24:17Z,58.3,34.8,6.659,7.573,10.274
2026-09-05T22:25:17Z,2026-09-05T17:25:17Z,58.0,34.8,6.19,6.833,11.251
2026-09-05T22:26:17Z,2026-09-05T17:26:17Z,58.8,34.8,6.723,7.726,9.832
2026-09-05T22:27:17Z,2026-09-05T17:27:17Z,57.0,34.7,6.358,7.142,19.566
2026-09-05T22:28:17Z,2026-09-05T17:28:17Z,56.7,34.7,6.418,7.313,8.787
2026-09-05T22:29:17Z,2026-09-05T17:29:17Z,57.1,34.6,6.422,7.408,12.452
2026-09-05T22:30:17Z,2026-09-05T17:30:17Z,57.6,34.6,6.107,6.958,11.119
2026-09-05T22:31:17Z,2026-09-05T17:31:17Z,58.6,34.6,6.147,7.196,21.564
2026-09-05T22:32:17Z,2026-09-05T17:32:17Z,58.2,34.5,5.877,6.62,8.208
2026-09-05T22:33:17Z,2026-09-05T17:33:17Z,57.4,34.5,6.608,7.481,14.167
2026-09-05T22:34:17Z,2026-09-05T17:34:17Z,57.3,34.4,6.214,7.238,18.958
2026-09-05T22:35:17Z,2026-09-05T17:35:17Z,57.9,34.4,6.019,6.974,17.229
2026-09-05T22:36:17Z,2026-09-05T17:36:17Z,58.9,34.4,6.03,6.943,28.875
2026-09-05T22:37:17Z,2026-09-05T17:37:17Z,58.8,34.3,6.16,7.056,10.518
2026-09-05T22:38:18Z,2026-09-05T17:38:18Z,58.1,34.3,6.142,7.041,17.444
2026-09-05T22:39:18Z,2026-09-05T17:39:18Z,58.4,34.2,6.296,7.369,12.352
2026-09-05T22:40:18Z,2026-09-05T17:40:18Z,58.7,34.2,6.167,7.247,12.527
2026-09-05T22:41:18Z,2026-09-05T17:41:18Z,58.8,34.2,6.095,6.977,12.106
2026-09-05T22:42:18Z,2026-09-05T17:42:18Z,58.2,34.1,6.315,7.145,10.534
2026-09-05T22:43:18Z,2026-09-05T17:43:18Z,58.3,34.1,6.314,7.086,14.083
2026-09-05T22:44:18Z,2026-09-05T17:44:18Z,57.8,34.1,6.37,7.264,26.606
2026-09-05T22:45:18Z,2026-09-05T17:45:18Z,57.8,34.1,6.084,7.021,20.451
2026-09-05T22:46:18Z,2026-09-05T17:46:18Z,57.9,34.1,6.288,7.214,9.482
2026-09-05T22:47:18Z,2026-09-05T17:47:18Z,57.8,34.0,6.463,7.183,22.108
2026-09-05T22:48:18Z,2026-09-05T17:48:18Z,57.9,34.0,6.713,7.597,28.474
2026-09-05T22:49:18Z,2026-09-05T17:49:18Z,59.6,34.0,6.391,7.291,18.359
2026-09-05T22:50:18Z,2026-09-05T17:50:18Z,60.0,34.0,6.396,7.487,21.92
2026-09-05T22:51:18Z,2026-09-05T17:51:18Z,60.1,34.0,6.808,7.827,22.267
2026-09-05T22:52:18Z,2026-09-05T17:52:18Z,58.4,34.0,6.638,7.289,9.381
2026-09-05T22:53:18Z,2026-09-05T17:53:18Z,58.1,34.0,6.825,7.615,10.041
2026-09-05T22:54:18Z,2026-09-05T17:54:18Z,58.8,34.0,6.794,7.731,11.737
2026-09-05T22:55:18Z,2026-09-05T17:55:18Z,59.4,34.0,6.693,7.469,19.345
2026-09-05T22:56:18Z,2026-09-05T17:56:18Z,59.3,34.0,6.883,7.953,10.832
2026-09-05T22:57:18Z,2026-09-05T17:57:18Z,58.4,34.0,6.628,7.422,17.78
2026-09-05T22:58:18Z,2026-09-05T17:58:18Z,58.9,34.0,6.374,7.235,14.681
2026-09-05T22:59:18Z,2026-09-05T17:59:18Z,60.6,34.0,6.644,7.372,10.751
2026-09-05T23:00:18Z,2026-09-05T18:00:18Z,60.4,34.0,6.721,7.567,10.619
2026-09-05T23:01:19Z,2026-09-05T18:01:19Z,62.4,34.0,6.65,7.316,20.25
2026-09-05T23:02:19Z,2026-09-05T18:02:19Z,61.8,34.0,6.538,7.357,10.509
2026-09-05T23:03:19Z,2026-09-05T18:03:19Z,63.5,34.0,5.93,6.709,11.406
2026-09-05T23:04:19Z,2026-09-05T18:04:19Z,62.4,34.0,6.425,7.102,15.993
2026-09-05T23:05:19Z,2026-09-05T18:05:19Z,58.7,34.0,6.824,7.779,17.026
2026-09-05T23:06:19Z,2026-09-05T18:06:19Z,59.8,34.0,6.469,7.433,24.941
2026-09-05T23:07:19Z,2026-09-05T18:07:19Z,57.5,34.0,6.396,7.345,20.121
2026-09-05T23:08:19Z,2026-09-05T18:08:19Z,57.6,34.0,6.851,7.828,18.742
2026-09-05T23:09:19Z,2026-09-05T18:09:19Z,57.7,34.0,6.804,7.573,20.792
2026-09-05T23:10:16Z,2026-09-05T18:10:16Z,58.1,34.0,7.215,8.3,14.327
2026-09-05T23:11:16Z,2026-09-05T18:11:16Z,56.7,34.0,6.706,7.368,19.361
2026-09-05T23:12:16Z,2026-09-05T18:12:16Z,57.4,34.0,6.548,7.508,14.31
2026-09-05T23:13:16Z,2026-09-05T18:13:16Z,56.4,34.0,6.473,7.378,17.961
2026-09-05T23:14:16Z,2026-09-05T18:14:16Z,55.5,34.0,6.143,6.988,12.263
2026-09-05T23:15:16Z,2026-09-05T18:15:16Z,56.2,34.0,6.09,6.98,25.66
2026-09-05T23:16:16Z,2026-09-05T18:16:16Z,56.2,34.0,5.596,6.419,15.148
2026-09-05T23:17:16Z,2026-09-05T18:17:16Z,56.7,33.9,5.845,6.653,17.381
2026-09-05T23:18:16Z,2026-09-05T18:18:16Z,56.8,33.9,6.136,6.956,17.134
2026-09-05T23:19:16Z,2026-09-05T18:19:16Z,56.8,33.9,5.775,6.443,12.233
2026-09-05T23:20:16Z,2026-09-05T18:20:16Z,56.1,33.9,6.167,6.878,7.628
2026-09-05T23:21:16Z,2026-09-05T18:21:16Z,56.6,33.9,6.143,6.871,29.297
2026-09-05T23:22:16Z,2026-09-05T18:22:16Z,56.4,33.9,5.795,6.667,9.153
2026-09-05T23:23:16Z,2026-09-05T18:23:16Z,56.7,33.9,5.609,6.325,21.023
2026-09-05T23:24:16Z,2026-09-05T18:24:16Z,56.4,33.9,5.473,6.271,8.005
2026-09-05T23:25:16Z,2026-09-05T18:25:16Z,56.9,33.9,5.606,6.542,10.103
2026-09-05T23:26:16Z,2026-09-05T18:26:16Z,56.9,33.8,5.554,6.489,16.034
2026-09-05T23:27:16Z,2026-09-05T18:27:16Z,56.0,33.8,5.381,6.129,15.613
2026-09-05T23:28:17Z,2026-09-05T18:28:17Z,56.1,33.8,5.131,5.988,17.163
2026-09-05T23:29:17Z,2026-09-05T18:29:17Z,56.2,33.8,5.188,5.812,10.803
2026-09-05T23:30:17Z,2026-09-05T18:30:17Z,56.3,33.8,5.185,6.075,27.402
2026-09-05T23:31:17Z,2026-09-05T18:31:17Z,57.3,33.8,5.315,6.215,26.483
2026-09-05T23:32:17Z,2026-09-05T18:32:17Z,57.1,33.8,5.119,6.119,10.11
2026-09-05T23:33:17Z,2026-09-05T18:33:17Z,56.1,33.8,5.126,5.947,22.134
2026-09-05T23:34:17Z,2026-09-05T18:34:17Z,56.2,33.8,5.211,6.056,12.586
2026-09-05T23:35:17Z,2026-09-05T18:35:17Z,56.6,33.8,4.993,5.777,9.5
2026-09-05T23:36:17Z,2026-09-05T18:36:17Z,56.8,33.7,5.39,6.27,11.177
2026-09-05T23:37:17Z,2026-09-05T18:37:17Z,57.1,33.7,4.909,5.567,11.628
2026-09-05T23:38:17Z,2026-09-05T18:38:17Z,56.5,33.7,4.854,5.622,10.495
2026-09-05T23:39:17Z,2026-09-05T18:39:17Z,55.8,33.7,4.928,5.718,7.131
2026-09-05T23:40:17Z,2026-09-05T18:40:17Z,55.8,33.7,4.483,5.396,8.448
2026-09-05T23:41:17Z,2026-09-05T18:41:17Z,55.7,33.7,5.042,5.826,10.161
2026-09-05T23:42:17Z,2026-09-05T18:42:17Z,55.5,33.7,4.535,5.508,8.251
2026-09-05T23:43:17Z,2026-09-05T18:43:17Z,55.8,33.7,4.684,5.762,8.049
2026-09-05T23:44:17Z,2026-09-05T18:44:17Z,56.2,33.6,4.655,5.494,16.456
2026-09-05T23:45:17Z,2026-09-05T18:45:17Z,56.2,33.6,4.517,5.137,11.697
2026-09-05T23:46:17Z,2026-09-05T18:46:17Z,56.6,33.6,4.518,5.387,16.242
2026-09-05T23:47:17Z,2026-09-05T18:47:17Z,56.0,33.6,4.679,5.34,9.752
2026-09-05T23:48:17Z,2026-09-05T18:48:17Z,55.2,33.6,4.404,5.119,14.238
2026-09-05T23:49:17Z,2026-09-05T18:49:17Z,55.4,33.6,4.128,4.954,15.864
2026-09-05T23:50:17Z,2026-09-05T18:50:17Z,55.3,33.6,4.142,4.919,8.329
2026-09-05T23:51:17Z,2026-09-05T18:51:17Z,55.7,33.6,4.151,4.855,23.212
2026-09-05T23:52:18Z,2026-09-05T18:52:18Z,56.0,33.5,4.534,5.334,7.013
2026-09-05T23:53:18Z,2026-09-05T18:53:18Z,55.8,33.5,4.317,5.25,21.627
2026-09-05T23:54:18Z,2026-09-05T18:54:18Z,55.7,33.5,4.343,5.22,9.622
2026-09-05T23:55:18Z,2026-09-05T18:55:18Z,55.9,33.5,4.24,4.852,8.103
2026-09-05T23:56:18Z,2026-09-05T18:56:18Z,55.6,33.5,4.537,5.239,15.255
2026-09-05T23:57:18Z,2026-09-05T18:57:18Z,55.4,33.5,4.229,4.942,21.177
2026-09-05T23:58:18Z,2026-09-05T18:58:18Z,55.5,33.5,4.105,4.87,9.447
2026-09-05T23:59:18Z,2026-09-05T18:59:18Z,55.4,33.5,4.065,4.973,6.109
2026-09-06T00:00:18Z,2026-09-05T19:00:18Z,55.6,33.4,4.167,4.785,7.125
2026-09-06T00:01:18Z,2026-09-05T19:01:18Z,56.0,33.4,4.326,5.253,20.243
2026-09-06T00:02:18Z,2026-09-05T19:02:18Z,56.4,33.4,4.09,4.947,19.1
2026-09-06T00:03:18Z,2026-09-05T19:03:18Z,55.8,33.4,4.096,4.87,12.052
2026-09-06T00:04:18Z,2026-09-05T19:04:18Z,56.1,33.4,4.115,4.977,21.52
2026-09-06T00:05:18Z,2026-09-05T19:05:18Z,56.4,33.4,4.01,4.865,18.116
2026-09-06T00:06:18Z,2026-09-05T19:06:18Z,56.6,33.4,3.819,4.484,8.853
2026-09-06T00:07:18Z,2026-09-05T19:07:18Z,56.4,33.3,3.947,4.605,12.344
2026-09-06T00:08:18Z,2026-09-05T19:08:18Z,56.0,33.3,4.132,4.729,25.706
2026-09-06T00:09:18Z,2026-09-05T19:09:18Z,56.5,33.3,4.374,5.201,17.469
2026-09-06T00:10:18Z,2026-09-05T19:10:18Z,57.0,33.3,4.675,5.572,9.804
2026-09-06T00:11:18Z,2026-09-05T19:11:18Z,57.1,33.3,4.134,4.982,7.916
2026-09-06T00:12:19Z,2026-09-05T19:12:19Z,57.5,33.3,4.334,5.062,17.162
2026-09-06T00:13:19Z,2026-09-05T19:13:19Z,57.3,33.3,4.564,5.267,10.567
2026-09-06T00:14:19Z,2026-09-05T19:14:19Z,57.5,33.2,4.506,5.482,25.113
2026-09-06T00:15:19Z,2026-09-05T19:15:19Z,58.1,33.2,4.439,5.345,23.827
2026-09-06T00:16:19Z,2026-09-05T19:16:19Z,58.3,33.2,4.641,5.622,29.552
2026-09-06T00:17:19Z,2026-09-05T19:17:19Z,58.6,33.2,4.433,5.245,21.871
2026-09-06T00:18:19Z,2026-09-05T19:18:19Z,58.6,33.2,5.02,5.888,10.615
2026-09-06T00:19:19Z,2026-09-05T19:19:19Z,58.8,33.2,5.006,5.778,9.37
2026-09-06T00:20:19Z,2026-09-05T19:20:19Z,59.2,33.1,5.204,5.815,19.532
2026-09-06T00:21:19Z,2026-09-05T19:21:19Z,59.7,33.1,4.924,5.9,53.457
2026-09-06T00:22:19Z,2026-09-05T19:22:19Z,60.0,33.1,4.659,5.517,14.595
2026-09-06T00:23:19Z,2026-09-05T19:23:19Z,60.1,33.1,4.816,5.745,12.266
2026-09-06T00:24:19Z,2026-09-05T19:24:19Z,60.5,33.1,5.07,5.954,13.184
2026-09-06T00:25:16Z,2026-09-05T19:25:16Z,60.7,33.1,5.011,5.968,18.639
2026-09-06T00:26:16Z,2026-09-05T19:26:16Z,61.0,33.0,4.67,5.641,21.977
2026-09-06T00:27:16Z,2026-09-05T19:27:16Z,61.0,33.0,4.964,5.874,11.849
2026-09-06T00:28:16Z,2026-09-05T19:28:16Z,60.8,33.0,4.821,5.896,11.355
2026-09-06T00:29:16Z,2026-09-05T19:29:16Z,60.9,33.0,4.335,5.185,20.901
2026-09-06T00:30:16Z,2026-09-05T19:30:16Z,61.3,33.0,5.197,5.836,20.394
2026-09-06T00:31:16Z,2026-09-05T19:31:16Z,61.4,32.9,5.012,5.674,24.262
2026-09-06T00:32:16Z,2026-09-05T19:32:16Z,61.4,32.9,4.631,5.48,20.039
2026-09-06T00:33:16Z,2026-09-05T19:33:16Z,61.5,32.9,4.279,4.876,24.839
2026-09-06T00:34:16Z,2026-09-05T19:34:16Z,61.9,32.9,5.057,5.912,12.746
2026-09-06T00:35:16Z,2026-09-05T19:35:16Z,62.1,32.8,4.64,5.589,12.743
2026-09-06T00:36:16Z,2026-09-05T19:36:16Z,62.0,32.8,4.747,5.933,13.531
2026-09-06T00:37:17Z,2026-09-05T19:37:17Z,62.4,32.8,4.767,5.803,9.496
2026-09-06T00:38:17Z,2026-09-05T19:38:17Z,62.5,32.8,4.974,6.057,24.615
2026-09-06T00:39:17Z,2026-09-05T19:39:17Z,62.4,32.7,4.794,5.935,34.718
2026-09-06T00:40:17Z,2026-09-05T19:40:17Z,62.4,32.7,4.395,5.252,20.406
2026-09-06T00:41:17Z,2026-09-05T19:41:17Z,63.0,32.7,5.046,5.957,13.447
2026-09-06T00:42:17Z,2026-09-05T19:42:17Z,63.0,32.7,4.833,5.914,15.177
2026-09-06T00:43:17Z,2026-09-05T19:43:17Z,63.3,32.7,4.65,5.654,19.098
2026-09-06T00:44:17Z,2026-09-05T19:44:17Z,63.4,32.6,4.858,5.911,25.547
2026-09-06T00:45:17Z,2026-09-05T19:45:17Z,63.6,32.6,5.169,6.377,15.716
2026-09-06T00:46:17Z,2026-09-05T19:46:17Z,63.5,32.6,4.785,6.017,19.968
2026-09-06T00:47:17Z,2026-09-05T19:47:17Z,63.9,32.6,4.937,5.632,28.151
2026-09-06T00:48:17Z,2026-09-05T19:48:17Z,64.1,32.6,5.098,6.183,25.699
2026-09-06T00:49:17Z,2026-09-05T19:49:17Z,64.4,32.6,4.751,5.652,16.329
2026-09-06T00:50:17Z,2026-09-05T19:50:17Z,64.7,32.5,5.047,6.381,16.446
2026-09-06T00:51:17Z,2026-09-05T19:51:17Z,64.7,32.5,4.554,5.575,33.602
2026-09-06T00:52:17Z,2026-09-05T19:52:17Z,65.0,32.5,4.917,6.158,15.027
2026-09-06T00:53:17Z,2026-09-05T19:53:17Z,65.0,32.5,4.985,6.27,31.711
2026-09-06T00:54:17Z,2026-09-05T19:54:17Z,65.2,32.5,5.044,6.197,17.882
2026-09-06T00:55:17Z,2026-09-05T19:55:17Z,65.5,32.4,4.482,5.624,19.202
2026-09-06T00:56:17Z,2026-09-05T19:56:17Z,65.7,32.4,4.574,5.79,36.377
2026-09-06T00:57:17Z,2026-09-05T19:57:17Z,65.7,32.4,4.537,5.815,23.668
2026-09-06T00:58:18Z,2026-09-05T19:58:18Z,66.1,32.4,4.87,5.985,15.966
2026-09-06T00:59:18Z,2026-09-05T19:59:18Z,66.3,32.3,4.563,5.821,22.638
2026-09-06T01:00:18Z,2026-09-05T20:00:18Z,66.3,32.3,4.498,5.641,21.477
2026-09-06T01:01:18Z,2026-09-05T20:01:18Z,66.6,32.3,4.388,5.215,17.459
2026-09-06T01:02:18Z,2026-09-05T20:02:18Z,66.6,32.3,4.414,5.514,47.455
2026-09-06T01:03:18Z,2026-09-05T20:03:18Z,66.6,32.2,4.079,4.937,16.074
2026-09-06T01:04:18Z,2026-09-05T20:04:18Z,66.6,32.2,3.929,5.065,25.743
2026-09-06T01:05:18Z,2026-09-05T20:05:18Z,66.8,32.2,4.292,5.299,19.288
2026-09-06T01:06:18Z,2026-09-05T20:06:18Z,66.8,32.2,4.606,5.57,47.597
2026-09-06T01:07:18Z,2026-09-05T20:07:18Z,66.6,32.2,4.611,5.745,24.03
2026-09-06T01:08:18Z,2026-09-05T20:08:18Z,66.9,32.1,4.497,5.58,21.17
2026-09-06T01:09:18Z,2026-09-05T20:09:18Z,67.0,32.1,4.306,5.455,17.142
2026-09-06T01:10:18Z,2026-09-05T20:10:18Z,67.1,32.1,4.165,5.182,17.868
2026-09-06T01:11:18Z,2026-09-05T20:11:18Z,67.2,32.1,4.527,5.693,32.951
2026-09-06T01:12:18Z,2026-09-05T20:12:18Z,67.2,32.1,4.407,5.503,20.268
2026-09-06T01:13:18Z,2026-09-05T20:13:18Z,67.4,32.0,4.549,6.087,13.508
2026-09-06T01:14:18Z,2026-09-05T20:14:18Z,67.5,32.0,4.286,5.384,11.947
2026-09-06T01:15:18Z,2026-09-05T20:15:18Z,67.4,32.0,4.141,5.239,30.246
2026-09-06T01:16:18Z,2026-09-05T20:16:18Z,67.6,32.0,4.609,5.904,34.793
2026-09-06T01:17:19Z,2026-09-05T20:17:19Z,67.6,32.0,4.736,5.657,14.259
2026-09-06T01:18:19Z,2026-09-05T20:18:19Z,68.0,31.9,4.322,5.723,26.317
2026-09-06T01:19:19Z,2026-09-05T20:19:19Z,67.9,31.9,4.263,5.47,35.152
2026-09-06T01:20:19Z,2026-09-05T20:20:19Z,67.7,31.9,4.159,5.273,31.083
2026-09-06T01:21:19Z,2026-09-05T20:21:19Z,67.8,31.9,4.574,5.76,19.332
2026-09-06T01:22:19Z,2026-09-05T20:22:19Z,68.0,31.9,4.382,5.56,18.288
2026-09-06T01:23:19Z,2026-09-05T20:23:19Z,68.2,31.9,4.384,5.407,35.857
2026-09-06T01:24:19Z,2026-09-05T20:24:19Z,68.2,31.8,4.212,5.172,16.647
2026-09-06T01:25:19Z,2026-09-05T20:25:19Z,68.3,31.8,4.414,5.593,28.01
2026-09-06T01:26:19Z,2026-09-05T20:26:19Z,68.2,31.8,3.959,5.358,11.731
2026-09-06T01:27:19Z,2026-09-05T20:27:19Z,68.3,31.8,4.481,5.624,26.463
2026-09-06T01:28:19Z,2026-09-05T20:28:19Z,68.5,31.8,4.363,5.561,13.515
2026-09-06T01:29:19Z,2026-09-05T20:29:19Z,68.7,31.8,4.395,5.58,43.301
2026-09-06T01:30:19Z,2026-09-05T20:30:19Z,68.6,31.8,4.306,5.525,48.943
2026-09-06T01:31:19Z,2026-09-05T20:31:19Z,68.8,31.7,4.441,5.688,19.447
2026-09-06T01:32:19Z,2026-09-05T20:32:19Z,69.0,31.7,4.094,5.053,26.643
2026-09-06T01:33:19Z,2026-09-05T20:33:19Z,68.9,31.7,4.14,5.211,38.215
2026-09-06T01:34:19Z,2026-09-05T20:34:19Z,69.0,31.7,4.237,5.225,13.689
2026-09-06T01:35:19Z,2026-09-05T20:35:19Z,69.5,31.7,4.306,5.588,20.746
2026-09-06T01:36:19Z,2026-09-05T20:36:19Z,69.4,31.7,4.381,5.79,36.502
2026-09-06T01:37:19Z,2026-09-05T20:37:19Z,69.3,31.7,4.147,5.281,25.129
2026-09-06T01:38:19Z,2026-09-05T20:38:19Z,69.7,31.6,4.243,5.458,18.9
2026-09-06T01:39:19Z,2026-09-05T20:39:19Z,69.6,31.6,3.753,5.01,13.256
2026-09-06T01:40:19Z,2026-09-05T20:40:19Z,69.6,31.6,4.052,5.316,18.319
2026-09-06T01:41:19Z,2026-09-05T20:41:19Z,70.0,31.6,4.144,5.412,14.587
2026-09-06T01:42:20Z,2026-09-05T20:42:20Z,70.0,31.6,4.241,5.467,25.226
2026-09-06T01:43:20Z,2026-09-05T20:43:20Z,70.3,31.6,4.19,5.259,21.153
2026-09-06T01:44:20Z,2026-09-05T20:44:20Z,70.3,31.6,3.9,5.175,18.236
2026-09-06T01:45:20Z,2026-09-05T20:45:20Z,70.6,31.6,4.321,5.712,22.45
2026-09-06T01:46:20Z,2026-09-05T20:46:20Z,70.6,31.6,3.878,5.073,30.537
2026-09-06T01:47:20Z,2026-09-05T20:47:20Z,70.8,31.6,4.02,5.1,15.375
2026-09-06T01:48:20Z,2026-09-05T20:48:20Z,70.8,31.5,4.135,5.407,30.644
2026-09-06T01:49:20Z,2026-09-05T20:49:20Z,70.9,31.5,3.974,5.127,42.366
2026-09-06T01:50:20Z,2026-09-05T20:50:20Z,71.0,31.5,4.173,5.628,41.543
2026-09-06T01:51:20Z,2026-09-05T20:51:20Z,71.0,31.5,4.045,5.326,25.305
2026-09-06T01:52:20Z,2026-09-05T20:52:20Z,71.0,31.5,3.939,4.989,23.416
2026-09-06T01:53:20Z,2026-09-05T20:53:20Z,71.2,31.5,4.023,5.249,20.905
2026-09-06T01:54:20Z,2026-09-05T20:54:20Z,71.4,31.5,3.854,4.881,17.751
2026-09-06T01:55:17Z,2026-09-05T20:55:17Z,71.4,31.5,4.158,5.387,30.31
2026-09-06T01:56:17Z,2026-09-05T20:56:17Z,71.6,31.5,3.893,5.046,31.276
2026-09-06T01:57:17Z,2026-09-05T20:57:17Z,71.3,31.5,4.592,5.66,33.052
2026-09-06T01:58:17Z,2026-09-05T20:58:17Z,71.2,31.4,5.554,6.628,10.747
2026-09-06T01:59:17Z,2026-09-05T20:59:17Z,71.3,31.4,4.734,5.968,33.651
2026-09-06T02:00:17Z,2026-09-05T21:00:17Z,71.3,31.4,5.309,6.336,26.856
2026-09-06T02:01:17Z,2026-09-05T21:01:17Z,71.3,31.4,5.526,6.272,22.942
2026-09-06T02:02:17Z,2026-09-05T21:02:17Z,71.4,31.4,5.636,6.409,13.737
2026-09-06T02:03:17Z,2026-09-05T21:03:17Z,71.6,31.3,6.291,7.408,11.314
2026-09-06T02:04:17Z,2026-09-05T21:04:17Z,71.6,31.3,5.842,6.924,21.38
2026-09-06T02:05:17Z,2026-09-05T21:05:17Z,71.6,31.3,5.806,6.772,28.15
2026-09-06T02:06:17Z,2026-09-05T21:06:17Z,71.6,31.3,6.303,7.315,21.737
2026-09-06T02:07:17Z,2026-09-05T21:07:17Z,71.7,31.3,6.398,7.238,16.883
2026-09-06T02:08:17Z,2026-09-05T21:08:17Z,71.8,31.2,6.354,7.214,22.344
2026-09-06T02:09:18Z,2026-09-05T21:09:18Z,71.9,31.2,6.03,7.033,16.474
2026-09-06T02:10:18Z,2026-09-05T21:10:18Z,72.1,31.2,6.025,6.772,25.582
2026-09-06T02:11:18Z,2026-09-05T21:11:18Z,72.1,31.2,6.264,7.324,19.251
2026-09-06T02:12:18Z,2026-09-05T21:12:18Z,72.3,31.1,6.611,7.808,23.512
2026-09-06T02:13:18Z,2026-09-05T21:13:18Z,72.3,31.1,6.333,7.1,34.88
2026-09-06T02:14:18Z,2026-09-05T21:14:18Z,72.4,31.1,6.633,7.53,17.304
2026-09-06T02:15:18Z,2026-09-05T21:15:18Z,72.5,31.1,6.185,7.215,17.517
2026-09-06T02:16:18Z,2026-09-05T21:16:18Z,72.5,31.0,6.573,7.61,24.201
2026-09-06T02:17:18Z,2026-09-05T21:17:18Z,72.6,31.0,6.519,7.57,25.838
2026-09-06T02:18:18Z,2026-09-05T21:18:18Z,72.8,31.0,6.404,7.448,9.845
2026-09-06T02:19:18Z,2026-09-05T21:19:18Z,72.8,30.9,6.708,7.801,20.096
2026-09-06T02:20:18Z,2026-09-05T21:20:18Z,73.0,30.9,6.854,7.751,20.521
2026-09-06T02:21:18Z,2026-09-05T21:21:18Z,73.0,30.9,6.725,7.681,29.245
2026-09-06T02:22:18Z,2026-09-05T21:22:18Z,73.2,30.9,7.068,8.157,22.98
2026-09-06T02:23:18Z,2026-09-05T21:23:18Z,73.2,30.9,6.817,7.725,33.286
2026-09-06T02:24:18Z,2026-09-05T21:24:18Z,73.4,30.8,6.673,7.537,25.125
2026-09-06T02:25:18Z,2026-09-05T21:25:18Z,73.4,30.8,7.042,8.074,27.115
2026-09-06T02:26:18Z,2026-09-05T21:26:18Z,73.5,30.8,6.544,7.741,24.583
2026-09-06T02:27:18Z,2026-09-05T21:27:18Z,73.5,30.8,6.615,7.62,19.141
2026-09-06T02:28:18Z,2026-09-05T21:28:18Z,73.6,30.8,6.408,7.628,23.811
2026-09-06T02:29:19Z,2026-09-05T21:29:19Z,73.8,30.7,6.798,7.714,23.071
2026-09-06T02:30:19Z,2026-09-05T21:30:19Z,73.8,30.7,6.649,7.768,24.329
2026-09-06T02:31:19Z,2026-09-05T21:31:19Z,74.0,30.7,6.819,7.659,10.441
2026-09-06T02:32:19Z,2026-09-05T21:32:19Z,74.3,30.7,6.953,7.984,13.228
2026-09-06T02:33:19Z,2026-09-05T21:33:19Z,74.2,30.7,7.049,7.978,29.3
2026-09-06T02:34:19Z,2026-09-05T21:34:19Z,74.4,30.6,6.847,7.788,28.471
2026-09-06T02:35:19Z,2026-09-05T21:35:19Z,74.3,30.6,6.516,7.649,29.556
2026-09-06T02:36:19Z,2026-09-05T21:36:19Z,74.6,30.6,6.776,7.572,28.851
2026-09-06T02:37:19Z,2026-09-05T21:37:19Z,74.4,30.6,6.847,7.817,23.726
2026-09-06T02:38:19Z,2026-09-05T21:38:19Z,74.4,30.6,6.856,7.711,22.697
2026-09-06T02:39:19Z,2026-09-05T21:39:19Z,74.6,30.6,6.685,7.817,27.299
2026-09-06T02:40:19Z,2026-09-05T21:40:19Z,74.9,30.6,6.817,8.163,22.135
2026-09-06T02:41:19Z,2026-09-05T21:41:19Z,75.1,30.5,6.926,8.176,20.322
2026-09-06T02:42:19Z,2026-09-05T21:42:19Z,75.1,30.5,7.169,8.248,11.019
2026-09-06T02:43:19Z,2026-09-05T21:43:19Z,75.0,30.5,6.434,7.464,20.695
2026-09-06T02:44:19Z,2026-09-05T21:44:19Z,75.0,30.5,6.84,8.046,23.836
2026-09-06T02:45:19Z,2026-09-05T21:45:19Z,75.1,30.5,6.919,8.26,15.954
2026-09-06T02:46:19Z,2026-09-05T21:46:19Z,75.0,30.5,6.594,7.513,14.607
2026-09-06T02:47:19Z,2026-09-05T21:47:19Z,75.0,30.5,5.976,7.286,32.949
2026-09-06T02:48:19Z,2026-09-05T21:48:19Z,74.8,30.5,4.998,6.103,17.752
2026-09-06T02:49:19Z,2026-09-05T21:49:19Z,74.6,30.5,4.444,5.7,22.051
2026-09-06T02:50:19Z,2026-09-05T21:50:19Z,74.5,30.4,4.308,5.503,20.013
2026-09-06T02:51:19Z,2026-09-05T21:51:19Z,74.6,30.4,4.164,5.449,18.103
2026-09-06T02:52:20Z,2026-09-05T21:52:20Z,74.5,30.4,3.796,4.857,31.911
2026-09-06T02:53:20Z,2026-09-05T21:53:20Z,74.5,30.4,3.841,4.931,19.685
2026-09-06T02:54:20Z,2026-09-05T21:54:20Z,74.2,30.4,3.754,5.393,16.974
2026-09-06T02:55:20Z,2026-09-05T21:55:20Z,74.2,30.4,3.345,4.736,17.59
2026-09-06T02:56:20Z,2026-09-05T21:56:20Z,74.4,30.4,3.518,4.64,20.805
2026-09-06T02:57:20Z,2026-09-05T21:57:20Z,74.4,30.4,3.521,4.819,18.275
2026-09-06T02:58:20Z,2026-09-05T21:58:20Z,74.4,30.4,3.86,5.27,21.674
2026-09-06T02:59:20Z,2026-09-05T21:59:20Z,74.3,30.4,3.868,5.274,20.731
2026-09-06T03:00:20Z,2026-09-05T22:00:20Z,74.4,30.4,3.938,5.199,29.939
2026-09-06T03:01:20Z,2026-09-05T22:01:20Z,74.6,30.4,3.494,4.803,11.132
2026-09-06T03:02:20Z,2026-09-05T22:02:20Z,74.4,30.4,3.8,5.371,15.046
2026-09-06T03:03:20Z,2026-09-05T22:03:20Z,74.6,30.5,3.888,5.094,24.801
2026-09-06T03:04:20Z,2026-09-05T22:04:20Z,74.7,30.5,3.808,5.157,22.211
2026-09-06T03:05:20Z,2026-09-05T22:05:20Z,74.6,30.5,3.821,5.412,27.097
2026-09-06T03:06:20Z,2026-09-05T22:06:20Z,74.6,30.5,3.567,4.885,10.728
2026-09-06T03:07:20Z,2026-09-05T22:07:20Z,74.6,30.4,3.592,5.065,31.632
2026-09-06T03:08:20Z,2026-09-05T22:08:20Z,74.5,30.5,3.696,5.028,19.198
2026-09-06T03:09:20Z,2026-09-05T22:09:20Z,74.5,30.4,3.341,4.579,13.167
2026-09-06T03:10:20Z,2026-09-05T22:10:20Z,74.6,30.5,3.976,5.543,39.826
2026-09-06T03:11:20Z,2026-09-05T22:11:20Z,74.5,30.4,3.575,5.192,30.704
2026-09-06T03:12:20Z,2026-09-05T22:12:20Z,74.5,30.5,3.781,5.235,43.318
2026-09-06T03:13:20Z,2026-09-05T22:13:20Z,74.7,30.5,3.534,5.077,17.199
2026-09-06T03:14:20Z,2026-09-05T22:14:20Z,74.8,30.5,3.53,4.891,15.015
2026-09-06T03:15:21Z,2026-09-05T22:15:21Z,74.5,30.5,3.336,4.647,34.931
2026-09-06T03:16:21Z,2026-09-05T22:16:21Z,74.7,30.5,3.986,5.431,39.623
2026-09-06T03:17:21Z,2026-09-05T22:17:21Z,74.5,30.5,3.777,5.348,36.021
2026-09-06T03:18:21Z,2026-09-05T22:18:21Z,74.7,30.5,3.804,5.263,19.493
2026-09-06T03:19:21Z,2026-09-05T22:19:21Z,74.9,30.5,3.922,5.458,34.898
2026-09-06T03:20:18Z,2026-09-05T22:20:18Z,74.6,30.5,3.519,5.111,24.357
2026-09-06T03:21:18Z,2026-09-05T22:21:18Z,74.6,30.5,3.54,5.036,33.632
2026-09-06T03:22:18Z,2026-09-05T22:22:18Z,74.6,30.5,3.784,5.093,36.228
2026-09-06T03:23:18Z,2026-09-05T22:23:18Z,74.6,30.5,3.505,4.654,34.894
2026-09-06T03:24:18Z,2026-09-05T22:24:18Z,74.8,30.5,3.772,5.188,39.523
2026-09-06T03:25:18Z,2026-09-05T22:25:18Z,74.8,30.5,3.659,4.949,22.551
2026-09-06T03:26:18Z,2026-09-05T22:26:18Z,74.6,30.5,3.543,4.752,21.62
2026-09-06T03:27:18Z,2026-09-05T22:27:18Z,74.5,30.5,3.543,5.21,25.024
2026-09-06T03:28:18Z,2026-09-05T22:28:18Z,74.7,30.5,3.559,4.796,16.756
2026-09-06T03:29:18Z,2026-09-05T22:29:18Z,74.7,30.5,3.775,5.491,28.347
2026-09-06T03:30:18Z,2026-09-05T22:30:18Z,74.6,30.5,3.569,4.841,16.327
2026-09-06T03:31:18Z,2026-09-05T22:31:18Z,74.7,30.5,3.339,4.631,29.186
2026-09-06T03:32:18Z,2026-09-05T22:32:18Z,74.5,30.5,3.587,4.775,35.177
2026-09-06T03:33:18Z,2026-09-05T22:33:18Z,74.6,30.5,3.43,4.757,19.063
2026-09-06T03:34:18Z,2026-09-05T22:34:18Z,74.7,30.5,3.751,4.967,25.596
2026-09-06T03:35:18Z,2026-09-05T22:35:18Z,74.5,30.5,3.743,4.922,29.974
2026-09-06T03:36:18Z,2026-09-05T22:36:18Z,74.7,30.5,3.726,5.132,20.191
2026-09-06T03:37:18Z,2026-09-05T22:37:18Z,74.8,30.5,3.708,5.187,43.434
2026-09-06T03:38:18Z,2026-09-05T22:38:18Z,74.8,30.5,3.633,5.273,21.388
2026-09-06T03:39:18Z,2026-09-05T22:39:18Z,74.7,30.5,3.636,5.151,49.075
2026-09-06T03:40:18Z,2026-09-05T22:40:18Z,74.8,30.5,3.428,5.248,31.192
2026-09-06T03:41:19Z,2026-09-05T22:41:19Z,74.8,30.5,3.796,5.284,26.607
2026-09-06T03:42:19Z,2026-09-05T22:42:19Z,74.9,30.5,3.699,5.1,18.404
2026-09-06T03:43:19Z,2026-09-05T22:43:19Z,75.0,30.5,3.765,5.103,19.227
2026-09-06T03:44:19Z,2026-09-05T22:44:19Z,74.6,30.5,3.546,4.687,27.14
2026-09-06T03:45:19Z,2026-09-05T22:45:19Z,74.6,30.5,3.829,5.213,32.56
2026-09-06T03:46:19Z,2026-09-05T22:46:19Z,74.7,30.5,3.709,4.964,26.026
2026-09-06T03:47:19Z,2026-09-05T22:47:19Z,74.9,30.5,3.527,5.441,19.337
2026-09-06T03:48:19Z,2026-09-05T22:48:19Z,74.2,30.5,3.331,4.637,15.55
2026-09-06T03:49:19Z,2026-09-05T22:49:19Z,74.3,30.5,3.28,4.702,12.181
2026-09-06T03:50:19Z,2026-09-05T22:50:19Z,74.4,30.5,3.475,4.606,23.563
2026-09-06T03:51:19Z,2026-09-05T22:51:19Z,74.0,30.5,3.437,4.896,18.516
2026-09-06T03:52:19Z,2026-09-05T22:52:19Z,74.2,30.5,3.381,5.149,26.906
2026-09-06T03:53:19Z,2026-09-05T22:53:19Z,74.3,30.5,3.074,4.092,23.045
2026-09-06T03:54:19Z,2026-09-05T22:54:19Z,74.4,30.4,3.42,5.146,24.023
2026-09-06T03:55:19Z,2026-09-05T22:55:19Z,74.4,30.4,3.363,4.681,23.524
2026-09-06T03:56:19Z,2026-09-05T22:56:19Z,74.3,30.4,3.227,4.737,17.377
2026-09-06T03:57:19Z,2026-09-05T22:57:19Z,74.3,30.4,3.264,5.069,9.155
2026-09-06T03:58:19Z,2026-09-05T22:58:19Z,74.2,30.4,3.226,4.523,20.824
2026-09-06T03:59:19Z,2026-09-05T22:59:19Z,74.3,30.4,3.43,4.722,23.223
2026-09-06T04:00:19Z,2026-09-05T23:00:19Z,74.2,30.4,3.209,4.447,16.587
2026-09-06T04:01:19Z,2026-09-05T23:01:19Z,74.5,30.4,3.312,4.989,28.917
2026-09-06T04:02:19Z,2026-09-05T23:02:19Z,74.6,30.4,3.373,4.616,18.634
2026-09-06T04:03:20Z,2026-09-05T23:03:20Z,74.4,30.4,3.121,4.534,19.932
2026-09-06T04:04:20Z,2026-09-05T23:04:20Z,74.5,30.4,3.206,4.465,23.068
2026-09-06T04:05:20Z,2026-09-05T23:05:20Z,74.6,30.4,3.402,4.773,34.88
2026-09-06T04:06:20Z,2026-09-05T23:06:20Z,74.5,30.4,3.249,4.518,20.949
2026-09-06T04:07:20Z,2026-09-05T23:07:20Z,74.6,30.4,3.255,5.248,31.324
2026-09-06T04:08:20Z,2026-09-05T23:08:20Z,74.7,30.4,3.202,4.61,19.625
2026-09-06T04:09:20Z,2026-09-05T23:09:20Z,74.7,30.4,2.971,4.011,14.252
2026-09-06T04:10:20Z,2026-09-05T23:10:20Z,74.6,30.4,3.04,4.518,36.679
2026-09-06T04:11:20Z,2026-09-05T23:11:20Z,74.6,30.4,3.002,4.084,17.723
2026-09-06T04:12:20Z,2026-09-05T23:12:20Z,74.7,30.4,3.051,4.335,32.209
2026-09-06T04:13:20Z,2026-09-05T23:13:20Z,74.7,30.4,3.175,4.794,15.989
2026-09-06T04:14:20Z,2026-09-05T23:14:20Z,74.7,30.4,3.026,4.857,18.705
2026-09-06T04:15:20Z,2026-09-05T23:15:20Z,74.8,30.4,3.12,4.637,25.892
2026-09-06T04:16:20Z,2026-09-05T23:16:20Z,74.8,30.4,2.871,4.272,39.292
2026-09-06T04:17:20Z,2026-09-05T23:17:20Z,74.8,30.4,3.033,4.475,22.985
2026-09-06T04:18:20Z,2026-09-05T23:18:20Z,74.7,30.4,3.075,4.532,32.466
2026-09-06T04:19:20Z,2026-09-05T23:19:20Z,74.7,30.4,2.974,4.36,27.942
2026-09-06T04:20:20Z,2026-09-05T23:20:20Z,74.8,30.4,2.883,4.201,28.39
2026-09-06T04:21:20Z,2026-09-05T23:21:20Z,75.0,30.4,3.01,4.243,31.427
2026-09-06T04:22:20Z,2026-09-05T23:22:20Z,74.9,30.4,2.971,4.366,10.32
2026-09-06T04:23:20Z,2026-09-05T23:23:20Z,75.1,30.3,2.943,4.684,14.736
2026-09-06T04:24:20Z,2026-09-05T23:24:20Z,75.0,30.3,3.044,4.433,17.695
2026-09-06T04:25:20Z,2026-09-05T23:25:20Z,75.0,30.3,2.94,4.702,32.203
2026-09-06T04:26:20Z,2026-09-05T23:26:20Z,75.1,30.3,3.017,4.536,19.857
2026-09-06T04:27:21Z,2026-09-05T23:27:21Z,75.1,30.3,2.985,4.313,24.846
2026-09-06T04:28:21Z,2026-09-05T23:28:21Z,75.2,30.3,2.983,4.525,12.392
2026-09-06T04:29:21Z,2026-09-05T23:29:21Z,75.3,30.3,2.981,4.513,29.258
2026-09-06T04:30:21Z,2026-09-05T23:30:21Z,75.3,30.3,3.116,4.461,17.83
2026-09-06T04:31:21Z,2026-09-05T23:31:21Z,75.2,30.3,2.864,4.327,25.66
2026-09-06T04:32:21Z,2026-09-05T23:32:21Z,75.3,30.3,2.835,4.423,14.198
2026-09-06T04:33:21Z,2026-09-05T23:33:21Z,75.5,30.3,2.852,4.209,24.047
2026-09-06T04:34:21Z,2026-09-05T23:34:21Z,75.4,30.3,3.196,4.296,24.146
2026-09-06T04:35:21Z,2026-09-05T23:35:21Z,75.4,30.3,2.899,4.495,15.921
2026-09-06T04:36:21Z,2026-09-05T23:36:21Z,75.4,30.3,2.917,4.22,29.809
2026-09-06T04:37:21Z,2026-09-05T23:37:21Z,75.5,30.3,3.19,4.353,41.313
2026-09-06T04:38:21Z,2026-09-05T23:38:21Z,75.2,30.3,2.997,4.199,16.457
2026-09-06T04:39:21Z,2026-09-05T23:39:21Z,75.2,30.3,3.096,4.508,29.862
2026-09-06T04:40:21Z,2026-09-05T23:40:21Z,75.3,30.3,3.096,4.54,32.503
2026-09-06T04:41:21Z,2026-09-05T23:41:21Z,75.4,30.3,3.088,4.49,28.062
2026-09-06T04:42:21Z,2026-09-05T23:42:21Z,75.4,30.3,3.013,4.712,19.963
2026-09-06T04:43:21Z,2026-09-05T23:43:21Z,75.4,30.3,3.127,4.493,16.604
2026-09-06T04:44:21Z,2026-09-05T23:44:21Z,75.4,30.3,2.982,4.431,10.968
2026-09-06T04:45:18Z,2026-09-05T23:45:18Z,75.5,30.3,3.128,4.347,20.258
2026-09-06T04:46:18Z,2026-09-05T23:46:18Z,75.6,30.3,3.104,4.49,33.343
2026-09-06T04:47:18Z,2026-09-05T23:47:18Z,75.5,30.2,3.034,4.343,18.523
2026-09-06T04:48:18Z,2026-09-05T23:48:18Z,75.7,30.2,3.213,4.476,22.183
2026-09-06T04:49:18Z,2026-09-05T23:49:18Z,75.6,30.2,3.172,4.315,21.836
2026-09-06T04:50:18Z,2026-09-05T23:50:18Z,75.4,30.2,3.053,4.582,40.725
2026-09-06T04:51:18Z,2026-09-05T23:51:18Z,75.4,30.2,3.233,4.319,22.514
2026-09-06T04:52:18Z,2026-09-05T23:52:18Z,75.4,30.2,3.343,4.749,32.227
2026-09-06T04:53:18Z,2026-09-05T23:53:18Z,75.5,30.2,3.075,4.199,32.434
2026-09-06T04:54:18Z,2026-09-05T23:54:18Z,75.5,30.2,3.071,4.201,40.198
2026-09-06T04:55:19Z,2026-09-05T23:55:19Z,75.4,30.2,3.38,4.85,18.038
2026-09-06T04:56:19Z,2026-09-05T23:56:19Z,75.6,30.2,3.172,4.949,23.881
2026-09-06T04:57:19Z,2026-09-05T23:57:19Z,75.6,30.2,3.332,4.691,11.031
2026-09-06T04:58:19Z,2026-09-05T23:58:19Z,75.6,30.2,3.023,4.514,16.79
2026-09-06T04:59:19Z,2026-09-05T23:59:19Z,75.5,30.2,3.485,5.025,21.425
2026-09-06T05:00:19Z,2026-09-06T00:00:19Z,75.6,30.2,3.193,4.418,25.14
2026-09-06T05:01:19Z,2026-09-06T00:01:19Z,75.7,30.2,3.192,4.695,19.258
2026-09-06T05:02:19Z,2026-09-06T00:02:19Z,75.7,30.2,3.137,4.266,18.687
2026-09-06T05:03:19Z,2026-09-06T00:03:19Z,75.7,30.2,3.251,4.511,20.608
2026-09-06T05:04:19Z,2026-09-06T00:04:19Z,75.7,30.2,3.335,4.903,20.081
2026-09-06T05:05:19Z,2026-09-06T00:05:19Z,75.7,30.2,3.156,4.748,12.899
2026-09-06T05:06:19Z,2026-09-06T00:06:19Z,75.6,30.2,3.069,4.248,13.512
2026-09-06T05:07:19Z,2026-09-06T00:07:19Z,75.6,30.2,3.192,4.622,22.297
2026-09-06T05:08:19Z,2026-09-06T00:08:19Z,75.8,30.2,3.154,4.479,20.551
2026-09-06T05:09:19Z,2026-09-06T00:09:19Z,75.7,30.2,3.194,4.63,15.394
2026-09-06T05:10:19Z,2026-09-06T00:10:19Z,75.6,30.2,3.136,4.386,10.238
2026-09-06T05:11:19Z,2026-09-06T00:11:19Z,75.6,30.2,3.259,4.734,20.383
2026-09-06T05:12:19Z,2026-09-06T00:12:19Z,75.6,30.2,2.939,4.382,32.787
2026-09-06T05:13:19Z,2026-09-06T00:13:19Z,75.6,30.2,2.964,4.229,34.068
2026-09-06T05:14:19Z,2026-09-06T00:14:19Z,75.5,30.2,2.675,3.853,20.704
2026-09-06T05:15:19Z,2026-09-06T00:15:19Z,75.3,30.2,3.01,4.591,10.026
2026-09-06T05:16:19Z,2026-09-06T00:16:19Z,75.4,30.2,2.94,4.253,25.764
2026-09-06T05:17:19Z,2026-09-06T00:17:19Z,75.4,30.2,2.777,4.117,22.725
2026-09-06T05:18:19Z,2026-09-06T00:18:19Z,75.3,30.2,3.016,4.254,13.669
2026-09-06T05:19:20Z,2026-09-06T00:19:20Z,75.1,30.2,2.736,4.071,22.668
2026-09-06T05:20:20Z,2026-09-06T00:20:20Z,75.2,30.2,2.907,4.076,20.569
2026-09-06T05:21:20Z,2026-09-06T00:21:20Z,75.0,30.2,2.946,4.392,13.025
2026-09-06T05:22:20Z,2026-09-06T00:22:20Z,74.8,30.2,2.728,3.75,30.016
2026-09-06T05:23:20Z,2026-09-06T00:23:20Z,74.8,30.2,2.767,3.863,22.999
2026-09-06T05:24:20Z,2026-09-06T00:24:20Z,74.7,30.2,2.864,4.071,20.333
2026-09-06T05:25:20Z,2026-09-06T00:25:20Z,74.5,30.2,2.697,3.839,41.064
2026-09-06T05:26:20Z,2026-09-06T00:26:20Z,74.4,30.2,2.906,3.945,15.137
2026-09-06T05:27:20Z,2026-09-06T00:27:20Z,73.9,30.2,2.952,4.33,24.076
2026-09-06T05:28:20Z,2026-09-06T00:28:20Z,73.9,30.2,3.086,4.156,23.308
2026-09-06T05:29:20Z,2026-09-06T00:29:20Z,73.7,30.2,2.551,3.656,33.176
2026-09-06T05:30:20Z,2026-09-06T00:30:20Z,73.8,30.2,2.943,3.788,20.509
2026-09-06T05:31:20Z,2026-09-06T00:31:20Z,73.7,30.2,2.813,4.129,8.812
2026-09-06T05:32:20Z,2026-09-06T00:32:20Z,73.5,30.2,2.839,3.961,17.953
2026-09-06T05:33:20Z,2026-09-06T00:33:20Z,73.8,30.2,2.901,4.303,29.226
2026-09-06T05:34:20Z,2026-09-06T00:34:20Z,73.7,30.2,2.903,4.061,17.803
2026-09-06T05:35:20Z,2026-09-06T00:35:20Z,73.8,30.2,2.746,3.683,7.759
2026-09-06T05:36:20Z,2026-09-06T00:36:20Z,73.7,30.2,2.8,3.653,26.281
2026-09-06T05:37:20Z,2026-09-06T00:37:20Z,73.6,30.2,2.933,4.156,17.707
2026-09-06T05:38:20Z,2026-09-06T00:38:20Z,73.5,30.2,2.78,3.883,18.876
2026-09-06T05:39:20Z,2026-09-06T00:39:20Z,73.6,30.2,3.063,4.058,12.156
2026-09-06T05:40:20Z,2026-09-06T00:40:20Z,73.6,30.2,2.856,3.829,15.369
2026-09-06T05:41:20Z,2026-09-06T00:41:20Z,73.6,30.2,2.679,3.683,12.184
2026-09-06T05:42:20Z,2026-09-06T00:42:20Z,73.6,30.2,2.663,3.715,11.016
2026-09-06T05:43:21Z,2026-09-06T00:43:21Z,73.8,30.2,2.784,3.87,27.012
2026-09-06T05:44:21Z,2026-09-06T00:44:21Z,74.0,30.2,2.693,3.593,12.764
2026-09-06T05:45:21Z,2026-09-06T00:45:21Z,73.9,30.2,2.772,3.9,16.983
2026-09-06T05:46:21Z,2026-09-06T00:46:21Z,73.8,30.2,2.84,3.901,22.554
2026-09-06T05:47:21Z,2026-09-06T00:47:21Z,74.1,30.2,2.821,4.13,14.518
2026-09-06T05:48:21Z,2026-09-06T00:48:21Z,74.0,30.2,2.889,4.173,14.773
2026-09-06T05:49:21Z,2026-09-06T00:49:21Z,73.6,30.2,2.842,3.847,20.407
2026-09-06T05:50:21Z,2026-09-06T00:50:21Z,73.7,30.2,2.737,3.816,20.366
2026-09-06T05:51:21Z,2026-09-06T00:51:21Z,73.6,30.2,2.573,3.894,31.705
2026-09-06T05:52:21Z,2026-09-06T00:52:21Z,73.8,30.2,2.797,3.899,13.282
2026-09-06T05:53:21Z,2026-09-06T00:53:21Z,73.9,30.2,2.809,3.787,11.082
2026-09-06T05:54:21Z,2026-09-06T00:54:21Z,73.9,30.2,2.646,3.701,17.622
2026-09-06T05:55:21Z,2026-09-06T00:55:21Z,73.7,30.2,2.913,3.699,8.418
2026-09-06T05:56:21Z,2026-09-06T00:56:21Z,73.8,30.2,2.897,3.592,13.537
2026-09-06T05:57:21Z,2026-09-06T00:57:21Z,73.9,30.2,2.996,4.152,8.138
2026-09-06T05:58:21Z,2026-09-06T00:58:21Z,74.0,30.2,2.775,3.814,16.05
2026-09-06T05:59:21Z,2026-09-06T00:59:21Z,73.9,30.2,2.717,3.736,16.145
2026-09-06T06:00:18Z,2026-09-06T01:00:18Z,73.9,30.2,2.932,3.651,11.397
2026-09-06T06:01:18Z,2026-09-06T01:01:18Z,74.1,30.2,2.795,3.928,14.069
2026-09-06T06:02:18Z,2026-09-06T01:02:18Z,73.6,30.2,3.095,3.956,15.249
2026-09-06T06:03:18Z,2026-09-06T01:03:18Z,73.7,30.2,3.065,3.948,19.951
2026-09-06T06:04:18Z,2026-09-06T01:04:18Z,73.5,30.2,2.889,3.923,7.42
2026-09-06T06:05:18Z,2026-09-06T01:05:18Z,73.5,30.2,2.837,3.676,29.512
2026-09-06T06:06:18Z,2026-09-06T01:06:18Z,73.6,30.2,2.784,3.652,17.525
2026-09-06T06:07:19Z,2026-09-06T01:07:19Z,73.6,30.2,3.017,4.136,14.042
2026-09-06T06:08:19Z,2026-09-06T01:08:19Z,73.5,30.2,2.902,3.804,12.344
2026-09-06T06:09:19Z,2026-09-06T01:09:19Z,73.6,30.2,2.868,3.908,12.473
2026-09-06T06:10:19Z,2026-09-06T01:10:19Z,73.5,30.2,2.75,3.667,12.803
2026-09-06T06:11:19Z,2026-09-06T01:11:19Z,73.7,30.2,2.661,3.423,9.436
2026-09-06T06:12:19Z,2026-09-06T01:12:19Z,73.8,30.2,2.789,3.461,8.92
2026-09-06T06:13:19Z,2026-09-06T01:13:19Z,74.0,30.2,2.785,3.627,17.404
2026-09-06T06:14:19Z,2026-09-06T01:14:19Z,74.0,30.2,2.689,3.733,12.439
2026-09-06T06:15:19Z,2026-09-06T01:15:19Z,73.8,30.2,2.877,4.166,26.181
2026-09-06T06:16:19Z,2026-09-06T01:16:19Z,74.1,30.2,3.049,4.066,18.392
2026-09-06T06:17:19Z,2026-09-06T01:17:19Z,74.2,30.2,2.839,3.776,11.627
2026-09-06T06:18:19Z,2026-09-06T01:18:19Z,74.1,30.2,2.746,3.374,13.04
2026-09-06T06:19:19Z,2026-09-06T01:19:19Z,74.2,30.1,2.785,3.729,13.344
2026-09-06T06:20:19Z,2026-09-06T01:20:19Z,74.2,30.2,2.99,3.865,17.658
2026-09-06T06:21:19Z,2026-09-06T01:21:19Z,74.1,30.1,3.026,4.07,25.527
2026-09-06T06:22:19Z,2026-09-06T01:22:19Z,74.1,30.1,2.971,3.977,7.602
2026-09-06T06:23:19Z,2026-09-06T01:23:19Z,74.2,30.1,2.973,3.982,26.75
2026-09-06T06:24:19Z,2026-09-06T01:24:19Z,74.3,30.1,3.001,3.946,13.219
2026-09-06T06:25:19Z,2026-09-06T01:25:19Z,74.4,30.1,3.03,4.036,23.217
2026-09-06T06:26:19Z,2026-09-06T01:26:19Z,74.5,30.1,3.137,4.343,26.066
2026-09-06T06:27:19Z,2026-09-06T01:27:19Z,74.2,30.1,2.994,4.147,18.498
2026-09-06T06:28:19Z,2026-09-06T01:28:19Z,74.3,30.1,3.218,4.381,25.691
2026-09-06T06:29:19Z,2026-09-06T01:29:19Z,74.5,30.1,2.856,3.813,8.928
2026-09-06T06:30:19Z,2026-09-06T01:30:19Z,74.4,30.1,2.972,4.079,29.008
2026-09-06T06:31:20Z,2026-09-06T01:31:20Z,74.3,30.1,2.944,4.165,9.859
2026-09-06T06:32:20Z,2026-09-06T01:32:20Z,74.4,30.1,2.81,3.878,18.725
2026-09-06T06:33:20Z,2026-09-06T01:33:20Z,74.3,30.1,2.957,3.881,25.517
2026-09-06T06:34:20Z,2026-09-06T01:34:20Z,74.3,30.1,2.927,3.921,14.802
2026-09-06T06:35:20Z,2026-09-06T01:35:20Z,74.5,30.2,2.74,3.914,15.575
2026-09-06T06:36:20Z,2026-09-06T01:36:20Z,74.4,30.2,2.935,4.244,12.883
2026-09-06T06:37:20Z,2026-09-06T01:37:20Z,74.5,30.1,3.151,4.152,28.302
2026-09-06T06:38:20Z,2026-09-06T01:38:20Z,74.3,30.1,3.161,4.119,15.136
2026-09-06T06:39:20Z,2026-09-06T01:39:20Z,74.4,30.1,2.948,4.138,11.179
2026-09-06T06:40:20Z,2026-09-06T01:40:20Z,74.5,30.1,2.948,4.094,7.25
2026-09-06T06:41:20Z,2026-09-06T01:41:20Z,74.4,30.1,2.764,3.531,12.129
2026-09-06T06:42:20Z,2026-09-06T01:42:20Z,74.4,30.1,3.035,4.157,11.936
2026-09-06T06:43:20Z,2026-09-06T01:43:20Z,74.5,30.1,2.806,3.655,16.536
2026-09-06T06:44:20Z,2026-09-06T01:44:20Z,74.7,30.1,2.991,4.273,10.868
2026-09-06T06:45:20Z,2026-09-06T01:45:20Z,74.7,30.1,3.054,4.009,22.486
2026-09-06T06:46:20Z,2026-09-06T01:46:20Z,74.6,30.1,2.762,3.774,8.475
2026-09-06T06:47:20Z,2026-09-06T01:47:20Z,74.6,30.1,2.995,4.118,23.26
2026-09-06T06:48:20Z,2026-09-06T01:48:20Z,74.7,30.1,2.947,3.977,18.381
2026-09-06T06:49:21Z,2026-09-06T01:49:21Z,74.7,30.1,2.851,3.811,18.956
2026-09-06T06:50:21Z,2026-09-06T01:50:21Z,74.7,30.1,2.815,4.318,11.656
2026-09-06T06:51:21Z,2026-09-06T01:51:21Z,75.1,30.1,3.023,4.38,18.171
2026-09-06T06:52:21Z,2026-09-06T01:52:21Z,74.9,30.1,2.634,3.47,7.404
2026-09-06T06:53:21Z,2026-09-06T01:53:21Z,74.9,30.1,2.845,4.013,11.479
2026-09-06T06:54:21Z,2026-09-06T01:54:21Z,75.0,30.1,3.04,3.859,25.232
2026-09-06T06:55:21Z,2026-09-06T01:55:21Z,74.9,30.1,2.91,3.868,10.029
2026-09-06T06:56:21Z,2026-09-06T01:56:21Z,74.9,30.1,2.729,3.816,13.98
2026-09-06T06:57:21Z,2026-09-06T01:57:21Z,75.0,30.1,2.833,3.802,14.545
2026-09-06T06:58:21Z,2026-09-06T01:58:21Z,75.0,30.1,2.903,3.881,19.769
2026-09-06T06:59:21Z,2026-09-06T01:59:21Z,75.2,30.1,2.859,3.968,9.256
2026-09-06T07:00:21Z,2026-09-06T02:00:21Z,75.3,30.1,2.628,3.884,20.204
2026-09-06T07:01:21Z,2026-09-06T02:01:21Z,75.3,30.1,2.879,3.817,21.864
2026-09-06T07:02:21Z,2026-09-06T02:02:21Z,75.2,30.1,2.863,3.911,24.201
2026-09-06T07:03:21Z,2026-09-06T02:03:21Z,75.4,30.1,3.022,4.155,18.911
2026-09-06T07:04:21Z,2026-09-06T02:04:21Z,75.3,30.1,2.776,3.884,16.533
2026-09-06T07:05:21Z,2026-09-06T02:05:21Z,75.3,30.0,2.836,3.973,15.647
2026-09-06T07:06:21Z,2026-09-06T02:06:21Z,75.5,30.0,2.698,3.726,7.057
2026-09-06T07:07:21Z,2026-09-06T02:07:21Z,75.4,30.0,2.754,3.557,14.547
2026-09-06T07:08:21Z,2026-09-06T02:08:21Z,75.3,30.0,2.794,3.895,8.386
2026-09-06T07:09:21Z,2026-09-06T02:09:21Z,75.3,30.0,2.836,3.841,20.741
2026-09-06T07:10:18Z,2026-09-06T02:10:18Z,75.5,30.0,2.685,3.46,15.378
2026-09-06T07:11:18Z,2026-09-06T02:11:18Z,75.5,30.0,2.916,3.928,10.364
2026-09-06T07:12:18Z,2026-09-06T02:12:18Z,75.5,30.0,2.686,3.675,27.054
2026-09-06T07:13:18Z,2026-09-06T02:13:18Z,75.7,30.0,2.863,3.989,29.213
2026-09-06T07:14:18Z,2026-09-06T02:14:18Z,75.8,30.0,2.944,3.733,20.234
2026-09-06T07:15:19Z,2026-09-06T02:15:19Z,75.8,30.0,2.631,3.774,22.369
2026-09-06T07:16:19Z,2026-09-06T02:16:19Z,75.9,30.0,2.785,4.208,23.175
2026-09-06T07:17:19Z,2026-09-06T02:17:19Z,75.8,30.0,2.756,4.173,16.336
2026-09-06T07:18:19Z,2026-09-06T02:18:19Z,76.0,30.0,2.65,3.622,17.151
2026-09-06T07:19:19Z,2026-09-06T02:19:19Z,76.0,30.0,3.008,4.325,24.294
2026-09-06T07:20:19Z,2026-09-06T02:20:19Z,76.1,30.0,2.584,3.771,30.454
2026-09-06T07:21:19Z,2026-09-06T02:21:19Z,76.1,30.0,2.721,3.992,9.293
2026-09-06T07:22:19Z,2026-09-06T02:22:19Z,76.0,30.0,2.789,3.801,24.738
2026-09-06T07:23:19Z,2026-09-06T02:23:19Z,75.8,29.9,2.949,4.169,16.202
2026-09-06T07:24:19Z,2026-09-06T02:24:19Z,76.0,29.9,2.831,3.882,18.426
2026-09-06T07:25:19Z,2026-09-06T02:25:19Z,76.4,29.9,2.775,4.047,7.004
2026-09-06T07:26:19Z,2026-09-06T02:26:19Z,76.1,29.9,2.819,3.963,25.266
2026-09-06T07:27:19Z,2026-09-06T02:27:19Z,76.4,29.9,2.567,3.53,16.832
2026-09-06T07:28:19Z,2026-09-06T02:28:19Z,76.4,29.9,2.815,4.088,19.365
2026-09-06T07:29:19Z,2026-09-06T02:29:19Z,76.6,29.9,2.74,3.944,7.905
2026-09-06T07:30:19Z,2026-09-06T02:30:19Z,76.2,29.9,2.951,3.917,31.326
2026-09-06T07:31:19Z,2026-09-06T02:31:19Z,76.2,29.9,2.845,3.924,22.562
2026-09-06T07:32:19Z,2026-09-06T02:32:19Z,76.2,29.9,2.908,3.991,15.265
2026-09-06T07:33:19Z,2026-09-06T02:33:19Z,76.3,29.9,2.912,3.976,8.979
2026-09-06T07:34:20Z,2026-09-06T02:34:20Z,76.3,29.9,2.81,3.982,19.032
2026-09-06T07:35:20Z,2026-09-06T02:35:20Z,76.2,29.9,2.937,3.877,15.956
2026-09-06T07:36:20Z,2026-09-06T02:36:20Z,76.4,29.9,2.758,4.081,12.463
2026-09-06T07:37:20Z,2026-09-06T02:37:20Z,76.2,29.9,2.713,3.846,20.504
2026-09-06T07:38:20Z,2026-09-06T02:38:20Z,76.3,29.9,3.068,4.158,20.7
2026-09-06T07:39:20Z,2026-09-06T02:39:20Z,76.2,29.9,2.933,4.436,31.708
2026-09-06T07:40:20Z,2026-09-06T02:40:20Z,76.2,29.9,2.798,3.922,9.583
2026-09-06T07:41:20Z,2026-09-06T02:41:20Z,76.5,29.9,2.9,3.977,24.307
2026-09-06T07:42:20Z,2026-09-06T02:42:20Z,76.8,29.9,2.861,4.003,15.417
2026-09-06T07:43:20Z,2026-09-06T02:43:20Z,76.6,29.9,2.8,3.884,8.499
2026-09-06T07:44:20Z,2026-09-06T02:44:20Z,76.7,29.9,2.823,3.923,13.713
2026-09-06T07:45:20Z,2026-09-06T02:45:20Z,76.7,29.9,3.015,3.949,12.439
2026-09-06T07:46:20Z,2026-09-06T02:46:20Z,76.6,29.9,2.779,3.985,12.478
2026-09-06T07:47:20Z,2026-09-06T02:47:20Z,76.5,29.9,3.104,4.269,22.355
2026-09-06T07:48:20Z,2026-09-06T02:48:20Z,76.6,29.8,2.85,3.806,22.395
2026-09-06T07:49:20Z,2026-09-06T02:49:20Z,76.5,29.8,2.899,3.983,15.3
2026-09-06T07:50:20Z,2026-09-06T02:50:20Z,76.8,29.8,2.741,3.675,25.43
2026-09-06T07:51:20Z,2026-09-06T02:51:20Z,76.5,29.8,2.946,4.109,7.71
2026-09-06T07:52:20Z,2026-09-06T02:52:20Z,76.6,29.8,2.977,4.325,25.559
2026-09-06T07:53:21Z,2026-09-06T02:53:21Z,76.6,29.8,2.928,4.459,35.3
2026-09-06T07:54:21Z,2026-09-06T02:54:21Z,76.5,29.8,2.881,4.234,12.388
2026-09-06T07:55:21Z,2026-09-06T02:55:21Z,76.5,29.8,3.12,4.118,13.677
2026-09-06T07:56:21Z,2026-09-06T02:56:21Z,76.8,29.8,2.873,3.752,16.476
2026-09-06T07:57:21Z,2026-09-06T02:57:21Z,76.8,29.8,2.899,4.144,25.965
2026-09-06T07:58:21Z,2026-09-06T02:58:21Z,76.9,29.8,2.917,4.146,22.062
2026-09-06T07:59:21Z,2026-09-06T02:59:21Z,76.8,29.8,2.867,4.044,25.674
2026-09-06T08:00:21Z,2026-09-06T03:00:21Z,76.8,29.8,2.883,4.247,37.973
2026-09-06T08:01:21Z,2026-09-06T03:01:21Z,76.8,29.8,2.679,3.921,16.334
2026-09-06T08:02:21Z,2026-09-06T03:02:21Z,76.9,29.8,3.075,4.211,10.743
2026-09-06T08:03:21Z,2026-09-06T03:03:21Z,76.8,29.8,2.958,4.115,15.568
2026-09-06T08:04:21Z,2026-09-06T03:04:21Z,76.9,29.8,3.022,4.06,22.426
2026-09-06T08:05:21Z,2026-09-06T03:05:21Z,76.7,29.8,2.945,4.182,16.06
2026-09-06T08:06:21Z,2026-09-06T03:06:21Z,76.8,29.8,3.004,4.134,10.288
2026-09-06T08:07:21Z,2026-09-06T03:07:21Z,77.0,29.8,2.8,3.685,8.902
2026-09-06T08:08:21Z,2026-09-06T03:08:21Z,76.8,29.8,2.828,4.004,17.743
2026-09-06T08:09:21Z,2026-09-06T03:09:21Z,76.9,29.8,2.601,3.917,17.201
2026-09-06T08:10:21Z,2026-09-06T03:10:21Z,76.9,29.8,2.971,3.818,17.748
2026-09-06T08:11:21Z,2026-09-06T03:11:21Z,77.1,29.8,2.876,3.763,11.055
2026-09-06T08:12:21Z,2026-09-06T03:12:21Z,77.1,29.8,2.662,3.73,17.859
2026-09-06T08:13:22Z,2026-09-06T03:13:22Z,77.2,29.8,2.945,4.124,22.565
2026-09-06T08:14:22Z,2026-09-06T03:14:22Z,77.0,29.8,2.938,4.169,11.619
2026-09-06T08:15:18Z,2026-09-06T03:15:18Z,77.0,29.8,2.904,3.728,10.328
2026-09-06T08:16:18Z,2026-09-06T03:16:18Z,76.8,29.8,2.832,3.606,16.985
2026-09-06T08:17:18Z,2026-09-06T03:17:18Z,77.0,29.8,2.954,4.174,28.967
2026-09-06T08:18:18Z,2026-09-06T03:18:18Z,77.0,29.8,3.036,4.121,22.225
2026-09-06T08:19:19Z,2026-09-06T03:19:19Z,77.0,29.8,3.01,4.27,9.557
2026-09-06T08:20:19Z,2026-09-06T03:20:19Z,76.9,29.8,2.947,4.224,18.534
2026-09-06T08:21:19Z,2026-09-06T03:21:19Z,76.9,29.8,3.039,4.109,11.677
2026-09-06T08:22:19Z,2026-09-06T03:22:19Z,77.0,29.7,2.643,3.594,18.922
2026-09-06T08:23:19Z,2026-09-06T03:23:19Z,77.1,29.8,2.93,3.86,7.667
2026-09-06T08:24:19Z,2026-09-06T03:24:19Z,77.0,29.7,2.706,3.745,9.432
2026-09-06T08:25:19Z,2026-09-06T03:25:19Z,77.1,29.7,2.672,3.56,23.947
2026-09-06T08:26:19Z,2026-09-06T03:26:19Z,77.2,29.7,2.782,4.133,22.243
2026-09-06T08:27:19Z,2026-09-06T03:27:19Z,77.2,29.7,2.862,3.92,12.883
2026-09-06T08:28:19Z,2026-09-06T03:28:19Z,77.7,29.7,2.867,3.684,21.23
2026-09-06T08:29:19Z,2026-09-06T03:29:19Z,77.4,29.7,2.952,4.113,13.575
2026-09-06T08:30:19Z,2026-09-06T03:30:19Z,77.6,29.7,2.775,3.902,19.499
2026-09-06T08:31:19Z,2026-09-06T03:31:19Z,77.6,29.7,2.779,3.797,11.578
2026-09-06T08:32:19Z,2026-09-06T03:32:19Z,77.6,29.7,3.001,3.959,15.466
2026-09-06T08:33:19Z,2026-09-06T03:33:19Z,77.4,29.7,2.824,4.127,20.715
2026-09-06T08:34:19Z,2026-09-06T03:34:19Z,77.5,29.7,3.179,4.206,8.926
2026-09-06T08:35:19Z,2026-09-06T03:35:19Z,77.3,29.7,,,
2026-09-06T08:36:19Z,2026-09-06T03:36:19Z,77.5,29.7,,,
2026-09-06T08:37:19Z,2026-09-06T03:37:19Z,77.4,29.7,,,
2026-09-06T08:38:19Z,2026-09-06T03:38:19Z,77.5,29.7,,,
2026-09-06T08:39:19Z,2026-09-06T03:39:19Z,77.5,29.6,,,
2026-09-06T08:40:19Z,2026-09-06T03:40:19Z,77.4,29.6,3.04,4.27,9.525
2026-09-06T08:41:20Z,2026-09-06T03:41:20Z,77.5,29.6,3.061,4.057,11.912
2026-09-06T08:42:20Z,2026-09-06T03:42:20Z,77.7,29.6,2.93,4.07,21.025
2026-09-06T08:43:20Z,2026-09-06T03:43:20Z,77.8,29.6,2.912,4.176,13.588
2026-09-06T08:44:20Z,2026-09-06T03:44:20Z,77.8,29.6,2.9,4.254,21.225
2026-09-06T08:45:20Z,2026-09-06T03:45:20Z,77.8,29.6,3.002,4.268,12.673
2026-09-06T08:46:20Z,2026-09-06T03:46:20Z,77.8,29.6,2.836,4.018,23.956
2026-09-06T08:47:20Z,2026-09-06T03:47:20Z,77.8,29.6,2.721,4.001,29.913
2026-09-06T08:48:20Z,2026-09-06T03:48:20Z,77.8,29.6,2.678,3.615,12.938
2026-09-06T08:49:20Z,2026-09-06T03:49:20Z,77.9,29.6,2.771,3.848,9.358
2026-09-06T08:50:20Z,2026-09-06T03:50:20Z,77.9,29.6,2.767,3.613,9.954
2026-09-06T08:51:20Z,2026-09-06T03:51:20Z,77.9,29.6,2.986,4.059,22.901
2026-09-06T08:52:20Z,2026-09-06T03:52:20Z,77.7,29.5,2.772,3.705,15.929
2026-09-06T08:53:20Z,2026-09-06T03:53:20Z,77.8,29.5,3.095,4.069,19.836
2026-09-06T08:54:20Z,2026-09-06T03:54:20Z,77.9,29.5,2.784,3.827,5.341
2026-09-06T08:55:20Z,2026-09-06T03:55:20Z,78.1,29.5,2.972,4.084,12.0
2026-09-06T08:56:20Z,2026-09-06T03:56:20Z,78.0,29.5,2.887,3.547,18.554
2026-09-06T08:57:20Z,2026-09-06T03:57:20Z,78.1,29.5,2.843,3.807,30.42
2026-09-06T08:58:20Z,2026-09-06T03:58:20Z,78.0,29.5,2.935,3.889,9.096
2026-09-06T08:59:20Z,2026-09-06T03:59:20Z,78.0,29.5,3.013,3.852,20.871
2026-09-06T09:00:20Z,2026-09-06T04:00:20Z,78.0,29.5,2.859,3.88,18.702
2026-09-06T09:01:20Z,2026-09-06T04:01:20Z,78.0,29.5,2.785,3.58,12.475
2026-09-06T09:02:20Z,2026-09-06T04:02:20Z,78.1,29.4,2.727,3.726,11.788
2026-09-06T09:03:20Z,2026-09-06T04:03:20Z,78.2,29.4,2.964,3.923,25.419
2026-09-06T09:04:20Z,2026-09-06T04:04:20Z,78.2,29.4,2.902,3.938,15.328
2026-09-06T09:05:21Z,2026-09-06T04:05:21Z,78.3,29.4,2.718,3.925,9.82
2026-09-06T09:06:21Z,2026-09-06T04:06:21Z,78.5,29.4,2.839,3.833,9.694
2026-09-06T09:07:21Z,2026-09-06T04:07:21Z,78.3,29.4,2.952,3.655,23.773
2026-09-06T09:08:21Z,2026-09-06T04:08:21Z,78.4,29.4,2.8,3.897,11.993
2026-09-06T09:09:21Z,2026-09-06T04:09:21Z,78.5,29.4,2.712,3.843,10.585
2026-09-06T09:10:21Z,2026-09-06T04:10:21Z,78.5,29.4,,,
2026-09-06T09:11:21Z,2026-09-06T04:11:21Z,78.3,29.4,,,
2026-09-06T09:12:21Z,2026-09-06T04:12:21Z,78.4,29.4,,,
2026-09-06T09:13:21Z,2026-09-06T04:13:21Z,78.4,29.4,,,
2026-09-06T09:14:21Z,2026-09-06T04:14:21Z,78.5,29.4,,,
2026-09-06T09:15:21Z,2026-09-06T04:15:21Z,78.5,29.4,2.959,3.947,16.404
2026-09-06T09:16:21Z,2026-09-06T04:16:21Z,78.6,29.3,3.035,3.976,11.759
2026-09-06T09:17:21Z,2026-09-06T04:17:21Z,78.6,29.3,2.784,3.721,9.851
2026-09-06T09:18:21Z,2026-09-06T04:18:21Z,78.7,29.3,2.958,3.942,8.849
2026-09-06T09:19:21Z,2026-09-06T04:19:21Z,78.8,29.3,2.824,3.689,11.057
2026-09-06T09:20:21Z,2026-09-06T04:20:21Z,78.8,29.3,2.894,3.95,6.589
2026-09-06T09:21:21Z,2026-09-06T04:21:21Z,78.9,29.3,2.832,3.63,12.22
2026-09-06T09:22:21Z,2026-09-06T04:22:21Z,78.8,29.3,2.696,4.033,17.985
2026-09-06T09:23:21Z,2026-09-06T04:23:21Z,78.8,29.3,2.784,3.742,13.243
2026-09-06T09:24:21Z,2026-09-06T04:24:21Z,79.1,29.3,3.043,3.927,11.778
2026-09-06T09:25:21Z,2026-09-06T04:25:21Z,79.2,29.3,,,
2026-09-06T09:26:21Z,2026-09-06T04:26:21Z,79.3,29.3,2.979,3.98,13.052
2026-09-06T09:27:22Z,2026-09-06T04:27:22Z,79.3,29.3,,,16.567
2026-09-06T09:28:22Z,2026-09-06T04:28:22Z,79.3,29.3,2.877,3.869,15.906
2026-09-06T09:29:22Z,2026-09-06T04:29:22Z,79.4,29.2,2.897,3.961,12.87
2026-09-06T09:30:22Z,2026-09-06T04:30:22Z,79.4,29.2,2.921,4.117,19.47
2026-09-06T09:31:22Z,2026-09-06T04:31:22Z,79.3,29.2,2.733,3.674,11.644
2026-09-06T09:32:22Z,2026-09-06T04:32:22Z,79.3,29.2,2.888,3.583,6.978
2026-09-06T09:33:22Z,2026-09-06T04:33:22Z,79.3,29.2,2.525,3.418,11.658
2026-09-06T09:34:22Z,2026-09-06T04:34:22Z,79.3,29.2,3.043,3.944,13.933
2026-09-06T09:35:22Z,2026-09-06T04:35:22Z,79.4,29.2,2.665,3.728,21.144
2026-09-06T09:36:22Z,2026-09-06T04:36:22Z,79.5,29.2,2.786,3.796,17.648
2026-09-06T09:37:22Z,2026-09-06T04:37:22Z,79.5,29.2,2.792,3.909,21.634
2026-09-06T09:38:22Z,2026-09-06T04:38:22Z,79.4,29.2,2.624,3.812,13.321
2026-09-06T09:39:22Z,2026-09-06T04:39:22Z,79.4,29.1,2.754,3.758,8.063
2026-09-06T09:40:22Z,2026-09-06T04:40:22Z,79.4,29.1,2.987,4.142,10.886
2026-09-06T09:41:22Z,2026-09-06T04:41:22Z,79.7,29.1,2.817,3.787,17.405
2026-09-06T09:42:22Z,2026-09-06T04:42:22Z,79.7,29.1,2.902,3.887,12.246
2026-09-06T09:43:22Z,2026-09-06T04:43:22Z,79.6,29.1,2.926,4.322,10.795
2026-09-06T09:44:22Z,2026-09-06T04:44:22Z,79.6,29.1,2.505,3.659,17.707
2026-09-06T09:45:22Z,2026-09-06T04:45:22Z,79.7,29.1,2.922,3.909,16.212
2026-09-06T09:46:22Z,2026-09-06T04:46:22Z,79.8,29.1,2.596,3.897,28.267
2026-09-06T09:47:22Z,2026-09-06T04:47:22Z,79.8,29.0,2.828,4.097,12.341
2026-09-06T09:48:22Z,2026-09-06T04:48:22Z,79.8,29.0,2.663,3.736,18.255
2026-09-06T09:49:22Z,2026-09-06T04:49:22Z,79.8,29.0,3.0,3.766,42.039
2026-09-06T09:50:22Z,2026-09-06T04:50:22Z,79.8,29.0,2.773,3.71,10.35
2026-09-06T09:51:23Z,2026-09-06T04:51:23Z,79.9,29.0,2.856,3.899,17.68
2026-09-06T09:52:23Z,2026-09-06T04:52:23Z,80.0,29.0,2.672,3.745,11.302
2026-09-06T09:53:23Z,2026-09-06T04:53:23Z,80.0,29.0,2.924,3.786,10.645
2026-09-06T09:54:23Z,2026-09-06T04:54:23Z,80.1,29.0,2.724,3.874,17.582
2026-09-06T09:55:19Z,2026-09-06T04:55:19Z,80.2,29.0,2.748,3.966,20.947
2026-09-06T09:56:19Z,2026-09-06T04:56:19Z,80.2,29.0,3.001,4.209,40.232
2026-09-06T09:57:19Z,2026-09-06T04:57:19Z,80.3,29.0,2.949,4.293,21.062
2026-09-06T09:58:20Z,2026-09-06T04:58:20Z,80.3,29.0,2.796,3.865,15.147
2026-09-06T09:59:20Z,2026-09-06T04:59:20Z,80.2,29.0,2.824,3.769,13.842
2026-09-06T10:00:20Z,2026-09-06T05:00:20Z,80.1,28.9,,,
2026-09-06T10:01:20Z,2026-09-06T05:01:20Z,80.3,28.9,,,
2026-09-06T10:02:20Z,2026-09-06T05:02:20Z,80.3,28.9,,,
2026-09-06T10:03:20Z,2026-09-06T05:03:20Z,80.6,28.9,,,
2026-09-06T10:04:20Z,2026-09-06T05:04:20Z,80.9,28.9,,,
2026-09-06T10:05:20Z,2026-09-06T05:05:20Z,80.9,28.9,,,
2026-09-06T10:06:20Z,2026-09-06T05:06:20Z,80.7,28.9,,,
2026-09-06T10:07:20Z,2026-09-06T05:07:20Z,80.7,28.9,,,
2026-09-06T10:08:20Z,2026-09-06T05:08:20Z,80.7,28.9,,,
2026-09-06T10:09:20Z,2026-09-06T05:09:20Z,80.7,28.9,,,
2026-09-06T10:10:20Z,2026-09-06T05:10:20Z,80.7,28.8,2.959,4.093,11.567
2026-09-06T10:11:20Z,2026-09-06T05:11:20Z,80.8,28.8,2.833,4.206,24.807
2026-09-06T10:12:20Z,2026-09-06T05:12:20Z,80.9,28.8,2.699,3.812,21.957
2026-09-06T10:13:20Z,2026-09-06T05:13:20Z,80.9,28.8,2.899,3.92,13.083
2026-09-06T10:14:20Z,2026-09-06T05:14:20Z,81.0,28.8,2.706,3.694,10.302
2026-09-06T10:15:20Z,2026-09-06T05:15:20Z,80.9,28.8,2.881,4.15,15.712
2026-09-06T10:16:20Z,2026-09-06T05:16:20Z,80.8,28.8,2.845,3.928,14.192
2026-09-06T10:17:20Z,2026-09-06T05:17:20Z,80.7,28.8,2.748,3.876,16.841
2026-09-06T10:18:20Z,2026-09-06T05:18:20Z,80.7,28.8,2.926,4.092,21.51
2026-09-06T10:19:20Z,2026-09-06T05:19:20Z,80.7,28.8,2.883,3.849,9.424
2026-09-06T10:20:20Z,2026-09-06T05:20:20Z,80.8,28.8,2.972,3.824,15.306
2026-09-06T10:21:21Z,2026-09-06T05:21:21Z,80.9,28.8,2.913,3.726,15.728
2026-09-06T10:22:21Z,2026-09-06T05:22:21Z,81.0,28.8,2.843,3.858,8.7
2026-09-06T10:23:21Z,2026-09-06T05:23:21Z,81.1,28.8,3.128,4.267,13.225
2026-09-06T10:24:21Z,2026-09-06T05:24:21Z,80.9,28.8,2.908,3.731,16.105
2026-09-06T10:25:21Z,2026-09-06T05:25:21Z,80.8,28.7,2.966,4.32,44.359
2026-09-06T10:26:21Z,2026-09-06T05:26:21Z,81.0,28.7,2.699,3.869,18.121
2026-09-06T10:27:21Z,2026-09-06T05:27:21Z,81.0,28.7,2.954,4.075,15.708
2026-09-06T10:28:21Z,2026-09-06T05:28:21Z,81.0,28.7,2.778,3.978,25.568
2026-09-06T10:29:21Z,2026-09-06T05:29:21Z,81.0,28.7,2.772,4.038,14.339
2026-09-06T10:30:21Z,2026-09-06T05:30:21Z,81.0,28.7,2.87,3.992,26.681
2026-09-06T10:31:21Z,2026-09-06T05:31:21Z,81.1,28.7,3.026,4.282,15.112
2026-09-06T10:32:21Z,2026-09-06T05:32:21Z,81.5,28.7,3.007,4.141,18.213
2026-09-06T10:33:21Z,2026-09-06T05:33:21Z,81.4,28.7,2.983,3.968,14.119
2026-09-06T10:34:21Z,2026-09-06T05:34:21Z,81.5,28.7,2.765,3.905,11.844
2026-09-06T10:35:21Z,2026-09-06T05:35:21Z,81.6,28.7,3.078,4.18,9.645
2026-09-06T10:36:21Z,2026-09-06T05:36:21Z,81.6,28.7,2.958,4.022,29.866
2026-09-06T10:37:21Z,2026-09-06T05:37:21Z,81.6,28.7,2.757,3.936,12.256
2026-09-06T10:38:21Z,2026-09-06T05:38:21Z,81.6,28.7,3.008,4.2,10.301
2026-09-06T10:39:21Z,2026-09-06T05:39:21Z,81.7,28.6,3.247,4.551,24.676
2026-09-06T10:40:21Z,2026-09-06T05:40:21Z,81.7,28.7,2.79,4.085,23.028
2026-09-06T10:41:21Z,2026-09-06T05:41:21Z,81.7,28.7,2.831,4.009,9.083
2026-09-06T10:42:22Z,2026-09-06T05:42:22Z,81.7,28.6,2.685,4.009,9.027
2026-09-06T10:43:22Z,2026-09-06T05:43:22Z,81.7,28.6,3.021,4.204,20.33
2026-09-06T10:44:22Z,2026-09-06T05:44:22Z,81.7,28.6,2.916,4.024,12.551
2026-09-06T10:45:22Z,2026-09-06T05:45:22Z,81.6,28.6,2.819,3.911,18.87
2026-09-06T10:46:22Z,2026-09-06T05:46:22Z,81.4,28.6,2.946,4.099,17.121
2026-09-06T10:47:22Z,2026-09-06T05:47:22Z,81.5,28.6,2.909,4.11,25.789
2026-09-06T10:48:22Z,2026-09-06T05:48:22Z,81.5,28.6,2.928,3.991,18.543
2026-09-06T10:49:22Z,2026-09-06T05:49:22Z,81.5,28.6,2.991,4.05,17.798
2026-09-06T10:50:22Z,2026-09-06T05:50:22Z,81.6,28.7,2.836,4.163,19.334
2026-09-06T10:51:22Z,2026-09-06T05:51:22Z,81.7,28.7,2.65,3.744,18.793
2026-09-06T10:52:22Z,2026-09-06T05:52:22Z,81.7,28.7,2.926,4.034,10.786
2026-09-06T10:53:22Z,2026-09-06T05:53:22Z,81.7,28.7,2.853,4.024,30.535
2026-09-06T10:54:22Z,2026-09-06T05:54:22Z,81.8,28.7,2.878,3.789,8.469
2026-09-06T10:55:22Z,2026-09-06T05:55:22Z,81.7,28.7,2.748,3.732,21.292
2026-09-06T10:56:22Z,2026-09-06T05:56:22Z,81.5,28.7,2.809,4.007,24.898
2026-09-06T10:57:22Z,2026-09-06T05:57:22Z,81.6,28.7,2.692,3.703,25.585
2026-09-06T10:58:22Z,2026-09-06T05:58:22Z,81.4,28.7,2.95,4.099,18.421
2026-09-06T10:59:22Z,2026-09-06T05:59:22Z,81.3,28.8,3.091,4.107,12.273
2026-09-06T11:00:22Z,2026-09-06T06:00:22Z,81.2,28.8,2.865,3.987,15.178
2026-09-06T11:01:22Z,2026-09-06T06:01:22Z,81.1,28.8,2.844,3.863,14.797
2026-09-06T11:02:22Z,2026-09-06T06:02:22Z,81.0,28.8,2.9,4.407,14.262
2026-09-06T11:03:22Z,2026-09-06T06:03:22Z,81.0,28.8,2.87,3.993,8.951
2026-09-06T11:04:22Z,2026-09-06T06:04:22Z,80.9,28.9,3.083,4.587,21.921
2026-09-06T11:05:22Z,2026-09-06T06:05:22Z,81.0,28.9,2.937,3.999,12.955
2026-09-06T11:06:22Z,2026-09-06T06:06:22Z,81.3,28.9,2.746,3.823,9.859
2026-09-06T11:07:23Z,2026-09-06T06:07:23Z,80.9,28.9,3.0,4.143,23.432
2026-09-06T11:08:23Z,2026-09-06T06:08:23Z,80.6,28.9,3.188,4.0,21.822
2026-09-06T11:09:23Z,2026-09-06T06:09:23Z,80.6,29.0,3.119,4.107,35.365
2026-09-06T11:10:23Z,2026-09-06T06:10:23Z,80.7,29.0,2.998,4.044,20.242
2026-09-06T11:11:23Z,2026-09-06T06:11:23Z,80.6,29.0,3.116,4.457,20.827
2026-09-06T11:12:23Z,2026-09-06T06:12:23Z,80.4,29.0,3.182,4.384,21.042
2026-09-06T11:13:23Z,2026-09-06T06:13:23Z,80.2,29.0,3.052,4.27,29.594
2026-09-06T11:14:23Z,2026-09-06T06:14:23Z,80.4,29.0,3.088,3.958,21.242
2026-09-06T11:15:20Z,2026-09-06T06:15:20Z,80.4,29.0,3.078,3.975,19.686
2026-09-06T11:16:20Z,2026-09-06T06:16:20Z,80.3,29.1,3.36,4.466,16.533
2026-09-06T11:17:20Z,2026-09-06T06:17:20Z,80.4,29.1,3.298,4.3,12.108
2026-09-06T11:18:20Z,2026-09-06T06:18:20Z,80.3,29.1,3.481,4.447,19.675
2026-09-06T11:19:20Z,2026-09-06T06:19:20Z,80.3,29.1,3.474,4.687,8.752
2026-09-06T11:20:20Z,2026-09-06T06:20:20Z,80.1,29.1,3.652,4.902,13.637
2026-09-06T11:21:20Z,2026-09-06T06:21:20Z,80.2,29.1,3.433,4.804,20.584
2026-09-06T11:22:20Z,2026-09-06T06:22:20Z,80.1,29.1,3.46,4.401,13.966
2026-09-06T11:23:20Z,2026-09-06T06:23:20Z,80.2,29.2,3.599,4.566,30.798
2026-09-06T11:24:20Z,2026-09-06T06:24:20Z,80.1,29.2,3.702,4.64,32.115
2026-09-06T11:25:20Z,2026-09-06T06:25:20Z,80.1,29.2,3.715,4.791,13.309
2026-09-06T11:26:20Z,2026-09-06T06:26:20Z,80.2,29.2,3.742,4.854,18.991
2026-09-06T11:27:20Z,2026-09-06T06:27:20Z,80.0,29.2,4.002,5.015,23.356
2026-09-06T11:28:20Z,2026-09-06T06:28:20Z,79.8,29.2,3.884,5.099,14.803
2026-09-06T11:29:20Z,2026-09-06T06:29:20Z,79.8,29.2,4.141,5.432,24.176
2026-09-06T11:30:20Z,2026-09-06T06:30:20Z,79.8,29.2,3.939,5.15,13.49
2026-09-06T11:31:21Z,2026-09-06T06:31:21Z,79.8,29.2,4.154,5.389,22.927
2026-09-06T11:32:21Z,2026-09-06T06:32:21Z,80.0,29.2,4.214,5.297,12.787
2026-09-06T11:33:21Z,2026-09-06T06:33:21Z,79.9,29.2,4.505,5.606,24.848
2026-09-06T11:34:21Z,2026-09-06T06:34:21Z,79.8,29.2,4.184,5.526,25.838
2026-09-06T11:35:21Z,2026-09-06T06:35:21Z,79.9,29.2,4.555,5.67,13.722
2026-09-06T11:36:21Z,2026-09-06T06:36:21Z,79.9,29.2,4.228,5.303,13.471
2026-09-06T11:37:21Z,2026-09-06T06:37:21Z,79.9,29.2,4.243,5.36,19.013
2026-09-06T11:38:21Z,2026-09-06T06:38:21Z,79.9,29.2,4.165,5.255,17.407
2026-09-06T11:39:21Z,2026-09-06T06:39:21Z,79.9,29.2,4.086,5.01,23.003
2026-09-06T11:40:21Z,2026-09-06T06:40:21Z,79.9,29.2,4.17,5.467,20.531
2026-09-06T11:41:21Z,2026-09-06T06:41:21Z,79.9,29.2,4.199,5.471,16.931
2026-09-06T11:42:21Z,2026-09-06T06:42:21Z,79.9,29.2,4.149,5.12,25.808
2026-09-06T11:43:21Z,2026-09-06T06:43:21Z,79.9,29.2,4.009,5.123,16.729
2026-09-06T11:44:21Z,2026-09-06T06:44:21Z,80.0,29.2,4.333,5.405,25.993
2026-09-06T11:45:21Z,2026-09-06T06:45:21Z,80.0,29.2,4.254,5.213,25.562
2026-09-06T11:46:21Z,2026-09-06T06:46:21Z,80.0,29.1,4.267,5.468,11.109
2026-09-06T11:47:21Z,2026-09-06T06:47:21Z,80.1,29.1,4.291,5.558,19.206
2026-09-06T11:48:21Z,2026-09-06T06:48:21Z,80.0,29.1,4.424,5.432,17.318
2026-09-06T11:49:21Z,2026-09-06T06:49:21Z,80.0,29.1,4.347,5.391,14.068
2026-09-06T11:50:21Z,2026-09-06T06:50:21Z,80.0,29.1,4.724,5.963,16.612
2026-09-06T11:51:21Z,2026-09-06T06:51:21Z,80.1,29.1,4.473,5.8,24.834
2026-09-06T11:52:21Z,2026-09-06T06:52:21Z,80.2,29.1,4.496,5.585,13.257
2026-09-06T11:53:21Z,2026-09-06T06:53:21Z,80.2,29.1,4.798,6.069,17.329
2026-09-06T11:54:21Z,2026-09-06T06:54:21Z,80.3,29.1,4.417,5.497,18.067
2026-09-06T11:55:21Z,2026-09-06T06:55:21Z,80.4,29.1,4.972,6.179,26.261
2026-09-06T11:56:22Z,2026-09-06T06:56:22Z,80.4,29.1,4.976,6.037,13.37
2026-09-06T11:57:22Z,2026-09-06T06:57:22Z,80.3,29.1,5.118,6.411,25.805
2026-09-06T11:58:22Z,2026-09-06T06:58:22Z,80.3,29.1,5.001,6.261,22.752
2026-09-06T11:59:22Z,2026-09-06T06:59:22Z,80.3,29.1,5.466,6.951,14.336
2026-09-06T12:00:22Z,2026-09-06T07:00:22Z,80.3,29.1,5.256,6.508,27.468
2026-09-06T12:01:22Z,2026-09-06T07:01:22Z,80.3,29.1,5.071,6.242,14.896
2026-09-06T12:02:22Z,2026-09-06T07:02:22Z,80.2,29.1,5.351,6.4,17.718
2026-09-06T12:03:22Z,2026-09-06T07:03:22Z,80.2,29.1,5.286,6.945,22.964
2026-09-06T12:04:22Z,2026-09-06T07:04:22Z,80.3,29.1,5.454,6.466,31.226
2026-09-06T12:05:22Z,2026-09-06T07:05:22Z,80.3,29.1,5.463,6.758,18.72
2026-09-06T12:06:22Z,2026-09-06T07:06:22Z,80.2,29.1,5.596,6.836,26.193
2026-09-06T12:07:22Z,2026-09-06T07:07:22Z,80.3,29.1,5.749,6.89,23.842
2026-09-06T12:08:22Z,2026-09-06T07:08:22Z,80.1,29.1,5.748,7.334,16.715
2026-09-06T12:09:22Z,2026-09-06T07:09:22Z,80.0,29.1,6.084,7.317,17.167
2026-09-06T12:10:22Z,2026-09-06T07:10:22Z,80.1,29.2,5.598,6.65,25.247
2026-09-06T12:11:22Z,2026-09-06T07:11:22Z,80.0,29.2,5.879,7.335,22.794
2026-09-06T12:12:22Z,2026-09-06T07:12:22Z,80.0,29.2,5.751,7.234,22.759
2026-09-06T12:13:22Z,2026-09-06T07:13:22Z,80.0,29.2,5.751,6.724,19.609
2026-09-06T12:14:22Z,2026-09-06T07:14:22Z,80.0,29.2,5.858,7.062,22.974
2026-09-06T12:15:22Z,2026-09-06T07:15:22Z,80.0,29.2,5.769,7.026,29.375
2026-09-06T12:16:22Z,2026-09-06T07:16:22Z,80.0,29.2,5.904,7.114,24.508
2026-09-06T12:17:22Z,2026-09-06T07:17:22Z,80.0,29.2,6.107,7.546,23.616
2026-09-06T12:18:22Z,2026-09-06T07:18:22Z,80.1,29.2,6.233,7.724,17.319
2026-09-06T12:19:22Z,2026-09-06T07:19:22Z,80.0,29.2,6.283,7.549,31.216
2026-09-06T12:20:22Z,2026-09-06T07:20:22Z,80.1,29.2,6.503,7.962,38.46
2026-09-06T12:21:22Z,2026-09-06T07:21:22Z,80.0,29.2,6.707,7.666,37.253
2026-09-06T12:22:23Z,2026-09-06T07:22:23Z,80.0,29.2,6.893,8.148,26.805
2026-09-06T12:23:23Z,2026-09-06T07:23:23Z,80.0,29.2,7.003,8.238,39.403
2026-09-06T12:24:23Z,2026-09-06T07:24:23Z,80.0,29.2,6.773,7.795,34.203
2026-09-06T12:25:23Z,2026-09-06T07:25:23Z,80.0,29.2,6.855,8.488,33.977
2026-09-06T12:26:23Z,2026-09-06T07:26:23Z,80.0,29.2,7.032,8.374,24.321
2026-09-06T12:27:23Z,2026-09-06T07:27:23Z,80.0,29.2,6.979,8.282,24.122
2026-09-06T12:28:23Z,2026-09-06T07:28:23Z,80.0,29.2,6.806,8.174,31.286
2026-09-06T12:29:23Z,2026-09-06T07:29:23Z,79.9,29.2,6.897,8.22,46.421
2026-09-06T12:30:23Z,2026-09-06T07:30:23Z,79.9,29.2,6.993,8.361,25.435
2026-09-06T12:31:23Z,2026-09-06T07:31:23Z,80.0,29.2,7.159,8.265,30.533
2026-09-06T12:32:23Z,2026-09-06T07:32:23Z,80.2,29.2,6.914,8.182,28.238
2026-09-06T12:33:23Z,2026-09-06T07:33:23Z,81.2,29.2,6.532,7.665,24.599
2026-09-06T12:34:23Z,2026-09-06T07:34:23Z,80.5,29.2,6.851,8.295,18.704
2026-09-06T12:35:23Z,2026-09-06T07:35:23Z,80.5,29.2,6.606,7.994,30.579
2026-09-06T12:36:23Z,2026-09-06T07:36:23Z,80.4,29.2,6.595,7.697,18.995
2026-09-06T12:37:23Z,2026-09-06T07:37:23Z,80.3,29.2,6.808,7.932,29.585
2026-09-06T12:38:23Z,2026-09-06T07:38:23Z,80.4,29.2,7.258,8.81,19.995
2026-09-06T12:39:23Z,2026-09-06T07:39:23Z,80.4,29.2,7.08,8.533,23.452
2026-09-06T12:40:23Z,2026-09-06T07:40:23Z,80.8,29.2,,,
2026-09-06T12:41:23Z,2026-09-06T07:41:23Z,80.8,29.2,,,
2026-09-06T12:42:23Z,2026-09-06T07:42:23Z,80.8,29.2,,,
2026-09-06T12:43:23Z,2026-09-06T07:43:23Z,80.4,29.2,,,
2026-09-06T12:44:23Z,2026-09-06T07:44:23Z,80.8,29.2,,,
2026-09-06T12:45:23Z,2026-09-06T07:45:23Z,80.7,29.2,6.863,8.575,37.35
2026-09-06T12:46:23Z,2026-09-06T07:46:23Z,80.8,29.2,7.093,8.412,27.826
2026-09-06T12:47:24Z,2026-09-06T07:47:24Z,80.7,29.2,6.807,8.39,33.24
2026-09-06T12:48:24Z,2026-09-06T07:48:24Z,80.4,29.2,6.787,8.191,15.731
2026-09-06T12:49:24Z,2026-09-06T07:49:24Z,80.6,29.2,7.075,8.533,24.444
2026-09-06T12:50:24Z,2026-09-06T07:50:24Z,80.4,29.2,6.874,8.124,20.338
2026-09-06T12:51:24Z,2026-09-06T07:51:24Z,80.4,29.2,7.287,8.763,32.034
2026-09-06T12:52:24Z,2026-09-06T07:52:24Z,80.3,29.2,6.865,8.301,22.451
2026-09-06T12:53:24Z,2026-09-06T07:53:24Z,80.4,29.3,6.99,8.397,50.103
2026-09-06T12:54:24Z,2026-09-06T07:54:24Z,80.0,29.3,6.799,7.88,22.655
2026-09-06T12:55:21Z,2026-09-06T07:55:21Z,80.0,29.3,6.567,7.978,31.053
2026-09-06T12:56:21Z,2026-09-06T07:56:21Z,80.1,29.4,6.29,7.474,24.059
2026-09-06T12:57:21Z,2026-09-06T07:57:21Z,79.9,29.4,6.848,8.179,32.7
2026-09-06T12:58:21Z,2026-09-06T07:58:21Z,79.6,29.5,6.937,8.056,24.058
2026-09-06T12:59:21Z,2026-09-06T07:59:21Z,79.5,29.5,6.767,8.024,24.106
2026-09-06T13:00:21Z,2026-09-06T08:00:21Z,79.1,29.6,6.76,7.803,31.831
2026-09-06T13:01:21Z,2026-09-06T08:01:21Z,79.1,29.6,6.441,7.494,20.197
2026-09-06T13:02:21Z,2026-09-06T08:02:21Z,78.7,29.7,6.715,8.259,19.396
2026-09-06T13:03:21Z,2026-09-06T08:03:21Z,79.2,29.8,6.868,8.015,20.5
2026-09-06T13:04:21Z,2026-09-06T08:04:21Z,78.7,29.9,6.65,7.985,37.039
2026-09-06T13:05:21Z,2026-09-06T08:05:21Z,78.6,29.9,6.835,8.395,33.607
2026-09-06T13:06:21Z,2026-09-06T08:06:21Z,78.6,30.0,6.771,8.109,23.837
2026-09-06T13:07:21Z,2026-09-06T08:07:21Z,77.7,30.1,6.783,7.876,42.003
2026-09-06T13:08:21Z,2026-09-06T08:08:21Z,77.3,30.2,6.43,7.602,30.797
2026-09-06T13:09:21Z,2026-09-06T08:09:21Z,77.4,30.3,6.595,7.709,26.784
2026-09-06T13:10:21Z,2026-09-06T08:10:21Z,77.2,30.4,6.283,7.445,25.219
2026-09-06T13:11:22Z,2026-09-06T08:11:22Z,76.8,30.5,7.151,8.371,16.476
2026-09-06T13:12:22Z,2026-09-06T08:12:22Z,75.9,30.6,6.987,8.323,32.126
2026-09-06T13:13:22Z,2026-09-06T08:13:22Z,75.9,30.6,6.955,8.436,33.053
2026-09-06T13:14:22Z,2026-09-06T08:14:22Z,76.0,30.7,6.872,8.553,29.689
2026-09-06T13:15:22Z,2026-09-06T08:15:22Z,75.1,30.8,6.864,8.154,30.647
2026-09-06T13:16:22Z,2026-09-06T08:16:22Z,75.0,30.9,6.741,7.927,36.89
2026-09-06T13:17:22Z,2026-09-06T08:17:22Z,74.7,31.0,6.972,8.193,23.929
2026-09-06T13:18:22Z,2026-09-06T08:18:22Z,74.8,31.1,6.811,7.948,22.045
2026-09-06T13:19:22Z,2026-09-06T08:19:22Z,74.4,31.1,6.498,8.024,35.743
2026-09-06T13:20:22Z,2026-09-06T08:20:22Z,74.2,31.2,6.655,7.996,27.177
2026-09-06T13:21:22Z,2026-09-06T08:21:22Z,73.5,31.3,6.521,7.856,37.712
2026-09-06T13:22:22Z,2026-09-06T08:22:22Z,73.4,31.3,6.735,7.874,22.439
2026-09-06T13:23:22Z,2026-09-06T08:23:22Z,72.7,31.4,6.553,8.04,34.838
2026-09-06T13:24:22Z,2026-09-06T08:24:22Z,72.9,31.5,6.618,7.632,30.051
2026-09-06T13:25:22Z,2026-09-06T08:25:22Z,73.2,31.6,6.383,7.791,15.34
2026-09-06T13:26:22Z,2026-09-06T08:26:22Z,73.3,31.7,6.488,7.639,21.399
2026-09-06T13:27:22Z,2026-09-06T08:27:22Z,72.8,31.8,6.728,7.865,30.54
2026-09-06T13:28:22Z,2026-09-06T08:28:22Z,71.8,31.9,6.448,7.734,24.783
2026-09-06T13:29:22Z,2026-09-06T08:29:22Z,71.0,32.0,6.772,8.414,20.93
2026-09-06T13:30:22Z,2026-09-06T08:30:22Z,71.3,32.1,6.763,8.098,22.431
2026-09-06T13:31:22Z,2026-09-06T08:31:22Z,71.2,32.2,6.606,7.672,23.866
2026-09-06T13:32:22Z,2026-09-06T08:32:22Z,71.1,32.3,6.493,7.747,22.583
2026-09-06T13:33:22Z,2026-09-06T08:33:22Z,70.5,32.4,6.42,7.799,26.318
2026-09-06T13:34:22Z,2026-09-06T08:34:22Z,70.0,32.5,6.12,7.172,18.113
2026-09-06T13:35:22Z,2026-09-06T08:35:22Z,69.9,32.6,6.255,7.254,13.073
2026-09-06T13:36:23Z,2026-09-06T08:36:23Z,69.3,32.8,6.272,7.623,21.45
2026-09-06T13:37:23Z,2026-09-06T08:37:23Z,68.2,32.9,6.021,7.059,13.453
2026-09-06T13:38:23Z,2026-09-06T08:38:23Z,68.1,33.0,6.137,7.37,20.333
2026-09-06T13:39:23Z,2026-09-06T08:39:23Z,67.5,33.1,6.283,7.598,19.894
2026-09-06T13:40:23Z,2026-09-06T08:40:23Z,68.2,33.3,6.276,7.439,17.578
2026-09-06T13:41:23Z,2026-09-06T08:41:23Z,67.6,33.4,6.037,7.251,28.537
2026-09-06T13:42:23Z,2026-09-06T08:42:23Z,66.8,33.5,6.004,7.315,14.865
2026-09-06T13:43:23Z,2026-09-06T08:43:23Z,66.5,33.7,6.072,7.439,19.629
2026-09-06T13:44:23Z,2026-09-06T08:44:23Z,65.6,33.8,5.149,6.638,21.764
2026-09-06T13:45:23Z,2026-09-06T08:45:23Z,65.3,33.9,4.791,6.039,13.489
2026-09-06T13:46:23Z,2026-09-06T08:46:23Z,65.4,34.1,4.802,5.9,19.317
2026-09-06T13:47:23Z,2026-09-06T08:47:23Z,64.4,34.2,4.827,5.882,13.366
2026-09-06T13:48:23Z,2026-09-06T08:48:23Z,64.5,34.3,5.254,6.67,41.375
2026-09-06T13:49:23Z,2026-09-06T08:49:23Z,64.6,34.5,5.225,6.769,35.109
2026-09-06T13:50:23Z,2026-09-06T08:50:23Z,63.2,34.6,5.352,6.707,18.158
2026-09-06T13:51:23Z,2026-09-06T08:51:23Z,63.3,34.7,5.296,6.55,39.32
2026-09-06T13:52:23Z,2026-09-06T08:52:23Z,63.5,34.9,4.925,5.953,34.124
2026-09-06T13:53:23Z,2026-09-06T08:53:23Z,61.5,35.0,4.562,5.678,13.504
2026-09-06T13:54:23Z,2026-09-06T08:54:23Z,61.3,35.1,4.688,6.213,18.51
2026-09-06T13:55:23Z,2026-09-06T08:55:23Z,61.3,35.2,4.511,5.783,10.698
2026-09-06T13:56:23Z,2026-09-06T08:56:23Z,61.0,35.2,4.8,6.001,23.078
2026-09-06T13:57:23Z,2026-09-06T08:57:23Z,60.9,35.3,5.201,6.547,15.476
2026-09-06T13:58:23Z,2026-09-06T08:58:23Z,60.4,35.3,4.992,6.188,13.8
2026-09-06T13:59:24Z,2026-09-06T08:59:24Z,60.8,35.3,5.04,6.343,29.027
2026-09-06T14:00:24Z,2026-09-06T09:00:24Z,60.9,35.3,5.28,6.317,32.021
2026-09-06T14:01:24Z,2026-09-06T09:01:24Z,60.6,35.3,5.266,6.685,19.236
2026-09-06T14:02:24Z,2026-09-06T09:02:24Z,60.5,35.3,5.176,6.274,13.211
2026-09-06T14:03:24Z,2026-09-06T09:03:24Z,61.1,35.3,4.813,5.992,12.833
2026-09-06T14:04:24Z,2026-09-06T09:04:24Z,60.8,35.3,4.927,6.208,19.508
2026-09-06T14:05:24Z,2026-09-06T09:05:24Z,61.2,35.3,4.877,6.058,31.239
2026-09-06T14:06:24Z,2026-09-06T09:06:24Z,61.3,35.2,5.276,6.444,17.854
2026-09-06T14:07:24Z,2026-09-06T09:07:24Z,61.3,35.2,4.858,6.07,18.323
2026-09-06T14:08:24Z,2026-09-06T09:08:24Z,61.4,35.2,4.789,6.035,26.106
2026-09-06T14:09:24Z,2026-09-06T09:09:24Z,61.8,35.2,4.766,6.163,13.084
2026-09-06T14:10:24Z,2026-09-06T09:10:24Z,61.8,35.2,4.517,5.547,19.409
2026-09-06T14:11:24Z,2026-09-06T09:11:24Z,61.2,35.2,4.499,5.625,19.766
2026-09-06T14:12:24Z,2026-09-06T09:12:24Z,61.6,35.2,4.646,5.787,16.487
2026-09-06T14:13:24Z,2026-09-06T09:13:24Z,61.6,35.2,4.533,6.048,11.491
2026-09-06T14:14:24Z,2026-09-06T09:14:24Z,61.5,35.2,4.513,5.55,36.509
2026-09-06T14:15:24Z,2026-09-06T09:15:24Z,60.9,35.2,4.861,6.116,29.996
2026-09-06T14:16:24Z,2026-09-06T09:16:24Z,60.3,35.2,4.559,5.803,12.543
2026-09-06T14:17:24Z,2026-09-06T09:17:24Z,60.8,35.3,4.688,6.195,14.169
2026-09-06T14:18:24Z,2026-09-06T09:18:24Z,61.0,35.3,4.73,6.144,20.098
2026-09-06T14:19:24Z,2026-09-06T09:19:24Z,61.8,35.3,4.593,5.702,15.925
2026-09-06T14:20:24Z,2026-09-06T09:20:24Z,61.3,35.4,4.591,5.592,22.993
2026-09-06T14:21:24Z,2026-09-06T09:21:24Z,60.9,35.4,4.835,6.141,16.477
2026-09-06T14:22:25Z,2026-09-06T09:22:25Z,61.4,35.5,4.957,6.154,12.808
2026-09-06T14:23:25Z,2026-09-06T09:23:25Z,61.8,35.5,4.715,6.029,26.966
2026-09-06T14:24:25Z,2026-09-06T09:24:25Z,60.1,35.6,4.732,6.18,32.353
2026-09-06T14:25:21Z,2026-09-06T09:25:21Z,60.8,35.8,4.772,6.031,22.211
2026-09-06T14:26:21Z,2026-09-06T09:26:21Z,59.8,35.9,4.736,6.184,12.594
2026-09-06T14:27:22Z,2026-09-06T09:27:22Z,60.1,36.0,5.176,6.479,30.026
2026-09-06T14:28:22Z,2026-09-06T09:28:22Z,60.3,36.2,4.778,5.85,14.473
2026-09-06T14:29:22Z,2026-09-06T09:29:22Z,59.2,36.3,4.913,6.031,17.563
2026-09-06T14:30:22Z,2026-09-06T09:30:22Z,57.2,36.5,4.76,6.116,21.902
2026-09-06T14:31:22Z,2026-09-06T09:31:22Z,57.6,36.7,4.717,6.128,16.192
2026-09-06T14:32:22Z,2026-09-06T09:32:22Z,56.7,36.8,4.976,6.471,13.833
2026-09-06T14:33:22Z,2026-09-06T09:33:22Z,57.5,36.9,4.838,6.444,21.796
2026-09-06T14:34:22Z,2026-09-06T09:34:22Z,56.3,37.1,4.868,5.97,32.833
2026-09-06T14:35:22Z,2026-09-06T09:35:22Z,56.2,37.2,5.059,6.58,14.865
2026-09-06T14:36:22Z,2026-09-06T09:36:22Z,54.7,37.4,4.516,5.694,20.98
2026-09-06T14:37:22Z,2026-09-06T09:37:22Z,53.7,37.5,4.528,5.418,34.644
2026-09-06T14:38:22Z,2026-09-06T09:38:22Z,53.4,37.6,4.658,6.149,18.079
2026-09-06T14:39:22Z,2026-09-06T09:39:22Z,53.4,37.7,4.563,5.899,19.71
2026-09-06T14:40:22Z,2026-09-06T09:40:22Z,53.4,37.8,4.729,5.823,22.415
2026-09-06T14:41:22Z,2026-09-06T09:41:22Z,52.9,37.9,4.696,6.041,18.255
2026-09-06T14:42:22Z,2026-09-06T09:42:22Z,52.3,38.0,4.626,6.289,18.315
2026-09-06T14:43:22Z,2026-09-06T09:43:22Z,52.1,38.0,4.772,6.022,14.763
2026-09-06T14:44:22Z,2026-09-06T09:44:22Z,51.9,38.1,4.902,6.128,21.907
2026-09-06T14:45:22Z,2026-09-06T09:45:22Z,51.2,38.1,5.031,6.358,11.895
2026-09-06T14:46:22Z,2026-09-06T09:46:22Z,51.6,38.1,4.859,6.342,14.97
2026-09-06T14:47:22Z,2026-09-06T09:47:22Z,51.1,38.0,5.14,6.37,13.854
2026-09-06T14:48:23Z,2026-09-06T09:48:23Z,51.9,38.0,5.232,6.464,17.403
2026-09-06T14:49:23Z,2026-09-06T09:49:23Z,51.6,37.9,5.398,6.666,11.227
2026-09-06T14:50:23Z,2026-09-06T09:50:23Z,51.9,37.8,5.313,6.337,19.245
2026-09-06T14:51:23Z,2026-09-06T09:51:23Z,52.0,37.7,4.761,6.16,15.906
2026-09-06T14:52:23Z,2026-09-06T09:52:23Z,52.8,37.6,5.182,6.457,16.524
2026-09-06T14:53:23Z,2026-09-06T09:53:23Z,53.0,37.5,5.427,6.837,14.514
2026-09-06T14:54:23Z,2026-09-06T09:54:23Z,53.5,37.4,5.328,6.998,26.595
2026-09-06T14:55:23Z,2026-09-06T09:55:23Z,54.1,37.3,5.298,6.558,36.532
2026-09-06T14:56:23Z,2026-09-06T09:56:23Z,54.4,37.2,5.324,6.525,16.005
2026-09-06T14:57:23Z,2026-09-06T09:57:23Z,54.8,37.0,5.1,6.525,17.687
2026-09-06T14:58:23Z,2026-09-06T09:58:23Z,53.9,36.9,5.345,6.465,15.13
2026-09-06T14:59:23Z,2026-09-06T09:59:23Z,53.7,36.8,5.564,6.697,16.487
2026-09-06T15:00:23Z,2026-09-06T10:00:23Z,53.5,36.7,,,
2026-09-06T15:01:23Z,2026-09-06T10:01:23Z,53.3,36.6,,,
2026-09-06T15:02:23Z,2026-09-06T10:02:23Z,53.2,36.4,,,
2026-09-06T15:03:23Z,2026-09-06T10:03:23Z,53.6,36.3,,,
2026-09-06T15:04:23Z,2026-09-06T10:04:23Z,54.6,36.1,,,
2026-09-06T15:05:23Z,2026-09-06T10:05:23Z,55.7,36.0,5.281,6.346,15.182
2026-09-06T15:06:23Z,2026-09-06T10:06:23Z,55.8,35.9,5.321,6.374,21.984
2026-09-06T15:07:23Z,2026-09-06T10:07:23Z,55.5,35.8,5.572,6.575,29.41
2026-09-06T15:08:23Z,2026-09-06T10:08:23Z,55.9,35.7,5.343,6.444,10.863
2026-09-06T15:09:23Z,2026-09-06T10:09:23Z,55.0,35.6,5.603,6.614,14.866
2026-09-06T15:10:23Z,2026-09-06T10:10:23Z,55.7,35.5,5.484,6.629,23.157
2026-09-06T15:11:23Z,2026-09-06T10:11:23Z,56.6,35.5,5.19,6.404,15.583
2026-09-06T15:12:24Z,2026-09-06T10:12:24Z,56.0,35.4,5.288,6.719,10.273
2026-09-06T15:13:24Z,2026-09-06T10:13:24Z,56.1,35.3,5.509,6.578,17.233
2026-09-06T15:14:24Z,2026-09-06T10:14:24Z,56.0,35.2,5.388,6.723,23.866
2026-09-06T15:15:24Z,2026-09-06T10:15:24Z,56.3,35.1,5.14,6.229,13.973
2026-09-06T15:16:24Z,2026-09-06T10:16:24Z,57.8,35.1,5.032,5.892,24.957
2026-09-06T15:17:24Z,2026-09-06T10:17:24Z,59.6,35.0,5.208,6.176,16.868
2026-09-06T15:18:24Z,2026-09-06T10:18:24Z,59.6,35.0,5.421,6.686,9.467
2026-09-06T15:19:24Z,2026-09-06T10:19:24Z,58.5,34.9,5.218,6.277,25.006
2026-09-06T15:20:24Z,2026-09-06T10:20:24Z,57.4,34.9,5.304,6.376,23.483
2026-09-06T15:21:24Z,2026-09-06T10:21:24Z,58.0,34.9,5.4,6.606,21.694
2026-09-06T15:22:24Z,2026-09-06T10:22:24Z,58.6,34.8,5.556,6.752,11.671
2026-09-06T15:23:24Z,2026-09-06T10:23:24Z,58.6,34.8,5.235,6.341,27.467
2026-09-06T15:24:24Z,2026-09-06T10:24:24Z,58.5,34.8,5.849,6.89,21.717
2026-09-06T15:25:24Z,2026-09-06T10:25:24Z,58.3,34.7,5.67,7.004,17.191
2026-09-06T15:26:24Z,2026-09-06T10:26:24Z,58.5,34.7,5.673,6.602,27.901
2026-09-06T15:27:24Z,2026-09-06T10:27:24Z,58.5,34.6,5.768,6.983,15.47
2026-09-06T15:28:24Z,2026-09-06T10:28:24Z,58.8,34.6,5.846,6.907,16.775
2026-09-06T15:29:24Z,2026-09-06T10:29:24Z,58.8,34.5,5.543,6.984,19.809
2026-09-06T15:30:24Z,2026-09-06T10:30:24Z,58.8,34.5,5.752,6.808,14.591
2026-09-06T15:31:24Z,2026-09-06T10:31:24Z,58.8,34.4,5.902,7.039,17.473
2026-09-06T15:32:24Z,2026-09-06T10:32:24Z,59.1,34.4,5.778,7.045,27.231
2026-09-06T15:33:24Z,2026-09-06T10:33:24Z,59.1,34.3,5.963,6.925,11.21
2026-09-06T15:34:24Z,2026-09-06T10:34:24Z,59.2,34.3,5.669,6.813,11.815
2026-09-06T15:35:25Z,2026-09-06T10:35:25Z,60.4,34.2,5.652,6.744,13.927
2026-09-06T15:36:25Z,2026-09-06T10:36:25Z,60.0,34.2,5.708,6.884,18.296
2026-09-06T15:37:25Z,2026-09-06T10:37:25Z,59.5,34.1,5.921,6.937,33.203
2026-09-06T15:38:25Z,2026-09-06T10:38:25Z,60.7,34.1,5.709,6.973,14.361
2026-09-06T15:39:25Z,2026-09-06T10:39:25Z,60.5,34.1,5.943,7.26,15.515
2026-09-06T15:40:25Z,2026-09-06T10:40:25Z,62.0,34.0,5.408,6.382,14.726
2026-09-06T15:41:25Z,2026-09-06T10:41:25Z,62.7,34.0,6.026,7.23,15.917
2026-09-06T15:42:25Z,2026-09-06T10:42:25Z,62.4,34.0,5.768,6.732,21.04
2026-09-06T15:43:25Z,2026-09-06T10:43:25Z,61.8,34.0,5.905,7.097,21.882
2026-09-06T15:44:25Z,2026-09-06T10:44:25Z,63.4,33.9,6.006,7.088,28.406
2026-09-06T15:45:22Z,2026-09-06T10:45:22Z,64.4,33.9,5.984,7.166,11.635
2026-09-06T15:46:22Z,2026-09-06T10:46:22Z,62.6,33.9,6.093,7.116,24.241
2026-09-06T15:47:22Z,2026-09-06T10:47:22Z,62.8,33.9,5.892,7.023,16.721
2026-09-06T15:48:22Z,2026-09-06T10:48:22Z,62.9,33.9,5.769,6.901,13.721
2026-09-06T15:49:22Z,2026-09-06T10:49:22Z,60.9,33.9,5.855,7.011,29.657
2026-09-06T15:50:22Z,2026-09-06T10:50:22Z,61.5,33.9,5.99,7.014,17.554
2026-09-06T15:51:22Z,2026-09-06T10:51:22Z,61.2,33.9,6.064,7.112,16.194
2026-09-06T15:52:22Z,2026-09-06T10:52:22Z,62.7,33.9,6.026,7.188,10.402
2026-09-06T15:53:22Z,2026-09-06T10:53:22Z,62.8,33.9,5.765,6.538,8.484
2026-09-06T15:54:22Z,2026-09-06T10:54:22Z,62.1,33.9,5.653,6.598,13.133
2026-09-06T15:55:22Z,2026-09-06T10:55:22Z,62.8,33.9,5.963,7.098,14.664
2026-09-06T15:56:22Z,2026-09-06T10:56:22Z,62.2,33.9,5.41,6.518,34.44
2026-09-06T15:57:22Z,2026-09-06T10:57:22Z,60.9,33.9,5.709,6.8,17.252
2026-09-06T15:58:22Z,2026-09-06T10:58:22Z,61.6,33.9,5.961,6.925,15.386
2026-09-06T15:59:22Z,2026-09-06T10:59:22Z,61.1,33.9,6.041,7.247,29.945
2026-09-06T16:00:22Z,2026-09-06T11:00:22Z,60.8,34.0,5.569,6.627,8.987
2026-09-06T16:01:23Z,2026-09-06T11:01:23Z,60.3,34.0,5.699,6.687,13.673
2026-09-06T16:02:23Z,2026-09-06T11:02:23Z,60.8,34.0,5.609,6.667,13.466
2026-09-06T16:03:23Z,2026-09-06T11:03:23Z,59.5,34.0,6.116,6.879,13.091
2026-09-06T16:04:23Z,2026-09-06T11:04:23Z,59.3,34.0,5.843,6.754,14.263
2026-09-06T16:05:23Z,2026-09-06T11:05:23Z,59.8,34.1,5.588,6.749,14.637
2026-09-06T16:06:23Z,2026-09-06T11:06:23Z,58.4,34.1,5.719,6.578,13.47
2026-09-06T16:07:23Z,2026-09-06T11:07:23Z,58.6,34.1,5.573,6.481,17.424
2026-09-06T16:08:23Z,2026-09-06T11:08:23Z,59.1,34.2,5.633,6.8,27.678
2026-09-06T16:09:23Z,2026-09-06T11:09:23Z,58.8,34.2,5.743,6.868,9.635
2026-09-06T16:10:23Z,2026-09-06T11:10:23Z,59.0,34.2,5.655,6.77,10.791
2026-09-06T16:11:23Z,2026-09-06T11:11:23Z,58.7,34.3,5.722,6.617,12.594
2026-09-06T16:12:23Z,2026-09-06T11:12:23Z,58.1,34.3,5.945,7.203,9.11
2026-09-06T16:13:23Z,2026-09-06T11:13:23Z,60.0,34.3,5.845,6.684,30.285
2026-09-06T16:14:23Z,2026-09-06T11:14:23Z,59.4,34.4,5.766,6.851,22.15
2026-09-06T16:15:23Z,2026-09-06T11:15:23Z,60.5,34.4,5.85,6.825,24.58
2026-09-06T16:16:23Z,2026-09-06T11:16:23Z,60.8,34.5,5.634,6.631,12.351
2026-09-06T16:17:23Z,2026-09-06T11:17:23Z,60.6,34.5,5.786,6.759,12.83
2026-09-06T16:18:23Z,2026-09-06T11:18:23Z,61.1,34.5,6.006,6.991,19.618
2026-09-06T16:19:23Z,2026-09-06T11:19:23Z,61.4,34.6,6.113,7.597,30.858
2026-09-06T16:20:23Z,2026-09-06T11:20:23Z,62.0,34.6,6.228,7.333,23.012
2026-09-06T16:21:23Z,2026-09-06T11:21:23Z,62.0,34.6,6.684,7.939,16.306
2026-09-06T16:22:23Z,2026-09-06T11:22:23Z,63.0,34.6,6.057,7.509,16.696
2026-09-06T16:23:23Z,2026-09-06T11:23:23Z,62.0,34.7,6.299,7.072,19.905
2026-09-06T16:24:24Z,2026-09-06T11:24:24Z,62.0,34.7,6.116,7.436,9.965
2026-09-06T16:25:24Z,2026-09-06T11:25:24Z,61.7,34.7,6.16,7.423,18.37
2026-09-06T16:26:24Z,2026-09-06T11:26:24Z,61.9,34.8,5.876,6.663,33.283
2026-09-06T16:27:24Z,2026-09-06T11:27:24Z,61.3,34.9,5.772,7.074,11.42
2026-09-06T16:28:24Z,2026-09-06T11:28:24Z,60.4,35.0,6.192,7.264,22.774
2026-09-06T16:29:24Z,2026-09-06T11:29:24Z,58.9,35.1,5.774,6.657,13.342
2026-09-06T16:30:24Z,2026-09-06T11:30:24Z,58.7,35.1,5.896,7.005,15.888
2026-09-06T16:31:24Z,2026-09-06T11:31:24Z,58.4,35.1,6.007,6.907,14.263
2026-09-06T16:32:24Z,2026-09-06T11:32:24Z,59.1,35.2,5.832,6.761,23.19
2026-09-06T16:33:24Z,2026-09-06T11:33:24Z,57.8,35.2,5.598,6.572,10.17
2026-09-06T16:34:24Z,2026-09-06T11:34:24Z,57.6,35.2,5.928,7.003,15.337
2026-09-06T16:35:24Z,2026-09-06T11:35:24Z,59.0,35.2,6.086,7.221,20.014
2026-09-06T16:36:24Z,2026-09-06T11:36:24Z,58.9,35.2,6.305,7.421,11.449
2026-09-06T16:37:24Z,2026-09-06T11:37:24Z,59.5,35.2,6.983,8.291,18.77
2026-09-06T16:38:24Z,2026-09-06T11:38:24Z,59.8,35.3,6.809,7.783,16.511
2026-09-06T16:39:24Z,2026-09-06T11:39:24Z,59.9,35.3,6.162,7.408,31.631
2026-09-06T16:40:24Z,2026-09-06T11:40:24Z,58.9,35.2,6.16,7.253,15.786
2026-09-06T16:41:24Z,2026-09-06T11:41:24Z,59.1,35.2,6.368,7.352,13.609
2026-09-06T16:42:24Z,2026-09-06T11:42:24Z,57.9,35.2,6.081,6.986,13.683
2026-09-06T16:43:24Z,2026-09-06T11:43:24Z,57.2,35.2,6.056,7.054,9.618
2026-09-06T16:44:25Z,2026-09-06T11:44:25Z,58.3,35.2,5.812,6.571,14.656
2026-09-06T16:45:25Z,2026-09-06T11:45:25Z,58.9,35.2,5.805,6.862,16.29
2026-09-06T16:46:25Z,2026-09-06T11:46:25Z,58.3,35.2,6.05,7.004,15.544
2026-09-06T16:47:25Z,2026-09-06T11:47:25Z,59.5,35.2,6.157,7.234,12.652
2026-09-06T16:48:25Z,2026-09-06T11:48:25Z,58.5,35.2,6.234,7.247,26.911
2026-09-06T16:49:25Z,2026-09-06T11:49:25Z,57.6,35.1,6.363,7.365,10.061
2026-09-06T16:50:25Z,2026-09-06T11:50:25Z,57.9,35.1,6.128,7.064,20.087
2026-09-06T16:51:25Z,2026-09-06T11:51:25Z,57.0,35.1,6.425,7.272,13.734
2026-09-06T16:52:25Z,2026-09-06T11:52:25Z,56.9,35.1,6.158,7.214,12.959
2026-09-06T16:53:25Z,2026-09-06T11:53:25Z,57.8,35.1,6.465,7.567,11.013
2026-09-06T16:54:25Z,2026-09-06T11:54:25Z,57.8,35.1,6.375,7.521,12.005
2026-09-06T16:55:25Z,2026-09-06T11:55:25Z,58.5,35.1,6.327,7.349,18.433
2026-09-06T16:56:25Z,2026-09-06T11:56:25Z,58.1,35.1,6.157,7.528,20.653
2026-09-06T16:57:25Z,2026-09-06T11:57:25Z,58.7,35.1,6.286,7.405,17.959
2026-09-06T16:58:25Z,2026-09-06T11:58:25Z,58.8,35.0,5.948,6.893,26.307
2026-09-06T16:59:25Z,2026-09-06T11:59:25Z,58.5,35.0,5.549,6.681,21.547
2026-09-06T17:00:25Z,2026-09-06T12:00:25Z,58.1,35.0,5.367,6.358,15.501
2026-09-06T17:01:25Z,2026-09-06T12:01:25Z,59.1,35.0,6.092,7.053,19.179
2026-09-06T17:02:25Z,2026-09-06T12:02:25Z,58.6,34.9,6.401,7.382,21.086
2026-09-06T17:03:25Z,2026-09-06T12:03:25Z,59.4,34.9,6.885,7.885,10.853
2026-09-06T17:04:25Z,2026-09-06T12:04:25Z,59.9,34.8,6.701,7.771,15.423
2026-09-06T17:05:22Z,2026-09-06T12:05:22Z,60.6,34.7,7.003,8.148,12.397
2026-09-06T17:06:22Z,2026-09-06T12:06:22Z,62.5,34.7,7.113,8.318,15.98
2026-09-06T17:07:22Z,2026-09-06T12:07:22Z,62.4,34.6,7.377,8.725,18.007
2026-09-06T17:08:22Z,2026-09-06T12:08:22Z,62.6,34.6,7.333,9.119,15.53
2026-09-06T17:09:22Z,2026-09-06T12:09:22Z,62.8,34.5,6.712,8.059,36.118
2026-09-06T17:10:22Z,2026-09-06T12:10:22Z,63.6,34.4,7.022,8.616,35.381
2026-09-06T17:11:22Z,2026-09-06T12:11:22Z,64.3,34.3,7.445,8.803,29.923
2026-09-06T17:12:22Z,2026-09-06T12:12:22Z,62.5,34.2,7.751,9.0,17.898
2026-09-06T17:13:23Z,2026-09-06T12:13:23Z,62.6,34.1,8.116,9.165,18.827
2026-09-06T17:14:23Z,2026-09-06T12:14:23Z,62.7,34.0,7.497,8.745,16.386
2026-09-06T17:15:23Z,2026-09-06T12:15:23Z,63.5,33.8,7.847,8.913,18.547
2026-09-06T17:16:23Z,2026-09-06T12:16:23Z,62.9,33.7,6.925,8.11,24.276
2026-09-06T17:17:23Z,2026-09-06T12:17:23Z,63.3,33.5,6.73,7.638,10.911
2026-09-06T17:18:23Z,2026-09-06T12:18:23Z,63.9,33.4,7.019,7.718,9.538
2026-09-06T17:19:23Z,2026-09-06T12:19:23Z,64.4,33.2,6.897,7.817,18.656
2026-09-06T17:20:23Z,2026-09-06T12:20:23Z,65.3,33.1,6.258,7.081,9.846
2026-09-06T17:21:23Z,2026-09-06T12:21:23Z,66.9,33.0,6.42,7.299,22.214
2026-09-06T17:22:23Z,2026-09-06T12:22:23Z,68.1,32.9,6.49,7.418,12.648
2026-09-06T17:23:23Z,2026-09-06T12:23:23Z,67.6,32.8,6.359,7.382,10.823
2026-09-06T17:24:23Z,2026-09-06T12:24:23Z,68.6,32.7,6.425,7.379,11.926
2026-09-06T17:25:23Z,2026-09-06T12:25:23Z,70.2,32.7,6.596,7.598,10.838
2026-09-06T17:26:23Z,2026-09-06T12:26:23Z,68.2,32.6,6.331,7.068,9.068
2026-09-06T17:27:23Z,2026-09-06T12:27:23Z,67.9,32.5,7.214,8.024,9.698
2026-09-06T17:28:23Z,2026-09-06T12:28:23Z,68.0,32.5,6.198,7.196,18.912
2026-09-06T17:29:23Z,2026-09-06T12:29:23Z,68.2,32.4,6.371,7.24,12.887
2026-09-06T17:30:23Z,2026-09-06T12:30:23Z,68.9,32.4,6.885,7.932,11.203
2026-09-06T17:31:23Z,2026-09-06T12:31:23Z,68.6,32.3,6.617,7.463,8.64
2026-09-06T17:32:23Z,2026-09-06T12:32:23Z,68.9,32.3,6.578,7.538,9.533
2026-09-06T17:33:23Z,2026-09-06T12:33:23Z,69.1,32.2,6.292,7.014,12.014
2026-09-06T17:34:23Z,2026-09-06T12:34:23Z,68.2,32.2,6.088,6.862,8.493
2026-09-06T17:35:23Z,2026-09-06T12:35:23Z,68.4,32.2,6.385,7.137,9.62
2026-09-06T17:36:24Z,2026-09-06T12:36:24Z,68.7,32.2,6.247,7.182,10.374
2026-09-06T17:37:24Z,2026-09-06T12:37:24Z,67.0,32.2,5.9,6.658,10.1
2026-09-06T17:38:24Z,2026-09-06T12:38:24Z,67.2,32.1,5.514,6.225,6.774
2026-09-06T17:39:24Z,2026-09-06T12:39:24Z,68.1,32.1,5.821,6.741,7.93
2026-09-06T17:40:24Z,2026-09-06T12:40:24Z,68.1,32.1,6.082,6.666,16.437
2026-09-06T17:41:24Z,2026-09-06T12:41:24Z,66.9,32.1,5.835,6.524,13.458
2026-09-06T17:42:24Z,2026-09-06T12:42:24Z,66.7,32.2,5.714,6.15,11.173
2026-09-06T17:43:24Z,2026-09-06T12:43:24Z,68.8,32.2,5.291,5.99,11.531
2026-09-06T17:44:24Z,2026-09-06T12:44:24Z,67.6,32.2,5.942,6.613,7.454
2026-09-06T17:45:24Z,2026-09-06T12:45:24Z,66.8,32.2,5.172,5.752,7.052
2026-09-06T17:46:24Z,2026-09-06T12:46:24Z,65.9,32.3,5.708,6.485,7.654
2026-09-06T17:47:24Z,2026-09-06T12:47:24Z,66.2,32.3,5.609,6.096,6.786
2026-09-06T17:48:24Z,2026-09-06T12:48:24Z,67.3,32.4,5.819,6.407,36.326
2026-09-06T17:49:24Z,2026-09-06T12:49:24Z,67.9,32.4,5.679,6.288,8.995
2026-09-06T17:50:24Z,2026-09-06T12:50:24Z,67.6,32.5,5.786,6.267,16.521
2026-09-06T17:51:24Z,2026-09-06T12:51:24Z,65.8,32.5,5.557,6.063,7.372
2026-09-06T17:52:24Z,2026-09-06T12:52:24Z,64.6,32.6,5.551,5.938,7.578
2026-09-06T17:53:24Z,2026-09-06T12:53:24Z,65.2,32.6,6.086,6.634,7.346
2026-09-06T17:54:24Z,2026-09-06T12:54:24Z,65.2,32.6,5.872,6.371,8.313
2026-09-06T17:55:24Z,2026-09-06T12:55:24Z,65.4,32.7,5.727,6.276,8.281
2026-09-06T17:56:24Z,2026-09-06T12:56:24Z,64.2,32.7,5.911,6.333,7.505
2026-09-06T17:57:24Z,2026-09-06T12:57:24Z,65.6,32.8,6.061,6.629,7.177
2026-09-06T17:58:24Z,2026-09-06T12:58:24Z,66.2,32.8,6.27,6.789,8.721
2026-09-06T17:59:24Z,2026-09-06T12:59:24Z,64.4,32.9,5.691,6.437,18.538
2026-09-06T18:00:24Z,2026-09-06T13:00:24Z,64.3,32.9,5.995,6.594,10.836
2026-09-06T18:01:25Z,2026-09-06T13:01:25Z,63.2,33.0,5.859,6.224,12.238
2026-09-06T18:02:25Z,2026-09-06T13:02:25Z,61.0,33.0,6.017,6.566,17.681
2026-09-06T18:03:25Z,2026-09-06T13:03:25Z,61.9,33.1,5.777,6.329,15.599
2026-09-06T18:04:25Z,2026-09-06T13:04:25Z,60.9,33.1,6.222,6.849,7.7
2026-09-06T18:05:25Z,2026-09-06T13:05:25Z,60.8,33.1,6.046,6.581,8.2
2026-09-06T18:06:25Z,2026-09-06T13:06:25Z,60.7,33.2,5.599,6.019,7.427
2026-09-06T18:07:25Z,2026-09-06T13:07:25Z,60.4,33.2,5.694,6.021,6.108
2026-09-06T18:08:25Z,2026-09-06T13:08:25Z,60.8,33.2,5.493,6.131,6.501
2026-09-06T18:09:25Z,2026-09-06T13:09:25Z,61.0,33.2,5.805,6.261,6.702
2026-09-06T18:10:25Z,2026-09-06T13:10:25Z,61.2,33.2,5.686,6.159,6.788
2026-09-06T18:11:25Z,2026-09-06T13:11:25Z,61.1,33.1,5.314,5.89,6.573
2026-09-06T18:12:25Z,2026-09-06T13:12:25Z,62.0,33.1,5.949,6.471,6.678
2026-09-06T18:13:25Z,2026-09-06T13:13:25Z,62.1,33.1,6.074,6.743,7.059
2026-09-06T18:14:25Z,2026-09-06T13:14:25Z,62.8,33.1,5.783,6.216,7.392
2026-09-06T18:15:25Z,2026-09-06T13:15:25Z,62.7,33.1,5.655,6.306,7.024
2026-09-06T18:16:25Z,2026-09-06T13:16:25Z,62.4,33.0,5.727,6.147,7.189
2026-09-06T18:17:25Z,2026-09-06T13:17:25Z,62.5,33.0,6.016,6.533,6.682
2026-09-06T18:18:25Z,2026-09-06T13:18:25Z,63.3,33.0,5.794,6.223,6.367
2026-09-06T18:19:25Z,2026-09-06T13:19:25Z,64.4,33.0,6.155,6.832,10.365
2026-09-06T18:20:25Z,2026-09-06T13:20:25Z,65.3,33.0,6.395,7.125,8.337
2026-09-06T18:21:25Z,2026-09-06T13:21:25Z,66.0,33.0,6.515,7.163,13.141
2026-09-06T18:22:25Z,2026-09-06T13:22:25Z,65.1,32.9,6.835,7.503,9.619
2026-09-06T18:23:26Z,2026-09-06T13:23:26Z,65.0,32.9,6.304,6.924,8.154
2026-09-06T18:24:26Z,2026-09-06T13:24:26Z,65.1,32.9,7.37,7.872,8.62
2026-09-06T18:25:26Z,2026-09-06T13:25:26Z,64.9,32.9,7.189,7.918,9.862
2026-09-06T18:26:26Z,2026-09-06T13:26:26Z,65.8,32.8,7.081,7.617,10.736
2026-09-06T18:27:26Z,2026-09-06T13:27:26Z,65.8,32.8,6.802,7.302,8.647
2026-09-06T18:28:26Z,2026-09-06T13:28:26Z,66.2,32.8,6.93,7.709,18.112
2026-09-06T18:29:26Z,2026-09-06T13:29:26Z,66.6,32.7,6.361,6.984,8.035
2026-09-06T18:30:23Z,2026-09-06T13:30:23Z,66.5,32.7,6.685,7.179,14.425
2026-09-06T18:31:23Z,2026-09-06T13:31:23Z,66.9,32.7,6.612,7.282,7.854
2026-09-06T18:32:23Z,2026-09-06T13:32:23Z,67.0,32.7,7.332,8.062,9.11
2026-09-06T18:33:23Z,2026-09-06T13:33:23Z,66.7,32.6,7.587,8.663,12.976
2026-09-06T18:34:23Z,2026-09-06T13:34:23Z,66.5,32.6,7.469,8.209,19.171
2026-09-06T18:35:23Z,2026-09-06T13:35:23Z,66.9,32.5,7.849,8.728,18.675
2026-09-06T18:36:23Z,2026-09-06T13:36:23Z,66.9,32.5,7.581,8.584,12.019
2026-09-06T18:37:23Z,2026-09-06T13:37:23Z,67.3,32.4,8.622,9.809,14.096
2026-09-06T18:38:23Z,2026-09-06T13:38:23Z,67.0,32.4,9.268,10.28,12.01
2026-09-06T18:39:23Z,2026-09-06T13:39:23Z,66.9,32.3,9.461,10.274,16.087
2026-09-06T18:40:23Z,2026-09-06T13:40:23Z,68.2,32.3,9.505,10.46,24.23
2026-09-06T18:41:23Z,2026-09-06T13:41:23Z,68.1,32.2,10.006,11.001,21.171
2026-09-06T18:42:23Z,2026-09-06T13:42:23Z,68.9,32.2,9.328,10.196,12.87
2026-09-06T18:43:23Z,2026-09-06T13:43:23Z,68.5,32.1,8.816,9.859,17.955
2026-09-06T18:44:23Z,2026-09-06T13:44:23Z,69.2,32.1,9.205,10.479,18.012
2026-09-06T18:45:23Z,2026-09-06T13:45:23Z,69.1,32.0,9.411,10.447,12.186
2026-09-06T18:46:23Z,2026-09-06T13:46:23Z,70.1,32.0,9.291,10.3,13.417
2026-09-06T18:47:23Z,2026-09-06T13:47:23Z,70.7,31.9,9.033,10.097,12.537
2026-09-06T18:48:23Z,2026-09-06T13:48:23Z,71.5,31.9,8.732,9.673,15.576
2026-09-06T18:49:23Z,2026-09-06T13:49:23Z,71.8,31.8,8.758,9.762,15.152
2026-09-06T18:50:23Z,2026-09-06T13:50:23Z,70.7,31.8,8.147,9.226,12.855
2026-09-06T18:51:24Z,2026-09-06T13:51:24Z,71.1,31.8,7.718,8.651,9.987
2026-09-06T18:52:24Z,2026-09-06T13:52:24Z,72.0,31.8,7.134,8.27,16.484
2026-09-06T18:53:24Z,2026-09-06T13:53:24Z,71.8,31.8,7.448,8.455,11.494
2026-09-06T18:54:24Z,2026-09-06T13:54:24Z,72.0,31.8,7.457,8.417,9.43
2026-09-06T18:55:24Z,2026-09-06T13:55:24Z,72.2,31.8,7.199,8.27,11.338
2026-09-06T18:56:24Z,2026-09-06T13:56:24Z,71.9,31.8,6.725,7.521,8.064
2026-09-06T18:57:24Z,2026-09-06T13:57:24Z,69.4,31.8,6.242,6.755,7.936
2026-09-06T18:58:24Z,2026-09-06T13:58:24Z,69.7,31.8,6.112,6.991,8.218
2026-09-06T18:59:24Z,2026-09-06T13:59:24Z,68.6,31.7,5.906,6.473,8.294
2026-09-06T19:00:24Z,2026-09-06T14:00:24Z,70.0,31.7,5.755,6.493,7.975
2026-09-06T19:01:24Z,2026-09-06T14:01:24Z,71.3,31.7,5.613,6.262,7.208
2026-09-06T19:02:24Z,2026-09-06T14:02:24Z,69.5,31.7,5.699,6.282,7.17
2026-09-06T19:03:24Z,2026-09-06T14:03:24Z,70.0,31.7,5.648,6.157,7.469
2026-09-06T19:04:24Z,2026-09-06T14:04:24Z,68.2,31.7,5.543,6.006,8.929
2026-09-06T19:05:24Z,2026-09-06T14:05:24Z,67.9,31.6,5.534,5.969,6.124
2026-09-06T19:06:24Z,2026-09-06T14:06:24Z,68.4,31.6,5.15,5.799,6.719
2026-09-06T19:07:24Z,2026-09-06T14:07:24Z,68.0,31.6,5.325,5.899,8.88
2026-09-06T19:08:24Z,2026-09-06T14:08:24Z,67.6,31.6,5.614,6.23,14.009
2026-09-06T19:09:24Z,2026-09-06T14:09:24Z,67.1,31.6,5.461,6.204,11.384
2026-09-06T19:10:24Z,2026-09-06T14:10:24Z,68.1,31.6,5.445,6.044,10.741
2026-09-06T19:11:24Z,2026-09-06T14:11:24Z,68.3,31.6,5.484,6.189,9.541
2026-09-06T19:12:24Z,2026-09-06T14:12:24Z,67.1,31.6,5.363,6.043,7.11
2026-09-06T19:13:24Z,2026-09-06T14:13:24Z,68.6,31.6,5.115,5.641,7.121
2026-09-06T19:14:24Z,2026-09-06T14:14:24Z,68.4,31.6,5.232,5.875,7.669
2026-09-06T19:15:25Z,2026-09-06T14:15:25Z,69.0,31.7,5.231,5.931,7.896
2026-09-06T19:16:25Z,2026-09-06T14:16:25Z,69.6,31.7,4.91,5.307,5.995
2026-09-06T19:17:25Z,2026-09-06T14:17:25Z,67.3,31.8,4.936,5.492,10.161
2026-09-06T19:18:25Z,2026-09-06T14:18:25Z,68.9,31.9,4.667,5.232,5.45
2026-09-06T19:19:25Z,2026-09-06T14:19:25Z,66.7,32.0,4.623,5.246,10.341
2026-09-06T19:20:25Z,2026-09-06T14:20:25Z,65.3,32.1,4.28,4.68,5.021
2026-09-06T19:21:25Z,2026-09-06T14:21:25Z,65.2,32.1,4.34,4.777,9.493
2026-09-06T19:22:25Z,2026-09-06T14:22:25Z,65.3,32.2,4.038,4.396,5.316
2026-09-06T19:23:25Z,2026-09-06T14:23:25Z,64.5,32.3,3.758,4.085,4.646
2026-09-06T19:24:25Z,2026-09-06T14:24:25Z,64.6,32.5,3.734,4.227,4.837
2026-09-06T19:25:25Z,2026-09-06T14:25:25Z,64.5,32.6,3.293,3.728,4.414
2026-09-06T19:26:25Z,2026-09-06T14:26:25Z,63.4,32.7,3.697,4.172,4.721
2026-09-06T19:27:25Z,2026-09-06T14:27:25Z,64.9,32.8,3.655,3.915,6.204
2026-09-06T19:28:25Z,2026-09-06T14:28:25Z,63.1,32.9,3.735,4.175,5.042
2026-09-06T19:29:25Z,2026-09-06T14:29:25Z,61.3,33.0,3.544,4.027,4.455
2026-09-06T19:30:25Z,2026-09-06T14:30:25Z,62.6,33.1,3.547,4.0,4.149
2026-09-06T19:31:25Z,2026-09-06T14:31:25Z,64.0,33.1,3.782,4.192,4.31
2026-09-06T19:32:25Z,2026-09-06T14:32:25Z,62.0,33.2,4.466,4.786,5.317
2026-09-06T19:33:25Z,2026-09-06T14:33:25Z,63.1,33.3,4.03,4.57,5.52
2026-09-06T19:34:25Z,2026-09-06T14:34:25Z,62.4,33.3,3.973,4.388,5.31
2026-09-06T19:35:25Z,2026-09-06T14:35:25Z,62.0,33.4,4.467,4.872,5.279
2026-09-06T19:36:25Z,2026-09-06T14:36:25Z,62.6,33.5,4.121,4.634,7.245
2026-09-06T19:37:26Z,2026-09-06T14:37:26Z,62.2,33.5,4.178,4.648,11.193
2026-09-06T19:38:26Z,2026-09-06T14:38:26Z,61.0,33.6,4.341,4.846,6.618
2026-09-06T19:39:26Z,2026-09-06T14:39:26Z,61.9,33.7,4.131,4.528,5.422
2026-09-06T19:40:26Z,2026-09-06T14:40:26Z,62.6,33.7,4.605,5.377,6.068
2026-09-06T19:41:26Z,2026-09-06T14:41:26Z,62.5,33.8,4.546,5.092,11.538
2026-09-06T19:42:26Z,2026-09-06T14:42:26Z,61.8,33.8,4.331,4.815,10.913
2026-09-06T19:43:26Z,2026-09-06T14:43:26Z,61.5,33.9,4.46,5.101,6.563
2026-09-06T19:44:26Z,2026-09-06T14:44:26Z,61.7,34.0,4.488,5.121,5.756
2026-09-06T19:45:26Z,2026-09-06T14:45:26Z,61.4,34.1,4.731,5.359,6.589
2026-09-06T19:46:26Z,2026-09-06T14:46:26Z,61.2,34.2,4.254,4.748,11.114
2026-09-06T19:47:26Z,2026-09-06T14:47:26Z,61.0,34.3,4.122,4.527,7.189
2026-09-06T19:48:26Z,2026-09-06T14:48:26Z,59.5,34.5,4.316,4.794,15.189
2026-09-06T19:49:26Z,2026-09-06T14:49:26Z,60.5,34.7,4.324,4.707,7.487
2026-09-06T19:50:26Z,2026-09-06T14:50:26Z,60.9,34.9,4.034,4.595,5.92
2026-09-06T19:51:26Z,2026-09-06T14:51:26Z,60.4,35.2,4.283,4.687,7.134
2026-09-06T19:52:26Z,2026-09-06T14:52:26Z,60.6,35.4,4.457,4.884,5.583
2026-09-06T19:53:26Z,2026-09-06T14:53:26Z,57.6,35.7,4.413,4.997,5.48
2026-09-06T19:54:26Z,2026-09-06T14:54:26Z,55.7,36.0,4.337,4.803,5.437
2026-09-06T19:55:26Z,2026-09-06T14:55:26Z,55.7,36.3,4.445,4.912,7.307
2026-09-06T19:56:26Z,2026-09-06T14:56:26Z,55.3,36.5,4.497,4.926,5.655
2026-09-06T19:57:26Z,2026-09-06T14:57:26Z,53.7,36.7,4.516,5.117,5.595
2026-09-06T19:58:26Z,2026-09-06T14:58:26Z,52.9,36.9,4.192,4.733,5.03
2026-09-06T19:59:26Z,2026-09-06T14:59:26Z,53.0,37.1,4.191,4.695,9.266
2026-09-06T20:00:26Z,2026-09-06T15:00:26Z,53.0,37.3,4.379,4.838,5.896
2026-09-06T20:01:27Z,2026-09-06T15:01:27Z,52.5,37.5,4.247,4.616,6.665
2026-09-06T20:02:27Z,2026-09-06T15:02:27Z,51.9,37.6,4.523,4.982,9.208
2026-09-06T20:03:27Z,2026-09-06T15:03:27Z,51.9,37.8,4.702,5.145,5.309
2026-09-06T20:04:27Z,2026-09-06T15:04:27Z,50.9,38.0,4.373,4.867,15.256
2026-09-06T20:05:27Z,2026-09-06T15:05:27Z,50.0,38.1,4.193,4.686,6.077
2026-09-06T20:06:27Z,2026-09-06T15:06:27Z,50.3,38.3,4.189,4.577,10.653
2026-09-06T20:07:27Z,2026-09-06T15:07:27Z,50.1,38.5,4.254,4.663,7.458
2026-09-06T20:08:27Z,2026-09-06T15:08:27Z,49.0,38.7,4.476,4.843,5.122
2026-09-06T20:09:27Z,2026-09-06T15:09:27Z,47.3,38.8,4.597,4.998,5.085
2026-09-06T20:10:27Z,2026-09-06T15:10:27Z,47.6,39.0,4.098,4.615,4.948
2026-09-06T20:11:27Z,2026-09-06T15:11:27Z,47.7,39.0,4.536,4.919,5.539
2026-09-06T20:12:27Z,2026-09-06T15:12:27Z,46.3,39.1,4.336,4.644,6.294
2026-09-06T20:13:27Z,2026-09-06T15:13:27Z,47.6,39.1,4.052,4.501,16.321
2026-09-06T20:14:27Z,2026-09-06T15:14:27Z,47.2,39.1,4.313,4.663,5.002
2026-09-06T20:15:24Z,2026-09-06T15:15:24Z,47.3,39.0,4.322,4.706,5.596
2026-09-06T20:16:24Z,2026-09-06T15:16:24Z,47.7,39.0,4.648,5.053,6.874
2026-09-06T20:17:24Z,2026-09-06T15:17:24Z,47.9,38.9,4.524,4.9,7.523
2026-09-06T20:18:24Z,2026-09-06T15:18:24Z,48.3,38.9,4.949,5.423,14.053
2026-09-06T20:19:24Z,2026-09-06T15:19:24Z,48.6,38.9,4.949,5.35,6.042
2026-09-06T20:20:24Z,2026-09-06T15:20:24Z,48.3,38.9,4.84,5.41,8.433
2026-09-06T20:21:24Z,2026-09-06T15:21:24Z,49.3,38.9,4.693,5.283,5.51
2026-09-06T20:22:24Z,2026-09-06T15:22:24Z,47.8,38.9,5.015,5.531,9.385
2026-09-06T20:23:24Z,2026-09-06T15:23:24Z,47.4,38.8,4.905,5.397,6.103
2026-09-06T20:24:24Z,2026-09-06T15:24:24Z,48.2,38.8,4.717,5.195,5.605
2026-09-06T20:25:24Z,2026-09-06T15:25:24Z,48.1,38.8,4.738,5.354,12.214
2026-09-06T20:26:24Z,2026-09-06T15:26:24Z,49.0,38.7,4.811,5.243,11.706
2026-09-06T20:27:24Z,2026-09-06T15:27:24Z,49.4,38.7,4.62,4.993,6.333
2026-09-06T20:28:25Z,2026-09-06T15:28:25Z,48.1,38.6,4.328,4.797,6.103
2026-09-06T20:29:25Z,2026-09-06T15:29:25Z,48.5,38.6,4.616,5.21,7.525
2026-09-06T20:30:25Z,2026-09-06T15:30:25Z,48.7,38.6,4.563,4.989,21.836
2026-09-06T20:31:25Z,2026-09-06T15:31:25Z,48.3,38.6,4.604,5.172,7.117
2026-09-06T20:32:25Z,2026-09-06T15:32:25Z,49.2,38.6,4.336,4.769,5.847
2026-09-06T20:33:25Z,2026-09-06T15:33:25Z,48.8,38.6,4.115,4.676,6.104
2026-09-06T20:34:25Z,2026-09-06T15:34:25Z,48.0,38.6,4.678,5.06,27.389
2026-09-06T20:35:25Z,2026-09-06T15:35:25Z,48.2,38.6,4.454,5.008,6.078
2026-09-06T20:36:25Z,2026-09-06T15:36:25Z,49.4,38.5,4.711,5.166,6.891
2026-09-06T20:37:25Z,2026-09-06T15:37:25Z,48.5,38.4,4.68,5.27,6.348
2026-09-06T20:38:25Z,2026-09-06T15:38:25Z,48.9,38.4,4.433,5.041,7.576
2026-09-06T20:39:25Z,2026-09-06T15:39:25Z,48.8,38.3,4.466,5.077,7.702
2026-09-06T20:40:25Z,2026-09-06T15:40:25Z,48.5,38.2,4.269,4.733,12.187
2026-09-06T20:41:25Z,2026-09-06T15:41:25Z,48.7,38.1,4.215,4.595,6.503
2026-09-06T20:42:25Z,2026-09-06T15:42:25Z,48.6,38.0,3.983,4.468,11.072
2026-09-06T20:43:25Z,2026-09-06T15:43:25Z,48.5,37.9,4.186,4.604,5.27
2026-09-06T20:44:25Z,2026-09-06T15:44:25Z,49.0,37.8,4.436,4.905,7.52
2026-09-06T20:45:25Z,2026-09-06T15:45:25Z,49.2,37.7,4.206,4.871,5.993
2026-09-06T20:46:25Z,2026-09-06T15:46:25Z,50.2,37.7,4.185,4.811,19.344
2026-09-06T20:47:25Z,2026-09-06T15:47:25Z,49.7,37.6,4.302,4.659,5.62
2026-09-06T20:48:25Z,2026-09-06T15:48:25Z,49.9,37.5,4.028,4.465,11.002
2026-09-06T20:49:25Z,2026-09-06T15:49:25Z,49.5,37.5,4.072,4.541,7.321
2026-09-06T20:50:25Z,2026-09-06T15:50:25Z,50.2,37.5,4.145,4.6,9.636
2026-09-06T20:51:25Z,2026-09-06T15:51:25Z,49.4,37.5,4.438,5.005,5.704
2026-09-06T20:52:26Z,2026-09-06T15:52:26Z,48.7,37.5,4.117,4.435,7.178
2026-09-06T20:53:26Z,2026-09-06T15:53:26Z,48.7,37.5,4.061,4.555,6.152
2026-09-06T20:54:26Z,2026-09-06T15:54:26Z,48.6,37.6,4.421,4.898,4.989
2026-09-06T20:55:26Z,2026-09-06T15:55:26Z,48.2,37.6,3.873,4.385,10.496
2026-09-06T20:56:26Z,2026-09-06T15:56:26Z,48.8,37.5,4.207,4.729,4.773
2026-09-06T20:57:26Z,2026-09-06T15:57:26Z,48.6,37.5,4.105,4.657,6.074
2026-09-06T20:58:26Z,2026-09-06T15:58:26Z,49.3,37.5,4.073,4.52,4.785
2026-09-06T20:59:26Z,2026-09-06T15:59:26Z,49.7,37.4,4.028,4.469,5.484
2026-09-06T21:00:26Z,2026-09-06T16:00:26Z,49.4,37.4,4.052,4.413,10.434
2026-09-06T21:01:26Z,2026-09-06T16:01:26Z,49.6,37.4,4.896,5.28,5.362
2026-09-06T21:02:26Z,2026-09-06T16:02:26Z,49.5,37.3,4.996,5.456,7.993
2026-09-06T21:03:26Z,2026-09-06T16:03:26Z,49.5,37.3,4.725,5.102,7.449
2026-09-06T21:04:26Z,2026-09-06T16:04:26Z,49.4,37.3,4.553,5.08,13.333
2026-09-06T21:05:26Z,2026-09-06T16:05:26Z,51.2,37.2,4.992,5.337,6.114
2026-09-06T21:06:26Z,2026-09-06T16:06:26Z,49.2,37.2,4.44,4.755,4.869
2026-09-06T21:07:26Z,2026-09-06T16:07:26Z,48.8,37.1,4.664,5.08,6.873
2026-09-06T21:08:26Z,2026-09-06T16:08:26Z,50.2,37.0,4.458,4.934,7.295
2026-09-06T21:09:26Z,2026-09-06T16:09:26Z,49.6,37.0,4.566,5.041,5.733
2026-09-06T21:10:26Z,2026-09-06T16:10:26Z,49.6,36.9,4.655,5.092,5.214
2026-09-06T21:11:26Z,2026-09-06T16:11:26Z,49.9,36.8,4.612,5.153,10.793
2026-09-06T21:12:26Z,2026-09-06T16:12:26Z,50.1,36.8,4.63,4.903,6.781
2026-09-06T21:13:26Z,2026-09-06T16:13:26Z,50.0,36.7,4.644,5.16,6.066
2026-09-06T21:14:26Z,2026-09-06T16:14:26Z,49.7,36.6,4.785,5.211,6.697
2026-09-06T21:15:27Z,2026-09-06T16:15:27Z,49.1,36.5,4.889,5.339,5.974
2026-09-06T21:16:27Z,2026-09-06T16:16:27Z,49.9,36.4,4.611,5.008,7.541
2026-09-06T21:17:27Z,2026-09-06T16:17:27Z,49.8,36.4,4.755,5.223,10.352
2026-09-06T21:18:27Z,2026-09-06T16:18:27Z,51.5,36.3,4.297,4.811,4.925
2026-09-06T21:19:27Z,2026-09-06T16:19:27Z,52.1,36.2,4.575,5.096,15.797
2026-09-06T21:20:27Z,2026-09-06T16:20:27Z,52.6,36.2,4.322,4.814,6.931
2026-09-06T21:21:27Z,2026-09-06T16:21:27Z,51.3,36.1,4.534,4.957,7.106
2026-09-06T21:22:27Z,2026-09-06T16:22:27Z,51.1,36.1,4.597,4.926,5.135
2026-09-06T21:23:27Z,2026-09-06T16:23:27Z,51.6,36.0,4.746,5.171,6.529
2026-09-06T21:24:27Z,2026-09-06T16:24:27Z,52.1,36.0,4.847,5.284,6.079
2026-09-06T21:25:27Z,2026-09-06T16:25:27Z,52.7,36.0,4.719,5.174,15.444
2026-09-06T21:26:27Z,2026-09-06T16:26:27Z,51.8,35.9,5.248,5.868,7.215
2026-09-06T21:27:27Z,2026-09-06T16:27:27Z,51.7,35.9,4.918,5.232,9.36
2026-09-06T21:28:27Z,2026-09-06T16:28:27Z,51.8,35.8,4.669,5.045,5.916
2026-09-06T21:29:27Z,2026-09-06T16:29:27Z,51.7,35.8,4.603,5.071,7.769
2026-09-06T21:30:27Z,2026-09-06T16:30:27Z,52.1,35.7,4.916,5.396,18.501
2026-09-06T21:31:27Z,2026-09-06T16:31:27Z,52.6,35.7,4.732,5.136,5.392
2026-09-06T21:32:27Z,2026-09-06T16:32:27Z,53.2,35.6,4.411,4.844,8.763
2026-09-06T21:33:27Z,2026-09-06T16:33:27Z,52.7,35.6,4.909,5.401,14.906
2026-09-06T21:34:27Z,2026-09-06T16:34:27Z,52.6,35.5,4.816,5.205,12.775
2026-09-06T21:35:27Z,2026-09-06T16:35:27Z,53.6,35.5,4.58,4.955,5.545
2026-09-06T21:36:27Z,2026-09-06T16:36:27Z,52.5,35.5,4.505,4.87,5.283
2026-09-06T21:37:27Z,2026-09-06T16:37:27Z,53.5,35.5,4.718,5.225,8.259
2026-09-06T21:38:28Z,2026-09-06T16:38:28Z,52.9,35.4,4.638,5.194,6.217
2026-09-06T21:39:28Z,2026-09-06T16:39:28Z,53.5,35.4,4.747,5.271,6.159
2026-09-06T21:40:28Z,2026-09-06T16:40:28Z,53.5,35.4,4.59,5.018,7.941
2026-09-06T21:41:28Z,2026-09-06T16:41:28Z,53.3,35.4,4.455,4.865,5.517
2026-09-06T21:42:28Z,2026-09-06T16:42:28Z,54.5,35.3,4.624,5.107,5.856
2026-09-06T21:43:28Z,2026-09-06T16:43:28Z,53.1,35.3,4.657,5.242,7.436
2026-09-06T21:44:28Z,2026-09-06T16:44:28Z,53.9,35.3,4.746,5.172,14.496
2026-09-06T21:45:28Z,2026-09-06T16:45:28Z,54.4,35.3,4.815,5.214,6.272
2026-09-06T21:46:28Z,2026-09-06T16:46:28Z,55.5,35.3,5.009,5.616,6.435
2026-09-06T21:47:28Z,2026-09-06T16:47:28Z,54.8,35.2,4.665,5.102,5.797
2026-09-06T21:48:28Z,2026-09-06T16:48:28Z,54.2,35.2,4.513,5.06,20.368
2026-09-06T21:49:28Z,2026-09-06T16:49:28Z,54.6,35.2,4.574,4.94,5.866
2026-09-06T21:50:28Z,2026-09-06T16:50:28Z,54.5,35.1,4.586,4.943,10.237
2026-09-06T21:51:28Z,2026-09-06T16:51:28Z,54.5,35.1,4.721,5.083,7.736
2026-09-06T21:52:28Z,2026-09-06T16:52:28Z,55.4,35.1,4.873,5.339,8.158
2026-09-06T21:53:28Z,2026-09-06T16:53:28Z,54.4,35.0,4.777,5.29,5.947
2026-09-06T21:54:28Z,2026-09-06T16:54:28Z,55.0,35.0,4.586,5.063,5.365
2026-09-06T21:55:28Z,2026-09-06T16:55:28Z,55.9,35.0,4.697,5.056,5.697
2026-09-06T21:56:28Z,2026-09-06T16:56:28Z,55.8,34.9,4.585,5.061,6.435
2026-09-06T21:57:28Z,2026-09-06T16:57:28Z,56.2,34.9,4.702,5.243,8.6
2026-09-06T21:58:28Z,2026-09-06T16:58:28Z,55.7,34.8,4.956,5.352,5.667
2026-09-06T21:59:28Z,2026-09-06T16:59:28Z,57.0,34.8,4.579,5.11,6.158
2026-09-06T22:00:28Z,2026-09-06T17:00:28Z,57.7,34.7,4.44,5.092,7.762
2026-09-06T22:01:28Z,2026-09-06T17:01:28Z,56.7,34.7,4.811,5.346,7.698
2026-09-06T22:02:28Z,2026-09-06T17:02:28Z,56.2,34.6,4.774,5.355,6.171
2026-09-06T22:03:28Z,2026-09-06T17:03:28Z,55.9,34.6,4.683,5.249,7.275
2026-09-06T22:04:29Z,2026-09-06T17:04:29Z,56.4,34.5,4.725,5.179,5.931
2026-09-06T22:05:29Z,2026-09-06T17:05:29Z,56.9,34.5,4.783,5.261,6.297
2026-09-06T22:06:29Z,2026-09-06T17:06:29Z,57.0,34.4,4.924,5.474,5.545
2026-09-06T22:07:29Z,2026-09-06T17:07:29Z,56.6,34.4,4.744,5.147,5.592
2026-09-06T22:08:29Z,2026-09-06T17:08:29Z,57.7,34.3,5.0,5.439,7.816
2026-09-06T22:09:29Z,2026-09-06T17:09:29Z,58.6,34.3,4.556,4.85,7.614
2026-09-06T22:10:29Z,2026-09-06T17:10:29Z,58.4,34.2,4.858,5.297,6.223
2026-09-06T22:11:29Z,2026-09-06T17:11:29Z,57.8,34.2,4.592,5.196,13.357
2026-09-06T22:12:29Z,2026-09-06T17:12:29Z,58.3,34.1,4.83,5.34,5.408
2026-09-06T22:13:29Z,2026-09-06T17:13:29Z,58.8,34.1,4.569,5.051,8.57
2026-09-06T22:14:29Z,2026-09-06T17:14:29Z,58.3,34.1,4.691,5.282,6.348
2026-09-06T22:15:26Z,2026-09-06T17:15:26Z,58.3,34.0,4.728,5.156,10.129
2026-09-06T22:16:26Z,2026-09-06T17:16:26Z,59.3,34.0,4.784,5.282,20.354
2026-09-06T22:17:26Z,2026-09-06T17:17:26Z,58.8,33.9,4.74,5.215,16.189
2026-09-06T22:18:26Z,2026-09-06T17:18:26Z,58.3,33.9,4.638,5.086,11.828
2026-09-06T22:19:26Z,2026-09-06T17:19:26Z,59.4,33.9,4.415,4.866,8.604
2026-09-06T22:20:26Z,2026-09-06T17:20:26Z,58.9,33.8,4.569,4.959,6.999
2026-09-06T22:21:26Z,2026-09-06T17:21:26Z,60.3,33.8,4.946,5.263,5.938
2026-09-06T22:22:26Z,2026-09-06T17:22:26Z,59.7,33.8,4.834,5.261,15.232
2026-09-06T22:23:26Z,2026-09-06T17:23:26Z,61.2,33.7,4.922,5.209,16.244
2026-09-06T22:24:26Z,2026-09-06T17:24:26Z,58.7,33.7,4.91,5.467,8.503
2026-09-06T22:25:26Z,2026-09-06T17:25:26Z,59.4,33.7,4.785,5.219,8.414
2026-09-06T22:26:26Z,2026-09-06T17:26:26Z,59.1,33.6,4.776,5.345,6.464
2026-09-06T22:27:26Z,2026-09-06T17:27:26Z,59.6,33.6,4.845,5.275,6.079
2026-09-06T22:28:26Z,2026-09-06T17:28:26Z,59.4,33.6,4.952,5.391,8.859
2026-09-06T22:29:26Z,2026-09-06T17:29:26Z,60.1,33.5,5.067,5.621,8.054
2026-09-06T22:30:26Z,2026-09-06T17:30:26Z,60.0,33.5,5.051,5.523,6.82
2026-09-06T22:31:26Z,2026-09-06T17:31:26Z,59.7,33.5,5.001,5.396,6.073
2026-09-06T22:32:27Z,2026-09-06T17:32:27Z,60.2,33.5,4.982,5.767,8.368
2026-09-06T22:33:27Z,2026-09-06T17:33:27Z,60.3,33.4,5.007,5.534,7.441
2026-09-06T22:34:27Z,2026-09-06T17:34:27Z,60.4,33.4,4.999,5.436,7.745
2026-09-06T22:35:27Z,2026-09-06T17:35:27Z,60.1,33.4,4.993,5.367,7.961
2026-09-06T22:36:27Z,2026-09-06T17:36:27Z,60.1,33.3,4.959,5.496,6.206
2026-09-06T22:37:27Z,2026-09-06T17:37:27Z,60.5,33.3,4.774,5.369,6.723
2026-09-06T22:38:27Z,2026-09-06T17:38:27Z,62.0,33.3,4.615,5.231,16.236
2026-09-06T22:39:27Z,2026-09-06T17:39:27Z,61.9,33.3,4.74,5.015,5.213
2026-09-06T22:40:27Z,2026-09-06T17:40:27Z,61.6,33.3,4.717,5.207,6.533
2026-09-06T22:41:27Z,2026-09-06T17:41:27Z,61.5,33.2,4.63,5.132,6.049
2026-09-06T22:42:27Z,2026-09-06T17:42:27Z,60.6,33.2,4.805,5.229,6.695
2026-09-06T22:43:27Z,2026-09-06T17:43:27Z,60.8,33.2,4.446,4.858,9.872
2026-09-06T22:44:27Z,2026-09-06T17:44:27Z,60.9,33.2,4.879,5.338,7.663
2026-09-06T22:45:27Z,2026-09-06T17:45:27Z,61.3,33.1,4.865,5.426,5.791
2026-09-06T22:46:27Z,2026-09-06T17:46:27Z,62.5,33.1,4.714,5.228,6.761
2026-09-06T22:47:27Z,2026-09-06T17:47:27Z,62.5,33.1,4.774,5.313,6.369
2026-09-06T22:48:27Z,2026-09-06T17:48:27Z,61.9,33.1,4.754,5.232,8.008
2026-09-06T22:49:27Z,2026-09-06T17:49:27Z,60.2,33.1,4.684,5.051,5.23
2026-09-06T22:50:27Z,2026-09-06T17:50:27Z,61.1,33.1,5.11,5.391,7.406
2026-09-06T22:51:27Z,2026-09-06T17:51:27Z,62.4,33.1,4.94,5.31,7.717
2026-09-06T22:52:27Z,2026-09-06T17:52:27Z,61.5,33.1,5.204,5.653,8.309
2026-09-06T22:53:27Z,2026-09-06T17:53:27Z,61.8,33.1,4.867,5.348,6.676
2026-09-06T22:54:28Z,2026-09-06T17:54:28Z,61.2,33.1,5.093,5.664,7.593
2026-09-06T22:55:28Z,2026-09-06T17:55:28Z,60.1,33.1,5.106,5.532,6.171
2026-09-06T22:56:28Z,2026-09-06T17:56:28Z,60.3,33.1,4.849,5.262,6.098
2026-09-06T22:57:28Z,2026-09-06T17:57:28Z,61.6,33.0,4.856,5.221,6.957
2026-09-06T22:58:28Z,2026-09-06T17:58:28Z,60.5,33.0,4.711,5.073,6.027
2026-09-06T22:59:28Z,2026-09-06T17:59:28Z,60.3,33.0,4.98,5.384,6.708
2026-09-06T23:00:28Z,2026-09-06T18:00:28Z,60.4,33.0,4.783,5.172,6.769
2026-09-06T23:01:28Z,2026-09-06T18:01:28Z,61.4,33.0,4.929,5.398,6.739
2026-09-06T23:02:28Z,2026-09-06T18:02:28Z,61.0,33.0,5.006,5.432,10.001
2026-09-06T23:03:28Z,2026-09-06T18:03:28Z,60.6,33.0,4.907,5.29,6.031
2026-09-06T23:04:28Z,2026-09-06T18:04:28Z,60.1,33.0,5.207,5.687,6.921
2026-09-06T23:05:28Z,2026-09-06T18:05:28Z,60.0,33.0,4.877,5.559,16.646
2026-09-06T23:06:28Z,2026-09-06T18:06:28Z,59.9,33.0,4.858,5.252,6.408
2026-09-06T23:07:28Z,2026-09-06T18:07:28Z,59.9,33.0,4.828,5.246,6.463
2026-09-06T23:08:28Z,2026-09-06T18:08:28Z,60.4,33.0,4.966,5.452,13.838
2026-09-06T23:09:28Z,2026-09-06T18:09:28Z,60.5,33.0,4.956,5.551,8.309
2026-09-06T23:10:28Z,2026-09-06T18:10:28Z,60.5,33.0,4.745,5.082,7.327
2026-09-06T23:11:28Z,2026-09-06T18:11:28Z,60.3,33.0,4.932,5.476,8.141
2026-09-06T23:12:28Z,2026-09-06T18:12:28Z,60.0,33.0,4.999,5.372,8.144
2026-09-06T23:13:28Z,2026-09-06T18:13:28Z,59.9,33.0,4.741,5.193,7.741
2026-09-06T23:14:28Z,2026-09-06T18:14:28Z,59.8,33.0,5.227,5.597,10.03
2026-09-06T23:15:28Z,2026-09-06T18:15:28Z,59.9,33.0,4.95,5.556,6.427
2026-09-06T23:16:28Z,2026-09-06T18:16:28Z,60.1,33.0,5.035,5.384,6.964
2026-09-06T23:17:29Z,2026-09-06T18:17:29Z,60.2,33.1,4.98,5.404,5.561
2026-09-06T23:18:29Z,2026-09-06T18:18:29Z,60.4,33.1,5.469,5.837,12.762
2026-09-06T23:19:29Z,2026-09-06T18:19:29Z,60.4,33.1,5.336,5.833,16.03
2026-09-06T23:20:29Z,2026-09-06T18:20:29Z,60.2,33.1,5.029,5.497,7.266
2026-09-06T23:21:29Z,2026-09-06T18:21:29Z,60.2,33.1,5.263,5.667,6.907
2026-09-06T23:22:29Z,2026-09-06T18:22:29Z,60.4,33.1,4.582,5.019,7.893
2026-09-06T23:23:29Z,2026-09-06T18:23:29Z,60.3,33.1,4.93,5.212,5.933
2026-09-06T23:24:29Z,2026-09-06T18:24:29Z,61.1,33.1,5.096,5.589,8.032
2026-09-06T23:25:29Z,2026-09-06T18:25:29Z,61.7,33.1,5.254,5.672,6.553
2026-09-06T23:26:29Z,2026-09-06T18:26:29Z,60.4,33.1,4.872,5.158,5.419
2026-09-06T23:27:29Z,2026-09-06T18:27:29Z,61.0,33.1,5.183,5.679,14.144
2026-09-06T23:28:29Z,2026-09-06T18:28:29Z,61.7,33.1,5.002,5.502,11.447
2026-09-06T23:29:29Z,2026-09-06T18:29:29Z,61.4,33.1,5.231,5.576,9.66
2026-09-06T23:30:29Z,2026-09-06T18:30:29Z,60.0,33.1,4.751,5.083,14.55
2026-09-06T23:31:29Z,2026-09-06T18:31:29Z,60.3,33.1,5.17,5.659,7.096
2026-09-06T23:32:29Z,2026-09-06T18:32:29Z,60.2,33.2,5.283,5.767,6.53
2026-09-06T23:33:29Z,2026-09-06T18:33:29Z,60.9,33.2,5.064,5.478,7.688
2026-09-06T23:34:29Z,2026-09-06T18:34:29Z,61.1,33.2,5.397,5.762,13.173
2026-09-06T23:35:29Z,2026-09-06T18:35:29Z,60.8,33.2,5.236,5.592,8.353
2026-09-06T23:36:29Z,2026-09-06T18:36:29Z,60.3,33.2,5.063,5.513,5.629
2026-09-06T23:37:29Z,2026-09-06T18:37:29Z,60.7,33.2,5.177,5.63,7.586
2026-09-06T23:38:29Z,2026-09-06T18:38:29Z,60.7,33.2,5.369,5.942,6.557
2026-09-06T23:39:29Z,2026-09-06T18:39:29Z,60.5,33.2,5.067,5.613,10.216
2026-09-06T23:40:30Z,2026-09-06T18:40:30Z,60.3,33.2,5.344,5.841,6.826
2026-09-06T23:41:30Z,2026-09-06T18:41:30Z,60.5,33.2,5.08,5.67,6.369
2026-09-06T23:42:30Z,2026-09-06T18:42:30Z,60.6,33.2,5.209,5.84,6.58
2026-09-06T23:43:30Z,2026-09-06T18:43:30Z,60.2,33.2,5.079,5.798,7.17
2026-09-06T23:44:30Z,2026-09-06T18:44:30Z,59.7,33.2,5.441,5.831,7.671
2026-09-06T23:45:27Z,2026-09-06T18:45:27Z,59.4,33.2,5.742,6.159,6.514
2026-09-06T23:46:27Z,2026-09-06T18:46:27Z,59.5,33.2,5.389,5.828,6.484
2026-09-06T23:47:27Z,2026-09-06T18:47:27Z,60.4,33.2,5.316,5.844,7.042
2026-09-06T23:48:27Z,2026-09-06T18:48:27Z,61.2,33.2,5.341,5.777,11.973
2026-09-06T23:49:27Z,2026-09-06T18:49:27Z,61.8,33.2,5.143,5.774,6.388
2026-09-06T23:50:27Z,2026-09-06T18:50:27Z,62.0,33.2,5.295,5.723,6.544
2026-09-06T23:51:27Z,2026-09-06T18:51:27Z,61.7,33.2,5.061,5.528,5.857
2026-09-06T23:52:27Z,2026-09-06T18:52:27Z,61.7,33.2,5.522,6.117,7.247
2026-09-06T23:53:27Z,2026-09-06T18:53:27Z,60.3,33.2,5.048,5.572,6.878
2026-09-06T23:54:27Z,2026-09-06T18:54:27Z,60.7,33.2,5.417,5.888,6.178
2026-09-06T23:55:27Z,2026-09-06T18:55:27Z,59.9,33.1,5.332,5.777,14.043
2026-09-06T23:56:27Z,2026-09-06T18:56:27Z,59.7,33.1,5.717,6.077,12.191
2026-09-06T23:57:27Z,2026-09-06T18:57:27Z,60.7,33.1,5.392,5.874,8.573
2026-09-06T23:58:27Z,2026-09-06T18:58:27Z,60.4,33.1,5.289,5.621,6.499
2026-09-06T23:59:27Z,2026-09-06T18:59:27Z,61.2,33.1,5.297,5.663,11.702
2026-09-07T00:00:27Z,2026-09-06T19:00:27Z,61.2,33.1,5.035,5.5,8.758
2026-09-07T00:01:27Z,2026-09-06T19:01:27Z,61.1,33.1,5.225,5.787,18.305
2026-09-07T00:02:27Z,2026-09-06T19:02:27Z,60.7,33.1,5.419,5.741,8.957
2026-09-07T00:03:27Z,2026-09-06T19:03:27Z,60.7,33.1,5.574,6.183,11.561
2026-09-07T00:04:27Z,2026-09-06T19:04:27Z,61.4,33.1,5.659,6.245,7.124
2026-09-07T00:05:27Z,2026-09-06T19:05:27Z,60.2,33.1,5.251,5.803,20.158
2026-09-07T00:06:28Z,2026-09-06T19:06:28Z,59.5,33.0,5.804,6.526,26.001
2026-09-07T00:07:28Z,2026-09-06T19:07:28Z,60.5,33.0,6.077,6.607,7.968
2026-09-07T00:08:28Z,2026-09-06T19:08:28Z,60.2,33.0,5.674,6.204,8.575
2026-09-07T00:09:28Z,2026-09-06T19:09:28Z,60.5,33.0,5.381,5.921,13.498
2026-09-07T00:10:28Z,2026-09-06T19:10:28Z,60.8,33.0,5.538,5.962,14.237
2026-09-07T00:11:28Z,2026-09-06T19:11:28Z,60.4,32.9,5.674,6.259,9.83
2026-09-07T00:12:28Z,2026-09-06T19:12:28Z,60.0,32.9,5.84,6.49,7.747
2026-09-07T00:13:28Z,2026-09-06T19:13:28Z,60.1,32.9,5.746,6.453,12.679
2026-09-07T00:14:28Z,2026-09-06T19:14:28Z,60.0,32.9,5.62,6.161,7.717
2026-09-07T00:15:28Z,2026-09-06T19:15:28Z,59.9,32.9,5.824,6.326,7.368
2026-09-07T00:16:28Z,2026-09-06T19:16:28Z,59.7,32.8,5.773,6.526,8.324
2026-09-07T00:17:28Z,2026-09-06T19:17:28Z,59.6,32.8,6.097,6.786,7.454
2026-09-07T00:18:28Z,2026-09-06T19:18:28Z,59.5,32.8,5.686,6.225,15.844
2026-09-07T00:19:28Z,2026-09-06T19:19:28Z,59.9,32.8,5.827,6.354,6.928
2026-09-07T00:20:28Z,2026-09-06T19:20:28Z,59.3,32.7,5.998,6.583,14.141
2026-09-07T00:21:28Z,2026-09-06T19:21:28Z,59.5,32.7,5.971,6.407,7.192
2026-09-07T00:22:28Z,2026-09-06T19:22:28Z,59.5,32.7,5.613,6.287,7.76
2026-09-07T00:23:28Z,2026-09-06T19:23:28Z,59.7,32.7,5.952,6.594,8.767
2026-09-07T00:24:28Z,2026-09-06T19:24:28Z,59.9,32.7,5.498,5.981,11.514
2026-09-07T00:25:28Z,2026-09-06T19:25:28Z,60.5,32.6,5.499,6.193,7.336
2026-09-07T00:26:28Z,2026-09-06T19:26:28Z,60.2,32.6,5.786,6.263,7.424
2026-09-07T00:27:28Z,2026-09-06T19:27:28Z,60.2,32.6,5.848,6.28,7.851
2026-09-07T00:28:28Z,2026-09-06T19:28:28Z,59.8,32.6,5.95,6.427,12.743
2026-09-07T00:29:29Z,2026-09-06T19:29:29Z,60.0,32.5,5.783,6.3,6.96
2026-09-07T00:30:29Z,2026-09-06T19:30:29Z,60.0,32.5,5.852,6.456,11.416
2026-09-07T00:31:29Z,2026-09-06T19:31:29Z,60.2,32.5,5.63,6.087,8.038
2026-09-07T00:32:29Z,2026-09-06T19:32:29Z,60.5,32.5,5.905,6.328,11.926
2026-09-07T00:33:29Z,2026-09-06T19:33:29Z,60.2,32.5,5.532,6.033,10.726
2026-09-07T00:34:29Z,2026-09-06T19:34:29Z,60.3,32.4,5.84,6.281,7.323
2026-09-07T00:35:29Z,2026-09-06T19:35:29Z,60.2,32.4,6.126,6.762,14.99
2026-09-07T00:36:29Z,2026-09-06T19:36:29Z,60.3,32.4,5.694,6.322,9.538
2026-09-07T00:37:29Z,2026-09-06T19:37:29Z,60.4,32.4,6.021,6.608,16.06
2026-09-07T00:38:29Z,2026-09-06T19:38:29Z,60.2,32.4,5.872,6.407,8.602
2026-09-07T00:39:29Z,2026-09-06T19:39:29Z,60.4,32.4,5.898,6.423,12.219
2026-09-07T00:40:29Z,2026-09-06T19:40:29Z,60.6,32.3,5.688,6.305,6.725
2026-09-07T00:41:29Z,2026-09-06T19:41:29Z,60.6,32.3,6.174,6.738,17.902
2026-09-07T00:42:29Z,2026-09-06T19:42:29Z,60.3,32.3,6.244,6.695,7.991
2026-09-07T00:43:29Z,2026-09-06T19:43:29Z,60.4,32.3,5.869,6.392,9.044
2026-09-07T00:44:29Z,2026-09-06T19:44:29Z,60.6,32.3,6.037,6.734,9.965
2026-09-07T00:45:29Z,2026-09-06T19:45:29Z,60.7,32.3,5.926,6.685,7.304
2026-09-07T00:46:29Z,2026-09-06T19:46:29Z,60.7,32.3,6.137,6.808,8.018
2026-09-07T00:47:30Z,2026-09-06T19:47:30Z,60.4,32.3,5.972,6.615,13.615
2026-09-07T00:48:30Z,2026-09-06T19:48:30Z,60.1,32.2,6.261,6.801,11.1
2026-09-07T00:49:30Z,2026-09-06T19:49:30Z,60.2,32.2,6.405,6.923,7.631
2026-09-07T00:50:30Z,2026-09-06T19:50:30Z,60.4,32.2,6.144,6.917,29.7
2026-09-07T00:51:30Z,2026-09-06T19:51:30Z,60.4,32.2,6.224,6.783,7.373
2026-09-07T00:52:30Z,2026-09-06T19:52:30Z,60.2,32.2,6.05,6.752,8.354
2026-09-07T00:53:30Z,2026-09-06T19:53:30Z,60.3,32.2,6.473,7.042,10.151
2026-09-07T00:54:30Z,2026-09-06T19:54:30Z,60.9,32.2,6.015,6.564,11.884
2026-09-07T00:55:30Z,2026-09-06T19:55:30Z,60.6,32.2,6.283,6.735,9.511
2026-09-07T00:56:30Z,2026-09-06T19:56:30Z,60.0,32.1,6.255,6.81,11.334
2026-09-07T00:57:30Z,2026-09-06T19:57:30Z,60.3,32.1,6.424,6.986,8.043
2026-09-07T00:58:30Z,2026-09-06T19:58:30Z,60.8,32.1,6.384,6.896,15.369
2026-09-07T00:59:30Z,2026-09-06T19:59:30Z,60.9,32.1,6.155,6.673,8.251
2026-09-07T01:00:30Z,2026-09-06T20:00:30Z,60.7,32.1,6.646,7.198,17.189
2026-09-07T01:01:30Z,2026-09-06T20:01:30Z,60.2,32.0,6.412,6.965,8.511
2026-09-07T01:02:30Z,2026-09-06T20:02:30Z,60.4,32.0,6.045,6.562,9.754
2026-09-07T01:03:30Z,2026-09-06T20:03:30Z,60.5,32.0,6.014,6.593,10.864
2026-09-07T01:04:30Z,2026-09-06T20:04:30Z,60.2,32.0,5.94,6.406,7.07
2026-09-07T01:05:30Z,2026-09-06T20:05:30Z,60.1,32.0,6.234,6.829,14.937
2026-09-07T01:06:30Z,2026-09-06T20:06:30Z,60.1,32.0,6.062,6.749,9.665
2026-09-07T01:07:30Z,2026-09-06T20:07:30Z,60.3,31.9,5.839,6.299,9.72
2026-09-07T01:08:30Z,2026-09-06T20:08:30Z,60.8,31.9,6.221,6.791,8.715
2026-09-07T01:09:30Z,2026-09-06T20:09:30Z,61.2,31.9,6.131,6.748,11.449
2026-09-07T01:10:31Z,2026-09-06T20:10:31Z,61.5,31.9,6.177,6.77,8.895
2026-09-07T01:11:31Z,2026-09-06T20:11:31Z,60.9,31.9,6.149,6.661,8.042
2026-09-07T01:12:31Z,2026-09-06T20:12:31Z,60.7,31.8,5.997,6.532,8.775
2026-09-07T01:13:31Z,2026-09-06T20:13:31Z,60.8,31.8,6.199,6.816,7.68
2026-09-07T01:14:31Z,2026-09-06T20:14:31Z,61.1,31.8,6.918,7.658,10.707
2026-09-07T01:15:31Z,2026-09-06T20:15:31Z,60.9,31.8,6.165,6.756,10.502
2026-09-07T01:16:31Z,2026-09-06T20:16:31Z,60.9,31.8,6.183,6.814,17.246
2026-09-07T01:17:31Z,2026-09-06T20:17:31Z,61.3,31.8,6.471,7.172,10.36
2026-09-07T01:18:31Z,2026-09-06T20:18:31Z,61.6,31.7,6.519,7.299,11.932
2026-09-07T01:19:31Z,2026-09-06T20:19:31Z,62.0,31.7,6.803,7.354,10.486
2026-09-07T01:20:31Z,2026-09-06T20:20:31Z,61.9,31.7,6.138,6.712,8.749
2026-09-07T01:21:31Z,2026-09-06T20:21:31Z,62.0,31.7,6.441,7.008,9.345
2026-09-07T01:22:31Z,2026-09-06T20:22:31Z,61.9,31.7,6.672,7.198,17.765
2026-09-07T01:23:31Z,2026-09-06T20:23:31Z,62.5,31.6,7.258,7.957,10.85
2026-09-07T01:24:31Z,2026-09-06T20:24:31Z,62.7,31.6,6.839,7.406,15.036
2026-09-07T01:25:31Z,2026-09-06T20:25:31Z,62.7,31.6,6.548,7.136,13.256
2026-09-07T01:26:31Z,2026-09-06T20:26:31Z,62.4,31.6,6.352,6.892,16.443
2026-09-07T01:27:31Z,2026-09-06T20:27:31Z,62.6,31.6,6.406,7.166,9.028
2026-09-07T01:28:31Z,2026-09-06T20:28:31Z,63.2,31.6,6.691,7.386,9.659
2026-09-07T01:29:31Z,2026-09-06T20:29:31Z,63.3,31.5,6.332,6.997,10.099
2026-09-07T01:30:31Z,2026-09-06T20:30:31Z,63.1,31.5,6.797,7.364,9.347
2026-09-07T01:31:31Z,2026-09-06T20:31:31Z,63.3,31.5,6.538,7.095,8.428
2026-09-07T01:32:31Z,2026-09-06T20:32:31Z,62.9,31.5,6.653,7.133,10.024
2026-09-07T01:33:31Z,2026-09-06T20:33:31Z,62.8,31.5,6.626,7.297,9.461
2026-09-07T01:34:31Z,2026-09-06T20:34:31Z,62.8,31.4,6.803,7.421,12.089
2026-09-07T01:35:32Z,2026-09-06T20:35:32Z,63.1,31.4,6.542,7.183,10.972
2026-09-07T01:36:32Z,2026-09-06T20:36:32Z,63.3,31.4,6.43,6.865,32.777
2026-09-07T01:37:32Z,2026-09-06T20:37:32Z,63.7,31.4,7.018,7.631,8.64
2026-09-07T01:38:32Z,2026-09-06T20:38:32Z,64.1,31.4,6.432,7.017,16.716
2026-09-07T01:39:32Z,2026-09-06T20:39:32Z,64.3,31.4,6.416,7.1,13.093
2026-09-07T01:40:32Z,2026-09-06T20:40:32Z,64.4,31.3,6.459,6.997,16.52
2026-09-07T01:41:32Z,2026-09-06T20:41:32Z,64.8,31.3,6.531,7.304,17.657
2026-09-07T01:42:32Z,2026-09-06T20:42:32Z,65.1,31.3,6.592,7.296,11.485
2026-09-07T01:43:32Z,2026-09-06T20:43:32Z,65.5,31.3,6.225,6.88,18.705
2026-09-07T01:44:32Z,2026-09-06T20:44:32Z,65.6,31.3,6.256,6.869,11.732
2026-09-07T01:45:32Z,2026-09-06T20:45:32Z,66.0,31.3,6.5,7.219,14.124
2026-09-07T01:46:32Z,2026-09-06T20:46:32Z,66.2,31.3,5.987,6.832,20.217
2026-09-07T01:47:32Z,2026-09-06T20:47:32Z,66.3,31.3,6.165,6.889,9.446
2026-09-07T01:48:32Z,2026-09-06T20:48:32Z,66.4,31.2,5.907,6.726,13.685
2026-09-07T01:49:32Z,2026-09-06T20:49:32Z,66.4,31.2,5.389,6.159,12.699
2026-09-07T01:50:32Z,2026-09-06T20:50:32Z,66.9,31.2,5.585,6.316,10.603
2026-09-07T01:51:32Z,2026-09-06T20:51:32Z,67.1,31.2,5.227,5.957,10.71
2026-09-07T01:52:32Z,2026-09-06T20:52:32Z,66.9,31.2,5.192,5.994,20.317
2026-09-07T01:53:32Z,2026-09-06T20:53:32Z,66.9,31.1,5.051,5.863,13.49
2026-09-07T01:54:32Z,2026-09-06T20:54:32Z,67.1,31.1,5.184,5.869,9.781
2026-09-07T01:55:32Z,2026-09-06T20:55:32Z,67.2,31.1,5.182,5.775,12.177
2026-09-07T01:56:32Z,2026-09-06T20:56:32Z,67.4,31.1,4.981,5.663,8.246
2026-09-07T01:57:32Z,2026-09-06T20:57:32Z,67.3,31.1,4.988,5.566,26.412
2026-09-07T01:58:32Z,2026-09-06T20:58:32Z,67.4,31.1,4.926,5.509,11.82
2026-09-07T01:59:33Z,2026-09-06T20:59:33Z,67.4,31.0,5.349,6.046,10.229
2026-09-07T02:00:29Z,2026-09-06T21:00:29Z,67.4,31.0,5.09,5.848,14.14
2026-09-07T02:01:29Z,2026-09-06T21:01:29Z,67.3,31.0,5.14,5.709,9.781
2026-09-07T02:02:29Z,2026-09-06T21:02:29Z,67.3,31.0,4.778,5.458,6.908
2026-09-07T02:03:30Z,2026-09-06T21:03:30Z,67.3,31.0,4.769,5.389,15.836
2026-09-07T02:04:30Z,2026-09-06T21:04:30Z,67.4,31.0,4.603,5.174,12.687
2026-09-07T02:05:30Z,2026-09-06T21:05:30Z,67.3,30.9,4.971,5.724,16.267
2026-09-07T02:06:30Z,2026-09-06T21:06:30Z,67.5,30.9,4.675,5.271,8.941
2026-09-07T02:07:30Z,2026-09-06T21:07:30Z,67.3,30.9,4.835,5.559,7.375
2026-09-07T02:08:30Z,2026-09-06T21:08:30Z,67.5,30.9,4.661,5.413,8.218
2026-09-07T02:09:30Z,2026-09-06T21:09:30Z,67.5,30.9,4.589,5.082,8.592
2026-09-07T02:10:30Z,2026-09-06T21:10:30Z,67.7,30.9,4.457,5.023,14.47
2026-09-07T02:11:30Z,2026-09-06T21:11:30Z,68.0,30.9,4.4,4.946,11.808
2026-09-07T02:12:30Z,2026-09-06T21:12:30Z,68.0,30.8,4.85,5.523,9.407
2026-09-07T02:13:30Z,2026-09-06T21:13:30Z,67.8,30.8,4.806,5.652,9.484
2026-09-07T02:14:30Z,2026-09-06T21:14:30Z,68.1,30.8,4.42,5.195,15.01
2026-09-07T02:15:30Z,2026-09-06T21:15:30Z,68.2,30.8,4.623,5.273,7.873
2026-09-07T02:16:30Z,2026-09-06T21:16:30Z,68.0,30.8,4.481,5.319,19.158
2026-09-07T02:17:30Z,2026-09-06T21:17:30Z,68.0,30.8,4.379,5.224,10.341
2026-09-07T02:18:30Z,2026-09-06T21:18:30Z,68.0,30.8,4.505,5.124,6.353
2026-09-07T02:19:30Z,2026-09-06T21:19:30Z,67.9,30.8,4.51,5.25,22.369
2026-09-07T02:20:30Z,2026-09-06T21:20:30Z,67.9,30.7,4.357,4.982,7.706
2026-09-07T02:21:30Z,2026-09-06T21:21:30Z,67.9,30.7,4.617,5.518,8.805
2026-09-07T02:22:30Z,2026-09-06T21:22:30Z,67.6,30.7,4.418,5.121,12.136
2026-09-07T02:23:30Z,2026-09-06T21:23:30Z,67.7,30.7,4.331,5.217,7.414
2026-09-07T02:24:30Z,2026-09-06T21:24:30Z,67.9,30.7,4.443,5.256,8.298
2026-09-07T02:25:30Z,2026-09-06T21:25:30Z,67.4,30.7,4.458,5.172,8.121
2026-09-07T02:26:30Z,2026-09-06T21:26:30Z,67.5,30.7,4.204,4.975,5.555
2026-09-07T02:27:31Z,2026-09-06T21:27:31Z,67.5,30.7,4.567,5.246,24.661
2026-09-07T02:28:31Z,2026-09-06T21:28:31Z,67.6,30.7,4.491,5.086,12.316
2026-09-07T02:29:31Z,2026-09-06T21:29:31Z,67.8,30.7,4.294,5.025,13.907
2026-09-07T02:30:31Z,2026-09-06T21:30:31Z,67.8,30.7,4.467,5.099,8.957
2026-09-07T02:31:31Z,2026-09-06T21:31:31Z,67.9,30.7,4.249,5.034,9.21
2026-09-07T02:32:31Z,2026-09-06T21:32:31Z,68.1,30.6,4.274,5.092,23.034
2026-09-07T02:33:31Z,2026-09-06T21:33:31Z,68.0,30.6,4.53,5.262,9.811
2026-09-07T02:34:31Z,2026-09-06T21:34:31Z,68.1,30.6,4.435,5.268,8.333
2026-09-07T02:35:31Z,2026-09-06T21:35:31Z,68.2,30.6,4.197,4.806,15.977
2026-09-07T02:36:31Z,2026-09-06T21:36:31Z,68.2,30.6,4.194,4.889,6.743
2026-09-07T02:37:31Z,2026-09-06T21:37:31Z,68.2,30.6,4.126,4.932,11.636
2026-09-07T02:38:31Z,2026-09-06T21:38:31Z,68.4,30.6,4.737,5.461,10.013
2026-09-07T02:39:31Z,2026-09-06T21:39:31Z,68.4,30.6,4.411,5.333,8.577
2026-09-07T02:40:31Z,2026-09-06T21:40:31Z,68.6,30.6,4.042,4.712,13.347
2026-09-07T02:41:31Z,2026-09-06T21:41:31Z,68.6,30.6,4.425,5.086,9.748
2026-09-07T02:42:31Z,2026-09-06T21:42:31Z,68.7,30.6,4.253,4.927,7.27
2026-09-07T02:43:31Z,2026-09-06T21:43:31Z,68.8,30.5,4.167,4.767,21.368
2026-09-07T02:44:31Z,2026-09-06T21:44:31Z,68.7,30.5,4.365,4.913,20.657
2026-09-07T02:45:31Z,2026-09-06T21:45:31Z,68.8,30.5,4.212,4.834,12.343
2026-09-07T02:46:31Z,2026-09-06T21:46:31Z,69.0,30.5,4.339,5.175,7.36
2026-09-07T02:47:31Z,2026-09-06T21:47:31Z,68.9,30.5,4.363,4.927,7.703
2026-09-07T02:48:31Z,2026-09-06T21:48:31Z,69.0,30.5,4.431,5.124,17.459
2026-09-07T02:49:31Z,2026-09-06T21:49:31Z,69.2,30.5,4.367,5.093,6.648
2026-09-07T02:50:31Z,2026-09-06T21:50:31Z,69.2,30.5,4.175,4.765,12.144
2026-09-07T02:51:31Z,2026-09-06T21:51:31Z,69.0,30.5,4.073,4.756,11.333
2026-09-07T02:52:32Z,2026-09-06T21:52:32Z,69.2,30.5,4.139,4.858,9.157
2026-09-07T02:53:32Z,2026-09-06T21:53:32Z,69.4,30.4,4.062,4.811,6.655
2026-09-07T02:54:32Z,2026-09-06T21:54:32Z,69.4,30.4,4.055,4.721,7.207
2026-09-07T02:55:32Z,2026-09-06T21:55:32Z,69.6,30.4,4.12,5.024,13.73
2026-09-07T02:56:32Z,2026-09-06T21:56:32Z,69.5,30.4,4.057,4.645,11.15
2026-09-07T02:57:32Z,2026-09-06T21:57:32Z,69.6,30.4,4.077,4.904,7.127
2026-09-07T02:58:32Z,2026-09-06T21:58:32Z,69.7,30.4,4.128,4.832,14.71
2026-09-07T02:59:32Z,2026-09-06T21:59:32Z,70.0,30.4,4.103,4.816,8.329
2026-09-07T03:00:32Z,2026-09-06T22:00:32Z,70.1,30.4,4.149,5.116,11.497
2026-09-07T03:01:32Z,2026-09-06T22:01:32Z,69.9,30.4,4.108,4.937,20.945
2026-09-07T03:02:32Z,2026-09-06T22:02:32Z,69.9,30.4,4.289,4.857,10.31
2026-09-07T03:03:32Z,2026-09-06T22:03:32Z,69.9,30.3,3.989,4.75,9.527
2026-09-07T03:04:32Z,2026-09-06T22:04:32Z,69.9,30.3,4.121,4.791,6.106
2026-09-07T03:05:32Z,2026-09-06T22:05:32Z,70.2,30.3,3.84,4.506,15.262
2026-09-07T03:06:32Z,2026-09-06T22:06:32Z,70.1,30.3,4.035,4.747,6.173
2026-09-07T03:07:32Z,2026-09-06T22:07:32Z,70.0,30.3,3.992,4.737,13.388
2026-09-07T03:08:32Z,2026-09-06T22:08:32Z,70.0,30.3,4.061,4.718,8.224
2026-09-07T03:09:32Z,2026-09-06T22:09:32Z,70.1,30.3,4.139,4.851,18.15
2026-09-07T03:10:32Z,2026-09-06T22:10:32Z,70.3,30.3,3.949,4.639,8.807
2026-09-07T03:11:32Z,2026-09-06T22:11:32Z,70.4,30.3,3.9,4.696,14.371
2026-09-07T03:12:32Z,2026-09-06T22:12:32Z,70.4,30.3,4.16,4.924,8.888
2026-09-07T03:13:32Z,2026-09-06T22:13:32Z,70.2,30.2,3.803,4.3,5.355
2026-09-07T03:14:32Z,2026-09-06T22:14:32Z,70.4,30.2,3.896,4.471,9.79
2026-09-07T03:15:32Z,2026-09-06T22:15:32Z,70.4,30.2,3.914,4.545,10.021
2026-09-07T03:16:32Z,2026-09-06T22:16:32Z,70.2,30.2,3.913,4.451,14.959
2026-09-07T03:17:32Z,2026-09-06T22:17:32Z,70.3,30.2,3.827,4.436,6.914
2026-09-07T03:18:33Z,2026-09-06T22:18:33Z,70.3,30.2,3.697,4.331,7.624
2026-09-07T03:19:33Z,2026-09-06T22:19:33Z,70.5,30.2,3.99,4.388,15.961
2026-09-07T03:20:29Z,2026-09-06T22:20:29Z,70.3,30.2,3.918,4.703,8.333
2026-09-07T03:21:29Z,2026-09-06T22:21:29Z,70.3,30.2,3.945,4.701,14.676
2026-09-07T03:22:29Z,2026-09-06T22:22:29Z,70.5,30.2,3.814,4.487,5.918
2026-09-07T03:23:29Z,2026-09-06T22:23:29Z,70.5,30.2,4.179,4.912,7.801
2026-09-07T03:24:30Z,2026-09-06T22:24:30Z,70.6,30.2,3.856,4.425,12.419
2026-09-07T03:25:30Z,2026-09-06T22:25:30Z,70.6,30.2,4.113,4.904,9.63
2026-09-07T03:26:30Z,2026-09-06T22:26:30Z,70.7,30.1,4.265,4.893,11.86
2026-09-07T03:27:30Z,2026-09-06T22:27:30Z,70.8,30.1,4.181,4.606,17.759
2026-09-07T03:28:30Z,2026-09-06T22:28:30Z,70.9,30.1,4.017,4.737,11.326
2026-09-07T03:29:30Z,2026-09-06T22:29:30Z,70.8,30.1,4.108,4.801,6.555
2026-09-07T03:30:30Z,2026-09-06T22:30:30Z,70.8,30.1,4.176,4.866,8.88
2026-09-07T03:31:30Z,2026-09-06T22:31:30Z,70.7,30.1,4.15,4.652,10.642
2026-09-07T03:32:30Z,2026-09-06T22:32:30Z,70.9,30.1,4.005,4.909,11.052
2026-09-07T03:33:30Z,2026-09-06T22:33:30Z,70.8,30.1,4.036,4.808,15.535
2026-09-07T03:34:30Z,2026-09-06T22:34:30Z,71.0,30.1,3.782,4.312,9.654
2026-09-07T03:35:30Z,2026-09-06T22:35:30Z,71.0,30.1,4.033,4.667,13.86
2026-09-07T03:36:30Z,2026-09-06T22:36:30Z,70.9,30.1,4.013,4.795,7.859
2026-09-07T03:37:30Z,2026-09-06T22:37:30Z,71.1,30.1,4.166,4.69,19.982
2026-09-07T03:38:30Z,2026-09-06T22:38:30Z,71.2,30.0,4.015,4.808,12.955
2026-09-07T03:39:30Z,2026-09-06T22:39:30Z,71.1,30.0,4.062,4.908,10.241
2026-09-07T03:40:30Z,2026-09-06T22:40:30Z,71.0,30.0,4.068,4.859,10.275
2026-09-07T03:41:30Z,2026-09-06T22:41:30Z,71.0,30.0,3.995,4.694,10.955
2026-09-07T03:42:30Z,2026-09-06T22:42:30Z,71.0,30.0,4.11,4.808,19.789
2026-09-07T03:43:30Z,2026-09-06T22:43:30Z,71.1,30.0,4.171,4.933,12.313
2026-09-07T03:44:30Z,2026-09-06T22:44:30Z,71.0,30.0,3.746,4.378,13.309
2026-09-07T03:45:31Z,2026-09-06T22:45:31Z,71.2,30.0,3.876,4.49,7.426
2026-09-07T03:46:31Z,2026-09-06T22:46:31Z,71.1,30.0,4.015,4.894,13.528
2026-09-07T03:47:31Z,2026-09-06T22:47:31Z,71.0,30.0,3.978,4.641,6.293
2026-09-07T03:48:31Z,2026-09-06T22:48:31Z,71.4,30.0,3.921,4.531,12.838
2026-09-07T03:49:31Z,2026-09-06T22:49:31Z,71.7,29.9,4.084,4.595,8.545
2026-09-07T03:50:31Z,2026-09-06T22:50:31Z,71.6,29.9,3.729,4.422,14.451
2026-09-07T03:51:31Z,2026-09-06T22:51:31Z,71.5,29.9,3.98,4.598,9.918
2026-09-07T03:52:31Z,2026-09-06T22:52:31Z,71.7,29.9,4.063,4.727,8.628
2026-09-07T03:53:31Z,2026-09-06T22:53:31Z,71.6,29.9,4.068,4.703,10.429
2026-09-07T03:54:31Z,2026-09-06T22:54:31Z,71.8,29.9,3.838,4.613,13.138
2026-09-07T03:55:31Z,2026-09-06T22:55:31Z,71.7,29.9,3.807,4.426,7.014
2026-09-07T03:56:31Z,2026-09-06T22:56:31Z,71.5,29.9,3.943,4.673,14.141
2026-09-07T03:57:31Z,2026-09-06T22:57:31Z,71.5,29.9,3.883,4.478,5.971
2026-09-07T03:58:31Z,2026-09-06T22:58:31Z,71.5,29.9,3.857,4.602,15.171
2026-09-07T03:59:31Z,2026-09-06T22:59:31Z,71.6,29.8,3.818,4.419,6.896
2026-09-07T04:00:31Z,2026-09-06T23:00:31Z,71.5,29.8,4.002,4.528,5.812
2026-09-07T04:01:31Z,2026-09-06T23:01:31Z,71.8,29.8,3.613,4.161,9.929
2026-09-07T04:02:31Z,2026-09-06T23:02:31Z,71.8,29.8,3.772,4.673,9.829
2026-09-07T04:03:31Z,2026-09-06T23:03:31Z,71.8,29.8,3.963,4.848,10.503
2026-09-07T04:04:32Z,2026-09-06T23:04:32Z,72.0,29.8,3.748,4.336,5.947
2026-09-07T04:05:32Z,2026-09-06T23:05:32Z,71.9,29.8,3.917,4.539,7.03
2026-09-07T04:06:32Z,2026-09-06T23:06:32Z,72.0,29.8,3.794,4.639,15.708
2026-09-07T04:07:32Z,2026-09-06T23:07:32Z,71.8,29.8,4.273,4.986,11.186
2026-09-07T04:08:32Z,2026-09-06T23:08:32Z,71.9,29.8,4.028,4.771,18.741
2026-09-07T04:09:32Z,2026-09-06T23:09:32Z,71.9,29.8,3.975,4.692,19.182
2026-09-07T04:10:32Z,2026-09-06T23:10:32Z,71.8,29.8,4.193,4.919,6.82
2026-09-07T04:11:32Z,2026-09-06T23:11:32Z,71.9,29.8,4.101,4.55,15.157
2026-09-07T04:12:32Z,2026-09-06T23:12:32Z,72.0,29.8,4.057,4.847,10.61
2026-09-07T04:13:32Z,2026-09-06T23:13:32Z,71.8,29.8,4.083,4.765,9.071
2026-09-07T04:14:32Z,2026-09-06T23:14:32Z,71.9,29.8,3.96,4.74,9.026
2026-09-07T04:15:32Z,2026-09-06T23:15:32Z,71.9,29.8,4.084,4.67,7.502
2026-09-07T04:16:32Z,2026-09-06T23:16:32Z,71.8,29.8,4.138,4.913,8.415
2026-09-07T04:17:32Z,2026-09-06T23:17:32Z,71.9,29.8,4.073,5.0,12.928
2026-09-07T04:18:32Z,2026-09-06T23:18:32Z,71.9,29.8,4.117,4.838,19.845
2026-09-07T04:19:32Z,2026-09-06T23:19:32Z,71.9,29.8,4.107,4.761,7.887
2026-09-07T04:20:32Z,2026-09-06T23:20:32Z,71.9,29.8,4.054,4.735,12.383
2026-09-07T04:21:32Z,2026-09-06T23:21:32Z,72.0,29.8,4.084,4.707,14.147
2026-09-07T04:22:32Z,2026-09-06T23:22:32Z,72.2,29.8,3.935,4.646,10.241
2026-09-07T04:23:32Z,2026-09-06T23:23:32Z,72.0,29.8,4.242,5.222,9.286
2026-09-07T04:24:32Z,2026-09-06T23:24:32Z,72.2,29.8,4.23,4.95,15.594
2026-09-07T04:25:32Z,2026-09-06T23:25:32Z,72.2,29.8,4.257,5.18,16.785
2026-09-07T04:26:32Z,2026-09-06T23:26:32Z,72.3,29.8,4.382,5.196,16.04
2026-09-07T04:27:33Z,2026-09-06T23:27:33Z,72.2,29.8,4.254,5.194,10.941
2026-09-07T04:28:33Z,2026-09-06T23:28:33Z,72.4,29.7,4.495,5.619,10.726
2026-09-07T04:29:33Z,2026-09-06T23:29:33Z,72.5,29.7,4.27,5.423,9.647
2026-09-07T04:30:33Z,2026-09-06T23:30:33Z,72.5,29.7,4.127,4.813,11.158
2026-09-07T04:31:33Z,2026-09-06T23:31:33Z,72.4,29.7,4.282,4.957,13.734
2026-09-07T04:32:33Z,2026-09-06T23:32:33Z,72.5,29.7,4.241,4.964,8.013
2026-09-07T04:33:33Z,2026-09-06T23:33:33Z,72.6,29.7,4.193,5.004,10.137
2026-09-07T04:34:33Z,2026-09-06T23:34:33Z,72.6,29.7,4.17,4.951,12.922
2026-09-07T04:35:33Z,2026-09-06T23:35:33Z,72.7,29.7,4.219,5.029,8.134
2026-09-07T04:36:33Z,2026-09-06T23:36:33Z,72.7,29.7,4.199,4.971,9.666
2026-09-07T04:37:33Z,2026-09-06T23:37:33Z,72.9,29.7,4.331,5.008,9.789
2026-09-07T04:38:33Z,2026-09-06T23:38:33Z,72.9,29.7,4.365,5.141,14.001
2026-09-07T04:39:33Z,2026-09-06T23:39:33Z,72.9,29.7,4.162,4.9,20.005
2026-09-07T04:40:30Z,2026-09-06T23:40:30Z,73.0,29.7,4.174,4.937,5.895
2026-09-07T04:41:30Z,2026-09-06T23:41:30Z,73.2,29.6,4.271,5.202,9.521
2026-09-07T04:42:30Z,2026-09-06T23:42:30Z,73.3,29.6,4.36,5.21,13.383
2026-09-07T04:43:30Z,2026-09-06T23:43:30Z,73.3,29.6,4.296,4.929,6.662
2026-09-07T04:44:30Z,2026-09-06T23:44:30Z,73.3,29.6,4.029,4.671,17.911
2026-09-07T04:45:30Z,2026-09-06T23:45:30Z,73.3,29.6,4.127,4.834,14.034
2026-09-07T04:46:30Z,2026-09-06T23:46:30Z,73.3,29.6,4.371,5.053,18.185
2026-09-07T04:47:30Z,2026-09-06T23:47:30Z,73.5,29.6,4.452,5.284,26.364
2026-09-07T04:48:30Z,2026-09-06T23:48:30Z,73.4,29.6,4.148,4.926,17.019
2026-09-07T04:49:30Z,2026-09-06T23:49:30Z,73.6,29.6,4.215,4.971,14.684
2026-09-07T04:50:30Z,2026-09-06T23:50:30Z,73.6,29.6,4.635,5.595,17.541
2026-09-07T04:51:30Z,2026-09-06T23:51:30Z,73.6,29.5,4.496,5.327,15.971
2026-09-07T04:52:30Z,2026-09-06T23:52:30Z,73.7,29.5,4.23,5.046,19.541
2026-09-07T04:53:30Z,2026-09-06T23:53:30Z,73.7,29.5,4.23,5.296,11.966
2026-09-07T04:54:30Z,2026-09-06T23:54:30Z,74.0,29.5,4.267,4.937,17.657
2026-09-07T04:55:31Z,2026-09-06T23:55:31Z,74.0,29.5,4.462,5.113,17.477
2026-09-07T04:56:31Z,2026-09-06T23:56:31Z,74.1,29.5,4.335,5.045,15.005
2026-09-07T04:57:31Z,2026-09-06T23:57:31Z,74.1,29.5,4.449,5.235,12.824
2026-09-07T04:58:31Z,2026-09-06T23:58:31Z,74.2,29.5,4.089,5.031,11.006
2026-09-07T04:59:31Z,2026-09-06T23:59:31Z,74.2,29.5,4.44,5.354,11.146
2026-09-07T05:00:31Z,2026-09-07T00:00:31Z,74.4,29.5,4.515,5.345,16.989
2026-09-07T05:01:31Z,2026-09-07T00:01:31Z,74.4,29.5,4.382,5.011,9.692
2026-09-07T05:02:31Z,2026-09-07T00:02:31Z,74.4,29.5,4.477,5.271,9.426
2026-09-07T05:03:31Z,2026-09-07T00:03:31Z,74.5,29.5,4.296,5.119,14.65
2026-09-07T05:04:31Z,2026-09-07T00:04:31Z,74.5,29.4,4.245,5.665,17.334
2026-09-07T05:05:31Z,2026-09-07T00:05:31Z,74.6,29.4,4.427,5.211,12.498
2026-09-07T05:06:31Z,2026-09-07T00:06:31Z,74.6,29.4,4.281,5.121,17.084
2026-09-07T05:07:31Z,2026-09-07T00:07:31Z,74.7,29.4,4.447,5.649,28.32
2026-09-07T05:08:31Z,2026-09-07T00:08:31Z,74.8,29.4,4.889,5.897,34.467
2026-09-07T05:09:31Z,2026-09-07T00:09:31Z,74.8,29.4,4.42,5.379,16.068
2026-09-07T05:10:31Z,2026-09-07T00:10:31Z,74.9,29.4,4.3,5.202,11.565
2026-09-07T05:11:31Z,2026-09-07T00:11:31Z,74.9,29.4,4.538,5.426,12.11
2026-09-07T05:12:31Z,2026-09-07T00:12:31Z,74.9,29.4,4.538,5.458,18.711
2026-09-07T05:13:31Z,2026-09-07T00:13:31Z,74.9,29.4,4.504,5.61,14.795
2026-09-07T05:14:31Z,2026-09-07T00:14:31Z,75.1,29.4,4.606,5.549,10.969
2026-09-07T05:15:31Z,2026-09-07T00:15:31Z,75.1,29.4,4.297,5.182,16.328
2026-09-07T05:16:31Z,2026-09-07T00:16:31Z,75.3,29.3,4.417,5.347,18.628
2026-09-07T05:17:31Z,2026-09-07T00:17:31Z,75.2,29.3,4.422,5.426,22.777
2026-09-07T05:18:31Z,2026-09-07T00:18:31Z,75.3,29.3,4.263,5.06,13.18
2026-09-07T05:19:31Z,2026-09-07T00:19:31Z,75.4,29.3,4.332,5.322,24.799
2026-09-07T05:20:31Z,2026-09-07T00:20:31Z,75.3,29.3,4.317,5.185,12.299
2026-09-07T05:21:32Z,2026-09-07T00:21:32Z,75.6,29.3,4.592,5.392,23.385
2026-09-07T05:22:32Z,2026-09-07T00:22:32Z,75.5,29.3,4.388,5.259,10.924
2026-09-07T05:23:32Z,2026-09-07T00:23:32Z,75.7,29.3,4.065,4.98,15.279
2026-09-07T05:24:32Z,2026-09-07T00:24:32Z,75.7,29.3,4.489,5.328,18.085
2026-09-07T05:25:32Z,2026-09-07T00:25:32Z,75.8,29.3,4.611,5.642,25.028
2026-09-07T05:26:32Z,2026-09-07T00:26:32Z,75.9,29.3,4.393,5.301,17.552
2026-09-07T05:27:32Z,2026-09-07T00:27:32Z,76.1,29.3,4.535,5.433,24.098
2026-09-07T05:28:32Z,2026-09-07T00:28:32Z,75.8,29.2,4.425,5.284,18.554
2026-09-07T05:29:32Z,2026-09-07T00:29:32Z,75.9,29.2,4.23,5.387,19.479
2026-09-07T05:30:32Z,2026-09-07T00:30:32Z,75.9,29.2,4.308,5.403,22.985
2026-09-07T05:31:32Z,2026-09-07T00:31:32Z,75.9,29.2,4.299,5.302,22.35
2026-09-07T05:32:32Z,2026-09-07T00:32:32Z,76.0,29.2,4.628,5.822,29.418
2026-09-07T05:33:32Z,2026-09-07T00:33:32Z,76.1,29.2,4.385,5.397,31.395
2026-09-07T05:34:32Z,2026-09-07T00:34:32Z,76.2,29.2,4.321,5.281,12.071
2026-09-07T05:35:32Z,2026-09-07T00:35:32Z,76.2,29.2,4.23,5.355,11.73
2026-09-07T05:36:32Z,2026-09-07T00:36:32Z,76.4,29.2,4.163,5.222,9.114
2026-09-07T05:37:32Z,2026-09-07T00:37:32Z,76.5,29.2,4.317,5.333,11.657
2026-09-07T05:38:32Z,2026-09-07T00:38:32Z,76.4,29.2,4.375,5.09,20.072
2026-09-07T05:39:32Z,2026-09-07T00:39:32Z,76.5,29.2,4.227,5.224,19.683
2026-09-07T05:40:32Z,2026-09-07T00:40:32Z,76.5,29.2,4.101,5.228,10.389
2026-09-07T05:41:32Z,2026-09-07T00:41:32Z,76.5,29.2,4.39,5.214,25.331
2026-09-07T05:42:32Z,2026-09-07T00:42:32Z,76.5,29.2,4.442,5.506,14.728
2026-09-07T05:43:33Z,2026-09-07T00:43:33Z,76.6,29.2,4.533,5.736,10.81
2026-09-07T05:44:33Z,2026-09-07T00:44:33Z,76.7,29.1,4.267,5.365,19.603
2026-09-07T05:45:33Z,2026-09-07T00:45:33Z,76.7,29.1,4.372,5.263,39.762
2026-09-07T05:46:33Z,2026-09-07T00:46:33Z,76.6,29.1,4.275,5.093,19.591
2026-09-07T05:47:33Z,2026-09-07T00:47:33Z,76.7,29.1,3.988,4.892,13.788
2026-09-07T05:48:33Z,2026-09-07T00:48:33Z,76.8,29.1,4.136,5.147,24.202
2026-09-07T05:49:33Z,2026-09-07T00:49:33Z,76.8,29.1,4.578,5.548,23.723
2026-09-07T05:50:33Z,2026-09-07T00:50:33Z,76.8,29.1,4.081,4.981,18.827
2026-09-07T05:51:33Z,2026-09-07T00:51:33Z,76.9,29.1,4.359,5.113,11.911
2026-09-07T05:52:33Z,2026-09-07T00:52:33Z,76.9,29.1,4.367,5.298,10.956
2026-09-07T05:53:33Z,2026-09-07T00:53:33Z,77.0,29.1,4.437,5.563,11.527
2026-09-07T05:54:33Z,2026-09-07T00:54:33Z,77.0,29.1,4.258,5.315,17.079
2026-09-07T05:55:30Z,2026-09-07T00:55:30Z,77.0,29.1,4.323,5.163,20.005
2026-09-07T05:56:30Z,2026-09-07T00:56:30Z,77.1,29.1,4.019,4.825,15.294
2026-09-07T05:57:30Z,2026-09-07T00:57:30Z,77.2,29.1,4.055,5.056,26.146
2026-09-07T05:58:30Z,2026-09-07T00:58:30Z,77.2,29.0,4.475,5.525,23.666
2026-09-07T05:59:30Z,2026-09-07T00:59:30Z,77.2,29.0,4.157,5.121,22.487
2026-09-07T06:00:30Z,2026-09-07T01:00:30Z,77.3,29.0,4.067,5.278,24.047
2026-09-07T06:01:30Z,2026-09-07T01:01:30Z,77.4,29.0,4.246,5.237,11.202
2026-09-07T06:02:30Z,2026-09-07T01:02:30Z,77.4,29.0,4.303,5.299,18.103
2026-09-07T06:03:30Z,2026-09-07T01:03:30Z,77.5,29.0,4.612,5.673,19.49
2026-09-07T06:04:30Z,2026-09-07T01:04:30Z,77.6,29.0,4.581,5.691,39.808
2026-09-07T06:05:30Z,2026-09-07T01:05:30Z,77.6,29.0,4.237,5.445,18.613
2026-09-07T06:06:30Z,2026-09-07T01:06:30Z,77.7,29.0,4.394,5.422,20.927
2026-09-07T06:07:30Z,2026-09-07T01:07:30Z,77.7,29.0,4.222,5.333,21.908
2026-09-07T06:08:31Z,2026-09-07T01:08:31Z,77.7,29.0,4.558,5.537,16.324
2026-09-07T06:09:31Z,2026-09-07T01:09:31Z,77.8,29.0,4.435,5.48,12.033
2026-09-07T06:10:31Z,2026-09-07T01:10:31Z,77.8,29.0,4.286,5.511,27.644
2026-09-07T06:11:31Z,2026-09-07T01:11:31Z,77.8,29.0,4.351,5.151,30.355
2026-09-07T06:12:31Z,2026-09-07T01:12:31Z,77.9,28.9,4.315,5.473,15.094
2026-09-07T06:13:31Z,2026-09-07T01:13:31Z,77.9,28.9,4.308,5.298,23.179
2026-09-07T06:14:31Z,2026-09-07T01:14:31Z,77.9,28.9,4.305,5.391,18.017
2026-09-07T06:15:31Z,2026-09-07T01:15:31Z,78.1,28.9,4.14,5.265,12.659
2026-09-07T06:16:31Z,2026-09-07T01:16:31Z,78.0,28.9,4.277,5.444,25.97
2026-09-07T06:17:31Z,2026-09-07T01:17:31Z,77.9,28.9,4.225,5.168,11.231
2026-09-07T06:18:31Z,2026-09-07T01:18:31Z,78.0,28.9,4.152,5.268,24.028
2026-09-07T06:19:31Z,2026-09-07T01:19:31Z,78.0,28.9,4.386,5.358,29.34
2026-09-07T06:20:31Z,2026-09-07T01:20:31Z,78.1,28.9,4.063,5.116,22.407
2026-09-07T06:21:31Z,2026-09-07T01:21:31Z,78.2,28.8,4.156,5.321,29.133
2026-09-07T06:22:31Z,2026-09-07T01:22:31Z,78.3,28.8,4.371,5.325,21.882
2026-09-07T06:23:31Z,2026-09-07T01:23:31Z,78.3,28.8,4.335,5.484,19.447
2026-09-07T06:24:31Z,2026-09-07T01:24:31Z,78.4,28.8,4.459,5.364,19.97
2026-09-07T06:25:31Z,2026-09-07T01:25:31Z,78.6,28.8,4.175,5.458,18.895
2026-09-07T06:26:31Z,2026-09-07T01:26:31Z,78.6,28.8,4.127,5.237,12.997
2026-09-07T06:27:31Z,2026-09-07T01:27:31Z,78.7,28.8,4.177,5.373,17.744
2026-09-07T06:28:31Z,2026-09-07T01:28:31Z,78.8,28.8,4.099,5.159,16.743
2026-09-07T06:29:31Z,2026-09-07T01:29:31Z,78.9,28.8,4.268,5.105,29.909
2026-09-07T06:30:31Z,2026-09-07T01:30:31Z,79.1,28.7,4.054,5.041,27.068
2026-09-07T06:31:31Z,2026-09-07T01:31:31Z,79.1,28.7,4.105,5.604,14.188
2026-09-07T06:32:32Z,2026-09-07T01:32:32Z,79.2,28.7,4.475,5.733,38.004
2026-09-07T06:33:32Z,2026-09-07T01:33:32Z,79.3,28.7,4.38,5.351,15.739
2026-09-07T06:34:32Z,2026-09-07T01:34:32Z,79.3,28.7,4.624,5.971,26.03
2026-09-07T06:35:32Z,2026-09-07T01:35:32Z,79.4,28.7,4.396,5.894,17.499
2026-09-07T06:36:32Z,2026-09-07T01:36:32Z,79.5,28.7,4.292,5.398,17.845
2026-09-07T06:37:32Z,2026-09-07T01:37:32Z,79.5,28.7,4.697,5.8,19.195
2026-09-07T06:38:32Z,2026-09-07T01:38:32Z,79.6,28.7,4.312,5.402,18.41
2026-09-07T06:39:32Z,2026-09-07T01:39:32Z,79.7,28.7,4.629,5.815,13.041
2026-09-07T06:40:32Z,2026-09-07T01:40:32Z,79.8,28.6,4.923,6.37,17.571
2026-09-07T06:41:32Z,2026-09-07T01:41:32Z,79.8,28.6,4.609,5.821,17.545
2026-09-07T06:42:32Z,2026-09-07T01:42:32Z,79.8,28.6,4.893,6.086,16.856
2026-09-07T06:43:32Z,2026-09-07T01:43:32Z,79.9,28.6,4.903,5.864,18.883
2026-09-07T06:44:32Z,2026-09-07T01:44:32Z,80.1,28.6,4.922,6.296,15.908
2026-09-07T06:45:32Z,2026-09-07T01:45:32Z,80.1,28.6,5.118,6.353,16.744
2026-09-07T06:46:32Z,2026-09-07T01:46:32Z,80.2,28.6,4.813,6.059,24.349
2026-09-07T06:47:32Z,2026-09-07T01:47:32Z,80.3,28.6,4.907,6.359,22.506
2026-09-07T06:48:32Z,2026-09-07T01:48:32Z,80.4,28.6,4.859,6.402,31.319
2026-09-07T06:49:32Z,2026-09-07T01:49:32Z,80.4,28.6,4.979,6.322,15.665
2026-09-07T06:50:32Z,2026-09-07T01:50:32Z,80.5,28.6,4.552,5.906,18.519
2026-09-07T06:51:32Z,2026-09-07T01:51:32Z,80.7,28.6,4.621,5.85,22.932
2026-09-07T06:52:33Z,2026-09-07T01:52:33Z,80.7,28.6,4.574,5.706,15.846
2026-09-07T06:53:33Z,2026-09-07T01:53:33Z,80.7,28.6,4.326,5.628,27.452
2026-09-07T06:54:33Z,2026-09-07T01:54:33Z,80.8,28.6,4.348,5.52,20.99
2026-09-07T06:55:33Z,2026-09-07T01:55:33Z,80.9,28.5,4.417,5.425,16.177
2026-09-07T06:56:33Z,2026-09-07T01:56:33Z,81.0,28.5,4.472,5.88,22.867
2026-09-07T06:57:33Z,2026-09-07T01:57:33Z,81.1,28.5,4.02,5.311,20.433
2026-09-07T06:58:33Z,2026-09-07T01:58:33Z,81.1,28.5,4.12,5.421,28.064
2026-09-07T06:59:33Z,2026-09-07T01:59:33Z,81.3,28.5,4.136,5.388,19.087
2026-09-07T07:00:33Z,2026-09-07T02:00:33Z,81.2,28.5,4.08,5.311,33.502
2026-09-07T07:01:33Z,2026-09-07T02:01:33Z,81.2,28.5,4.301,5.217,24.628
2026-09-07T07:02:33Z,2026-09-07T02:02:33Z,81.3,28.5,3.766,4.78,26.394
2026-09-07T07:03:33Z,2026-09-07T02:03:33Z,81.3,28.5,4.057,5.321,31.391
2026-09-07T07:04:33Z,2026-09-07T02:04:33Z,81.3,28.5,4.032,5.258,18.979
2026-09-07T07:05:30Z,2026-09-07T02:05:30Z,81.3,28.5,4.056,5.341,19.452
2026-09-07T07:06:30Z,2026-09-07T02:06:30Z,81.2,28.5,3.996,5.081,30.124
2026-09-07T07:07:30Z,2026-09-07T02:07:30Z,81.1,28.5,4.045,5.442,17.479
2026-09-07T07:08:30Z,2026-09-07T02:08:30Z,81.1,28.5,4.033,5.3,17.385
2026-09-07T07:09:30Z,2026-09-07T02:09:30Z,81.1,28.5,4.404,5.709,25.842
2026-09-07T07:10:30Z,2026-09-07T02:10:30Z,81.2,28.5,4.105,5.189,44.652
2026-09-07T07:11:30Z,2026-09-07T02:11:30Z,81.3,28.5,4.23,5.473,16.958
2026-09-07T07:12:30Z,2026-09-07T02:12:30Z,81.3,28.5,4.21,5.437,13.268
2026-09-07T07:13:30Z,2026-09-07T02:13:30Z,81.4,28.5,3.907,5.033,31.122
2026-09-07T07:14:30Z,2026-09-07T02:14:30Z,81.5,28.5,4.024,5.295,22.229
2026-09-07T07:15:30Z,2026-09-07T02:15:30Z,81.6,28.5,3.929,5.077,21.952
2026-09-07T07:16:30Z,2026-09-07T02:16:30Z,81.6,28.5,3.859,5.002,35.313
2026-09-07T07:17:30Z,2026-09-07T02:17:30Z,81.6,28.5,3.963,5.135,18.706
2026-09-07T07:18:30Z,2026-09-07T02:18:30Z,81.6,28.5,3.85,5.205,26.665
2026-09-07T07:19:31Z,2026-09-07T02:19:31Z,81.6,28.5,4.002,5.169,19.122
2026-09-07T07:20:31Z,2026-09-07T02:20:31Z,81.7,28.5,3.99,5.042,24.771
2026-09-07T07:21:31Z,2026-09-07T02:21:31Z,81.7,28.5,3.772,5.035,34.147
2026-09-07T07:22:31Z,2026-09-07T02:22:31Z,81.7,28.5,4.023,5.264,34.63
2026-09-07T07:23:31Z,2026-09-07T02:23:31Z,81.8,28.5,3.933,5.0,20.91
2026-09-07T07:24:31Z,2026-09-07T02:24:31Z,81.7,28.5,3.899,4.831,24.694
2026-09-07T07:25:31Z,2026-09-07T02:25:31Z,81.7,28.5,4.114,5.242,20.259
2026-09-07T07:26:31Z,2026-09-07T02:26:31Z,81.7,28.5,3.602,4.847,21.805
2026-09-07T07:27:31Z,2026-09-07T02:27:31Z,81.8,28.5,3.711,4.793,16.0
2026-09-07T07:28:31Z,2026-09-07T02:28:31Z,81.8,28.5,4.004,5.258,16.617
2026-09-07T07:29:31Z,2026-09-07T02:29:31Z,81.8,28.5,3.881,5.17,19.0
2026-09-07T07:30:31Z,2026-09-07T02:30:31Z,81.7,28.5,3.809,5.181,21.513
2026-09-07T07:31:31Z,2026-09-07T02:31:31Z,81.7,28.5,3.962,5.093,10.32
2026-09-07T07:32:31Z,2026-09-07T02:32:31Z,81.7,28.5,3.899,4.86,27.071
2026-09-07T07:33:31Z,2026-09-07T02:33:31Z,81.7,28.5,3.91,5.316,17.289
2026-09-07T07:34:31Z,2026-09-07T02:34:31Z,81.6,28.5,3.929,5.005,26.283
2026-09-07T07:35:31Z,2026-09-07T02:35:31Z,81.7,28.5,3.786,5.16,31.272
2026-09-07T07:36:31Z,2026-09-07T02:36:31Z,81.7,28.5,3.906,5.494,26.646
2026-09-07T07:37:32Z,2026-09-07T02:37:32Z,81.7,28.5,4.022,5.068,36.11
2026-09-07T07:38:32Z,2026-09-07T02:38:32Z,81.8,28.5,4.079,5.551,13.474
2026-09-07T07:39:32Z,2026-09-07T02:39:32Z,81.8,28.5,3.621,4.97,13.181
2026-09-07T07:40:32Z,2026-09-07T02:40:32Z,81.8,28.5,4.007,5.207,22.651
2026-09-07T07:41:32Z,2026-09-07T02:41:32Z,81.8,28.5,3.871,5.121,13.401
2026-09-07T07:42:32Z,2026-09-07T02:42:32Z,81.8,28.5,4.068,5.138,14.922
2026-09-07T07:43:32Z,2026-09-07T02:43:32Z,81.8,28.5,3.392,4.407,17.148
2026-09-07T07:44:32Z,2026-09-07T02:44:32Z,81.9,28.5,4.114,5.498,28.449
2026-09-07T07:45:32Z,2026-09-07T02:45:32Z,81.9,28.5,3.674,4.813,17.984
2026-09-07T07:46:32Z,2026-09-07T02:46:32Z,81.9,28.5,3.638,4.821,13.588
2026-09-07T07:47:32Z,2026-09-07T02:47:32Z,82.0,28.5,3.746,5.019,43.546
2026-09-07T07:48:32Z,2026-09-07T02:48:32Z,82.0,28.5,3.905,5.099,26.089
2026-09-07T07:49:32Z,2026-09-07T02:49:32Z,82.0,28.5,3.676,5.117,13.918
2026-09-07T07:50:32Z,2026-09-07T02:50:32Z,82.0,28.5,3.851,5.09,16.918
2026-09-07T07:51:32Z,2026-09-07T02:51:32Z,82.0,28.5,4.075,5.575,11.7
2026-09-07T07:52:32Z,2026-09-07T02:52:32Z,82.0,28.4,3.634,4.814,26.971
2026-09-07T07:53:32Z,2026-09-07T02:53:32Z,82.0,28.4,3.613,4.886,32.087
2026-09-07T07:54:32Z,2026-09-07T02:54:32Z,82.0,28.4,3.816,4.929,16.628
2026-09-07T07:55:32Z,2026-09-07T02:55:32Z,82.0,28.4,3.972,5.011,31.72
2026-09-07T07:56:32Z,2026-09-07T02:56:32Z,82.0,28.4,3.957,5.109,20.285
2026-09-07T07:57:32Z,2026-09-07T02:57:32Z,82.1,28.4,3.778,4.624,30.832
2026-09-07T07:58:33Z,2026-09-07T02:58:33Z,82.0,28.4,4.056,5.187,28.626
2026-09-07T07:59:33Z,2026-09-07T02:59:33Z,82.1,28.4,3.658,5.177,32.251
2026-09-07T08:00:33Z,2026-09-07T03:00:33Z,82.1,28.4,3.78,5.118,20.88
2026-09-07T08:01:33Z,2026-09-07T03:01:33Z,82.1,28.4,3.833,5.037,20.373
2026-09-07T08:02:33Z,2026-09-07T03:02:33Z,82.0,28.4,3.985,5.145,26.206
2026-09-07T08:03:33Z,2026-09-07T03:03:33Z,82.1,28.4,4.007,5.278,32.193
2026-09-07T08:04:33Z,2026-09-07T03:04:33Z,82.1,28.4,3.895,4.921,24.241
2026-09-07T08:05:33Z,2026-09-07T03:05:33Z,82.1,28.4,3.898,5.368,30.262
2026-09-07T08:06:33Z,2026-09-07T03:06:33Z,82.1,28.4,3.84,5.167,22.875
2026-09-07T08:07:33Z,2026-09-07T03:07:33Z,82.1,28.4,3.84,5.079,18.455
2026-09-07T08:08:33Z,2026-09-07T03:08:33Z,82.1,28.4,3.88,4.944,26.979
2026-09-07T08:09:33Z,2026-09-07T03:09:33Z,82.1,28.4,3.752,4.642,26.087
2026-09-07T08:10:33Z,2026-09-07T03:10:33Z,82.1,28.4,3.773,5.25,30.464
2026-09-07T08:11:33Z,2026-09-07T03:11:33Z,82.1,28.4,3.818,4.969,23.404
2026-09-07T08:12:33Z,2026-09-07T03:12:33Z,82.1,28.4,3.916,4.946,22.571
2026-09-07T08:13:33Z,2026-09-07T03:13:33Z,82.2,28.4,3.767,5.003,21.156
2026-09-07T08:14:33Z,2026-09-07T03:14:33Z,82.2,28.4,3.777,4.96,37.301
2026-09-07T08:15:30Z,2026-09-07T03:15:30Z,82.2,28.4,3.673,4.93,15.324
2026-09-07T08:16:30Z,2026-09-07T03:16:30Z,82.2,28.4,3.651,5.155,15.52
2026-09-07T08:17:30Z,2026-09-07T03:17:30Z,82.2,28.4,3.685,4.9,34.239
2026-09-07T08:18:30Z,2026-09-07T03:18:30Z,82.2,28.4,3.812,4.847,16.747
2026-09-07T08:19:30Z,2026-09-07T03:19:30Z,82.2,28.4,3.829,5.093,25.619
2026-09-07T08:20:30Z,2026-09-07T03:20:30Z,82.2,28.4,3.764,4.987,14.964
2026-09-07T08:21:30Z,2026-09-07T03:21:30Z,82.2,28.4,3.686,4.936,15.692
2026-09-07T08:22:30Z,2026-09-07T03:22:30Z,82.3,28.4,3.846,5.106,15.262
2026-09-07T08:23:30Z,2026-09-07T03:23:30Z,82.3,28.4,3.908,4.973,20.396
2026-09-07T08:24:30Z,2026-09-07T03:24:30Z,82.3,28.4,3.837,4.993,16.054
2026-09-07T08:25:30Z,2026-09-07T03:25:30Z,82.3,28.4,4.058,5.365,15.894
2026-09-07T08:26:31Z,2026-09-07T03:26:31Z,82.2,28.4,3.841,4.893,25.633
2026-09-07T08:27:31Z,2026-09-07T03:27:31Z,82.2,28.4,3.891,5.228,22.16
2026-09-07T08:28:31Z,2026-09-07T03:28:31Z,82.3,28.3,3.916,5.077,18.189
2026-09-07T08:29:31Z,2026-09-07T03:29:31Z,82.3,28.3,3.917,5.315,15.659
2026-09-07T08:30:31Z,2026-09-07T03:30:31Z,82.3,28.3,3.817,4.696,21.902
2026-09-07T08:31:31Z,2026-09-07T03:31:31Z,82.3,28.3,3.877,4.963,12.121
2026-09-07T08:32:31Z,2026-09-07T03:32:31Z,82.3,28.3,3.838,4.979,17.329
2026-09-07T08:33:31Z,2026-09-07T03:33:31Z,82.3,28.3,3.685,5.006,18.577
2026-09-07T08:34:31Z,2026-09-07T03:34:31Z,82.3,28.3,3.908,5.371,23.373
2026-09-07T08:35:31Z,2026-09-07T03:35:31Z,82.3,28.3,4.172,5.263,34.325
2026-09-07T08:36:31Z,2026-09-07T03:36:31Z,82.4,28.3,3.854,5.15,11.138
2026-09-07T08:37:31Z,2026-09-07T03:37:31Z,82.4,28.3,3.872,4.996,20.236
2026-09-07T08:38:31Z,2026-09-07T03:38:31Z,82.4,28.3,3.842,5.533,26.468
2026-09-07T08:39:31Z,2026-09-07T03:39:31Z,82.4,28.3,3.834,4.919,18.869
2026-09-07T08:40:31Z,2026-09-07T03:40:31Z,82.4,28.3,3.835,4.901,26.097
2026-09-07T08:41:31Z,2026-09-07T03:41:31Z,82.4,28.3,4.01,5.495,21.708
2026-09-07T08:42:31Z,2026-09-07T03:42:31Z,82.5,28.3,3.992,5.247,18.18
2026-09-07T08:43:32Z,2026-09-07T03:43:32Z,82.5,28.3,3.908,5.109,9.509
2026-09-07T08:44:32Z,2026-09-07T03:44:32Z,82.5,28.3,3.919,4.779,36.066
2026-09-07T08:45:32Z,2026-09-07T03:45:32Z,82.5,28.3,3.826,5.121,22.687
2026-09-07T08:46:32Z,2026-09-07T03:46:32Z,82.5,28.3,3.936,4.92,22.588
2026-09-07T08:47:32Z,2026-09-07T03:47:32Z,82.5,28.3,3.987,5.151,22.337
2026-09-07T08:48:32Z,2026-09-07T03:48:32Z,82.5,28.3,3.927,5.608,26.899
2026-09-07T08:49:32Z,2026-09-07T03:49:32Z,82.6,28.3,3.77,5.128,23.118
2026-09-07T08:50:32Z,2026-09-07T03:50:32Z,82.5,28.3,4.023,5.107,21.557
2026-09-07T08:51:32Z,2026-09-07T03:51:32Z,82.6,28.3,3.827,5.426,35.864
2026-09-07T08:52:32Z,2026-09-07T03:52:32Z,82.6,28.3,3.958,5.084,25.064
2026-09-07T08:53:32Z,2026-09-07T03:53:32Z,82.7,28.3,3.759,4.929,19.139
2026-09-07T08:54:32Z,2026-09-07T03:54:32Z,82.6,28.3,4.035,4.954,24.889
2026-09-07T08:55:32Z,2026-09-07T03:55:32Z,82.7,28.3,4.128,5.675,17.674
2026-09-07T08:56:32Z,2026-09-07T03:56:32Z,82.7,28.3,4.138,5.145,27.371
2026-09-07T08:57:32Z,2026-09-07T03:57:32Z,82.7,28.3,3.872,4.952,14.976
2026-09-07T08:58:32Z,2026-09-07T03:58:32Z,82.7,28.3,3.86,5.056,27.584
2026-09-07T08:59:32Z,2026-09-07T03:59:32Z,82.7,28.3,4.084,5.479,17.544
2026-09-07T09:00:32Z,2026-09-07T04:00:32Z,82.8,28.3,3.837,4.918,21.363
2026-09-07T09:01:33Z,2026-09-07T04:01:33Z,82.7,28.3,4.328,5.723,17.245
2026-09-07T09:02:33Z,2026-09-07T04:02:33Z,82.7,28.3,3.702,4.916,19.912
2026-09-07T09:03:33Z,2026-09-07T04:03:33Z,82.7,28.3,4.134,5.521,20.742
2026-09-07T09:04:33Z,2026-09-07T04:04:33Z,82.7,28.3,3.745,4.657,20.842
2026-09-07T09:05:33Z,2026-09-07T04:05:33Z,82.7,28.3,3.887,5.29,26.194
2026-09-07T09:06:33Z,2026-09-07T04:06:33Z,82.9,28.3,4.03,5.46,14.372
2026-09-07T09:07:33Z,2026-09-07T04:07:33Z,82.9,28.3,4.093,5.166,17.866
2026-09-07T09:08:33Z,2026-09-07T04:08:33Z,83.1,28.3,3.686,4.681,16.113
2026-09-07T09:09:33Z,2026-09-07T04:09:33Z,83.1,28.2,4.011,5.231,21.473
2026-09-07T09:10:33Z,2026-09-07T04:10:33Z,83.0,28.2,4.201,5.573,16.421
2026-09-07T09:11:33Z,2026-09-07T04:11:33Z,82.9,28.2,3.82,5.109,15.78
2026-09-07T09:12:33Z,2026-09-07T04:12:33Z,82.9,28.2,3.878,5.239,27.821
2026-09-07T09:13:33Z,2026-09-07T04:13:33Z,83.0,28.2,3.995,5.285,14.985
2026-09-07T09:14:33Z,2026-09-07T04:14:33Z,83.0,28.2,4.024,5.135,24.925
2026-09-07T09:15:33Z,2026-09-07T04:15:33Z,83.1,28.2,3.925,5.415,23.099
2026-09-07T09:16:33Z,2026-09-07T04:16:33Z,83.2,28.2,4.095,5.497,17.77
2026-09-07T09:17:33Z,2026-09-07T04:17:33Z,83.3,28.2,4.022,5.161,20.885
2026-09-07T09:18:33Z,2026-09-07T04:18:33Z,83.3,28.2,3.899,4.955,38.972
2026-09-07T09:19:33Z,2026-09-07T04:19:33Z,83.4,28.2,4.08,5.492,27.778
2026-09-07T09:20:30Z,2026-09-07T04:20:30Z,83.4,28.2,4.07,5.123,22.248
2026-09-07T09:21:30Z,2026-09-07T04:21:30Z,83.4,28.2,3.765,4.86,15.331
2026-09-07T09:22:30Z,2026-09-07T04:22:30Z,83.4,28.2,4.071,5.119,13.373
2026-09-07T09:23:30Z,2026-09-07T04:23:30Z,83.4,28.2,3.995,5.138,17.684
2026-09-07T09:24:30Z,2026-09-07T04:24:30Z,83.5,28.2,3.836,4.977,23.601
2026-09-07T09:25:30Z,2026-09-07T04:25:30Z,83.4,28.2,4.114,5.107,16.599
2026-09-07T09:26:30Z,2026-09-07T04:26:30Z,83.5,28.1,3.871,4.851,19.884
2026-09-07T09:27:30Z,2026-09-07T04:27:30Z,83.6,28.1,3.696,4.98,24.647
2026-09-07T09:28:31Z,2026-09-07T04:28:31Z,83.6,28.1,3.659,4.838,19.301
2026-09-07T09:29:31Z,2026-09-07T04:29:31Z,83.7,28.1,4.045,5.506,14.135
2026-09-07T09:30:31Z,2026-09-07T04:30:31Z,83.7,28.1,4.059,5.214,23.362
2026-09-07T09:31:31Z,2026-09-07T04:31:31Z,83.7,28.1,3.93,5.395,18.958
2026-09-07T09:32:31Z,2026-09-07T04:32:31Z,83.8,28.1,3.908,5.297,29.921
2026-09-07T09:33:31Z,2026-09-07T04:33:31Z,83.8,28.1,3.893,5.22,20.392
2026-09-07T09:34:31Z,2026-09-07T04:34:31Z,83.8,28.1,3.835,5.081,23.985
2026-09-07T09:35:31Z,2026-09-07T04:35:31Z,83.9,28.1,3.806,4.926,13.226
2026-09-07T09:36:31Z,2026-09-07T04:36:31Z,83.9,28.1,3.696,5.02,18.624
2026-09-07T09:37:31Z,2026-09-07T04:37:31Z,84.0,28.1,3.992,5.447,16.97
2026-09-07T09:38:31Z,2026-09-07T04:38:31Z,84.0,28.1,3.94,4.921,17.897
2026-09-07T09:39:31Z,2026-09-07T04:39:31Z,84.0,28.1,4.019,5.461,11.06
2026-09-07T09:40:31Z,2026-09-07T04:40:31Z,84.1,28.1,4.104,5.111,16.839
2026-09-07T09:41:31Z,2026-09-07T04:41:31Z,84.0,28.1,3.91,5.221,13.166
2026-09-07T09:42:31Z,2026-09-07T04:42:31Z,84.0,28.1,4.063,5.495,32.757
2026-09-07T09:43:31Z,2026-09-07T04:43:31Z,84.0,28.1,4.027,5.219,23.057
2026-09-07T09:44:31Z,2026-09-07T04:44:31Z,84.0,28.1,3.975,5.278,21.642
2026-09-07T09:45:31Z,2026-09-07T04:45:31Z,84.1,28.1,3.65,5.072,21.139
2026-09-07T09:46:31Z,2026-09-07T04:46:31Z,84.1,28.1,4.093,5.341,17.456
2026-09-07T09:47:31Z,2026-09-07T04:47:31Z,84.1,28.1,3.846,5.125,16.682
2026-09-07T09:48:32Z,2026-09-07T04:48:32Z,84.1,28.1,4.125,5.551,12.194
2026-09-07T09:49:32Z,2026-09-07T04:49:32Z,84.1,28.1,3.763,5.334,19.006
2026-09-07T09:50:32Z,2026-09-07T04:50:32Z,84.1,28.1,4.06,5.219,35.496
2026-09-07T09:51:32Z,2026-09-07T04:51:32Z,84.1,28.1,3.897,5.403,21.651
2026-09-07T09:52:32Z,2026-09-07T04:52:32Z,84.2,28.1,3.897,5.478,23.042
2026-09-07T09:53:32Z,2026-09-07T04:53:32Z,84.1,28.1,4.071,5.245,17.131
2026-09-07T09:54:32Z,2026-09-07T04:54:32Z,84.1,28.1,3.855,4.919,29.831
2026-09-07T09:55:32Z,2026-09-07T04:55:32Z,84.1,28.1,4.197,5.761,24.547
2026-09-07T09:56:32Z,2026-09-07T04:56:32Z,84.0,28.1,4.113,5.348,15.862
2026-09-07T09:57:32Z,2026-09-07T04:57:32Z,83.9,28.1,4.047,5.357,10.691
2026-09-07T09:58:32Z,2026-09-07T04:58:32Z,83.9,28.1,4.215,5.572,26.719
2026-09-07T09:59:32Z,2026-09-07T04:59:32Z,83.9,28.1,4.027,5.478,28.429
2026-09-07T10:00:32Z,2026-09-07T05:00:32Z,83.8,28.1,4.185,5.295,19.051
2026-09-07T10:01:32Z,2026-09-07T05:01:32Z,83.8,28.2,4.356,5.46,30.619
2026-09-07T10:02:32Z,2026-09-07T05:02:32Z,83.8,28.2,4.166,5.543,41.012
2026-09-07T10:03:32Z,2026-09-07T05:03:32Z,83.7,28.2,4.035,5.339,22.318
2026-09-07T10:04:32Z,2026-09-07T05:04:32Z,83.7,28.2,3.993,5.414,26.128
2026-09-07T10:05:32Z,2026-09-07T05:05:32Z,83.7,28.2,4.141,5.195,17.339
2026-09-07T10:06:32Z,2026-09-07T05:06:32Z,83.7,28.2,4.045,5.033,17.038
2026-09-07T10:07:33Z,2026-09-07T05:07:33Z,83.7,28.2,4.098,5.319,20.861
2026-09-07T10:08:33Z,2026-09-07T05:08:33Z,83.7,28.2,3.968,5.268,19.418
2026-09-07T10:09:33Z,2026-09-07T05:09:33Z,83.6,28.2,3.901,5.433,19.074
2026-09-07T10:10:33Z,2026-09-07T05:10:33Z,83.7,28.2,4.006,5.174,27.941
2026-09-07T10:11:33Z,2026-09-07T05:11:33Z,83.8,28.2,4.113,5.417,21.939
2026-09-07T10:12:33Z,2026-09-07T05:12:33Z,83.7,28.2,4.227,5.63,22.554
2026-09-07T10:13:33Z,2026-09-07T05:13:33Z,83.7,28.2,4.022,5.337,25.01
2026-09-07T10:14:33Z,2026-09-07T05:14:33Z,83.8,28.2,4.159,5.383,13.038
2026-09-07T10:15:33Z,2026-09-07T05:15:33Z,83.8,28.2,4.248,5.646,20.1
2026-09-07T10:16:33Z,2026-09-07T05:16:33Z,83.7,28.2,4.026,5.245,15.354
2026-09-07T10:17:33Z,2026-09-07T05:17:33Z,83.7,28.2,4.019,5.371,32.881
2026-09-07T10:18:33Z,2026-09-07T05:18:33Z,83.7,28.2,4.084,5.498,29.005
2026-09-07T10:19:33Z,2026-09-07T05:19:33Z,83.7,28.1,3.997,5.213,12.45
2026-09-07T10:20:33Z,2026-09-07T05:20:33Z,83.8,28.1,4.409,5.689,26.001
2026-09-07T10:21:33Z,2026-09-07T05:21:33Z,83.8,28.1,4.205,5.382,17.926
2026-09-07T10:22:33Z,2026-09-07T05:22:33Z,83.8,28.1,4.042,5.12,30.021
2026-09-07T10:23:33Z,2026-09-07T05:23:33Z,83.9,28.1,3.889,5.183,26.5
2026-09-07T10:24:33Z,2026-09-07T05:24:33Z,83.9,28.1,4.148,5.451,22.397
2026-09-07T10:25:33Z,2026-09-07T05:25:33Z,83.9,28.1,3.998,5.372,19.153
2026-09-07T10:26:33Z,2026-09-07T05:26:33Z,83.9,28.1,4.253,5.694,24.818
2026-09-07T10:27:33Z,2026-09-07T05:27:33Z,83.9,28.1,4.077,5.168,18.773
2026-09-07T10:28:33Z,2026-09-07T05:28:33Z,84.0,28.1,3.963,5.173,17.299
2026-09-07T10:29:33Z,2026-09-07T05:29:33Z,84.0,28.1,4.354,5.859,26.8
2026-09-07T10:30:34Z,2026-09-07T05:30:34Z,84.0,28.1,3.997,5.268,19.522
2026-09-07T10:31:34Z,2026-09-07T05:31:34Z,84.0,28.0,3.966,5.118,14.747
2026-09-07T10:32:34Z,2026-09-07T05:32:34Z,84.2,28.0,4.166,5.443,19.499
2026-09-07T10:33:34Z,2026-09-07T05:33:34Z,84.2,28.0,4.185,5.359,23.322
2026-09-07T10:34:34Z,2026-09-07T05:34:34Z,84.3,28.0,3.935,5.203,24.228
2026-09-07T10:35:34Z,2026-09-07T05:35:34Z,84.4,28.0,4.105,5.567,19.577
2026-09-07T10:36:34Z,2026-09-07T05:36:34Z,84.4,28.0,3.998,5.262,25.118
2026-09-07T10:37:34Z,2026-09-07T05:37:34Z,84.4,28.0,4.232,5.287,25.958
2026-09-07T10:38:34Z,2026-09-07T05:38:34Z,84.4,28.0,4.11,5.297,12.069
2026-09-07T10:39:34Z,2026-09-07T05:39:34Z,84.5,28.0,4.033,5.365,26.781
2026-09-07T10:40:31Z,2026-09-07T05:40:31Z,84.5,28.0,4.013,5.34,18.004
2026-09-07T10:41:31Z,2026-09-07T05:41:31Z,84.6,28.0,4.243,5.663,37.03
2026-09-07T10:42:31Z,2026-09-07T05:42:31Z,84.5,28.0,4.232,5.865,16.774
2026-09-07T10:43:31Z,2026-09-07T05:43:31Z,84.4,27.9,4.115,5.434,25.073
2026-09-07T10:44:31Z,2026-09-07T05:44:31Z,84.4,27.9,4.326,5.7,21.456
2026-09-07T10:45:31Z,2026-09-07T05:45:31Z,84.6,27.9,4.009,5.123,20.285
2026-09-07T10:46:31Z,2026-09-07T05:46:31Z,84.7,27.9,4.314,6.238,30.638
2026-09-07T10:47:31Z,2026-09-07T05:47:31Z,84.8,27.9,4.251,6.335,22.951
2026-09-07T10:48:31Z,2026-09-07T05:48:31Z,84.8,27.9,4.195,6.225,30.591
2026-09-07T10:49:31Z,2026-09-07T05:49:31Z,84.5,27.9,4.194,5.76,32.077
2026-09-07T10:50:31Z,2026-09-07T05:50:31Z,84.6,27.9,4.192,5.77,25.746
2026-09-07T10:51:31Z,2026-09-07T05:51:31Z,84.8,27.9,4.248,5.567,19.329
2026-09-07T10:52:31Z,2026-09-07T05:52:31Z,85.0,27.9,4.02,5.087,20.306
2026-09-07T10:53:31Z,2026-09-07T05:53:31Z,84.9,27.9,4.104,5.657,23.433
2026-09-07T10:54:31Z,2026-09-07T05:54:31Z,85.0,27.9,4.079,5.263,31.831
2026-09-07T10:55:31Z,2026-09-07T05:55:31Z,85.0,27.9,4.128,5.649,17.853
2026-09-07T10:56:32Z,2026-09-07T05:56:32Z,85.0,27.9,4.17,5.685,18.431
2026-09-07T10:57:32Z,2026-09-07T05:57:32Z,84.8,27.9,4.22,5.592,15.071
2026-09-07T10:58:32Z,2026-09-07T05:58:32Z,84.7,27.9,4.232,5.411,13.681
2026-09-07T10:59:32Z,2026-09-07T05:59:32Z,84.6,27.9,4.266,5.542,14.041
2026-09-07T11:00:32Z,2026-09-07T06:00:32Z,84.6,27.9,4.342,5.832,23.121
2026-09-07T11:01:32Z,2026-09-07T06:01:32Z,84.6,27.9,4.113,5.323,39.45
2026-09-07T11:02:32Z,2026-09-07T06:02:32Z,84.6,27.9,4.435,5.672,27.22
2026-09-07T11:03:32Z,2026-09-07T06:03:32Z,84.5,27.9,4.361,5.842,14.798
2026-09-07T11:04:32Z,2026-09-07T06:04:32Z,84.6,27.9,4.296,5.465,20.275
2026-09-07T11:05:32Z,2026-09-07T06:05:32Z,84.5,27.9,4.0,5.128,16.682
2026-09-07T11:06:32Z,2026-09-07T06:06:32Z,84.5,27.9,4.039,5.104,18.695
2026-09-07T11:07:32Z,2026-09-07T06:07:32Z,84.5,27.9,4.116,5.333,23.877
2026-09-07T11:08:32Z,2026-09-07T06:08:32Z,84.6,27.9,4.027,5.158,21.343
2026-09-07T11:09:32Z,2026-09-07T06:09:32Z,84.6,27.9,4.263,5.363,16.83
2026-09-07T11:10:32Z,2026-09-07T06:10:32Z,84.7,27.9,4.255,5.393,27.885
2026-09-07T11:11:32Z,2026-09-07T06:11:32Z,84.8,27.9,3.962,5.156,26.698
2026-09-07T11:12:32Z,2026-09-07T06:12:32Z,84.8,27.9,4.193,5.366,14.312
2026-09-07T11:13:32Z,2026-09-07T06:13:32Z,84.8,27.9,4.121,4.997,20.051
2026-09-07T11:14:32Z,2026-09-07T06:14:32Z,84.8,27.9,4.258,5.243,17.962
2026-09-07T11:15:32Z,2026-09-07T06:15:32Z,84.8,27.9,4.138,5.436,20.313
2026-09-07T11:16:32Z,2026-09-07T06:16:32Z,84.9,27.9,4.18,5.238,39.51
2026-09-07T11:17:32Z,2026-09-07T06:17:32Z,84.9,27.9,4.245,5.557,21.906
2026-09-07T11:18:33Z,2026-09-07T06:18:33Z,84.8,27.9,4.288,5.432,19.535
2026-09-07T11:19:33Z,2026-09-07T06:19:33Z,84.8,27.9,4.183,5.391,21.347
2026-09-07T11:20:33Z,2026-09-07T06:20:33Z,84.8,27.9,4.307,5.479,19.661
2026-09-07T11:21:33Z,2026-09-07T06:21:33Z,84.9,27.9,4.215,5.406,18.561
2026-09-07T11:22:33Z,2026-09-07T06:22:33Z,84.8,27.9,4.359,5.546,30.471
2026-09-07T11:23:33Z,2026-09-07T06:23:33Z,85.0,27.9,4.31,5.573,14.604
2026-09-07T11:24:33Z,2026-09-07T06:24:33Z,84.9,27.9,4.325,5.514,24.1
2026-09-07T11:25:33Z,2026-09-07T06:25:33Z,84.9,27.9,4.279,5.691,32.367
2026-09-07T11:26:33Z,2026-09-07T06:26:33Z,84.9,27.9,4.245,5.438,15.628
2026-09-07T11:27:33Z,2026-09-07T06:27:33Z,84.9,27.9,4.477,5.603,31.834
2026-09-07T11:28:33Z,2026-09-07T06:28:33Z,84.8,27.9,4.249,5.308,20.285
2026-09-07T11:29:33Z,2026-09-07T06:29:33Z,84.9,27.9,4.068,5.537,23.919
2026-09-07T11:30:33Z,2026-09-07T06:30:33Z,84.9,27.9,4.082,4.887,24.866
2026-09-07T11:31:33Z,2026-09-07T06:31:33Z,84.9,27.9,4.033,5.23,19.077
2026-09-07T11:32:33Z,2026-09-07T06:32:33Z,84.9,27.9,4.119,5.258,19.046
2026-09-07T11:33:33Z,2026-09-07T06:33:33Z,85.0,27.9,4.12,5.149,32.868
2026-09-07T11:34:33Z,2026-09-07T06:34:33Z,85.0,27.9,4.276,5.298,22.773
2026-09-07T11:35:33Z,2026-09-07T06:35:33Z,85.0,27.9,4.212,5.623,20.588
2026-09-07T11:36:33Z,2026-09-07T06:36:33Z,85.0,27.9,4.049,5.41,20.899
2026-09-07T11:37:33Z,2026-09-07T06:37:33Z,85.1,27.9,4.434,5.476,20.673
2026-09-07T11:38:33Z,2026-09-07T06:38:33Z,85.1,27.8,4.334,5.515,18.951
2026-09-07T11:39:33Z,2026-09-07T06:39:33Z,85.0,27.9,4.152,5.169,14.427
2026-09-07T11:40:34Z,2026-09-07T06:40:34Z,85.0,27.8,3.954,5.208,15.554
2026-09-07T11:41:34Z,2026-09-07T06:41:34Z,85.1,27.8,3.995,5.043,17.155
2026-09-07T11:42:34Z,2026-09-07T06:42:34Z,85.1,27.8,4.23,5.466,19.45
2026-09-07T11:43:34Z,2026-09-07T06:43:34Z,85.2,27.8,4.423,5.477,20.737
2026-09-07T11:44:34Z,2026-09-07T06:44:34Z,85.2,27.8,4.325,5.785,38.105
2026-09-07T11:45:34Z,2026-09-07T06:45:34Z,85.2,27.8,4.507,5.965,17.142
2026-09-07T11:46:34Z,2026-09-07T06:46:34Z,85.2,27.8,4.271,5.555,19.356
2026-09-07T11:47:34Z,2026-09-07T06:47:34Z,85.2,27.8,4.101,5.171,23.088
2026-09-07T11:48:34Z,2026-09-07T06:48:34Z,85.1,27.8,4.315,5.378,22.757
2026-09-07T11:49:34Z,2026-09-07T06:49:34Z,85.2,27.8,4.433,5.404,19.02
2026-09-07T11:50:34Z,2026-09-07T06:50:34Z,85.2,27.8,4.363,5.395,21.113
2026-09-07T11:51:34Z,2026-09-07T06:51:34Z,85.3,27.8,4.138,5.216,15.197
2026-09-07T11:52:34Z,2026-09-07T06:52:34Z,85.1,27.8,4.125,5.636,19.598
2026-09-07T11:53:34Z,2026-09-07T06:53:34Z,85.1,27.8,4.222,5.431,23.396
2026-09-07T11:54:34Z,2026-09-07T06:54:34Z,85.0,27.8,4.326,5.573,21.624
2026-09-07T11:55:31Z,2026-09-07T06:55:31Z,85.1,27.8,4.325,5.801,24.628
2026-09-07T11:56:31Z,2026-09-07T06:56:31Z,85.1,27.8,4.437,5.797,26.772
2026-09-07T11:57:31Z,2026-09-07T06:57:31Z,85.2,27.8,4.326,5.655,26.779
2026-09-07T11:58:31Z,2026-09-07T06:58:31Z,85.2,27.8,4.341,5.671,22.787
2026-09-07T11:59:31Z,2026-09-07T06:59:31Z,85.2,27.8,4.166,5.283,21.327
2026-09-07T12:00:31Z,2026-09-07T07:00:31Z,85.2,27.8,4.208,5.361,20.512
2026-09-07T12:01:31Z,2026-09-07T07:01:31Z,85.3,27.8,4.103,5.499,27.427
2026-09-07T12:02:31Z,2026-09-07T07:02:31Z,85.3,27.8,4.21,5.579,10.29
2026-09-07T12:03:31Z,2026-09-07T07:03:31Z,85.3,27.8,4.501,5.7,39.553
2026-09-07T12:04:31Z,2026-09-07T07:04:31Z,85.3,27.8,4.469,5.854,13.846
2026-09-07T12:05:31Z,2026-09-07T07:05:31Z,85.3,27.8,4.366,5.399,21.89
2026-09-07T12:06:32Z,2026-09-07T07:06:32Z,85.4,27.8,4.16,5.358,17.739
2026-09-07T12:07:32Z,2026-09-07T07:07:32Z,85.4,27.8,4.57,5.781,14.639
2026-09-07T12:08:32Z,2026-09-07T07:08:32Z,85.3,27.8,4.317,5.417,11.549
2026-09-07T12:09:32Z,2026-09-07T07:09:32Z,85.4,27.8,4.266,5.518,25.183
2026-09-07T12:10:32Z,2026-09-07T07:10:32Z,85.4,27.8,4.482,5.731,14.584
2026-09-07T12:11:32Z,2026-09-07T07:11:32Z,85.4,27.8,4.458,5.661,18.719
2026-09-07T12:12:32Z,2026-09-07T07:12:32Z,85.4,27.8,4.307,5.704,12.241
2026-09-07T12:13:32Z,2026-09-07T07:13:32Z,85.4,27.8,4.458,5.7,21.78
2026-09-07T12:14:32Z,2026-09-07T07:14:32Z,85.3,27.8,4.494,5.936,23.265
2026-09-07T12:15:32Z,2026-09-07T07:15:32Z,85.3,27.8,4.475,5.933,20.881
2026-09-07T12:16:32Z,2026-09-07T07:16:32Z,85.4,27.8,4.429,5.787,24.76
2026-09-07T12:17:32Z,2026-09-07T07:17:32Z,85.4,27.8,4.511,5.792,28.106
2026-09-07T12:18:32Z,2026-09-07T07:18:32Z,85.3,27.8,4.414,5.705,15.215
2026-09-07T12:19:32Z,2026-09-07T07:19:32Z,85.5,27.8,4.31,5.39,22.066
2026-09-07T12:20:32Z,2026-09-07T07:20:32Z,85.3,27.8,4.593,5.809,20.509
2026-09-07T12:21:32Z,2026-09-07T07:21:32Z,85.3,27.8,4.48,5.744,20.083
2026-09-07T12:22:32Z,2026-09-07T07:22:32Z,85.3,27.8,4.672,6.097,41.667
2026-09-07T12:23:32Z,2026-09-07T07:23:32Z,85.3,27.8,4.574,5.994,27.403
2026-09-07T12:24:32Z,2026-09-07T07:24:32Z,85.3,27.8,4.733,5.698,23.611
2026-09-07T12:25:32Z,2026-09-07T07:25:32Z,85.3,27.8,4.753,6.334,26.579
2026-09-07T12:26:32Z,2026-09-07T07:26:32Z,85.4,27.9,4.67,5.975,9.191
2026-09-07T12:27:32Z,2026-09-07T07:27:32Z,85.5,27.9,4.292,5.774,26.872
2026-09-07T12:28:33Z,2026-09-07T07:28:33Z,85.4,27.9,4.673,5.654,27.986
2026-09-07T12:29:33Z,2026-09-07T07:29:33Z,85.2,27.9,5.091,6.063,42.465
2026-09-07T12:30:33Z,2026-09-07T07:30:33Z,85.1,27.9,4.725,5.923,19.32
2026-09-07T12:31:33Z,2026-09-07T07:31:33Z,84.9,27.9,4.511,5.825,19.127
2026-09-07T12:32:33Z,2026-09-07T07:32:33Z,85.0,27.9,4.788,5.857,26.148
2026-09-07T12:33:33Z,2026-09-07T07:33:33Z,84.9,27.9,4.43,5.693,17.556
2026-09-07T12:34:33Z,2026-09-07T07:34:33Z,84.9,28.0,4.509,5.879,28.085
2026-09-07T12:35:33Z,2026-09-07T07:35:33Z,85.0,28.0,4.652,6.061,17.417
2026-09-07T12:36:33Z,2026-09-07T07:36:33Z,84.9,28.0,4.876,6.264,17.305
2026-09-07T12:37:33Z,2026-09-07T07:37:33Z,84.8,28.0,4.968,6.473,31.84
2026-09-07T12:38:33Z,2026-09-07T07:38:33Z,84.6,28.0,4.596,6.133,14.754
2026-09-07T12:39:33Z,2026-09-07T07:39:33Z,84.5,28.1,4.74,5.906,27.839
2026-09-07T12:40:33Z,2026-09-07T07:40:33Z,84.5,28.1,4.928,6.47,26.247
2026-09-07T12:41:33Z,2026-09-07T07:41:33Z,84.5,28.1,4.85,6.203,33.294
2026-09-07T12:42:33Z,2026-09-07T07:42:33Z,84.2,28.2,4.909,6.339,28.947
2026-09-07T12:43:33Z,2026-09-07T07:43:33Z,84.0,28.2,4.729,5.791,19.907
2026-09-07T12:44:33Z,2026-09-07T07:44:33Z,84.1,28.2,4.643,5.888,16.967
2026-09-07T12:45:33Z,2026-09-07T07:45:33Z,84.0,28.3,4.584,5.794,18.385
2026-09-07T12:46:34Z,2026-09-07T07:46:34Z,83.9,28.3,4.438,5.496,29.36
2026-09-07T12:47:34Z,2026-09-07T07:47:34Z,84.0,28.3,4.532,5.941,33.364
2026-09-07T12:48:34Z,2026-09-07T07:48:34Z,83.7,28.4,4.61,5.749,23.967
2026-09-07T12:49:34Z,2026-09-07T07:49:34Z,83.5,28.4,4.713,6.011,24.811
2026-09-07T12:50:34Z,2026-09-07T07:50:34Z,83.5,28.5,4.658,6.105,20.536
2026-09-07T12:51:34Z,2026-09-07T07:51:34Z,83.2,28.5,4.421,5.501,33.819
2026-09-07T12:52:34Z,2026-09-07T07:52:34Z,83.4,28.6,4.831,5.97,18.738
2026-09-07T12:53:34Z,2026-09-07T07:53:34Z,83.3,28.6,5.04,6.193,17.93
2026-09-07T12:54:34Z,2026-09-07T07:54:34Z,82.6,28.7,5.223,6.303,27.895
2026-09-07T12:55:34Z,2026-09-07T07:55:34Z,82.3,28.7,4.98,6.301,28.11
2026-09-07T12:56:34Z,2026-09-07T07:56:34Z,82.0,28.8,5.109,6.166,15.315
2026-09-07T12:57:34Z,2026-09-07T07:57:34Z,81.9,28.8,4.862,5.794,31.447
2026-09-07T12:58:34Z,2026-09-07T07:58:34Z,81.7,28.9,4.911,6.156,21.182
2026-09-07T12:59:34Z,2026-09-07T07:59:34Z,81.6,29.0,4.837,6.149,21.306
2026-09-07T13:00:34Z,2026-09-07T08:00:34Z,81.4,29.0,5.045,6.153,12.522
2026-09-07T13:01:34Z,2026-09-07T08:01:34Z,81.6,29.1,4.734,5.988,16.483
2026-09-07T13:02:34Z,2026-09-07T08:02:34Z,81.6,29.2,4.845,6.047,19.374
2026-09-07T13:03:34Z,2026-09-07T08:03:34Z,80.7,29.3,5.049,6.312,30.499
2026-09-07T13:04:34Z,2026-09-07T08:04:34Z,80.5,29.4,5.132,6.431,21.554
2026-09-07T13:05:34Z,2026-09-07T08:05:34Z,80.4,29.4,5.171,6.57,12.412
2026-09-07T13:06:34Z,2026-09-07T08:06:34Z,79.6,29.5,5.053,6.131,31.193
2026-09-07T13:07:34Z,2026-09-07T08:07:34Z,79.2,29.6,5.231,6.566,43.741
2026-09-07T13:08:35Z,2026-09-07T08:08:35Z,79.1,29.7,5.184,6.293,20.594
2026-09-07T13:09:35Z,2026-09-07T08:09:35Z,78.9,29.8,5.015,6.316,22.171
2026-09-07T13:10:35Z,2026-09-07T08:10:35Z,78.3,29.9,4.925,6.185,19.623
2026-09-07T13:11:35Z,2026-09-07T08:11:35Z,78.1,30.0,5.02,6.147,15.998
2026-09-07T13:12:35Z,2026-09-07T08:12:35Z,77.6,30.1,5.02,6.104,22.037
2026-09-07T13:13:35Z,2026-09-07T08:13:35Z,77.5,30.2,5.13,6.255,24.083
2026-09-07T13:14:35Z,2026-09-07T08:14:35Z,77.0,30.3,5.251,6.34,24.367
2026-09-07T13:15:32Z,2026-09-07T08:15:32Z,76.8,30.4,5.125,6.343,19.087
2026-09-07T13:16:32Z,2026-09-07T08:16:32Z,76.8,30.5,5.31,6.343,25.236
2026-09-07T13:17:32Z,2026-09-07T08:17:32Z,76.1,30.6,5.475,6.674,15.771
2026-09-07T13:18:32Z,2026-09-07T08:18:32Z,76.1,30.7,5.478,6.664,17.849
2026-09-07T13:19:32Z,2026-09-07T08:19:32Z,76.6,30.8,5.448,6.484,17.665
2026-09-07T13:20:32Z,2026-09-07T08:20:32Z,76.3,30.9,5.262,5.945,25.776
2026-09-07T13:21:32Z,2026-09-07T08:21:32Z,76.0,31.0,5.438,6.814,21.959
2026-09-07T13:22:32Z,2026-09-07T08:22:32Z,74.9,31.1,5.702,7.036,31.093
2026-09-07T13:23:32Z,2026-09-07T08:23:32Z,74.7,31.3,5.139,6.091,33.724
2026-09-07T13:24:32Z,2026-09-07T08:24:32Z,73.5,31.4,5.241,6.231,17.88
2026-09-07T13:25:32Z,2026-09-07T08:25:32Z,72.9,31.5,5.754,6.641,20.966
2026-09-07T13:26:32Z,2026-09-07T08:26:32Z,72.2,31.7,5.464,6.402,27.908
2026-09-07T13:27:32Z,2026-09-07T08:27:32Z,72.2,31.8,5.599,6.846,31.509
2026-09-07T13:28:32Z,2026-09-07T08:28:32Z,71.1,32.0,5.48,6.625,24.115
2026-09-07T13:29:32Z,2026-09-07T08:29:32Z,71.0,32.1,5.596,6.891,19.039
2026-09-07T13:30:32Z,2026-09-07T08:30:32Z,70.8,32.2,5.606,6.969,18.681
2026-09-07T13:31:32Z,2026-09-07T08:31:32Z,70.3,32.4,5.293,6.346,22.494
2026-09-07T13:32:32Z,2026-09-07T08:32:32Z,69.7,32.5,5.592,6.934,21.737
2026-09-07T13:33:32Z,2026-09-07T08:33:32Z,69.0,32.7,5.524,6.811,16.903
2026-09-07T13:34:32Z,2026-09-07T08:34:32Z,68.4,32.8,5.654,6.862,26.224
2026-09-07T13:35:33Z,2026-09-07T08:35:33Z,68.5,32.9,5.267,6.257,29.627
2026-09-07T13:36:33Z,2026-09-07T08:36:33Z,68.7,33.1,5.422,6.569,27.509
2026-09-07T13:37:33Z,2026-09-07T08:37:33Z,68.1,33.2,5.487,6.64,20.708
2026-09-07T13:38:33Z,2026-09-07T08:38:33Z,68.2,33.3,5.33,6.355,16.18
2026-09-07T13:39:33Z,2026-09-07T08:39:33Z,67.9,33.5,5.22,6.405,21.633
2026-09-07T13:40:33Z,2026-09-07T08:40:33Z,68.1,33.6,4.916,6.319,20.89
2026-09-07T13:41:33Z,2026-09-07T08:41:33Z,67.5,33.7,4.957,6.047,23.64
2026-09-07T13:42:33Z,2026-09-07T08:42:33Z,66.3,33.9,5.18,6.659,19.453
2026-09-07T13:43:33Z,2026-09-07T08:43:33Z,65.8,34.0,5.036,6.092,28.565
2026-09-07T13:44:33Z,2026-09-07T08:44:33Z,65.8,34.1,5.048,6.23,16.516
2026-09-07T13:45:33Z,2026-09-07T08:45:33Z,65.7,34.2,4.912,6.195,12.071
2026-09-07T13:46:33Z,2026-09-07T08:46:33Z,65.9,34.4,5.034,6.549,27.179
2026-09-07T13:47:33Z,2026-09-07T08:47:33Z,64.8,34.5,4.995,5.994,31.952
2026-09-07T13:48:33Z,2026-09-07T08:48:33Z,64.1,34.6,5.023,6.132,21.531
2026-09-07T13:49:33Z,2026-09-07T08:49:33Z,64.1,34.7,5.405,6.619,21.895
2026-09-07T13:50:33Z,2026-09-07T08:50:33Z,64.0,34.9,5.136,6.312,25.497
2026-09-07T13:51:33Z,2026-09-07T08:51:33Z,64.1,35.0,5.011,6.129,7.914
2026-09-07T13:52:33Z,2026-09-07T08:52:33Z,63.1,35.1,4.936,6.062,27.946
2026-09-07T13:53:33Z,2026-09-07T08:53:33Z,63.0,35.2,5.323,6.497,35.295
2026-09-07T13:54:33Z,2026-09-07T08:54:33Z,62.2,35.3,5.048,6.333,20.247
2026-09-07T13:55:33Z,2026-09-07T08:55:33Z,61.1,35.4,5.119,6.594,26.059
2026-09-07T13:56:33Z,2026-09-07T08:56:33Z,61.1,35.5,4.903,6.077,27.815
2026-09-07T13:57:33Z,2026-09-07T08:57:33Z,60.8,35.7,4.958,6.002,17.702
2026-09-07T13:58:33Z,2026-09-07T08:58:33Z,60.5,35.8,4.696,5.939,26.139
2026-09-07T13:59:33Z,2026-09-07T08:59:33Z,60.6,35.9,5.167,6.58,20.905
2026-09-07T14:00:33Z,2026-09-07T09:00:33Z,60.6,36.0,5.046,6.321,31.822
2026-09-07T14:01:34Z,2026-09-07T09:01:34Z,60.3,36.1,4.738,5.685,20.505
2026-09-07T14:02:34Z,2026-09-07T09:02:34Z,59.6,36.2,4.801,6.29,16.047
2026-09-07T14:03:34Z,2026-09-07T09:03:34Z,59.3,36.3,5.242,6.527,14.827
2026-09-07T14:04:34Z,2026-09-07T09:04:34Z,58.9,36.4,5.193,6.296,34.734
2026-09-07T14:05:34Z,2026-09-07T09:05:34Z,58.9,36.5,5.208,6.545,16.546
2026-09-07T14:06:34Z,2026-09-07T09:06:34Z,58.0,36.6,4.835,5.949,20.635
2026-09-07T14:07:34Z,2026-09-07T09:07:34Z,57.2,36.7,4.824,6.233,34.376
2026-09-07T14:08:34Z,2026-09-07T09:08:34Z,57.2,36.8,5.055,6.524,20.87
2026-09-07T14:09:34Z,2026-09-07T09:09:34Z,57.2,36.9,5.168,6.395,24.763
2026-09-07T14:10:34Z,2026-09-07T09:10:34Z,57.2,37.0,4.919,6.388,18.042
2026-09-07T14:11:34Z,2026-09-07T09:11:34Z,56.5,37.1,4.933,6.218,19.031
2026-09-07T14:12:34Z,2026-09-07T09:12:34Z,56.2,37.1,5.025,6.467,15.408
2026-09-07T14:13:34Z,2026-09-07T09:13:34Z,56.6,37.2,4.604,5.834,24.218
2026-09-07T14:14:34Z,2026-09-07T09:14:34Z,55.9,37.3,4.751,5.842,35.046
2026-09-07T14:15:34Z,2026-09-07T09:15:34Z,55.6,37.4,4.893,6.341,18.097
2026-09-07T14:16:34Z,2026-09-07T09:16:34Z,54.9,37.5,5.078,6.436,16.741
2026-09-07T14:17:34Z,2026-09-07T09:17:34Z,54.7,37.5,4.68,6.119,16.334
2026-09-07T14:18:34Z,2026-09-07T09:18:34Z,54.4,37.6,4.841,6.212,15.395
2026-09-07T14:19:34Z,2026-09-07T09:19:34Z,54.1,37.6,4.801,6.18,12.921
2026-09-07T14:20:34Z,2026-09-07T09:20:34Z,53.9,37.7,4.812,5.938,25.348
2026-09-07T14:21:35Z,2026-09-07T09:21:35Z,53.6,37.7,4.463,5.632,13.351
2026-09-07T14:22:35Z,2026-09-07T09:22:35Z,53.5,37.8,4.436,5.97,12.324
2026-09-07T14:23:35Z,2026-09-07T09:23:35Z,53.5,37.9,4.724,5.928,9.134
2026-09-07T14:24:35Z,2026-09-07T09:24:35Z,52.8,37.9,4.867,6.103,19.467
2026-09-07T14:25:35Z,2026-09-07T09:25:35Z,53.1,37.9,4.74,6.292,23.272
2026-09-07T14:26:35Z,2026-09-07T09:26:35Z,52.8,38.0,4.482,5.789,18.059
2026-09-07T14:27:35Z,2026-09-07T09:27:35Z,52.9,38.0,4.749,6.094,17.3
2026-09-07T14:28:35Z,2026-09-07T09:28:35Z,52.9,38.0,4.99,6.392,14.778
2026-09-07T14:29:35Z,2026-09-07T09:29:35Z,52.3,38.1,4.723,6.021,8.553
2026-09-07T14:30:35Z,2026-09-07T09:30:35Z,52.7,38.1,4.845,6.27,13.721
2026-09-07T14:31:35Z,2026-09-07T09:31:35Z,52.4,38.2,4.895,6.018,15.054
2026-09-07T14:32:35Z,2026-09-07T09:32:35Z,52.6,38.2,4.582,6.014,16.737
2026-09-07T14:33:35Z,2026-09-07T09:33:35Z,51.8,38.3,4.584,5.74,19.388
2026-09-07T14:34:35Z,2026-09-07T09:34:35Z,51.8,38.3,4.336,5.991,22.586
2026-09-07T14:35:35Z,2026-09-07T09:35:35Z,51.5,38.4,4.857,6.215,18.379
2026-09-07T14:36:35Z,2026-09-07T09:36:35Z,51.4,38.4,4.742,5.94,20.697
2026-09-07T14:37:35Z,2026-09-07T09:37:35Z,52.0,38.5,5.003,6.113,15.61
2026-09-07T14:38:35Z,2026-09-07T09:38:35Z,51.6,38.5,4.686,5.808,16.469
2026-09-07T14:39:35Z,2026-09-07T09:39:35Z,50.8,38.6,4.748,6.442,12.135
2026-09-07T14:40:35Z,2026-09-07T09:40:35Z,51.6,38.6,4.842,6.155,25.521
2026-09-07T14:41:36Z,2026-09-07T09:41:36Z,50.9,38.7,4.619,6.233,13.836
2026-09-07T14:42:36Z,2026-09-07T09:42:36Z,51.1,38.7,4.75,6.141,28.249
2026-09-07T14:43:36Z,2026-09-07T09:43:36Z,50.7,38.8,4.914,6.536,17.215
2026-09-07T14:44:36Z,2026-09-07T09:44:36Z,50.0,38.9,4.845,6.501,27.276
2026-09-07T14:45:36Z,2026-09-07T09:45:36Z,49.6,38.9,4.573,6.116,27.701
2026-09-07T14:46:36Z,2026-09-07T09:46:36Z,50.1,39.0,4.793,6.353,22.398
2026-09-07T14:47:36Z,2026-09-07T09:47:36Z,50.0,39.1,4.496,6.186,17.164
2026-09-07T14:48:36Z,2026-09-07T09:48:36Z,48.9,39.2,4.662,6.353,16.74
2026-09-07T14:49:36Z,2026-09-07T09:49:36Z,48.7,39.2,4.531,5.768,13.124
2026-09-07T14:50:36Z,2026-09-07T09:50:36Z,48.7,39.2,4.707,6.375,12.809
2026-09-07T14:51:36Z,2026-09-07T09:51:36Z,49.7,39.2,4.859,6.251,9.912
2026-09-07T14:52:36Z,2026-09-07T09:52:36Z,49.3,39.3,4.535,6.088,10.283
2026-09-07T14:53:36Z,2026-09-07T09:53:36Z,49.3,39.3,4.603,5.899,34.834
2026-09-07T14:54:36Z,2026-09-07T09:54:36Z,48.8,39.3,5.013,6.659,15.537
2026-09-07T14:55:36Z,2026-09-07T09:55:36Z,48.9,39.2,4.521,5.863,11.944
2026-09-07T14:56:36Z,2026-09-07T09:56:36Z,48.9,39.2,4.665,5.841,21.583
2026-09-07T14:57:36Z,2026-09-07T09:57:36Z,49.6,39.2,4.517,6.123,28.505
2026-09-07T14:58:36Z,2026-09-07T09:58:36Z,49.1,39.1,4.491,6.111,25.313
2026-09-07T14:59:36Z,2026-09-07T09:59:36Z,48.7,39.1,4.724,6.086,18.578
2026-09-07T15:00:36Z,2026-09-07T10:00:36Z,49.0,39.1,4.857,6.108,25.361
2026-09-07T15:01:36Z,2026-09-07T10:01:36Z,49.9,39.0,4.592,6.017,12.152
2026-09-07T15:02:36Z,2026-09-07T10:02:36Z,50.1,39.0,4.816,6.363,32.654
2026-09-07T15:03:36Z,2026-09-07T10:03:36Z,50.0,38.9,5.024,6.401,15.376
2026-09-07T15:04:37Z,2026-09-07T10:04:37Z,50.9,38.9,4.828,6.37,15.274
2026-09-07T15:05:33Z,2026-09-07T10:05:33Z,50.0,39.0,4.74,6.442,22.631
2026-09-07T15:06:33Z,2026-09-07T10:06:33Z,49.0,39.0,4.908,6.077,34.176
2026-09-07T15:07:33Z,2026-09-07T10:07:33Z,48.6,39.1,4.571,6.05,14.66
2026-09-07T15:08:33Z,2026-09-07T10:08:33Z,50.0,39.2,4.683,6.197,13.768
2026-09-07T15:09:33Z,2026-09-07T10:09:33Z,48.2,39.3,4.44,5.89,16.319
2026-09-07T15:10:33Z,2026-09-07T10:10:33Z,49.2,39.4,4.546,5.905,14.212
2026-09-07T15:11:33Z,2026-09-07T10:11:33Z,48.6,39.5,4.726,6.019,35.839
2026-09-07T15:12:34Z,2026-09-07T10:12:34Z,46.3,39.6,4.511,6.081,22.125
2026-09-07T15:13:34Z,2026-09-07T10:13:34Z,45.9,39.8,4.404,5.512,10.84
2026-09-07T15:14:34Z,2026-09-07T10:14:34Z,45.5,39.8,4.527,6.285,21.512
2026-09-07T15:15:34Z,2026-09-07T10:15:34Z,44.9,39.9,4.521,5.75,20.355
2026-09-07T15:16:34Z,2026-09-07T10:16:34Z,44.7,40.0,4.311,5.714,9.645
2026-09-07T15:17:34Z,2026-09-07T10:17:34Z,44.8,40.0,4.189,5.355,9.406
2026-09-07T15:18:34Z,2026-09-07T10:18:34Z,44.6,40.0,4.105,5.429,15.684
2026-09-07T15:19:34Z,2026-09-07T10:19:34Z,45.3,40.0,4.647,6.32,15.985
2026-09-07T15:20:34Z,2026-09-07T10:20:34Z,45.1,40.0,4.646,5.999,9.81
2026-09-07T15:21:34Z,2026-09-07T10:21:34Z,44.9,40.0,4.358,5.539,16.272
2026-09-07T15:22:34Z,2026-09-07T10:22:34Z,45.7,40.0,4.55,6.345,15.328
2026-09-07T15:23:34Z,2026-09-07T10:23:34Z,46.0,40.1,4.156,5.526,19.476
2026-09-07T15:24:34Z,2026-09-07T10:24:34Z,46.5,40.1,4.698,5.899,9.527
2026-09-07T15:25:34Z,2026-09-07T10:25:34Z,47.2,40.2,4.631,5.896,26.068
2026-09-07T15:26:34Z,2026-09-07T10:26:34Z,44.9,40.4,4.768,5.865,15.466
2026-09-07T15:27:34Z,2026-09-07T10:27:34Z,44.6,40.5,4.859,6.086,14.305
2026-09-07T15:28:34Z,2026-09-07T10:28:34Z,44.2,40.6,4.952,6.065,11.93
2026-09-07T15:29:34Z,2026-09-07T10:29:34Z,43.9,40.7,4.553,5.761,8.858
2026-09-07T15:30:34Z,2026-09-07T10:30:34Z,44.0,40.8,4.335,5.78,8.844
2026-09-07T15:31:34Z,2026-09-07T10:31:34Z,43.8,40.9,4.429,5.749,11.055
2026-09-07T15:32:34Z,2026-09-07T10:32:34Z,43.9,41.0,4.473,5.987,9.068
2026-09-07T15:33:34Z,2026-09-07T10:33:34Z,43.5,41.0,4.553,5.971,10.401
2026-09-07T15:34:34Z,2026-09-07T10:34:34Z,43.1,41.1,5.002,6.324,9.381
2026-09-07T15:35:34Z,2026-09-07T10:35:34Z,42.8,41.2,4.712,5.976,14.443
2026-09-07T15:36:34Z,2026-09-07T10:36:34Z,42.3,41.3,4.872,6.169,13.005
2026-09-07T15:37:35Z,2026-09-07T10:37:35Z,42.0,41.3,4.387,5.517,9.64
2026-09-07T15:38:35Z,2026-09-07T10:38:35Z,41.7,41.4,4.514,5.518,10.45
2026-09-07T15:39:35Z,2026-09-07T10:39:35Z,41.7,41.5,4.403,5.6,11.264
2026-09-07T15:40:35Z,2026-09-07T10:40:35Z,43.0,41.6,4.582,5.753,20.04
2026-09-07T15:41:35Z,2026-09-07T10:41:35Z,41.0,41.7,4.474,5.993,6.845
2026-09-07T15:42:35Z,2026-09-07T10:42:35Z,40.5,41.8,4.299,5.706,6.024
2026-09-07T15:43:35Z,2026-09-07T10:43:35Z,40.3,41.7,4.404,5.939,7.819
2026-09-07T15:44:36Z,2026-09-07T10:44:36Z,40.7,41.7,4.718,5.959,6.572
2026-09-07T15:45:36Z,2026-09-07T10:45:36Z,40.6,41.6,4.636,5.596,6.422
2026-09-07T15:46:36Z,2026-09-07T10:46:36Z,40.8,41.5,4.51,5.442,17.408
2026-09-07T15:47:37Z,2026-09-07T10:47:37Z,42.0,41.4,4.272,5.376,10.636
2026-09-07T15:48:32Z,2026-09-07T10:48:32Z,42.1,41.4,4.567,6.153,6.972
2026-09-07T15:49:32Z,2026-09-07T10:49:32Z,41.3,41.3,4.648,5.796,6.573
2026-09-07T15:50:34Z,2026-09-07T10:50:34Z,43.6,41.3,4.498,5.682,7.103
2026-09-07T15:51:34Z,2026-09-07T10:51:34Z,43.2,41.4,4.679,5.68,8.116
2026-09-07T15:52:34Z,2026-09-07T10:52:34Z,43.1,41.4,4.567,5.699,7.24
2026-09-07T15:53:35Z,2026-09-07T10:53:35Z,42.7,41.5,4.667,5.46,8.766
2026-09-07T15:54:35Z,2026-09-07T10:54:35Z,43.2,41.6,4.707,5.772,6.845
2026-09-07T15:55:35Z,2026-09-07T10:55:35Z,43.5,41.6,4.791,6.071,11.798
2026-09-07T15:56:35Z,2026-09-07T10:56:35Z,41.9,41.6,4.238,4.913,6.227
2026-09-07T15:57:36Z,2026-09-07T10:57:36Z,41.8,41.6,4.427,5.535,17.791
2026-09-07T15:58:36Z,2026-09-07T10:58:36Z,42.6,41.6,4.656,6.27,18.112
2026-09-07T15:59:36Z,2026-09-07T10:59:36Z,41.0,41.5,4.812,5.986,17.649
2026-09-07T16:00:37Z,2026-09-07T11:00:37Z,41.0,41.5,4.658,5.544,5.544
2026-09-07T16:01:32Z,2026-09-07T11:01:32Z,40.8,41.5,4.585,5.163,6.254
2026-09-07T16:02:32Z,2026-09-07T11:02:32Z,40.3,41.6,4.464,5.693,6.752
2026-09-07T16:03:33Z,2026-09-07T11:03:33Z,40.1,41.6,4.219,5.686,7.784
2026-09-07T16:04:33Z,2026-09-07T11:04:33Z,40.4,41.6,4.292,5.357,8.565
2026-09-07T16:05:34Z,2026-09-07T11:05:34Z,41.7,41.6,4.43,5.556,14.968
2026-09-07T16:06:34Z,2026-09-07T11:06:34Z,41.9,41.6,4.556,5.445,9.269
2026-09-07T16:07:35Z,2026-09-07T11:07:35Z,42.4,41.7,4.93,6.522,8.738
2026-09-07T16:08:35Z,2026-09-07T11:08:35Z,42.0,41.7,4.68,5.613,6.255
2026-09-07T16:09:35Z,2026-09-07T11:09:35Z,41.8,41.8,4.706,6.147,7.704
2026-09-07T16:10:35Z,2026-09-07T11:10:35Z,41.7,41.9,4.824,5.847,7.957
2026-09-07T16:11:36Z,2026-09-07T11:11:36Z,40.8,41.9,4.312,5.455,6.19
2026-09-07T16:12:36Z,2026-09-07T11:12:36Z,41.1,42.0,4.7,5.83,9.956
2026-09-07T16:13:36Z,2026-09-07T11:13:36Z,42.7,42.1,4.803,5.703,5.939
2026-09-07T16:14:37Z,2026-09-07T11:14:37Z,41.7,42.1,4.918,5.933,8.213
2026-09-07T16:15:37Z,2026-09-07T11:15:37Z,41.5,42.2,4.6,6.203,7.729
2026-09-07T16:16:37Z,2026-09-07T11:16:37Z,41.1,42.3,5.056,5.413,25.391
2026-09-07T16:17:33Z,2026-09-07T11:17:33Z,39.2,42.4,4.793,6.313,8.155
2026-09-07T16:18:33Z,2026-09-07T11:18:33Z,37.5,42.4,4.449,5.799,7.296
2026-09-07T16:19:33Z,2026-09-07T11:19:33Z,36.8,42.5,4.572,5.336,7.067
2026-09-07T16:20:34Z,2026-09-07T11:20:34Z,36.2,42.6,4.533,5.145,7.16
2026-09-07T16:21:34Z,2026-09-07T11:21:34Z,36.7,42.6,4.472,5.286,8.387
2026-09-07T16:22:35Z,2026-09-07T11:22:35Z,36.1,42.7,4.422,5.783,6.838
2026-09-07T16:23:35Z,2026-09-07T11:23:35Z,38.0,42.8,4.515,5.069,28.07
2026-09-07T16:24:35Z,2026-09-07T11:24:35Z,38.5,42.8,4.42,5.331,9.349
2026-09-07T16:25:36Z,2026-09-07T11:25:36Z,37.4,42.9,4.636,5.446,6.758
2026-09-07T16:26:36Z,2026-09-07T11:26:36Z,36.1,43.0,4.116,5.127,25.522
2026-09-07T16:27:36Z,2026-09-07T11:27:36Z,35.9,43.0,4.562,5.621,6.127
2026-09-07T16:28:37Z,2026-09-07T11:28:37Z,36.6,43.1,4.215,4.77,16.098
2026-09-07T16:29:37Z,2026-09-07T11:29:37Z,34.7,43.1,4.185,5.086,8.282
2026-09-07T16:30:37Z,2026-09-07T11:30:37Z,35.8,43.2,4.423,5.526,6.559
2026-09-07T16:31:38Z,2026-09-07T11:31:38Z,35.8,43.2,4.308,5.844,14.246
2026-09-07T16:32:33Z,2026-09-07T11:32:33Z,35.9,43.2,4.318,5.202,34.294
2026-09-07T16:33:33Z,2026-09-07T11:33:33Z,35.4,43.2,4.28,4.816,5.051
2026-09-07T16:34:33Z,2026-09-07T11:34:33Z,36.4,43.2,4.494,5.39,5.863
2026-09-07T16:35:34Z,2026-09-07T11:35:34Z,36.1,43.2,4.633,5.191,7.29
2026-09-07T16:36:35Z,2026-09-07T11:36:35Z,37.5,43.2,4.788,5.264,19.63
2026-09-07T16:37:35Z,2026-09-07T11:37:35Z,36.3,43.3,4.817,5.588,21.21
2026-09-07T16:38:35Z,2026-09-07T11:38:35Z,36.5,43.3,4.417,5.329,34.677
2026-09-07T16:39:36Z,2026-09-07T11:39:36Z,36.5,43.2,4.283,5.183,15.985
2026-09-07T16:40:36Z,2026-09-07T11:40:36Z,35.7,43.1,4.508,5.69,9.605
2026-09-07T16:41:36Z,2026-09-07T11:41:36Z,35.9,43.0,4.306,5.233,5.498
2026-09-07T16:42:37Z,2026-09-07T11:42:37Z,35.1,42.9,4.488,5.551,5.809
2026-09-07T16:43:37Z,2026-09-07T11:43:37Z,34.5,42.8,4.77,5.476,7.805
2026-09-07T16:44:37Z,2026-09-07T11:44:37Z,33.9,42.6,4.132,5.046,11.734
2026-09-07T16:45:34Z,2026-09-07T11:45:34Z,34.1,42.5,3.853,4.855,20.189
2026-09-07T16:46:35Z,2026-09-07T11:46:35Z,34.7,42.4,4.318,5.371,10.231
2026-09-07T16:47:35Z,2026-09-07T11:47:35Z,34.6,42.3,4.057,5.335,18.429
2026-09-07T16:48:35Z,2026-09-07T11:48:35Z,34.8,42.3,4.114,5.517,7.418
2026-09-07T16:49:36Z,2026-09-07T11:49:36Z,35.2,42.2,4.151,5.335,5.726
2026-09-07T16:50:36Z,2026-09-07T11:50:36Z,35.0,42.2,4.282,5.285,5.555
2026-09-07T16:51:36Z,2026-09-07T11:51:36Z,35.5,42.1,4.481,5.234,6.618
2026-09-07T16:52:37Z,2026-09-07T11:52:37Z,35.3,42.0,4.28,5.438,8.428
2026-09-07T16:53:37Z,2026-09-07T11:53:37Z,35.5,42.0,4.383,5.233,17.35
2026-09-07T16:54:37Z,2026-09-07T11:54:37Z,35.4,41.9,4.187,4.702,8.652
2026-09-07T16:55:37Z,2026-09-07T11:55:37Z,35.8,41.8,4.379,6.149,7.136
2026-09-07T16:56:38Z,2026-09-07T11:56:38Z,36.0,41.8,4.101,5.155,5.659
2026-09-07T16:57:33Z,2026-09-07T11:57:33Z,36.9,41.7,4.425,5.033,8.031
2026-09-07T16:58:33Z,2026-09-07T11:58:33Z,37.7,41.7,4.384,5.052,5.326
2026-09-07T16:59:34Z,2026-09-07T11:59:34Z,35.4,41.7,4.503,4.99,6.679
2026-09-07T17:00:35Z,2026-09-07T12:00:35Z,35.4,41.7,4.163,5.299,9.403
2026-09-07T17:01:35Z,2026-09-07T12:01:35Z,36.6,41.7,4.421,5.217,7.174
2026-09-07T17:02:35Z,2026-09-07T12:02:35Z,37.3,41.7,4.655,5.628,7.463
2026-09-07T17:03:36Z,2026-09-07T12:03:36Z,37.7,41.7,4.006,4.704,4.704
2026-09-07T17:04:36Z,2026-09-07T12:04:36Z,36.4,41.7,4.464,5.816,15.834
2026-09-07T17:05:36Z,2026-09-07T12:05:36Z,37.7,41.7,3.991,4.825,15.868
2026-09-07T17:06:37Z,2026-09-07T12:06:37Z,36.9,41.7,4.287,6.36,17.42
2026-09-07T17:07:37Z,2026-09-07T12:07:37Z,35.6,41.7,4.373,5.398,9.912
2026-09-07T17:08:37Z,2026-09-07T12:08:37Z,35.5,41.7,4.416,5.607,12.956
2026-09-07T17:09:37Z,2026-09-07T12:09:37Z,36.1,41.6,4.46,6.165,24.251
2026-09-07T17:10:38Z,2026-09-07T12:10:38Z,37.5,41.6,4.394,5.08,5.08
2026-09-07T17:11:33Z,2026-09-07T12:11:33Z,37.3,41.6,4.805,5.268,8.402
2026-09-07T17:12:33Z,2026-09-07T12:12:33Z,37.3,41.5,4.28,4.833,8.714
2026-09-07T17:13:34Z,2026-09-07T12:13:34Z,37.9,41.5,4.555,5.398,15.925
2026-09-07T17:14:34Z,2026-09-07T12:14:34Z,37.2,41.5,4.774,5.692,9.208
2026-09-07T17:15:35Z,2026-09-07T12:15:35Z,37.8,41.5,4.568,4.907,5.146
2026-09-07T17:16:35Z,2026-09-07T12:16:35Z,37.7,41.5,4.785,5.487,5.731
2026-09-07T17:17:36Z,2026-09-07T12:17:36Z,37.1,41.5,4.713,5.642,6.369
2026-09-07T17:18:36Z,2026-09-07T12:18:36Z,37.0,41.5,4.542,5.314,5.553
2026-09-07T17:19:36Z,2026-09-07T12:19:36Z,37.3,41.5,4.797,5.466,7.414
2026-09-07T17:20:37Z,2026-09-07T12:20:37Z,38.8,41.5,4.999,5.395,11.107
2026-09-07T17:21:37Z,2026-09-07T12:21:37Z,37.9,41.4,4.503,5.195,8.348
2026-09-07T17:22:37Z,2026-09-07T12:22:37Z,37.8,41.4,4.495,5.193,8.783
2026-09-07T17:23:37Z,2026-09-07T12:23:37Z,38.5,41.4,4.395,5.062,5.752
2026-09-07T17:24:38Z,2026-09-07T12:24:38Z,37.8,41.4,4.485,6.058,7.92
2026-09-07T17:25:38Z,2026-09-07T12:25:38Z,37.6,41.4,4.553,5.009,6.979
2026-09-07T17:26:33Z,2026-09-07T12:26:33Z,37.9,41.4,4.405,5.257,8.142
2026-09-07T17:27:34Z,2026-09-07T12:27:34Z,38.0,41.4,4.303,5.086,7.1
2026-09-07T17:28:34Z,2026-09-07T12:28:34Z,37.6,41.4,4.557,6.125,10.012
2026-09-07T17:29:34Z,2026-09-07T12:29:34Z,38.0,41.4,4.761,5.454,18.065
2026-09-07T17:30:35Z,2026-09-07T12:30:35Z,38.3,41.4,4.816,5.954,8.736
2026-09-07T17:31:36Z,2026-09-07T12:31:36Z,39.1,41.4,4.605,5.521,8.614
2026-09-07T17:32:36Z,2026-09-07T12:32:36Z,38.3,41.5,4.695,5.385,11.136
2026-09-07T17:33:36Z,2026-09-07T12:33:36Z,37.1,41.5,4.357,5.654,6.387
2026-09-07T17:34:37Z,2026-09-07T12:34:37Z,36.5,41.5,4.646,5.405,7.769
2026-09-07T17:35:37Z,2026-09-07T12:35:37Z,36.4,41.5,4.47,5.128,21.203
2026-09-07T17:36:37Z,2026-09-07T12:36:37Z,36.5,41.5,4.401,5.425,36.01
2026-09-07T17:37:37Z,2026-09-07T12:37:37Z,36.9,41.5,4.921,5.511,5.962
2026-09-07T17:38:38Z,2026-09-07T12:38:38Z,37.0,41.5,4.827,5.686,8.442
2026-09-07T17:39:38Z,2026-09-07T12:39:38Z,37.0,41.6,4.745,5.781,6.632
2026-09-07T17:40:33Z,2026-09-07T12:40:33Z,36.7,41.6,4.472,4.919,8.633
2026-09-07T17:41:34Z,2026-09-07T12:41:34Z,37.9,41.6,4.714,5.398,9.708
2026-09-07T17:42:34Z,2026-09-07T12:42:34Z,37.6,41.6,4.889,5.179,5.179
2026-09-07T17:43:34Z,2026-09-07T12:43:34Z,36.6,41.7,4.995,5.832,9.932
2026-09-07T17:44:35Z,2026-09-07T12:44:35Z,36.1,41.7,4.867,5.639,5.639
2026-09-07T17:45:35Z,2026-09-07T12:45:35Z,36.2,41.7,5.042,5.734,6.971
2026-09-07T17:46:36Z,2026-09-07T12:46:36Z,36.8,41.7,4.299,5.245,5.488
2026-09-07T17:47:36Z,2026-09-07T12:47:36Z,37.1,41.7,4.305,4.673,4.673
2026-09-07T17:48:36Z,2026-09-07T12:48:36Z,35.7,41.7,4.601,5.111,5.111
2026-09-07T17:49:37Z,2026-09-07T12:49:37Z,36.3,41.7,4.631,5.278,5.44
2026-09-07T17:50:37Z,2026-09-07T12:50:37Z,35.4,41.8,4.816,5.537,6.048
2026-09-07T17:51:37Z,2026-09-07T12:51:37Z,36.2,41.8,4.659,5.126,5.126
2026-09-07T17:52:38Z,2026-09-07T12:52:38Z,37.0,41.8,4.333,5.149,5.4
2026-09-07T17:53:38Z,2026-09-07T12:53:38Z,36.2,41.8,4.636,5.074,5.074
2026-09-07T17:54:38Z,2026-09-07T12:54:38Z,36.2,41.8,4.778,5.509,5.999
2026-09-07T17:55:34Z,2026-09-07T12:55:34Z,36.6,41.8,4.642,5.559,8.888
2026-09-07T17:56:34Z,2026-09-07T12:56:34Z,35.0,41.8,4.349,5.196,5.455
2026-09-07T17:57:34Z,2026-09-07T12:57:34Z,35.3,41.8,4.54,5.584,13.071
2026-09-07T17:58:34Z,2026-09-07T12:58:34Z,36.0,41.8,4.579,5.116,9.38
2026-09-07T17:59:35Z,2026-09-07T12:59:35Z,36.8,41.8,4.737,5.851,52.049
2026-09-07T18:00:36Z,2026-09-07T13:00:36Z,37.3,41.8,4.818,5.694,6.203
2026-09-07T18:01:36Z,2026-09-07T13:01:36Z,35.9,41.9,4.485,5.398,7.275
2026-09-07T18:02:36Z,2026-09-07T13:02:36Z,36.0,42.0,4.924,6.051,17.655
2026-09-07T18:03:37Z,2026-09-07T13:03:37Z,36.8,42.0,4.635,5.463,19.851
2026-09-07T18:04:37Z,2026-09-07T13:04:37Z,36.4,42.1,4.807,5.605,13.706
2026-09-07T18:05:37Z,2026-09-07T13:05:37Z,36.8,42.2,4.817,5.418,5.732
2026-09-07T18:06:38Z,2026-09-07T13:06:38Z,35.3,42.3,4.936,5.792,7.228
2026-09-07T18:07:38Z,2026-09-07T13:07:38Z,35.2,42.4,4.954,5.349,7.277
2026-09-07T18:08:38Z,2026-09-07T13:08:38Z,35.2,42.4,4.801,5.426,5.426
2026-09-07T18:09:38Z,2026-09-07T13:09:38Z,35.1,42.5,4.771,5.394,35.829
2026-09-07T18:10:39Z,2026-09-07T13:10:39Z,35.5,42.5,4.56,4.892,49.128
2026-09-07T18:11:34Z,2026-09-07T13:11:34Z,35.5,42.6,4.821,5.541,7.331
2026-09-07T18:12:34Z,2026-09-07T13:12:34Z,34.0,42.6,4.977,5.465,5.724
2026-09-07T18:13:35Z,2026-09-07T13:13:35Z,34.8,42.7,4.74,5.385,5.898
2026-09-07T18:14:35Z,2026-09-07T13:14:35Z,34.6,42.8,4.712,5.554,5.813
2026-09-07T18:15:36Z,2026-09-07T13:15:36Z,34.7,42.9,5.092,5.581,5.836
2026-09-07T18:16:36Z,2026-09-07T13:16:36Z,34.6,43.0,5.336,6.418,40.697
2026-09-07T18:17:37Z,2026-09-07T13:17:37Z,34.5,43.1,5.492,6.436,7.698
2026-09-07T18:18:37Z,2026-09-07T13:18:37Z,34.0,43.1,5.475,6.408,6.672
2026-09-07T18:19:37Z,2026-09-07T13:19:37Z,34.3,43.2,5.243,6.229,7.504
2026-09-07T18:20:37Z,2026-09-07T13:20:37Z,34.0,43.2,5.229,5.869,6.889
2026-09-07T18:21:38Z,2026-09-07T13:21:38Z,34.2,43.2,5.784,7.098,19.642
2026-09-07T18:22:38Z,2026-09-07T13:22:38Z,34.7,43.2,5.092,5.857,6.109
2026-09-07T18:23:38Z,2026-09-07T13:23:38Z,34.2,43.2,5.399,5.458,5.458
2026-09-07T18:24:39Z,2026-09-07T13:24:39Z,34.2,43.1,5.614,6.154,6.154
2026-09-07T18:25:39Z,2026-09-07T13:25:39Z,33.8,43.0,5.655,6.744,7.793
2026-09-07T18:26:34Z,2026-09-07T13:26:34Z,34.5,42.9,5.326,6.245,6.755
2026-09-07T18:27:35Z,2026-09-07T13:27:35Z,34.8,42.8,5.081,5.667,12.803
2026-09-07T18:28:35Z,2026-09-07T13:28:35Z,35.1,42.7,4.989,5.581,6.654
2026-09-07T18:29:35Z,2026-09-07T13:29:35Z,34.7,42.5,5.39,6.073,10.722
2026-09-07T18:30:36Z,2026-09-07T13:30:36Z,34.5,42.3,5.315,6.541,8.923
2026-09-07T18:31:37Z,2026-09-07T13:31:37Z,34.8,42.2,5.24,5.923,8.878
2026-09-07T18:32:37Z,2026-09-07T13:32:37Z,35.3,41.9,4.971,5.497,8.482
2026-09-07T18:33:37Z,2026-09-07T13:33:37Z,35.9,41.8,5.207,5.791,12.51
2026-09-07T18:34:37Z,2026-09-07T13:34:37Z,36.2,41.5,5.312,6.679,11.058
2026-09-07T18:35:38Z,2026-09-07T13:35:38Z,36.2,41.3,5.259,6.383,6.856
2026-09-07T18:36:38Z,2026-09-07T13:36:38Z,36.7,41.2,5.339,6.34,9.267
2026-09-07T18:37:38Z,2026-09-07T13:37:38Z,37.0,41.0,5.128,5.919,7.245
2026-09-07T18:38:39Z,2026-09-07T13:38:39Z,37.5,40.8,5.043,5.964,7.399
2026-09-07T18:39:39Z,2026-09-07T13:39:39Z,37.5,40.7,5.36,6.293,14.801
2026-09-07T18:40:39Z,2026-09-07T13:40:39Z,37.5,40.5,5.187,5.985,15.033
2026-09-07T18:41:39Z,2026-09-07T13:41:39Z,37.6,40.3,5.37,6.601,12.888
2026-09-07T18:42:39Z,2026-09-07T13:42:39Z,37.8,40.2,5.175,6.187,8.242
2026-09-07T18:43:39Z,2026-09-07T13:43:39Z,38.0,40.0,5.192,6.28,13.538
2026-09-07T18:44:39Z,2026-09-07T13:44:39Z,38.6,39.8,4.788,5.849,16.294
2026-09-07T18:45:39Z,2026-09-07T13:45:39Z,38.9,39.7,5.052,5.856,26.078
2026-09-07T18:46:39Z,2026-09-07T13:46:39Z,39.4,39.7,5.193,5.989,11.167
2026-09-07T18:47:39Z,2026-09-07T13:47:39Z,39.6,39.7,4.984,5.919,9.756
2026-09-07T18:48:39Z,2026-09-07T13:48:39Z,39.4,39.7,5.263,6.173,12.2
2026-09-07T18:49:39Z,2026-09-07T13:49:39Z,38.6,39.8,5.033,5.989,14.093
2026-09-07T18:50:39Z,2026-09-07T13:50:39Z,39.0,40.0,4.895,5.804,10.404
2026-09-07T18:51:39Z,2026-09-07T13:51:39Z,38.9,40.1,5.351,6.138,13.934
2026-09-07T18:52:39Z,2026-09-07T13:52:39Z,38.6,40.3,5.043,6.045,11.045
2026-09-07T18:53:39Z,2026-09-07T13:53:39Z,38.0,40.5,5.143,6.312,9.466
2026-09-07T18:54:39Z,2026-09-07T13:54:39Z,37.0,40.6,5.103,6.172,11.213
2026-09-07T18:55:39Z,2026-09-07T13:55:39Z,37.0,40.8,5.286,6.413,8.865
2026-09-07T18:56:39Z,2026-09-07T13:56:39Z,37.1,41.0,5.503,6.481,11.35
2026-09-07T18:57:40Z,2026-09-07T13:57:40Z,36.1,41.2,5.132,5.979,10.886
2026-09-07T18:58:40Z,2026-09-07T13:58:40Z,35.8,41.4,5.421,6.419,8.856
2026-09-07T18:59:40Z,2026-09-07T13:59:40Z,35.5,41.5,4.911,5.677,13.07
2026-09-07T19:00:40Z,2026-09-07T14:00:40Z,35.3,41.7,5.499,6.322,10.239
2026-09-07T19:01:40Z,2026-09-07T14:01:40Z,35.9,41.8,5.139,6.047,10.621
2026-09-07T19:02:40Z,2026-09-07T14:02:40Z,35.3,41.9,5.004,5.728,10.544
2026-09-07T19:03:40Z,2026-09-07T14:03:40Z,34.7,42.0,4.962,5.803,7.394
2026-09-07T19:04:40Z,2026-09-07T14:04:40Z,34.8,42.1,5.153,6.223,22.616
2026-09-07T19:05:40Z,2026-09-07T14:05:40Z,34.7,42.2,5.725,6.682,26.439
2026-09-07T19:06:35Z,2026-09-07T14:06:35Z,34.6,42.3,5.253,6.361,11.627
2026-09-07T19:07:35Z,2026-09-07T14:07:35Z,34.3,42.3,5.275,6.562,8.473
2026-09-07T19:08:36Z,2026-09-07T14:08:36Z,34.5,42.4,5.016,5.548,10.423
2026-09-07T19:09:36Z,2026-09-07T14:09:36Z,34.5,42.5,5.166,6.065,23.79
2026-09-07T19:10:37Z,2026-09-07T14:10:37Z,33.8,42.6,5.459,6.387,87.407
2026-09-07T19:11:37Z,2026-09-07T14:11:37Z,34.6,42.8,5.024,5.902,6.174
2026-09-07T19:12:38Z,2026-09-07T14:12:38Z,33.7,42.9,4.998,5.787,16.84
2026-09-07T19:13:38Z,2026-09-07T14:13:38Z,33.8,43.0,5.329,6.239,21.346
2026-09-07T19:14:38Z,2026-09-07T14:14:38Z,33.4,43.1,5.136,5.602,9.096
2026-09-07T19:15:39Z,2026-09-07T14:15:39Z,33.5,43.2,5.095,5.743,14.965
2026-09-07T19:16:39Z,2026-09-07T14:16:39Z,32.8,43.3,5.241,6.16,20.632
2026-09-07T19:17:39Z,2026-09-07T14:17:39Z,33.0,43.4,5.242,5.904,6.162
2026-09-07T19:18:40Z,2026-09-07T14:18:40Z,32.7,43.4,5.262,6.283,65.466
2026-09-07T19:19:40Z,2026-09-07T14:19:40Z,32.9,43.3,5.123,6.162,7.731
2026-09-07T19:20:35Z,2026-09-07T14:20:35Z,33.0,43.2,5.406,6.242,6.242
2026-09-07T19:21:36Z,2026-09-07T14:21:36Z,33.1,43.1,4.971,6.017,6.549
2026-09-07T19:22:36Z,2026-09-07T14:22:36Z,33.4,43.0,5.139,5.7,5.966
2026-09-07T19:23:36Z,2026-09-07T14:23:36Z,33.6,42.9,5.192,6.583,11.059
2026-09-07T19:24:37Z,2026-09-07T14:24:37Z,34.0,42.7,5.429,5.796,6.785
2026-09-07T19:25:37Z,2026-09-07T14:25:37Z,35.4,42.6,5.143,6.245,10.495
2026-09-07T19:26:38Z,2026-09-07T14:26:38Z,35.1,42.4,5.157,5.931,7.173
2026-09-07T19:27:38Z,2026-09-07T14:27:38Z,35.1,42.3,5.237,6.093,7.319
2026-09-07T19:28:38Z,2026-09-07T14:28:38Z,36.3,42.1,5.264,6.116,16.153
2026-09-07T19:29:39Z,2026-09-07T14:29:39Z,35.9,42.0,5.188,6.199,9.681
2026-09-07T19:30:39Z,2026-09-07T14:30:39Z,36.5,41.8,4.967,5.882,9.428
2026-09-07T19:31:39Z,2026-09-07T14:31:39Z,37.4,41.7,4.983,5.823,10.253
2026-09-07T19:32:40Z,2026-09-07T14:32:40Z,36.0,41.6,5.269,5.776,7.798
2026-09-07T19:33:40Z,2026-09-07T14:33:40Z,35.9,41.4,5.442,6.632,37.314
2026-09-07T19:34:40Z,2026-09-07T14:34:40Z,36.2,41.3,5.318,6.138,11.228
2026-09-07T19:35:40Z,2026-09-07T14:35:40Z,36.3,41.2,5.679,6.4,7.36
2026-09-07T19:36:36Z,2026-09-07T14:36:36Z,35.9,41.2,5.493,6.178,10.136
2026-09-07T19:37:36Z,2026-09-07T14:37:36Z,36.3,41.2,5.446,6.419,10.983
2026-09-07T19:38:36Z,2026-09-07T14:38:36Z,37.2,41.3,5.026,5.797,7.332
2026-09-07T19:39:36Z,2026-09-07T14:39:36Z,36.4,41.4,5.365,6.169,13.794
2026-09-07T19:40:37Z,2026-09-07T14:40:37Z,36.9,41.5,5.208,6.119,9.69
2026-09-07T19:41:37Z,2026-09-07T14:41:37Z,36.8,41.7,5.543,6.428,25.57
2026-09-07T19:42:37Z,2026-09-07T14:42:37Z,35.6,41.9,5.457,6.181,6.906
2026-09-07T19:43:37Z,2026-09-07T14:43:37Z,35.4,42.1,5.268,6.137,8.2
2026-09-07T19:44:37Z,2026-09-07T14:44:37Z,34.0,42.3,5.357,5.957,6.842
2026-09-07T19:45:37Z,2026-09-07T14:45:37Z,34.3,42.6,5.348,6.13,8.496
2026-09-07T19:46:37Z,2026-09-07T14:46:37Z,33.5,42.8,5.23,6.165,8.408
2026-09-07T19:47:38Z,2026-09-07T14:47:38Z,33.2,43.0,5.184,5.711,6.036
2026-09-07T19:48:38Z,2026-09-07T14:48:38Z,34.5,43.2,5.39,6.102,6.424
2026-09-07T19:49:38Z,2026-09-07T14:49:38Z,34.2,43.3,5.339,5.807,7.255
2026-09-07T19:50:38Z,2026-09-07T14:50:38Z,34.5,43.5,5.645,6.943,15.605
2026-09-07T19:51:39Z,2026-09-07T14:51:39Z,33.9,43.7,5.607,6.189,6.469
2026-09-07T19:52:39Z,2026-09-07T14:52:39Z,33.3,43.8,5.41,6.333,9.757
2026-09-07T19:53:39Z,2026-09-07T14:53:39Z,33.3,43.8,5.654,6.362,23.756
2026-09-07T19:54:40Z,2026-09-07T14:54:40Z,33.3,43.7,5.468,6.614,15.345
2026-09-07T19:55:40Z,2026-09-07T14:55:40Z,33.5,43.7,5.506,6.213,7.56
2026-09-07T19:56:40Z,2026-09-07T14:56:40Z,33.7,43.7,5.579,6.169,7.495
2026-09-07T19:57:41Z,2026-09-07T14:57:41Z,31.9,43.7,5.439,6.185,36.779
2026-09-07T19:58:41Z,2026-09-07T14:58:41Z,32.1,43.8,5.048,5.872,6.147
2026-09-07T19:59:41Z,2026-09-07T14:59:41Z,32.3,43.9,5.618,6.173,9.188
2026-09-07T20:00:37Z,2026-09-07T15:00:37Z,31.9,44.0,5.102,5.967,7.053
2026-09-07T20:01:38Z,2026-09-07T15:01:38Z,31.9,44.1,5.535,6.344,6.896
2026-09-07T20:02:38Z,2026-09-07T15:02:38Z,31.8,44.2,5.244,6.02,6.02
2026-09-07T20:03:38Z,2026-09-07T15:03:38Z,32.0,44.3,5.056,5.819,6.073
2026-09-07T20:04:39Z,2026-09-07T15:04:39Z,32.4,44.5,5.748,6.653,17.399
2026-09-07T20:05:39Z,2026-09-07T15:05:39Z,33.2,44.6,5.88,6.621,10.234
2026-09-07T20:06:39Z,2026-09-07T15:06:39Z,32.9,44.7,5.702,7.009,10.175
2026-09-07T20:07:40Z,2026-09-07T15:07:40Z,31.4,44.8,5.895,6.581,11.435
2026-09-07T20:08:40Z,2026-09-07T15:08:40Z,31.0,44.9,5.482,6.214,6.214
2026-09-07T20:09:40Z,2026-09-07T15:09:40Z,31.4,44.9,6.011,7.271,40.549
2026-09-07T20:10:41Z,2026-09-07T15:10:41Z,31.0,45.0,5.521,6.358,6.616
2026-09-07T20:11:41Z,2026-09-07T15:11:41Z,31.2,45.1,5.404,6.092,37.07
2026-09-07T20:12:41Z,2026-09-07T15:12:41Z,30.9,45.2,5.779,6.427,7.961
2026-09-07T20:13:41Z,2026-09-07T15:13:41Z,31.7,45.3,5.727,6.064,7.105
2026-09-07T20:14:42Z,2026-09-07T15:14:42Z,31.9,45.4,5.509,6.278,6.278
2026-09-07T20:15:38Z,2026-09-07T15:15:38Z,30.6,45.5,6.081,7.027,7.584
2026-09-07T20:16:38Z,2026-09-07T15:16:38Z,31.1,45.6,5.869,6.834,6.834
2026-09-07T20:17:38Z,2026-09-07T15:17:38Z,31.3,45.6,5.89,6.517,10.242
2026-09-07T20:18:39Z,2026-09-07T15:18:39Z,30.7,45.7,5.867,7.138,10.432
2026-09-07T20:19:39Z,2026-09-07T15:19:39Z,30.5,45.7,5.61,6.315,6.592
2026-09-07T20:20:39Z,2026-09-07T15:20:39Z,31.6,45.8,6.172,6.607,10.002
2026-09-07T20:21:40Z,2026-09-07T15:21:40Z,30.6,45.9,6.245,6.819,6.819
2026-09-07T20:22:40Z,2026-09-07T15:22:40Z,31.0,45.9,6.149,6.514,6.514
2026-09-07T20:23:40Z,2026-09-07T15:23:40Z,30.3,46.0,6.072,6.596,10.977
2026-09-07T20:24:41Z,2026-09-07T15:24:41Z,29.8,46.1,5.963,6.529,6.529
2026-09-07T20:25:41Z,2026-09-07T15:25:41Z,29.8,46.1,5.687,6.174,6.174
2026-09-07T20:26:41Z,2026-09-07T15:26:41Z,29.1,46.2,5.941,6.595,9.959
2026-09-07T20:27:41Z,2026-09-07T15:27:41Z,29.3,46.3,6.107,6.879,10.455
2026-09-07T20:28:42Z,2026-09-07T15:28:42Z,29.7,46.3,6.132,6.833,6.833
2026-09-07T20:29:42Z,2026-09-07T15:29:42Z,29.9,46.4,6.416,6.944,71.938
2026-09-07T20:30:38Z,2026-09-07T15:30:38Z,29.3,46.5,5.947,6.605,8.101
2026-09-07T20:31:38Z,2026-09-07T15:31:38Z,29.4,46.5,6.291,6.567,9.756
2026-09-07T20:32:39Z,2026-09-07T15:32:39Z,29.5,46.6,6.113,7.045,8.668
2026-09-07T20:33:39Z,2026-09-07T15:33:39Z,28.8,46.6,5.917,6.457,7.572
2026-09-07T20:34:39Z,2026-09-07T15:34:39Z,29.2,46.6,6.354,6.632,6.632
2026-09-07T20:35:40Z,2026-09-07T15:35:40Z,29.5,46.7,,,
2026-09-07T20:36:40Z,2026-09-07T15:36:40Z,29.8,46.7,6.143,6.653,6.933
2026-09-07T20:37:40Z,2026-09-07T15:37:40Z,29.1,46.7,6.343,7.114,7.39
2026-09-07T20:38:41Z,2026-09-07T15:38:41Z,28.7,46.8,,,
2026-09-07T20:39:41Z,2026-09-07T15:39:41Z,29.2,46.8,6.078,7.009,10.412
2026-09-07T20:40:41Z,2026-09-07T15:40:41Z,29.2,46.8,,,
2026-09-07T20:41:42Z,2026-09-07T15:41:42Z,29.1,46.8,6.095,6.781,9.858
2026-09-07T20:42:42Z,2026-09-07T15:42:42Z,28.9,46.8,,,
2026-09-07T20:43:42Z,2026-09-07T15:43:42Z,27.8,46.8,,,
2026-09-07T20:44:42Z,2026-09-07T15:44:42Z,28.3,46.8,6.32,6.879,7.441
2026-09-07T20:45:43Z,2026-09-07T15:45:43Z,28.9,46.8,,,
2026-09-07T20:46:44Z,2026-09-07T15:46:44Z,28.7,46.8,,,
2026-09-07T20:47:44Z,2026-09-07T15:47:44Z,29.1,46.8,6.227,6.951,11.215
2026-09-07T20:48:44Z,2026-09-07T15:48:44Z,29.6,46.8,,,
2026-09-07T20:49:45Z,2026-09-07T15:49:45Z,30.1,46.8,5.92,6.457,6.457
2026-09-07T20:50:45Z,2026-09-07T15:50:45Z,29.0,46.8,,,
2026-09-07T20:51:45Z,2026-09-07T15:51:45Z,28.6,46.8,6.066,6.886,6.886
2026-09-07T20:52:40Z,2026-09-07T15:52:40Z,28.3,46.8,,,
2026-09-07T20:53:41Z,2026-09-07T15:53:41Z,28.2,46.8,6.091,7.222,10.996
2026-09-07T20:54:41Z,2026-09-07T15:54:41Z,29.2,46.7,,,
2026-09-07T20:55:41Z,2026-09-07T15:55:41Z,28.8,46.7,6.107,6.37,9.536
2026-09-07T20:56:42Z,2026-09-07T15:56:42Z,28.6,46.7,,,
2026-09-07T20:57:42Z,2026-09-07T15:57:42Z,28.4,46.7,6.242,6.826,10.302
2026-09-07T20:58:42Z,2026-09-07T15:58:42Z,27.8,46.8,,,
2026-09-07T20:59:43Z,2026-09-07T15:59:43Z,27.9,46.8,6.415,7.431,11.292
2026-09-07T21:00:44Z,2026-09-07T16:00:44Z,28.5,46.8,,,
2026-09-07T21:01:44Z,2026-09-07T16:01:44Z,28.2,46.8,5.917,7.041,8.711
2026-09-07T21:02:44Z,2026-09-07T16:02:44Z,28.1,46.8,,,
2026-09-07T21:03:45Z,2026-09-07T16:03:45Z,28.4,46.7,6.258,6.722,9.848
2026-09-07T21:04:45Z,2026-09-07T16:04:45Z,28.8,46.7,6.295,7.293,10.773
2026-09-07T21:05:45Z,2026-09-07T16:05:45Z,28.3,46.7,,,
2026-09-07T21:06:46Z,2026-09-07T16:06:46Z,28.1,46.6,6.187,6.802,6.802
2026-09-07T21:07:46Z,2026-09-07T16:07:46Z,28.6,46.6,6.181,6.941,7.223
2026-09-07T21:08:41Z,2026-09-07T16:08:41Z,27.9,46.6,6.07,6.516,8.815
2026-09-07T21:09:42Z,2026-09-07T16:09:42Z,29.0,46.5,5.785,6.777,6.777
2026-09-07T21:10:44Z,2026-09-07T16:10:44Z,28.2,46.5,6.076,6.679,7.806
2026-09-07T21:11:44Z,2026-09-07T16:11:44Z,28.4,46.4,5.987,6.681,6.988
2026-09-07T21:12:44Z,2026-09-07T16:12:44Z,28.6,46.4,6.09,7.299,24.644
2026-09-07T21:13:45Z,2026-09-07T16:13:45Z,28.8,46.3,6.406,7.227,9.112
2026-09-07T21:14:45Z,2026-09-07T16:14:45Z,28.6,46.2,6.04,6.462,11.044
2026-09-07T21:15:45Z,2026-09-07T16:15:45Z,29.0,46.1,5.815,6.015,9.348
2026-09-07T21:16:46Z,2026-09-07T16:16:46Z,29.5,45.9,5.886,6.638,13.875
2026-09-07T21:17:46Z,2026-09-07T16:17:46Z,29.6,45.8,5.919,6.6,9.777
2026-09-07T21:18:46Z,2026-09-07T16:18:46Z,29.8,45.7,6.845,7.832,9.972
2026-09-07T21:19:46Z,2026-09-07T16:19:46Z,30.4,45.6,6.212,7.186,7.186
2026-09-07T21:20:47Z,2026-09-07T16:20:47Z,30.2,45.4,6.718,7.075,8.178
2026-09-07T21:21:47Z,2026-09-07T16:21:47Z,29.7,45.3,6.507,7.172,11.829
2026-09-07T21:22:47Z,2026-09-07T16:22:47Z,30.1,45.1,5.848,6.088,7.219
2026-09-07T21:23:48Z,2026-09-07T16:23:48Z,31.1,44.9,6.268,7.017,19.16
2026-09-07T21:24:43Z,2026-09-07T16:24:43Z,32.1,44.8,6.64,7.308,7.308
2026-09-07T21:25:44Z,2026-09-07T16:25:44Z,31.5,44.6,6.412,7.425,11.734
2026-09-07T21:26:44Z,2026-09-07T16:26:44Z,31.5,44.5,6.249,6.658,6.658
2026-09-07T21:27:44Z,2026-09-07T16:27:44Z,32.5,44.3,6.095,7.331,8.212
2026-09-07T21:28:45Z,2026-09-07T16:28:45Z,32.6,44.2,6.557,7.032,7.307
2026-09-07T21:29:45Z,2026-09-07T16:29:45Z,32.2,44.0,6.81,7.746,20.027
2026-09-07T21:30:45Z,2026-09-07T16:30:45Z,32.4,43.9,6.548,7.527,7.782
2026-09-07T21:31:46Z,2026-09-07T16:31:46Z,32.4,43.7,6.838,7.266,7.266
2026-09-07T21:32:46Z,2026-09-07T16:32:46Z,32.9,43.6,6.69,7.601,14.009
2026-09-07T21:33:46Z,2026-09-07T16:33:46Z,33.6,43.4,6.206,6.851,11.386
2026-09-07T21:34:47Z,2026-09-07T16:34:47Z,33.2,43.3,6.439,7.202,8.466
2026-09-07T21:35:47Z,2026-09-07T16:35:47Z,33.8,43.1,6.61,6.99,6.99
2026-09-07T21:36:47Z,2026-09-07T16:36:47Z,33.5,43.0,6.167,7.155,8.683
2026-09-07T21:37:48Z,2026-09-07T16:37:48Z,33.0,42.9,6.105,6.803,8.053
2026-09-07T21:38:48Z,2026-09-07T16:38:48Z,32.9,42.8,6.029,6.553,6.553
2026-09-07T21:39:49Z,2026-09-07T16:39:49Z,33.5,42.7,6.306,6.89,10.211
2026-09-07T21:40:44Z,2026-09-07T16:40:44Z,33.7,42.6,6.254,6.835,7.808
2026-09-07T21:41:44Z,2026-09-07T16:41:44Z,33.9,42.5,6.094,6.849,7.094
2026-09-07T21:42:45Z,2026-09-07T16:42:45Z,34.2,42.4,6.406,7.37,8.617
2026-09-07T21:43:45Z,2026-09-07T16:43:45Z,33.9,42.3,5.83,6.44,17.76
2026-09-07T21:44:45Z,2026-09-07T16:44:45Z,35.4,42.2,6.331,7.146,8.123
2026-09-07T21:45:46Z,2026-09-07T16:45:46Z,34.9,42.1,6.119,6.916,7.164
2026-09-07T21:46:46Z,2026-09-07T16:46:46Z,34.8,42.0,6.146,6.854,7.381
2026-09-07T21:47:46Z,2026-09-07T16:47:46Z,34.5,41.9,6.119,6.773,9.808
2026-09-07T21:48:47Z,2026-09-07T16:48:47Z,34.3,41.8,5.68,7.153,17.663
2026-09-07T21:49:47Z,2026-09-07T16:49:47Z,35.0,41.7,5.994,6.855,10.959
2026-09-07T21:50:47Z,2026-09-07T16:50:47Z,35.5,41.6,5.72,6.43,9.57
2026-09-07T21:51:48Z,2026-09-07T16:51:48Z,35.3,41.5,5.683,6.492,9.557
2026-09-07T21:52:48Z,2026-09-07T16:52:48Z,35.6,41.4,6.128,6.885,6.885
2026-09-07T21:53:48Z,2026-09-07T16:53:48Z,35.5,41.3,5.77,6.6,18.89
2026-09-07T21:54:49Z,2026-09-07T16:54:49Z,35.4,41.2,5.87,6.395,6.644
2026-09-07T21:55:44Z,2026-09-07T16:55:44Z,35.7,41.2,5.43,5.901,5.901
2026-09-07T21:56:45Z,2026-09-07T16:56:45Z,36.5,41.1,5.902,6.631,10.812
2026-09-07T21:57:45Z,2026-09-07T16:57:45Z,36.8,41.0,5.89,6.801,18.662
2026-09-07T21:58:45Z,2026-09-07T16:58:45Z,36.6,40.9,5.839,6.71,8.968
2026-09-07T21:59:45Z,2026-09-07T16:59:45Z,35.9,40.9,5.596,6.717,10.682
2026-09-07T22:00:45Z,2026-09-07T17:00:45Z,36.5,40.8,6.388,7.29,22.68
2026-09-07T22:01:45Z,2026-09-07T17:01:45Z,36.1,40.8,6.202,6.885,21.101
2026-09-07T22:02:45Z,2026-09-07T17:02:45Z,35.9,40.7,5.477,6.176,15.512
2026-09-07T22:03:45Z,2026-09-07T17:03:45Z,36.2,40.7,6.002,6.898,11.688
2026-09-07T22:04:45Z,2026-09-07T17:04:45Z,36.0,40.7,5.798,6.365,15.69
2026-09-07T22:05:45Z,2026-09-07T17:05:45Z,36.1,40.6,5.704,6.66,8.104
2026-09-07T22:06:45Z,2026-09-07T17:06:45Z,36.5,40.6,5.814,6.766,25.706
2026-09-07T22:07:45Z,2026-09-07T17:07:45Z,37.8,40.5,5.756,6.646,8.736
2026-09-07T22:08:45Z,2026-09-07T17:08:45Z,38.4,40.5,6.029,6.963,10.575
2026-09-07T22:09:45Z,2026-09-07T17:09:45Z,37.3,40.5,5.961,6.98,12.773
2026-09-07T22:10:45Z,2026-09-07T17:10:45Z,38.2,40.4,6.056,6.826,13.101
2026-09-07T22:11:45Z,2026-09-07T17:11:45Z,37.3,40.4,5.779,6.663,11.826
2026-09-07T22:12:45Z,2026-09-07T17:12:45Z,37.2,40.4,6.339,7.138,11.014
2026-09-07T22:13:45Z,2026-09-07T17:13:45Z,37.4,40.3,6.322,7.169,11.163
2026-09-07T22:14:45Z,2026-09-07T17:14:45Z,37.8,40.3,6.057,6.732,11.917
2026-09-07T22:15:46Z,2026-09-07T17:15:46Z,37.5,40.3,5.694,6.385,9.452
2026-09-07T22:16:46Z,2026-09-07T17:16:46Z,38.1,40.2,5.961,6.54,14.227
2026-09-07T22:17:46Z,2026-09-07T17:17:46Z,37.7,40.2,6.403,7.347,16.492
2026-09-07T22:18:46Z,2026-09-07T17:18:46Z,37.4,40.1,5.842,6.429,7.013
2026-09-07T22:19:46Z,2026-09-07T17:19:46Z,37.6,40.1,7.237,8.0,9.343
2026-09-07T22:20:46Z,2026-09-07T17:20:46Z,38.1,40.0,7.488,8.413,14.184
2026-09-07T22:21:46Z,2026-09-07T17:21:46Z,38.3,40.0,7.255,8.119,18.986
2026-09-07T22:22:46Z,2026-09-07T17:22:46Z,38.1,40.0,7.004,8.102,15.532
2026-09-07T22:23:46Z,2026-09-07T17:23:46Z,38.4,39.9,6.683,7.74,12.905
2026-09-07T22:24:46Z,2026-09-07T17:24:46Z,38.4,39.9,5.781,6.696,16.366
2026-09-07T22:25:46Z,2026-09-07T17:25:46Z,38.3,39.8,6.881,7.749,15.276
2026-09-07T22:26:46Z,2026-09-07T17:26:46Z,38.5,39.8,6.897,7.577,12.833
2026-09-07T22:27:46Z,2026-09-07T17:27:46Z,38.4,39.7,6.53,7.56,10.78
2026-09-07T22:28:46Z,2026-09-07T17:28:46Z,38.6,39.6,6.624,7.393,14.646
2026-09-07T22:29:46Z,2026-09-07T17:29:46Z,38.7,39.6,6.717,7.508,9.938
2026-09-07T22:30:46Z,2026-09-07T17:30:46Z,38.7,39.5,6.807,7.504,12.01
2026-09-07T22:31:46Z,2026-09-07T17:31:46Z,38.8,39.5,6.485,7.529,10.856
2026-09-07T22:32:46Z,2026-09-07T17:32:46Z,39.2,39.4,6.651,7.488,13.903
2026-09-07T22:33:46Z,2026-09-07T17:33:46Z,39.6,39.3,6.112,7.224,10.866
2026-09-07T22:34:46Z,2026-09-07T17:34:46Z,39.6,39.3,6.5,7.536,14.228
2026-09-07T22:35:46Z,2026-09-07T17:35:46Z,39.4,39.2,6.48,7.381,22.266
2026-09-07T22:36:46Z,2026-09-07T17:36:46Z,39.7,39.1,6.468,7.368,15.414
2026-09-07T22:37:46Z,2026-09-07T17:37:46Z,39.4,39.1,6.332,7.371,18.296
2026-09-07T22:38:46Z,2026-09-07T17:38:46Z,39.5,39.0,6.033,6.934,12.34
2026-09-07T22:39:46Z,2026-09-07T17:39:46Z,39.8,38.9,6.851,8.114,19.219
2026-09-07T22:40:46Z,2026-09-07T17:40:46Z,40.5,38.9,6.744,7.602,9.238
2026-09-07T22:41:47Z,2026-09-07T17:41:47Z,42.4,38.8,6.825,8.006,25.671
2026-09-07T22:42:47Z,2026-09-07T17:42:47Z,43.8,38.7,6.633,7.538,12.212
2026-09-07T22:43:47Z,2026-09-07T17:43:47Z,44.5,38.6,6.866,8.081,21.231
2026-09-07T22:44:47Z,2026-09-07T17:44:47Z,45.1,38.6,6.659,7.465,28.625
2026-09-07T22:45:47Z,2026-09-07T17:45:47Z,45.7,38.5,7.048,8.071,22.404
2026-09-07T22:46:47Z,2026-09-07T17:46:47Z,45.7,38.4,6.936,7.897,27.383
2026-09-07T22:47:47Z,2026-09-07T17:47:47Z,46.3,38.3,6.845,7.903,17.039
2026-09-07T22:48:47Z,2026-09-07T17:48:47Z,46.3,38.2,6.72,7.807,28.155
2026-09-07T22:49:47Z,2026-09-07T17:49:47Z,46.7,38.1,6.816,7.578,15.041
2026-09-07T22:50:47Z,2026-09-07T17:50:47Z,46.9,38.1,7.128,8.152,18.54
2026-09-07T22:51:47Z,2026-09-07T17:51:47Z,46.9,38.0,7.098,8.087,23.897
2026-09-07T22:52:47Z,2026-09-07T17:52:47Z,47.0,37.9,6.761,7.85,10.382
2026-09-07T22:53:47Z,2026-09-07T17:53:47Z,47.1,37.8,6.441,7.396,12.956
2026-09-07T22:54:47Z,2026-09-07T17:54:47Z,47.6,37.8,6.777,8.159,17.838
2026-09-07T22:55:47Z,2026-09-07T17:55:47Z,47.7,37.7,6.233,7.132,12.062
2026-09-07T22:56:47Z,2026-09-07T17:56:47Z,47.9,37.6,6.327,7.335,10.173
2026-09-07T22:57:47Z,2026-09-07T17:57:47Z,47.8,37.6,6.878,7.847,12.511
2026-09-07T22:58:47Z,2026-09-07T17:58:47Z,48.0,37.5,6.765,8.038,34.891
2026-09-07T22:59:47Z,2026-09-07T17:59:47Z,48.4,37.4,6.805,7.702,19.181
2026-09-07T23:00:47Z,2026-09-07T18:00:47Z,48.1,37.4,7.123,8.18,19.435
2026-09-07T23:01:47Z,2026-09-07T18:01:47Z,48.4,37.3,7.074,8.235,13.929
2026-09-07T23:02:47Z,2026-09-07T18:02:47Z,48.4,37.2,6.848,8.158,15.69
2026-09-07T23:03:47Z,2026-09-07T18:03:47Z,48.9,37.2,7.172,8.108,24.911
2026-09-07T23:04:48Z,2026-09-07T18:04:48Z,48.9,37.1,7.038,7.882,24.499
2026-09-07T23:05:48Z,2026-09-07T18:05:48Z,49.1,37.1,7.463,8.413,11.769
2026-09-07T23:06:48Z,2026-09-07T18:06:48Z,49.1,37.0,7.167,8.302,13.608
2026-09-07T23:07:48Z,2026-09-07T18:07:48Z,49.2,37.0,7.735,8.743,15.661
2026-09-07T23:08:48Z,2026-09-07T18:08:48Z,49.4,36.9,7.126,8.287,9.715
2026-09-07T23:09:48Z,2026-09-07T18:09:48Z,49.5,36.9,7.093,8.11,15.47
2026-09-07T23:10:48Z,2026-09-07T18:10:48Z,49.7,36.8,6.673,7.461,14.236
2026-09-07T23:11:48Z,2026-09-07T18:11:48Z,49.9,36.7,6.952,7.849,17.358
2026-09-07T23:12:48Z,2026-09-07T18:12:48Z,50.0,36.7,6.515,7.693,13.424
2026-09-07T23:13:48Z,2026-09-07T18:13:48Z,50.2,36.7,6.736,7.784,16.072
2026-09-07T23:14:50Z,2026-09-07T18:14:50Z,50.3,36.6,6.554,7.592,13.269
2026-09-07T23:15:45Z,2026-09-07T18:15:45Z,50.7,36.6,6.45,7.528,23.61
2026-09-07T23:16:45Z,2026-09-07T18:16:45Z,50.9,36.5,6.642,7.655,13.555
2026-09-07T23:17:45Z,2026-09-07T18:17:45Z,50.9,36.5,6.543,7.305,11.621
2026-09-07T23:18:45Z,2026-09-07T18:18:45Z,50.8,36.5,6.647,7.795,28.098
2026-09-07T23:19:45Z,2026-09-07T18:19:45Z,50.8,36.4,6.547,7.324,10.504
2026-09-07T23:20:45Z,2026-09-07T18:20:45Z,50.7,36.4,6.837,7.671,16.025
2026-09-07T23:21:45Z,2026-09-07T18:21:45Z,50.8,36.4,6.835,7.709,21.351
2026-09-07T23:22:45Z,2026-09-07T18:22:45Z,51.0,36.4,6.681,7.452,10.728
2026-09-07T23:23:45Z,2026-09-07T18:23:45Z,50.9,36.3,6.546,7.507,23.901
2026-09-07T23:24:45Z,2026-09-07T18:24:45Z,51.1,36.3,6.694,7.809,16.488
2026-09-07T23:25:45Z,2026-09-07T18:25:45Z,51.3,36.3,6.094,6.898,12.955
2026-09-07T23:26:45Z,2026-09-07T18:26:45Z,51.4,36.3,6.104,7.043,10.505
2026-09-07T23:27:45Z,2026-09-07T18:27:45Z,51.8,36.2,6.315,6.974,12.728
2026-09-07T23:28:45Z,2026-09-07T18:28:45Z,51.4,36.2,6.647,7.85,28.334
2026-09-07T23:29:45Z,2026-09-07T18:29:45Z,51.5,36.2,6.53,7.61,19.472
2026-09-07T23:30:46Z,2026-09-07T18:30:46Z,52.1,36.2,6.619,7.909,17.208
2026-09-07T23:31:46Z,2026-09-07T18:31:46Z,52.2,36.1,6.482,7.442,30.754
2026-09-07T23:32:46Z,2026-09-07T18:32:46Z,52.4,36.1,6.693,7.738,14.42
2026-09-07T23:33:46Z,2026-09-07T18:33:46Z,52.2,36.1,5.977,7.102,29.831
2026-09-07T23:34:46Z,2026-09-07T18:34:46Z,52.4,36.1,6.401,7.32,10.099
2026-09-07T23:35:46Z,2026-09-07T18:35:46Z,52.6,36.0,6.241,7.442,12.586
2026-09-07T23:36:46Z,2026-09-07T18:36:46Z,52.9,36.0,6.051,7.093,19.606
2026-09-07T23:37:46Z,2026-09-07T18:37:46Z,53.2,36.0,6.561,7.602,11.304
2026-09-07T23:38:46Z,2026-09-07T18:38:46Z,53.0,36.0,6.114,7.215,17.116
2026-09-07T23:39:46Z,2026-09-07T18:39:46Z,53.1,35.9,6.179,7.305,12.989
2026-09-07T23:40:46Z,2026-09-07T18:40:46Z,53.4,35.9,6.047,6.775,9.96
2026-09-07T23:41:46Z,2026-09-07T18:41:46Z,53.6,35.9,6.265,7.08,22.828
2026-09-07T23:42:46Z,2026-09-07T18:42:46Z,53.5,35.9,5.861,6.841,24.881
2026-09-07T23:43:46Z,2026-09-07T18:43:46Z,52.7,35.9,6.0,6.92,14.216
2026-09-07T23:44:46Z,2026-09-07T18:44:46Z,52.8,35.9,6.422,7.383,15.478
2026-09-07T23:45:46Z,2026-09-07T18:45:46Z,52.9,35.8,6.338,7.319,30.866
2026-09-07T23:46:46Z,2026-09-07T18:46:46Z,52.5,35.8,6.224,7.138,14.8
2026-09-07T23:47:46Z,2026-09-07T18:47:46Z,52.7,35.8,6.449,7.525,15.709
2026-09-07T23:48:46Z,2026-09-07T18:48:46Z,52.6,35.8,5.818,6.652,13.622
2026-09-07T23:49:46Z,2026-09-07T18:49:46Z,52.5,35.8,5.612,6.447,15.282
2026-09-07T23:50:47Z,2026-09-07T18:50:47Z,52.6,35.8,6.096,6.984,9.42
2026-09-07T23:51:47Z,2026-09-07T18:51:47Z,52.3,35.7,6.459,7.362,21.137
2026-09-07T23:52:47Z,2026-09-07T18:52:47Z,52.4,35.7,6.21,6.974,21.439
2026-09-07T23:53:47Z,2026-09-07T18:53:47Z,52.4,35.7,6.073,6.787,24.824
2026-09-07T23:54:47Z,2026-09-07T18:54:47Z,52.5,35.7,6.075,7.441,19.825
2026-09-07T23:55:47Z,2026-09-07T18:55:47Z,52.5,35.7,6.117,6.995,14.685
2026-09-07T23:56:47Z,2026-09-07T18:56:47Z,52.7,35.6,6.65,7.383,16.347
2026-09-07T23:57:47Z,2026-09-07T18:57:47Z,52.6,35.6,6.588,7.494,11.282
2026-09-07T23:58:47Z,2026-09-07T18:58:47Z,52.7,35.6,6.837,7.54,21.968
2026-09-07T23:59:47Z,2026-09-07T18:59:47Z,52.8,35.6,6.552,7.469,17.564
2026-09-08T00:00:47Z,2026-09-07T19:00:47Z,52.7,35.5,6.968,8.054,19.609
2026-09-08T00:01:47Z,2026-09-07T19:01:47Z,52.7,35.5,6.9,7.828,12.954
2026-09-08T00:02:47Z,2026-09-07T19:02:47Z,53.0,35.5,6.235,7.109,13.645
2026-09-08T00:03:47Z,2026-09-07T19:03:47Z,53.3,35.5,6.513,7.457,14.038
2026-09-08T00:04:47Z,2026-09-07T19:04:47Z,53.2,35.5,6.302,6.956,24.901
2026-09-08T00:05:47Z,2026-09-07T19:05:47Z,53.5,35.4,6.813,7.823,12.879
2026-09-08T00:06:47Z,2026-09-07T19:06:47Z,53.7,35.4,6.871,7.843,9.766
2026-09-08T00:07:47Z,2026-09-07T19:07:47Z,53.7,35.4,6.628,7.659,17.495
2026-09-08T00:08:47Z,2026-09-07T19:08:47Z,53.7,35.4,6.956,7.985,20.627
2026-09-08T00:09:47Z,2026-09-07T19:09:47Z,53.8,35.3,6.676,7.741,19.76
2026-09-08T00:10:47Z,2026-09-07T19:10:47Z,53.9,35.3,6.983,7.899,9.891
2026-09-08T00:11:47Z,2026-09-07T19:11:47Z,53.8,35.3,7.01,7.703,17.99
2026-09-08T00:12:47Z,2026-09-07T19:12:47Z,54.1,35.3,6.487,7.437,16.21
2026-09-08T00:13:47Z,2026-09-07T19:13:47Z,53.6,35.2,7.254,8.084,19.742
2026-09-08T00:14:47Z,2026-09-07T19:14:47Z,53.7,35.2,6.879,7.771,13.236
2026-09-08T00:15:47Z,2026-09-07T19:15:47Z,53.9,35.2,6.757,7.703,9.36
2026-09-08T00:16:48Z,2026-09-07T19:16:48Z,54.4,35.2,6.651,7.596,13.618
2026-09-08T00:17:48Z,2026-09-07T19:17:48Z,54.1,35.1,6.881,7.827,21.32
2026-09-08T00:18:48Z,2026-09-07T19:18:48Z,54.1,35.1,6.893,7.833,15.69
2026-09-08T00:19:48Z,2026-09-07T19:19:48Z,54.2,35.1,6.974,8.115,23.633
2026-09-08T00:20:48Z,2026-09-07T19:20:48Z,54.1,35.1,7.044,8.006,17.795
2026-09-08T00:21:48Z,2026-09-07T19:21:48Z,53.9,35.1,6.996,8.155,12.828
2026-09-08T00:22:48Z,2026-09-07T19:22:48Z,53.9,35.0,7.105,8.074,29.317
2026-09-08T00:23:48Z,2026-09-07T19:23:48Z,54.0,35.0,6.813,7.752,12.775
2026-09-08T00:24:48Z,2026-09-07T19:24:48Z,54.1,35.0,6.718,7.539,11.958
2026-09-08T00:25:48Z,2026-09-07T19:25:48Z,54.1,35.0,6.847,8.016,31.182
2026-09-08T00:26:48Z,2026-09-07T19:26:48Z,53.9,34.9,6.873,7.602,11.801
2026-09-08T00:27:48Z,2026-09-07T19:27:48Z,54.2,34.9,6.917,8.125,15.107
2026-09-08T00:28:48Z,2026-09-07T19:28:48Z,54.2,34.9,6.426,7.412,22.507
2026-09-08T00:29:48Z,2026-09-07T19:29:48Z,54.2,34.9,5.927,7.084,12.289
2026-09-08T00:30:48Z,2026-09-07T19:30:48Z,54.2,34.9,6.411,7.311,24.42
2026-09-08T00:31:48Z,2026-09-07T19:31:48Z,54.2,34.8,6.494,7.356,35.071
2026-09-08T00:32:48Z,2026-09-07T19:32:48Z,54.1,34.8,6.634,7.465,10.741
2026-09-08T00:33:48Z,2026-09-07T19:33:48Z,54.1,34.8,6.49,7.557,15.09
2026-09-08T00:34:48Z,2026-09-07T19:34:48Z,54.4,34.8,6.29,7.14,17.302
2026-09-08T00:35:48Z,2026-09-07T19:35:48Z,54.4,34.7,6.4,7.477,31.969
2026-09-08T00:36:48Z,2026-09-07T19:36:48Z,54.6,34.7,6.17,7.356,19.66
2026-09-08T00:37:48Z,2026-09-07T19:37:48Z,54.9,34.7,6.057,7.33,11.406
2026-09-08T00:38:49Z,2026-09-07T19:38:49Z,54.4,34.7,5.784,6.772,14.431
2026-09-08T00:39:49Z,2026-09-07T19:39:49Z,54.2,34.7,5.785,6.671,11.604
2026-09-08T00:40:49Z,2026-09-07T19:40:49Z,54.6,34.6,5.437,6.536,18.531
2026-09-08T00:41:49Z,2026-09-07T19:41:49Z,54.5,34.6,5.586,6.465,15.956
2026-09-08T00:42:49Z,2026-09-07T19:42:49Z,54.3,34.6,5.509,6.465,33.966
2026-09-08T00:43:49Z,2026-09-07T19:43:49Z,54.6,34.6,5.641,6.617,19.92
2026-09-08T00:44:49Z,2026-09-07T19:44:49Z,54.7,34.5,5.637,6.752,12.934
2026-09-08T00:45:49Z,2026-09-07T19:45:49Z,54.8,34.5,5.347,6.347,24.364
2026-09-08T00:46:49Z,2026-09-07T19:46:49Z,54.7,34.5,5.527,6.419,10.291
2026-09-08T00:47:49Z,2026-09-07T19:47:49Z,54.7,34.5,5.431,6.082,15.369
2026-09-08T00:48:49Z,2026-09-07T19:48:49Z,54.8,34.5,5.439,6.615,14.682
2026-09-08T00:49:51Z,2026-09-07T19:49:51Z,54.6,34.4,5.325,6.321,19.95
2026-09-08T00:50:46Z,2026-09-07T19:50:46Z,55.0,34.4,5.577,6.736,22.361
2026-09-08T00:51:46Z,2026-09-07T19:51:46Z,54.8,34.4,5.791,6.717,17.306
2026-09-08T00:52:46Z,2026-09-07T19:52:46Z,54.6,34.4,5.425,6.293,16.708
2026-09-08T00:53:46Z,2026-09-07T19:53:46Z,54.9,34.3,5.585,6.469,19.312
2026-09-08T00:54:46Z,2026-09-07T19:54:46Z,55.0,34.3,5.328,6.379,16.181
2026-09-08T00:55:46Z,2026-09-07T19:55:46Z,55.0,34.3,5.452,6.611,12.026
2026-09-08T00:56:46Z,2026-09-07T19:56:46Z,55.0,34.3,5.535,6.419,17.515
2026-09-08T00:57:46Z,2026-09-07T19:57:46Z,55.2,34.3,5.781,6.61,10.913
2026-09-08T00:58:46Z,2026-09-07T19:58:46Z,55.4,34.3,5.537,6.704,20.124
2026-09-08T00:59:46Z,2026-09-07T19:59:46Z,55.2,34.2,5.54,6.562,16.788
2026-09-08T01:00:46Z,2026-09-07T20:00:46Z,54.8,34.2,5.324,6.279,12.078
2026-09-08T01:01:46Z,2026-09-07T20:01:46Z,54.9,34.2,5.397,6.183,13.251
2026-09-08T01:02:46Z,2026-09-07T20:02:46Z,55.2,34.2,5.575,6.631,30.01
2026-09-08T01:03:46Z,2026-09-07T20:03:46Z,55.3,34.2,5.098,6.005,24.071
2026-09-08T01:04:47Z,2026-09-07T20:04:47Z,55.7,34.2,5.539,6.399,11.396
2026-09-08T01:05:47Z,2026-09-07T20:05:47Z,55.9,34.1,5.443,6.467,12.711
2026-09-08T01:06:47Z,2026-09-07T20:06:47Z,56.0,34.1,6.158,6.845,21.014
2026-09-08T01:07:47Z,2026-09-07T20:07:47Z,55.4,34.1,5.466,6.664,14.725
2026-09-08T01:08:47Z,2026-09-07T20:08:47Z,55.6,34.1,5.358,6.577,21.56
2026-09-08T01:09:47Z,2026-09-07T20:09:47Z,55.7,34.1,5.406,6.515,13.849
2026-09-08T01:10:47Z,2026-09-07T20:10:47Z,55.8,34.1,5.015,6.133,15.766
2026-09-08T01:11:47Z,2026-09-07T20:11:47Z,55.7,34.0,5.792,6.847,25.326
2026-09-08T01:12:47Z,2026-09-07T20:12:47Z,55.8,34.0,6.023,7.125,22.537
2026-09-08T01:13:47Z,2026-09-07T20:13:47Z,56.2,34.0,5.594,6.473,19.083
2026-09-08T01:14:47Z,2026-09-07T20:14:47Z,56.3,34.0,5.411,6.461,13.296
2026-09-08T01:15:47Z,2026-09-07T20:15:47Z,56.2,34.0,5.488,6.432,29.256
2026-09-08T01:16:47Z,2026-09-07T20:16:47Z,56.9,34.0,5.473,6.743,28.282
2026-09-08T01:17:47Z,2026-09-07T20:17:47Z,57.4,33.9,5.155,6.029,18.479
2026-09-08T01:18:47Z,2026-09-07T20:18:47Z,58.0,33.9,5.424,6.491,17.536
2026-09-08T01:19:47Z,2026-09-07T20:19:47Z,58.3,33.9,5.192,6.612,20.636
2026-09-08T01:20:47Z,2026-09-07T20:20:47Z,58.8,33.9,4.884,6.071,11.07
2026-09-08T01:21:47Z,2026-09-07T20:21:47Z,59.0,33.9,5.19,6.483,13.209
2026-09-08T01:22:47Z,2026-09-07T20:22:47Z,59.2,33.8,4.782,6.013,23.533
2026-09-08T01:23:48Z,2026-09-07T20:23:48Z,59.5,33.8,5.377,6.631,9.678
2026-09-08T01:24:48Z,2026-09-07T20:24:48Z,59.6,33.8,4.81,6.286,32.401
2026-09-08T01:25:48Z,2026-09-07T20:25:48Z,59.9,33.8,4.676,5.801,17.693
2026-09-08T01:26:48Z,2026-09-07T20:26:48Z,60.0,33.7,4.912,6.315,16.645
2026-09-08T01:27:48Z,2026-09-07T20:27:48Z,60.1,33.7,4.683,5.838,16.363
2026-09-08T01:28:48Z,2026-09-07T20:28:48Z,60.2,33.7,4.875,6.37,31.609
2026-09-08T01:29:48Z,2026-09-07T20:29:48Z,60.3,33.7,4.961,6.516,12.037
2026-09-08T01:30:48Z,2026-09-07T20:30:48Z,60.4,33.6,4.885,6.154,20.34
2026-09-08T01:31:48Z,2026-09-07T20:31:48Z,60.6,33.6,4.674,6.206,18.035
2026-09-08T01:32:48Z,2026-09-07T20:32:48Z,60.7,33.6,4.763,6.079,16.877
2026-09-08T01:33:48Z,2026-09-07T20:33:48Z,60.8,33.6,4.775,6.096,18.628
2026-09-08T01:34:48Z,2026-09-07T20:34:48Z,61.0,33.6,4.784,6.04,12.303
2026-09-08T01:35:48Z,2026-09-07T20:35:48Z,61.2,33.5,4.781,6.174,14.002
2026-09-08T01:36:48Z,2026-09-07T20:36:48Z,61.3,33.5,4.885,6.321,24.581
2026-09-08T01:37:48Z,2026-09-07T20:37:48Z,61.4,33.5,5.141,6.609,26.184
2026-09-08T01:38:48Z,2026-09-07T20:38:48Z,61.5,33.5,5.061,6.282,22.945
2026-09-08T01:39:48Z,2026-09-07T20:39:48Z,61.5,33.4,4.947,6.187,10.326
2026-09-08T01:40:48Z,2026-09-07T20:40:48Z,61.7,33.4,4.747,6.151,19.204
2026-09-08T01:41:48Z,2026-09-07T20:41:48Z,61.7,33.4,4.884,6.185,17.516
2026-09-08T01:42:48Z,2026-09-07T20:42:48Z,61.9,33.4,4.218,5.587,20.693
2026-09-08T01:43:49Z,2026-09-07T20:43:49Z,62.1,33.3,4.658,6.06,14.168
2026-09-08T01:44:49Z,2026-09-07T20:44:49Z,62.2,33.3,4.918,5.97,14.17
2026-09-08T01:45:49Z,2026-09-07T20:45:49Z,62.2,33.3,4.785,6.042,18.053
2026-09-08T01:46:49Z,2026-09-07T20:46:49Z,62.3,33.3,4.838,6.407,36.98
2026-09-08T01:47:49Z,2026-09-07T20:47:49Z,62.4,33.2,4.735,6.37,30.847
2026-09-08T01:48:49Z,2026-09-07T20:48:49Z,62.6,33.2,4.781,6.281,24.324
2026-09-08T01:49:49Z,2026-09-07T20:49:49Z,62.6,33.2,4.842,6.001,15.577
2026-09-08T01:50:49Z,2026-09-07T20:50:49Z,62.6,33.2,4.754,6.148,13.599
2026-09-08T01:51:49Z,2026-09-07T20:51:49Z,62.8,33.1,4.658,6.066,11.904
2026-09-08T01:52:49Z,2026-09-07T20:52:49Z,63.0,33.1,4.793,6.175,17.179
2026-09-08T01:53:49Z,2026-09-07T20:53:49Z,63.1,33.1,4.709,6.444,15.225
2026-09-08T01:54:51Z,2026-09-07T20:54:51Z,63.0,33.1,4.607,5.98,19.355
2026-09-08T01:55:46Z,2026-09-07T20:55:46Z,63.1,33.1,4.51,5.759,15.038
2026-09-08T01:56:46Z,2026-09-07T20:56:46Z,63.2,33.0,4.821,5.879,13.364
2026-09-08T01:57:46Z,2026-09-07T20:57:46Z,63.3,33.0,4.633,6.175,21.769
2026-09-08T01:58:46Z,2026-09-07T20:58:46Z,63.1,33.0,4.427,5.633,14.405
2026-09-08T01:59:46Z,2026-09-07T20:59:46Z,63.3,33.0,4.589,6.111,24.821
2026-09-08T02:00:46Z,2026-09-07T21:00:46Z,63.2,32.9,4.829,6.38,18.512
2026-09-08T02:01:46Z,2026-09-07T21:01:46Z,63.5,32.9,4.539,5.86,13.616
2026-09-08T02:02:46Z,2026-09-07T21:02:46Z,63.5,32.9,4.931,6.062,24.287
2026-09-08T02:03:46Z,2026-09-07T21:03:46Z,63.6,32.9,4.666,6.124,19.846
2026-09-08T02:04:46Z,2026-09-07T21:04:46Z,63.7,32.9,4.797,5.804,22.145
2026-09-08T02:05:46Z,2026-09-07T21:05:46Z,63.7,32.8,4.5,5.801,16.821
2026-09-08T02:06:46Z,2026-09-07T21:06:46Z,63.7,32.8,4.638,6.159,20.61
2026-09-08T02:07:46Z,2026-09-07T21:07:46Z,63.8,32.8,4.826,5.898,13.316
2026-09-08T02:08:47Z,2026-09-07T21:08:47Z,64.0,32.8,4.836,6.311,16.995
2026-09-08T02:09:47Z,2026-09-07T21:09:47Z,63.9,32.8,4.549,5.874,19.696
2026-09-08T02:10:47Z,2026-09-07T21:10:47Z,64.0,32.8,4.414,5.96,22.59
2026-09-08T02:11:47Z,2026-09-07T21:11:47Z,64.0,32.7,4.607,6.137,21.311
2026-09-08T02:12:47Z,2026-09-07T21:12:47Z,64.1,32.7,4.746,6.197,30.786
2026-09-08T02:13:47Z,2026-09-07T21:13:47Z,64.2,32.7,4.475,5.817,25.716
2026-09-08T02:14:47Z,2026-09-07T21:14:47Z,64.3,32.7,4.742,6.136,24.718
2026-09-08T02:15:47Z,2026-09-07T21:15:47Z,64.3,32.7,4.893,6.238,27.458
2026-09-08T02:16:47Z,2026-09-07T21:16:47Z,64.1,32.7,4.962,6.477,32.715
2026-09-08T02:17:47Z,2026-09-07T21:17:47Z,64.3,32.6,4.835,6.025,27.339
2026-09-08T02:18:47Z,2026-09-07T21:18:47Z,64.4,32.6,4.509,5.901,24.067
2026-09-08T02:19:47Z,2026-09-07T21:19:47Z,64.4,32.6,4.786,6.032,15.008
2026-09-08T02:20:47Z,2026-09-07T21:20:47Z,64.5,32.6,4.531,6.131,18.771
2026-09-08T02:21:47Z,2026-09-07T21:21:47Z,64.3,32.6,4.659,6.432,21.868
2026-09-08T02:22:47Z,2026-09-07T21:22:47Z,64.6,32.6,4.512,5.989,14.122
2026-09-08T02:23:47Z,2026-09-07T21:23:47Z,64.6,32.6,4.421,6.527,17.962
2026-09-08T02:24:47Z,2026-09-07T21:24:47Z,64.6,32.5,4.669,6.319,32.074
2026-09-08T02:25:47Z,2026-09-07T21:25:47Z,64.7,32.5,4.674,6.174,25.333
2026-09-08T02:26:47Z,2026-09-07T21:26:47Z,64.9,32.5,4.581,5.77,20.859
2026-09-08T02:27:47Z,2026-09-07T21:27:47Z,64.7,32.5,4.368,5.676,24.838
2026-09-08T02:28:48Z,2026-09-07T21:28:48Z,64.6,32.5,4.669,6.007,13.656
2026-09-08T02:29:48Z,2026-09-07T21:29:48Z,64.8,32.5,4.73,6.084,26.251
2026-09-08T02:30:48Z,2026-09-07T21:30:48Z,64.8,32.4,4.615,5.945,17.355
2026-09-08T02:31:48Z,2026-09-07T21:31:48Z,64.8,32.4,4.489,5.703,15.188
2026-09-08T02:32:48Z,2026-09-07T21:32:48Z,65.1,32.4,4.377,5.573,19.721
2026-09-08T02:33:48Z,2026-09-07T21:33:48Z,64.9,32.4,4.622,6.143,19.244
2026-09-08T02:34:48Z,2026-09-07T21:34:48Z,65.0,32.4,4.595,6.409,23.046
2026-09-08T02:35:48Z,2026-09-07T21:35:48Z,65.1,32.4,4.988,6.328,20.438
2026-09-08T02:36:48Z,2026-09-07T21:36:48Z,65.2,32.4,4.399,5.981,27.282
2026-09-08T02:37:48Z,2026-09-07T21:37:48Z,65.2,32.3,4.432,5.666,16.091
2026-09-08T02:38:48Z,2026-09-07T21:38:48Z,65.3,32.3,4.827,6.2,29.698
2026-09-08T02:39:48Z,2026-09-07T21:39:48Z,65.4,32.3,4.528,5.95,23.666
2026-09-08T02:40:48Z,2026-09-07T21:40:48Z,65.5,32.3,5.086,6.795,23.323
2026-09-08T02:41:48Z,2026-09-07T21:41:48Z,65.3,32.3,4.645,6.538,19.19
2026-09-08T02:42:48Z,2026-09-07T21:42:48Z,65.4,32.3,4.442,6.125,31.131
2026-09-08T02:43:48Z,2026-09-07T21:43:48Z,65.4,32.3,4.817,6.476,26.186
2026-09-08T02:44:48Z,2026-09-07T21:44:48Z,65.6,32.3,4.536,5.962,24.444
2026-09-08T02:45:48Z,2026-09-07T21:45:48Z,65.5,32.2,4.571,6.156,19.189
2026-09-08T02:46:48Z,2026-09-07T21:46:48Z,65.6,32.2,4.764,6.181,25.005
2026-09-08T02:47:48Z,2026-09-07T21:47:48Z,65.6,32.2,4.68,6.035,11.656
2026-09-08T02:48:48Z,2026-09-07T21:48:48Z,65.6,32.2,4.435,6.245,17.83
2026-09-08T02:49:49Z,2026-09-07T21:49:49Z,65.8,32.2,4.517,5.941,13.377
2026-09-08T02:50:49Z,2026-09-07T21:50:49Z,65.7,32.2,4.418,5.477,9.841
2026-09-08T02:51:49Z,2026-09-07T21:51:49Z,65.9,32.2,4.575,6.155,21.392
2026-09-08T02:52:49Z,2026-09-07T21:52:49Z,66.1,32.1,4.44,6.088,18.37
2026-09-08T02:53:49Z,2026-09-07T21:53:49Z,66.0,32.1,4.402,6.102,19.036
2026-09-08T02:54:49Z,2026-09-07T21:54:49Z,66.1,32.1,4.51,6.122,23.708
2026-09-08T02:55:49Z,2026-09-07T21:55:49Z,66.4,32.1,4.131,5.752,18.559
2026-09-08T02:56:49Z,2026-09-07T21:56:49Z,66.4,32.1,4.551,5.95,24.325
2026-09-08T02:57:49Z,2026-09-07T21:57:49Z,66.4,32.1,4.475,6.107,15.831
2026-09-08T02:58:49Z,2026-09-07T21:58:49Z,66.4,32.1,4.514,6.017,14.946
2026-09-08T02:59:49Z,2026-09-07T21:59:49Z,66.3,32.1,4.447,5.719,19.57
2026-09-08T03:00:49Z,2026-09-07T22:00:49Z,66.6,32.0,4.494,5.964,17.876
2026-09-08T03:01:49Z,2026-09-07T22:01:49Z,66.4,32.0,4.307,5.839,20.462
2026-09-08T03:02:49Z,2026-09-07T22:02:49Z,66.6,32.0,4.133,5.505,32.014
2026-09-08T03:03:49Z,2026-09-07T22:03:49Z,66.7,32.0,4.502,5.886,27.137
2026-09-08T03:04:49Z,2026-09-07T22:04:49Z,66.7,32.0,4.685,5.977,18.316
2026-09-08T03:05:49Z,2026-09-07T22:05:49Z,66.7,32.0,5.101,6.355,15.862
2026-09-08T03:06:49Z,2026-09-07T22:06:49Z,66.7,32.0,4.503,5.984,13.836
2026-09-08T03:07:49Z,2026-09-07T22:07:49Z,66.8,32.0,4.82,6.422,13.189
2026-09-08T03:08:49Z,2026-09-07T22:08:49Z,66.8,32.0,4.743,6.13,25.51
2026-09-08T03:09:51Z,2026-09-07T22:09:51Z,66.8,31.9,4.805,5.846,35.479
2026-09-08T03:10:46Z,2026-09-07T22:10:46Z,66.8,31.9,4.889,6.505,15.717
2026-09-08T03:11:46Z,2026-09-07T22:11:46Z,66.9,31.9,4.587,6.31,35.273
2026-09-08T03:12:46Z,2026-09-07T22:12:46Z,67.0,31.9,4.812,6.191,15.689
2026-09-08T03:13:46Z,2026-09-07T22:13:46Z,67.0,31.9,4.953,6.476,16.717
2026-09-08T03:14:46Z,2026-09-07T22:14:46Z,67.2,31.9,4.7,6.406,31.265
2026-09-08T03:15:46Z,2026-09-07T22:15:46Z,67.3,31.9,4.603,6.072,22.79
2026-09-08T03:16:46Z,2026-09-07T22:16:46Z,67.3,31.9,4.522,6.059,25.189
2026-09-08T03:17:47Z,2026-09-07T22:17:47Z,67.3,31.9,4.617,6.179,20.013
2026-09-08T03:18:47Z,2026-09-07T22:18:47Z,67.2,31.9,4.705,6.322,12.352
2026-09-08T03:19:47Z,2026-09-07T22:19:47Z,67.3,31.8,4.455,6.282,25.455
2026-09-08T03:20:47Z,2026-09-07T22:20:47Z,67.4,31.8,4.473,6.151,12.116
2026-09-08T03:21:47Z,2026-09-07T22:21:47Z,67.4,31.8,4.58,6.328,27.504
2026-09-08T03:22:47Z,2026-09-07T22:22:47Z,67.5,31.8,4.549,6.095,30.482
2026-09-08T03:23:47Z,2026-09-07T22:23:47Z,67.6,31.8,4.563,6.265,21.172
2026-09-08T03:24:47Z,2026-09-07T22:24:47Z,67.6,31.8,4.658,6.359,24.862
2026-09-08T03:25:47Z,2026-09-07T22:25:47Z,67.8,31.8,4.787,6.6,22.937
2026-09-08T03:26:47Z,2026-09-07T22:26:47Z,67.7,31.8,4.631,6.229,31.812
2026-09-08T03:27:47Z,2026-09-07T22:27:47Z,67.8,31.8,4.771,6.453,23.274
2026-09-08T03:28:47Z,2026-09-07T22:28:47Z,67.8,31.8,4.432,6.227,32.893
2026-09-08T03:29:47Z,2026-09-07T22:29:47Z,68.0,31.8,4.471,5.944,25.606
2026-09-08T03:30:47Z,2026-09-07T22:30:47Z,68.0,31.8,4.584,5.903,34.346
2026-09-08T03:31:47Z,2026-09-07T22:31:47Z,67.9,31.8,4.406,5.843,37.22
2026-09-08T03:32:47Z,2026-09-07T22:32:47Z,68.0,31.8,4.515,5.927,34.03
2026-09-08T03:33:47Z,2026-09-07T22:33:47Z,68.0,31.8,4.703,6.014,11.922
2026-09-08T03:34:47Z,2026-09-07T22:34:47Z,68.0,31.7,4.356,5.809,22.085
2026-09-08T03:35:47Z,2026-09-07T22:35:47Z,68.0,31.7,4.582,6.175,10.422
2026-09-08T03:36:48Z,2026-09-07T22:36:48Z,68.1,31.7,4.596,5.783,14.46
2026-09-08T03:37:48Z,2026-09-07T22:37:48Z,68.2,31.7,4.402,6.177,16.333
2026-09-08T03:38:48Z,2026-09-07T22:38:48Z,68.1,31.7,4.479,6.162,19.004
2026-09-08T03:39:48Z,2026-09-07T22:39:48Z,68.2,31.7,4.694,6.227,21.486
2026-09-08T03:40:48Z,2026-09-07T22:40:48Z,68.3,31.7,4.454,5.899,21.709
2026-09-08T03:41:48Z,2026-09-07T22:41:48Z,68.2,31.7,4.477,6.134,17.369
2026-09-08T03:42:48Z,2026-09-07T22:42:48Z,68.3,31.7,4.434,5.974,21.821
2026-09-08T03:43:48Z,2026-09-07T22:43:48Z,68.2,31.7,4.332,5.962,22.813
2026-09-08T03:44:48Z,2026-09-07T22:44:48Z,68.2,31.7,4.461,5.89,20.736
2026-09-08T03:45:48Z,2026-09-07T22:45:48Z,68.3,31.7,4.743,6.397,35.523
2026-09-08T03:46:48Z,2026-09-07T22:46:48Z,68.3,31.7,4.585,6.193,29.363
2026-09-08T03:47:48Z,2026-09-07T22:47:48Z,68.4,31.7,4.519,6.027,26.102
2026-09-08T03:48:48Z,2026-09-07T22:48:48Z,68.4,31.7,4.451,5.734,29.678
2026-09-08T03:49:48Z,2026-09-07T22:49:48Z,68.5,31.7,4.642,6.258,29.656
2026-09-08T03:50:48Z,2026-09-07T22:50:48Z,68.6,31.7,4.59,6.117,34.843
2026-09-08T03:51:48Z,2026-09-07T22:51:48Z,68.7,31.6,4.512,6.045,24.918
2026-09-08T03:52:48Z,2026-09-07T22:52:48Z,68.8,31.6,4.518,6.382,27.673
2026-09-08T03:53:48Z,2026-09-07T22:53:48Z,68.8,31.6,4.457,6.09,30.854
2026-09-08T03:54:48Z,2026-09-07T22:54:48Z,68.9,31.6,4.557,6.083,17.413
2026-09-08T03:55:48Z,2026-09-07T22:55:48Z,68.9,31.6,4.432,6.076,16.682
2026-09-08T03:56:48Z,2026-09-07T22:56:48Z,68.9,31.6,4.646,6.444,24.853
2026-09-08T03:57:49Z,2026-09-07T22:57:49Z,68.7,31.6,4.32,5.739,21.436
2026-09-08T03:58:49Z,2026-09-07T22:58:49Z,69.1,31.6,4.259,5.711,14.5
2026-09-08T03:59:49Z,2026-09-07T22:59:49Z,68.7,31.6,4.645,6.06,51.463
2026-09-08T04:00:49Z,2026-09-07T23:00:49Z,68.7,31.6,4.536,6.173,17.922
2026-09-08T04:01:49Z,2026-09-07T23:01:49Z,68.8,31.6,5.003,6.754,13.704
2026-09-08T04:02:49Z,2026-09-07T23:02:49Z,68.9,31.6,4.602,6.191,20.62
2026-09-08T04:03:49Z,2026-09-07T23:03:49Z,69.0,31.6,4.664,6.09,19.323
2026-09-08T04:04:49Z,2026-09-07T23:04:49Z,69.1,31.6,4.514,6.174,10.872
2026-09-08T04:05:49Z,2026-09-07T23:05:49Z,69.2,31.6,4.722,6.346,27.763
2026-09-08T04:06:49Z,2026-09-07T23:06:49Z,69.2,31.6,4.397,6.162,31.828
2026-09-08T04:07:49Z,2026-09-07T23:07:49Z,69.2,31.5,4.48,5.88,23.07
2026-09-08T04:08:49Z,2026-09-07T23:08:49Z,69.2,31.5,4.718,6.344,15.958
2026-09-08T04:09:49Z,2026-09-07T23:09:49Z,69.4,31.5,4.571,6.264,32.207
2026-09-08T04:10:49Z,2026-09-07T23:10:49Z,69.4,31.5,4.59,6.168,22.626
2026-09-08T04:11:49Z,2026-09-07T23:11:49Z,69.4,31.5,4.491,5.993,18.593
2026-09-08T04:12:49Z,2026-09-07T23:12:49Z,69.5,31.5,4.541,5.768,33.05
2026-09-08T04:13:49Z,2026-09-07T23:13:49Z,69.6,31.5,4.613,6.408,12.243
2026-09-08T04:14:49Z,2026-09-07T23:14:49Z,69.5,31.5,4.256,6.129,45.703
2026-09-08T04:15:49Z,2026-09-07T23:15:49Z,69.4,31.5,4.548,6.115,24.345
2026-09-08T04:16:50Z,2026-09-07T23:16:50Z,69.5,31.5,4.8,6.58,29.217
2026-09-08T04:17:50Z,2026-09-07T23:17:50Z,69.6,31.5,4.454,5.992,23.344
2026-09-08T04:18:50Z,2026-09-07T23:18:50Z,69.7,31.5,4.29,6.062,17.496
2026-09-08T04:19:50Z,2026-09-07T23:19:50Z,69.8,31.4,4.52,6.064,32.749
2026-09-08T04:20:50Z,2026-09-07T23:20:50Z,69.7,31.4,4.28,5.707,44.465
2026-09-08T04:21:50Z,2026-09-07T23:21:50Z,69.8,31.4,4.384,5.918,21.719
2026-09-08T04:22:50Z,2026-09-07T23:22:50Z,69.9,31.4,4.241,5.508,24.823
2026-09-08T04:23:50Z,2026-09-07T23:23:50Z,69.7,31.4,4.572,6.01,19.872
2026-09-08T04:24:50Z,2026-09-07T23:24:50Z,69.8,31.4,4.189,5.737,16.347
2026-09-08T04:25:50Z,2026-09-07T23:25:50Z,69.9,31.4,4.408,6.056,22.961
2026-09-08T04:26:50Z,2026-09-07T23:26:50Z,70.0,31.4,4.505,6.143,28.935
2026-09-08T04:27:50Z,2026-09-07T23:27:50Z,70.0,31.4,4.605,6.599,24.763
2026-09-08T04:28:50Z,2026-09-07T23:28:50Z,70.0,31.4,4.337,5.793,13.908
2026-09-08T04:29:52Z,2026-09-07T23:29:52Z,70.1,31.4,4.622,6.217,23.538
2026-09-08T04:30:47Z,2026-09-07T23:30:47Z,70.1,31.3,4.597,5.986,23.249
2026-09-08T04:31:47Z,2026-09-07T23:31:47Z,70.1,31.3,4.559,6.181,26.103
2026-09-08T04:32:47Z,2026-09-07T23:32:47Z,70.3,31.3,4.68,6.345,25.706
2026-09-08T04:33:47Z,2026-09-07T23:33:47Z,70.2,31.3,4.541,6.305,29.179
2026-09-08T04:34:47Z,2026-09-07T23:34:47Z,70.3,31.3,4.842,6.756,35.582
2026-09-08T04:35:47Z,2026-09-07T23:35:47Z,70.3,31.3,4.657,6.345,20.97
2026-09-08T04:36:47Z,2026-09-07T23:36:47Z,70.4,31.3,4.349,5.852,19.489
2026-09-08T04:37:47Z,2026-09-07T23:37:47Z,70.4,31.3,4.603,6.423,20.488
2026-09-08T04:38:47Z,2026-09-07T23:38:47Z,70.3,31.3,4.74,6.14,21.117
2026-09-08T04:39:48Z,2026-09-07T23:39:48Z,70.4,31.3,4.426,6.032,13.052
2026-09-08T04:40:48Z,2026-09-07T23:40:48Z,70.5,31.2,4.513,6.219,10.993
2026-09-08T04:41:48Z,2026-09-07T23:41:48Z,70.6,31.2,4.922,6.273,17.59
2026-09-08T04:42:48Z,2026-09-07T23:42:48Z,70.6,31.2,4.527,6.18,34.948
2026-09-08T04:43:48Z,2026-09-07T23:43:48Z,70.7,31.2,4.622,6.26,21.472
2026-09-08T04:44:48Z,2026-09-07T23:44:48Z,70.8,31.2,4.387,5.921,36.007
2026-09-08T04:45:48Z,2026-09-07T23:45:48Z,70.8,31.2,4.848,6.279,18.902
2026-09-08T04:46:48Z,2026-09-07T23:46:48Z,70.8,31.2,4.63,6.046,28.367
2026-09-08T04:47:48Z,2026-09-07T23:47:48Z,70.9,31.2,4.412,6.082,18.731
2026-09-08T04:48:48Z,2026-09-07T23:48:48Z,71.0,31.2,4.762,6.263,29.375
2026-09-08T04:49:48Z,2026-09-07T23:49:48Z,70.9,31.2,4.44,5.672,18.923
2026-09-08T04:50:48Z,2026-09-07T23:50:48Z,71.0,31.2,4.339,5.976,25.523
2026-09-08T04:51:48Z,2026-09-07T23:51:48Z,71.0,31.2,4.713,6.093,20.025
2026-09-08T04:52:48Z,2026-09-07T23:52:48Z,71.1,31.2,4.377,6.028,29.963
2026-09-08T04:53:48Z,2026-09-07T23:53:48Z,71.2,31.2,4.465,6.256,26.588
2026-09-08T04:54:48Z,2026-09-07T23:54:48Z,71.3,31.1,4.433,6.031,19.351
2026-09-08T04:55:48Z,2026-09-07T23:55:48Z,71.2,31.1,4.51,5.894,30.187
2026-09-08T04:56:48Z,2026-09-07T23:56:48Z,71.4,31.1,4.267,5.718,34.502
2026-09-08T04:57:48Z,2026-09-07T23:57:48Z,71.4,31.1,4.382,5.754,14.751
2026-09-08T04:58:48Z,2026-09-07T23:58:48Z,71.5,31.1,4.425,5.701,48.22
2026-09-08T04:59:48Z,2026-09-07T23:59:48Z,71.5,31.1,4.462,5.837,43.966
2026-09-08T05:00:48Z,2026-09-08T00:00:48Z,71.7,31.1,4.364,6.219,19.721
2026-09-08T05:01:49Z,2026-09-08T00:01:49Z,71.7,31.1,4.252,5.853,16.168
2026-09-08T05:02:49Z,2026-09-08T00:02:49Z,71.7,31.1,4.518,5.942,21.975
2026-09-08T05:03:49Z,2026-09-08T00:03:49Z,71.8,31.1,4.523,5.945,19.288
2026-09-08T05:04:49Z,2026-09-08T00:04:49Z,71.9,31.1,4.674,6.292,38.442
2026-09-08T05:05:49Z,2026-09-08T00:05:49Z,71.9,31.1,4.52,5.988,11.097
2026-09-08T05:06:49Z,2026-09-08T00:06:49Z,71.9,31.1,4.488,6.267,25.939
2026-09-08T05:07:49Z,2026-09-08T00:07:49Z,71.9,31.1,4.346,5.976,23.246
2026-09-08T05:08:49Z,2026-09-08T00:08:49Z,72.0,31.1,4.645,6.213,19.806
2026-09-08T05:09:49Z,2026-09-08T00:09:49Z,72.0,31.0,4.471,5.98,23.219
2026-09-08T05:10:49Z,2026-09-08T00:10:49Z,72.2,31.0,4.47,6.178,22.616
2026-09-08T05:11:49Z,2026-09-08T00:11:49Z,72.1,31.0,4.45,6.012,20.223
2026-09-08T05:12:49Z,2026-09-08T00:12:49Z,72.2,31.0,4.287,5.801,27.103
2026-09-08T05:13:49Z,2026-09-08T00:13:49Z,72.0,31.0,4.222,6.07,27.619
2026-09-08T05:14:49Z,2026-09-08T00:14:49Z,71.9,31.0,4.131,5.496,24.214
2026-09-08T05:15:49Z,2026-09-08T00:15:49Z,72.1,31.0,4.125,5.605,21.0
2026-09-08T05:16:49Z,2026-09-08T00:16:49Z,72.2,31.0,4.358,6.027,14.162
2026-09-08T05:17:49Z,2026-09-08T00:17:49Z,72.3,31.0,4.219,5.915,18.738
2026-09-08T05:18:49Z,2026-09-08T00:18:49Z,72.4,31.0,4.321,6.235,25.214
2026-09-08T05:19:49Z,2026-09-08T00:19:49Z,72.2,30.9,4.234,5.692,27.353
2026-09-08T05:20:49Z,2026-09-08T00:20:49Z,72.3,30.9,4.556,6.418,22.435
2026-09-08T05:21:50Z,2026-09-08T00:21:50Z,72.4,30.9,4.437,6.124,23.715
2026-09-08T05:22:50Z,2026-09-08T00:22:50Z,72.3,30.9,4.43,6.022,27.109
2026-09-08T05:23:50Z,2026-09-08T00:23:50Z,72.4,30.9,4.256,5.973,33.584
2026-09-08T05:24:50Z,2026-09-08T00:24:50Z,72.4,30.9,4.458,6.09,22.173
2026-09-08T05:25:50Z,2026-09-08T00:25:50Z,72.6,30.9,4.442,6.3,15.858
2026-09-08T05:26:50Z,2026-09-08T00:26:50Z,72.7,30.9,4.522,6.257,28.771
2026-09-08T05:27:50Z,2026-09-08T00:27:50Z,72.7,30.8,4.302,5.646,16.626
2026-09-08T05:28:50Z,2026-09-08T00:28:50Z,72.7,30.8,4.55,5.84,21.925
2026-09-08T05:29:50Z,2026-09-08T00:29:50Z,72.8,30.8,4.538,6.209,17.526
2026-09-08T05:30:50Z,2026-09-08T00:30:50Z,72.7,30.8,4.325,6.504,46.572
2026-09-08T05:31:50Z,2026-09-08T00:31:50Z,72.9,30.8,4.309,6.129,27.364
2026-09-08T05:32:50Z,2026-09-08T00:32:50Z,72.9,30.8,4.408,6.035,27.55
2026-09-08T05:33:50Z,2026-09-08T00:33:50Z,72.9,30.8,4.718,6.021,17.801
2026-09-08T05:34:52Z,2026-09-08T00:34:52Z,73.0,30.7,4.587,5.861,23.728
2026-09-08T05:35:47Z,2026-09-08T00:35:47Z,73.0,30.7,4.125,5.74,25.454
2026-09-08T05:36:47Z,2026-09-08T00:36:47Z,73.0,30.7,4.293,5.751,34.174
2026-09-08T05:37:47Z,2026-09-08T00:37:47Z,73.2,30.7,4.37,5.874,15.401
2026-09-08T05:38:47Z,2026-09-08T00:38:47Z,73.3,30.7,4.419,5.893,23.499
2026-09-08T05:39:47Z,2026-09-08T00:39:47Z,73.2,30.7,4.179,5.608,20.436
2026-09-08T05:40:47Z,2026-09-08T00:40:47Z,73.1,30.7,4.629,6.113,20.684
2026-09-08T05:41:47Z,2026-09-08T00:41:47Z,73.2,30.7,4.418,5.968,42.314
2026-09-08T05:42:47Z,2026-09-08T00:42:47Z,73.3,30.7,4.688,6.097,20.859
2026-09-08T05:43:47Z,2026-09-08T00:43:47Z,73.4,30.7,4.563,6.084,23.11
2026-09-08T05:44:47Z,2026-09-08T00:44:47Z,73.4,30.7,4.446,5.763,22.69
2026-09-08T05:45:47Z,2026-09-08T00:45:47Z,73.4,30.7,4.528,6.018,26.339
2026-09-08T05:46:48Z,2026-09-08T00:46:48Z,73.4,30.7,4.519,6.058,21.697
2026-09-08T05:47:48Z,2026-09-08T00:47:48Z,73.5,30.6,4.322,5.786,19.438
2026-09-08T05:48:48Z,2026-09-08T00:48:48Z,73.6,30.6,4.371,5.704,22.718
2026-09-08T05:49:48Z,2026-09-08T00:49:48Z,73.6,30.6,4.322,6.092,40.883
2026-09-08T05:50:48Z,2026-09-08T00:50:48Z,73.7,30.6,4.624,6.319,18.21
2026-09-08T05:51:48Z,2026-09-08T00:51:48Z,73.7,30.6,4.348,5.861,16.527
2026-09-08T05:52:48Z,2026-09-08T00:52:48Z,73.7,30.6,4.727,6.259,37.494
2026-09-08T05:53:48Z,2026-09-08T00:53:48Z,73.8,30.6,4.27,6.144,15.641
2026-09-08T05:54:48Z,2026-09-08T00:54:48Z,73.9,30.6,4.419,6.194,14.938
2026-09-08T05:55:48Z,2026-09-08T00:55:48Z,73.9,30.6,4.209,5.772,11.843
2026-09-08T05:56:48Z,2026-09-08T00:56:48Z,74.0,30.6,4.237,5.858,15.549
2026-09-08T05:57:48Z,2026-09-08T00:57:48Z,74.1,30.6,4.687,6.316,24.656
2026-09-08T05:58:48Z,2026-09-08T00:58:48Z,74.0,30.6,4.685,6.156,45.838
2026-09-08T05:59:48Z,2026-09-08T00:59:48Z,74.1,30.6,4.381,5.853,18.859
2026-09-08T06:00:48Z,2026-09-08T01:00:48Z,74.1,30.6,4.538,6.159,21.083
2026-09-08T06:01:48Z,2026-09-08T01:01:48Z,74.2,30.6,4.224,5.793,22.862
2026-09-08T06:02:48Z,2026-09-08T01:02:48Z,74.2,30.6,4.772,6.394,36.757
2026-09-08T06:03:48Z,2026-09-08T01:03:48Z,74.3,30.6,4.514,6.157,29.36
2026-09-08T06:04:48Z,2026-09-08T01:04:48Z,74.3,30.6,4.678,6.123,20.788
2026-09-08T06:05:49Z,2026-09-08T01:05:49Z,74.4,30.6,4.415,6.232,21.919
2026-09-08T06:06:49Z,2026-09-08T01:06:49Z,74.5,30.6,4.689,6.389,16.457
2026-09-08T06:07:49Z,2026-09-08T01:07:49Z,74.5,30.5,4.473,6.077,24.966
2026-09-08T06:08:49Z,2026-09-08T01:08:49Z,74.6,30.5,4.443,5.923,25.341
2026-09-08T06:09:49Z,2026-09-08T01:09:49Z,74.7,30.5,4.556,6.132,29.082
2026-09-08T06:10:49Z,2026-09-08T01:10:49Z,74.8,30.5,4.545,6.428,18.862
2026-09-08T06:11:49Z,2026-09-08T01:11:49Z,74.7,30.5,4.425,6.172,31.201
2026-09-08T06:12:49Z,2026-09-08T01:12:49Z,74.7,30.5,4.31,5.949,20.911
2026-09-08T06:13:49Z,2026-09-08T01:13:49Z,74.7,30.5,4.232,5.645,21.096
2026-09-08T06:14:49Z,2026-09-08T01:14:49Z,74.8,30.5,4.321,5.783,21.841
2026-09-08T06:15:49Z,2026-09-08T01:15:49Z,74.8,30.5,4.51,6.097,15.565
2026-09-08T06:16:49Z,2026-09-08T01:16:49Z,75.0,30.5,4.474,6.041,28.806
2026-09-08T06:17:49Z,2026-09-08T01:17:49Z,75.2,30.5,4.505,6.236,27.048
2026-09-08T06:18:49Z,2026-09-08T01:18:49Z,75.2,30.5,4.34,5.853,19.221
2026-09-08T06:19:49Z,2026-09-08T01:19:49Z,75.2,30.5,4.531,6.031,19.238
2026-09-08T06:20:49Z,2026-09-08T01:20:49Z,75.3,30.4,4.561,5.888,17.662
2026-09-08T06:21:49Z,2026-09-08T01:21:49Z,75.4,30.4,4.227,5.746,21.058
2026-09-08T06:22:49Z,2026-09-08T01:22:49Z,75.4,30.4,4.67,6.079,44.478
2026-09-08T06:23:49Z,2026-09-08T01:23:49Z,75.5,30.4,4.605,6.382,27.357
2026-09-08T06:24:49Z,2026-09-08T01:24:49Z,75.5,30.4,4.213,5.472,24.821
2026-09-08T06:25:49Z,2026-09-08T01:25:49Z,75.5,30.4,4.466,6.101,20.596
2026-09-08T06:26:49Z,2026-09-08T01:26:49Z,75.7,30.4,4.395,5.741,21.454
2026-09-08T06:27:50Z,2026-09-08T01:27:50Z,75.6,30.4,4.882,6.786,27.509
2026-09-08T06:28:50Z,2026-09-08T01:28:50Z,75.8,30.4,4.494,6.313,34.17
2026-09-08T06:29:50Z,2026-09-08T01:29:50Z,75.9,30.4,4.367,6.014,29.502
2026-09-08T06:30:50Z,2026-09-08T01:30:50Z,75.9,30.4,4.598,6.02,25.704
2026-09-08T06:31:50Z,2026-09-08T01:31:50Z,75.9,30.4,4.767,6.155,18.144
2026-09-08T06:32:50Z,2026-09-08T01:32:50Z,76.0,30.4,4.555,6.286,26.799
2026-09-08T06:33:50Z,2026-09-08T01:33:50Z,76.0,30.3,4.621,6.208,40.925
2026-09-08T06:34:50Z,2026-09-08T01:34:50Z,76.1,30.3,4.363,5.686,45.588
2026-09-08T06:35:50Z,2026-09-08T01:35:50Z,76.2,30.3,4.453,5.819,35.178
2026-09-08T06:36:50Z,2026-09-08T01:36:50Z,76.2,30.3,4.425,6.125,21.044
2026-09-08T06:37:50Z,2026-09-08T01:37:50Z,76.2,30.3,4.526,5.753,32.113
2026-09-08T06:38:50Z,2026-09-08T01:38:50Z,76.3,30.3,4.236,5.926,33.254
2026-09-08T06:39:52Z,2026-09-08T01:39:52Z,76.3,30.3,4.488,6.073,16.434
2026-09-08T06:40:47Z,2026-09-08T01:40:47Z,76.3,30.3,4.573,6.098,19.712
2026-09-08T06:41:47Z,2026-09-08T01:41:47Z,76.4,30.3,4.696,6.4,12.976
2026-09-08T06:42:47Z,2026-09-08T01:42:47Z,76.4,30.3,4.881,6.408,34.862
2026-09-08T06:43:47Z,2026-09-08T01:43:47Z,76.3,30.3,4.406,5.911,24.662
2026-09-08T06:44:47Z,2026-09-08T01:44:47Z,76.4,30.3,4.686,6.25,22.428
2026-09-08T06:45:47Z,2026-09-08T01:45:47Z,76.5,30.3,4.471,6.418,24.024
2026-09-08T06:46:47Z,2026-09-08T01:46:47Z,76.6,30.3,4.339,6.056,24.727
2026-09-08T06:47:47Z,2026-09-08T01:47:47Z,76.6,30.3,4.539,6.043,18.38
2026-09-08T06:48:47Z,2026-09-08T01:48:47Z,76.5,30.3,4.44,5.843,24.997
2026-09-08T06:49:48Z,2026-09-08T01:49:48Z,76.5,30.3,4.662,6.22,22.653
2026-09-08T06:50:48Z,2026-09-08T01:50:48Z,76.5,30.3,4.134,5.838,17.798
2026-09-08T06:51:48Z,2026-09-08T01:51:48Z,76.5,30.3,4.576,5.918,27.28
2026-09-08T06:52:48Z,2026-09-08T01:52:48Z,76.6,30.3,4.385,5.827,24.562
2026-09-08T06:53:48Z,2026-09-08T01:53:48Z,76.6,30.3,4.392,5.844,28.516
2026-09-08T06:54:48Z,2026-09-08T01:54:48Z,76.6,30.3,4.91,6.48,32.476
2026-09-08T06:55:48Z,2026-09-08T01:55:48Z,76.7,30.3,4.78,6.505,22.281
2026-09-08T06:56:48Z,2026-09-08T01:56:48Z,76.7,30.3,4.252,6.127,16.712
2026-09-08T06:57:48Z,2026-09-08T01:57:48Z,76.7,30.3,4.47,6.22,26.522
2026-09-08T06:58:48Z,2026-09-08T01:58:48Z,76.8,30.2,4.39,6.133,27.39
2026-09-08T06:59:48Z,2026-09-08T01:59:48Z,76.9,30.2,4.373,6.104,18.288
2026-09-08T07:00:48Z,2026-09-08T02:00:48Z,76.8,30.2,4.801,6.406,34.722
2026-09-08T07:01:48Z,2026-09-08T02:01:48Z,76.9,30.2,4.464,5.773,12.146
2026-09-08T07:02:48Z,2026-09-08T02:02:48Z,76.9,30.2,4.46,6.053,21.528
2026-09-08T07:03:48Z,2026-09-08T02:03:48Z,76.9,30.2,4.371,5.83,17.594
2026-09-08T07:04:48Z,2026-09-08T02:04:48Z,77.1,30.2,4.591,6.169,33.248
2026-09-08T07:05:48Z,2026-09-08T02:05:48Z,76.9,30.2,4.348,6.038,25.149
2026-09-08T07:06:48Z,2026-09-08T02:06:48Z,77.0,30.2,4.424,5.942,30.104
2026-09-08T07:07:48Z,2026-09-08T02:07:48Z,77.0,30.2,4.654,6.207,23.194
2026-09-08T07:08:48Z,2026-09-08T02:08:48Z,77.0,30.2,4.563,6.029,22.767
2026-09-08T07:09:48Z,2026-09-08T02:09:48Z,77.3,30.2,4.555,6.117,13.51
2026-09-08T07:10:48Z,2026-09-08T02:10:48Z,77.1,30.2,4.335,5.663,19.603
2026-09-08T07:11:48Z,2026-09-08T02:11:48Z,77.1,30.1,4.356,5.795,19.183
2026-09-08T07:12:49Z,2026-09-08T02:12:49Z,77.2,30.1,4.485,6.116,19.355
2026-09-08T07:13:49Z,2026-09-08T02:13:49Z,77.2,30.1,4.457,6.125,35.2
2026-09-08T07:14:49Z,2026-09-08T02:14:49Z,77.3,30.1,4.421,6.04,17.703
2026-09-08T07:15:49Z,2026-09-08T02:15:49Z,77.4,30.1,4.727,5.924,21.905
2026-09-08T07:16:49Z,2026-09-08T02:16:49Z,77.4,30.1,4.405,6.238,28.101
2026-09-08T07:17:49Z,2026-09-08T02:17:49Z,77.4,30.1,4.367,5.93,28.114
2026-09-08T07:18:49Z,2026-09-08T02:18:49Z,77.5,30.1,4.224,6.019,31.161
2026-09-08T07:19:49Z,2026-09-08T02:19:49Z,77.6,30.1,4.102,5.653,32.06
2026-09-08T07:20:49Z,2026-09-08T02:20:49Z,77.7,30.1,4.067,5.439,13.883
2026-09-08T07:21:49Z,2026-09-08T02:21:49Z,77.7,30.1,4.181,5.51,23.35
2026-09-08T07:22:49Z,2026-09-08T02:22:49Z,77.8,30.1,4.428,5.89,19.654
2026-09-08T07:23:49Z,2026-09-08T02:23:49Z,77.8,30.0,4.482,5.831,18.118
2026-09-08T07:24:49Z,2026-09-08T02:24:49Z,77.8,30.0,3.943,5.578,23.894
2026-09-08T07:25:49Z,2026-09-08T02:25:49Z,77.7,30.0,4.178,5.554,15.477
2026-09-08T07:26:49Z,2026-09-08T02:26:49Z,77.9,30.0,4.184,5.703,31.517
2026-09-08T07:27:49Z,2026-09-08T02:27:49Z,77.9,30.0,4.123,5.951,32.975
2026-09-08T07:28:49Z,2026-09-08T02:28:49Z,77.9,30.0,4.247,5.803,34.754
2026-09-08T07:29:49Z,2026-09-08T02:29:49Z,77.9,30.0,4.19,5.666,16.243
2026-09-08T07:30:49Z,2026-09-08T02:30:49Z,77.9,30.0,4.187,5.55,32.666
2026-09-08T07:31:49Z,2026-09-08T02:31:49Z,78.0,30.0,4.244,5.615,23.879
2026-09-08T07:32:49Z,2026-09-08T02:32:49Z,78.1,30.0,4.281,5.848,20.567
2026-09-08T07:33:49Z,2026-09-08T02:33:49Z,78.1,30.0,4.222,5.862,35.227
2026-09-08T07:34:49Z,2026-09-08T02:34:49Z,78.1,29.9,4.373,6.436,21.156
2026-09-08T07:35:50Z,2026-09-08T02:35:50Z,78.1,29.9,4.442,5.827,30.381
2026-09-08T07:36:50Z,2026-09-08T02:36:50Z,78.0,29.9,4.37,6.084,28.763
2026-09-08T07:37:50Z,2026-09-08T02:37:50Z,78.2,29.9,4.258,5.622,17.233
2026-09-08T07:38:50Z,2026-09-08T02:38:50Z,78.0,29.9,4.119,5.739,13.38
2026-09-08T07:39:50Z,2026-09-08T02:39:50Z,78.1,29.9,4.394,5.782,27.419
2026-09-08T07:40:50Z,2026-09-08T02:40:50Z,78.0,29.9,4.379,5.811,15.113
2026-09-08T07:41:50Z,2026-09-08T02:41:50Z,77.9,29.9,4.17,5.689,36.01
2026-09-08T07:42:50Z,2026-09-08T02:42:50Z,78.0,29.9,4.01,5.537,34.372
2026-09-08T07:43:50Z,2026-09-08T02:43:50Z,78.1,29.9,4.181,5.848,19.52
2026-09-08T07:44:50Z,2026-09-08T02:44:50Z,78.2,29.9,3.961,5.55,27.509
2026-09-08T07:45:50Z,2026-09-08T02:45:50Z,78.1,29.9,4.133,5.647,25.844
2026-09-08T07:46:50Z,2026-09-08T02:46:50Z,78.1,29.9,4.06,5.843,13.675
2026-09-08T07:47:50Z,2026-09-08T02:47:50Z,78.2,29.9,4.157,5.565,22.764
2026-09-08T07:48:50Z,2026-09-08T02:48:50Z,78.2,29.9,4.137,5.637,23.769
2026-09-08T07:49:50Z,2026-09-08T02:49:50Z,78.1,29.8,3.929,5.563,22.786
2026-09-08T07:50:50Z,2026-09-08T02:50:50Z,78.1,29.8,4.135,5.535,16.12
2026-09-08T07:51:50Z,2026-09-08T02:51:50Z,78.2,29.8,4.125,5.684,19.782
2026-09-08T07:52:50Z,2026-09-08T02:52:50Z,78.2,29.8,4.084,5.591,25.367
2026-09-08T07:53:50Z,2026-09-08T02:53:50Z,78.2,29.8,4.212,5.557,17.75
2026-09-08T07:54:50Z,2026-09-08T02:54:50Z,78.2,29.8,4.21,6.116,19.782
2026-09-08T07:55:50Z,2026-09-08T02:55:50Z,78.2,29.8,4.282,5.697,35.515
2026-09-08T07:56:50Z,2026-09-08T02:56:50Z,78.3,29.8,4.149,5.891,17.498
2026-09-08T07:57:50Z,2026-09-08T02:57:50Z,78.3,29.8,3.969,5.753,20.164
2026-09-08T07:58:51Z,2026-09-08T02:58:51Z,78.4,29.8,4.05,5.427,26.435
2026-09-08T07:59:52Z,2026-09-08T02:59:52Z,78.4,29.8,4.218,5.846,14.624
2026-09-08T08:00:47Z,2026-09-08T03:00:47Z,78.4,29.8,4.296,5.77,15.066
2026-09-08T08:01:47Z,2026-09-08T03:01:47Z,78.4,29.8,4.324,5.645,34.476
2026-09-08T08:02:47Z,2026-09-08T03:02:47Z,78.4,29.8,4.066,5.552,18.638
2026-09-08T08:03:47Z,2026-09-08T03:03:47Z,78.6,29.8,4.283,5.84,17.241
2026-09-08T08:04:47Z,2026-09-08T03:04:47Z,78.6,29.7,4.213,5.809,32.529
2026-09-08T08:05:48Z,2026-09-08T03:05:48Z,78.6,29.7,4.535,5.822,18.806
2026-09-08T08:06:48Z,2026-09-08T03:06:48Z,78.8,29.7,3.865,5.18,16.863
2026-09-08T08:07:48Z,2026-09-08T03:07:48Z,78.6,29.7,4.029,5.658,27.896
2026-09-08T08:08:48Z,2026-09-08T03:08:48Z,78.6,29.7,4.118,5.702,27.029
2026-09-08T08:09:48Z,2026-09-08T03:09:48Z,78.6,29.7,4.083,5.594,24.609
2026-09-08T08:10:48Z,2026-09-08T03:10:48Z,78.8,29.7,4.126,5.573,29.581
2026-09-08T08:11:48Z,2026-09-08T03:11:48Z,78.6,29.7,4.204,5.672,25.721
2026-09-08T08:12:48Z,2026-09-08T03:12:48Z,78.6,29.7,4.207,5.736,34.1
2026-09-08T08:13:48Z,2026-09-08T03:13:48Z,78.6,29.7,4.223,5.929,41.224
2026-09-08T08:14:48Z,2026-09-08T03:14:48Z,78.6,29.7,4.231,5.819,32.53
2026-09-08T08:15:48Z,2026-09-08T03:15:48Z,78.6,29.7,4.25,5.601,17.244
2026-09-08T08:16:48Z,2026-09-08T03:16:48Z,78.7,29.7,4.253,5.497,17.395
2026-09-08T08:17:48Z,2026-09-08T03:17:48Z,78.7,29.7,4.201,5.989,30.711
2026-09-08T08:18:48Z,2026-09-08T03:18:48Z,78.6,29.7,4.253,5.542,26.769
2026-09-08T08:19:48Z,2026-09-08T03:19:48Z,78.6,29.7,4.164,6.222,22.793
2026-09-08T08:20:48Z,2026-09-08T03:20:48Z,78.7,29.7,4.088,5.561,32.258
2026-09-08T08:21:48Z,2026-09-08T03:21:48Z,78.9,29.7,4.233,5.926,25.384
2026-09-08T08:22:48Z,2026-09-08T03:22:48Z,78.8,29.7,4.131,5.906,19.009
2026-09-08T08:23:48Z,2026-09-08T03:23:48Z,78.8,29.7,4.232,5.424,31.447
2026-09-08T08:24:48Z,2026-09-08T03:24:48Z,78.9,29.6,4.094,5.865,26.613
2026-09-08T08:25:48Z,2026-09-08T03:25:48Z,78.9,29.6,4.089,5.46,21.717
2026-09-08T08:26:48Z,2026-09-08T03:26:48Z,78.8,29.6,4.252,5.819,35.646
2026-09-08T08:27:48Z,2026-09-08T03:27:48Z,78.8,29.6,4.074,5.818,27.7
2026-09-08T08:28:48Z,2026-09-08T03:28:48Z,78.8,29.6,4.285,5.721,28.907
2026-09-08T08:29:48Z,2026-09-08T03:29:48Z,78.8,29.6,4.036,5.758,19.967
2026-09-08T08:30:48Z,2026-09-08T03:30:48Z,78.8,29.6,4.078,5.948,15.849
2026-09-08T08:31:49Z,2026-09-08T03:31:49Z,78.8,29.6,4.187,5.925,30.83
2026-09-08T08:32:49Z,2026-09-08T03:32:49Z,78.9,29.6,4.188,5.966,27.077
2026-09-08T08:33:49Z,2026-09-08T03:33:49Z,78.9,29.6,4.168,5.874,29.891
2026-09-08T08:34:49Z,2026-09-08T03:34:49Z,78.9,29.6,4.088,5.559,15.642
2026-09-08T08:35:49Z,2026-09-08T03:35:49Z,78.9,29.6,4.37,6.004,29.05
2026-09-08T08:36:49Z,2026-09-08T03:36:49Z,79.0,29.6,3.894,5.289,36.739
2026-09-08T08:37:49Z,2026-09-08T03:37:49Z,79.0,29.6,4.216,5.7,27.865
2026-09-08T08:38:49Z,2026-09-08T03:38:49Z,79.3,29.6,4.337,5.547,34.189
2026-09-08T08:39:49Z,2026-09-08T03:39:49Z,79.3,29.6,4.022,5.592,17.175
2026-09-08T08:40:49Z,2026-09-08T03:40:49Z,79.1,29.6,4.201,5.649,29.42
2026-09-08T08:41:49Z,2026-09-08T03:41:49Z,79.1,29.6,4.305,5.894,18.616
2026-09-08T08:42:49Z,2026-09-08T03:42:49Z,79.1,29.5,4.07,5.569,24.238
2026-09-08T08:43:49Z,2026-09-08T03:43:49Z,79.2,29.5,4.114,5.446,21.363
2026-09-08T08:44:49Z,2026-09-08T03:44:49Z,79.3,29.5,4.444,5.951,18.485
2026-09-08T08:45:49Z,2026-09-08T03:45:49Z,79.4,29.5,4.123,5.751,28.015
2026-09-08T08:46:49Z,2026-09-08T03:46:49Z,79.2,29.5,4.251,5.742,32.805
2026-09-08T08:47:49Z,2026-09-08T03:47:49Z,79.2,29.5,4.251,6.079,13.739
2026-09-08T08:48:49Z,2026-09-08T03:48:49Z,79.3,29.5,4.268,5.747,16.356
2026-09-08T08:49:49Z,2026-09-08T03:49:49Z,79.3,29.5,4.414,6.056,28.559
2026-09-08T08:50:50Z,2026-09-08T03:50:50Z,79.3,29.5,4.035,5.495,31.255
2026-09-08T08:51:50Z,2026-09-08T03:51:50Z,79.3,29.5,4.13,5.64,23.58
2026-09-08T08:52:50Z,2026-09-08T03:52:50Z,79.3,29.5,3.98,5.478,30.067
2026-09-08T08:53:50Z,2026-09-08T03:53:50Z,79.3,29.5,4.375,5.906,17.457
2026-09-08T08:54:50Z,2026-09-08T03:54:50Z,79.3,29.5,4.355,6.023,16.863
2026-09-08T08:55:50Z,2026-09-08T03:55:50Z,79.4,29.5,4.171,5.843,40.415
2026-09-08T08:56:50Z,2026-09-08T03:56:50Z,79.4,29.5,4.434,5.918,18.601
2026-09-08T08:57:50Z,2026-09-08T03:57:50Z,79.4,29.5,4.223,5.589,33.088
2026-09-08T08:58:50Z,2026-09-08T03:58:50Z,79.4,29.5,4.379,5.817,15.23
2026-09-08T08:59:50Z,2026-09-08T03:59:50Z,79.5,29.5,4.16,5.619,15.703
2026-09-08T09:00:50Z,2026-09-08T04:00:50Z,79.4,29.5,4.149,5.726,19.267
2026-09-08T09:01:50Z,2026-09-08T04:01:50Z,79.5,29.4,4.326,5.786,23.164
2026-09-08T09:02:50Z,2026-09-08T04:02:50Z,79.5,29.4,4.459,6.432,25.731
2026-09-08T09:03:50Z,2026-09-08T04:03:50Z,79.5,29.4,4.275,5.853,19.519
2026-09-08T09:04:50Z,2026-09-08T04:04:50Z,79.7,29.4,4.109,5.6,15.039
2026-09-08T09:05:50Z,2026-09-08T04:05:50Z,79.6,29.4,4.386,6.079,18.478
2026-09-08T09:06:50Z,2026-09-08T04:06:50Z,79.5,29.4,4.557,6.16,15.292
2026-09-08T09:07:50Z,2026-09-08T04:07:50Z,79.7,29.4,4.204,5.914,19.986
2026-09-08T09:08:50Z,2026-09-08T04:08:50Z,79.7,29.4,4.332,5.877,32.036
2026-09-08T09:09:50Z,2026-09-08T04:09:50Z,79.7,29.4,4.284,6.107,34.524
2026-09-08T09:10:50Z,2026-09-08T04:10:50Z,79.7,29.4,4.258,5.662,24.394
2026-09-08T09:11:50Z,2026-09-08T04:11:50Z,79.7,29.4,4.604,6.345,14.05
2026-09-08T09:12:50Z,2026-09-08T04:12:50Z,79.7,29.4,4.283,5.888,33.362
2026-09-08T09:13:51Z,2026-09-08T04:13:51Z,79.7,29.4,4.272,5.919,28.465
2026-09-08T09:14:51Z,2026-09-08T04:14:51Z,79.8,29.4,4.11,5.508,20.595
2026-09-08T09:15:51Z,2026-09-08T04:15:51Z,79.8,29.4,4.29,5.806,23.639
2026-09-08T09:16:51Z,2026-09-08T04:16:51Z,79.7,29.4,4.141,5.604,27.382
2026-09-08T09:17:51Z,2026-09-08T04:17:51Z,79.8,29.4,4.294,5.703,19.969
2026-09-08T09:18:51Z,2026-09-08T04:18:51Z,79.7,29.4,4.173,5.783,28.726
2026-09-08T09:19:53Z,2026-09-08T04:19:53Z,79.8,29.3,4.133,5.66,17.851
2026-09-08T09:20:48Z,2026-09-08T04:20:48Z,79.8,29.3,4.083,6.016,26.63
2026-09-08T09:21:48Z,2026-09-08T04:21:48Z,79.8,29.3,4.405,5.925,26.646
2026-09-08T09:22:48Z,2026-09-08T04:22:48Z,79.8,29.3,4.276,5.791,11.133
2026-09-08T09:23:48Z,2026-09-08T04:23:48Z,79.8,29.3,4.231,5.795,28.65
2026-09-08T09:24:48Z,2026-09-08T04:24:48Z,79.8,29.3,4.414,6.176,14.598
2026-09-08T09:25:48Z,2026-09-08T04:25:48Z,79.9,29.3,4.201,5.916,9.867
2026-09-08T09:26:48Z,2026-09-08T04:26:48Z,79.9,29.3,4.283,5.914,22.14
2026-09-08T09:27:48Z,2026-09-08T04:27:48Z,80.0,29.3,4.218,5.788,16.628
2026-09-08T09:28:48Z,2026-09-08T04:28:48Z,80.0,29.3,4.309,5.781,11.381
2026-09-08T09:29:48Z,2026-09-08T04:29:48Z,80.1,29.3,4.118,5.735,22.677
2026-09-08T09:30:48Z,2026-09-08T04:30:48Z,80.1,29.3,3.934,5.707,33.368
2026-09-08T09:31:48Z,2026-09-08T04:31:48Z,80.1,29.3,4.124,5.654,24.489
2026-09-08T09:32:48Z,2026-09-08T04:32:48Z,80.1,29.3,3.919,5.435,37.537
2026-09-08T09:33:48Z,2026-09-08T04:33:48Z,80.1,29.3,4.14,5.715,31.554
2026-09-08T09:34:48Z,2026-09-08T04:34:48Z,80.0,29.3,4.045,5.622,12.1
2026-09-08T09:35:48Z,2026-09-08T04:35:48Z,80.1,29.3,3.939,5.56,19.001
2026-09-08T09:36:48Z,2026-09-08T04:36:48Z,80.1,29.3,3.961,5.69,25.021
2026-09-08T09:37:49Z,2026-09-08T04:37:49Z,80.1,29.2,4.087,5.758,24.366
2026-09-08T09:38:49Z,2026-09-08T04:38:49Z,80.1,29.2,4.02,5.758,24.64
2026-09-08T09:39:49Z,2026-09-08T04:39:49Z,80.1,29.2,4.031,5.778,21.817
2026-09-08T09:40:49Z,2026-09-08T04:40:49Z,80.2,29.2,3.981,5.339,22.463
2026-09-08T09:41:49Z,2026-09-08T04:41:49Z,80.2,29.2,4.12,5.65,42.041
2026-09-08T09:42:49Z,2026-09-08T04:42:49Z,80.3,29.2,4.073,5.938,26.127
2026-09-08T09:43:49Z,2026-09-08T04:43:49Z,80.3,29.2,4.213,6.128,20.838
2026-09-08T09:44:49Z,2026-09-08T04:44:49Z,80.3,29.2,4.019,5.777,26.09
2026-09-08T09:45:49Z,2026-09-08T04:45:49Z,80.3,29.2,4.032,5.68,25.635
2026-09-08T09:46:49Z,2026-09-08T04:46:49Z,80.3,29.2,4.459,5.977,17.069
2026-09-08T09:47:49Z,2026-09-08T04:47:49Z,80.3,29.2,4.054,5.542,18.054
2026-09-08T09:48:49Z,2026-09-08T04:48:49Z,80.3,29.2,4.049,5.98,31.986
2026-09-08T09:49:49Z,2026-09-08T04:49:49Z,80.4,29.2,4.219,5.63,29.4
2026-09-08T09:50:49Z,2026-09-08T04:50:49Z,80.4,29.2,4.21,5.767,26.929
2026-09-08T09:51:49Z,2026-09-08T04:51:49Z,80.5,29.2,3.992,5.635,11.828
2026-09-08T09:52:49Z,2026-09-08T04:52:49Z,80.4,29.2,3.959,5.488,21.293
2026-09-08T09:53:49Z,2026-09-08T04:53:49Z,80.4,29.2,4.285,5.691,27.424
2026-09-08T09:54:49Z,2026-09-08T04:54:49Z,80.4,29.2,3.884,5.435,28.803
2026-09-08T09:55:49Z,2026-09-08T04:55:49Z,80.4,29.2,4.101,6.063,26.374
2026-09-08T09:56:49Z,2026-09-08T04:56:49Z,80.4,29.2,4.144,5.659,31.581
2026-09-08T09:57:50Z,2026-09-08T04:57:50Z,80.4,29.2,4.101,5.539,10.559
2026-09-08T09:58:50Z,2026-09-08T04:58:50Z,80.4,29.2,4.118,5.923,24.209
2026-09-08T09:59:50Z,2026-09-08T04:59:50Z,80.5,29.2,4.235,5.677,15.781
2026-09-08T10:00:50Z,2026-09-08T05:00:50Z,80.6,29.2,4.201,5.739,21.351
2026-09-08T10:01:50Z,2026-09-08T05:01:50Z,80.7,29.2,3.998,5.505,32.227
2026-09-08T10:02:50Z,2026-09-08T05:02:50Z,80.6,29.2,4.173,6.016,16.978
2026-09-08T10:03:50Z,2026-09-08T05:03:50Z,80.5,29.2,4.131,5.824,28.002
2026-09-08T10:04:50Z,2026-09-08T05:04:50Z,80.5,29.2,3.866,5.323,18.273
2026-09-08T10:05:50Z,2026-09-08T05:05:50Z,80.4,29.2,4.068,5.67,37.566
2026-09-08T10:06:50Z,2026-09-08T05:06:50Z,80.5,29.2,3.987,5.639,23.062
2026-09-08T10:07:50Z,2026-09-08T05:07:50Z,80.5,29.1,4.143,5.871,21.813
2026-09-08T10:08:50Z,2026-09-08T05:08:50Z,80.6,29.1,4.037,6.083,39.08
2026-09-08T10:09:50Z,2026-09-08T05:09:50Z,80.7,29.1,4.257,5.898,27.243
2026-09-08T10:10:50Z,2026-09-08T05:10:50Z,80.7,29.1,4.108,5.861,26.013
2026-09-08T10:11:50Z,2026-09-08T05:11:50Z,80.7,29.1,4.146,5.86,37.329
2026-09-08T10:12:50Z,2026-09-08T05:12:50Z,80.6,29.1,4.051,5.465,23.904
2026-09-08T10:13:50Z,2026-09-08T05:13:50Z,80.7,29.1,4.279,5.917,20.591
2026-09-08T10:14:50Z,2026-09-08T05:14:50Z,80.7,29.1,4.046,5.586,32.992
2026-09-08T10:15:50Z,2026-09-08T05:15:50Z,80.8,29.1,4.303,5.877,18.453
2026-09-08T10:16:50Z,2026-09-08T05:16:50Z,80.7,29.2,3.944,5.714,27.641
2026-09-08T10:17:50Z,2026-09-08T05:17:50Z,80.8,29.2,3.871,5.675,18.039
2026-09-08T10:18:50Z,2026-09-08T05:18:50Z,80.8,29.2,3.906,5.495,45.696
2026-09-08T10:19:50Z,2026-09-08T05:19:50Z,80.7,29.1,4.071,5.547,24.323
2026-09-08T10:20:51Z,2026-09-08T05:20:51Z,80.7,29.1,4.085,5.701,14.503
2026-09-08T10:21:51Z,2026-09-08T05:21:51Z,80.6,29.2,3.906,5.506,31.793
2026-09-08T10:22:51Z,2026-09-08T05:22:51Z,80.7,29.2,4.131,5.95,14.61
2026-09-08T10:23:51Z,2026-09-08T05:23:51Z,80.6,29.2,4.101,5.749,20.881
2026-09-08T10:24:51Z,2026-09-08T05:24:51Z,80.6,29.2,4.013,6.103,26.445
2026-09-08T10:25:51Z,2026-09-08T05:25:51Z,80.7,29.2,3.982,5.543,14.731
2026-09-08T10:26:51Z,2026-09-08T05:26:51Z,80.6,29.2,3.989,5.582,25.011
2026-09-08T10:27:51Z,2026-09-08T05:27:51Z,80.6,29.2,3.794,5.58,39.094
2026-09-08T10:28:51Z,2026-09-08T05:28:51Z,80.7,29.2,4.258,5.84,34.539
2026-09-08T10:29:51Z,2026-09-08T05:29:51Z,80.7,29.2,3.97,5.473,19.839
2026-09-08T10:30:51Z,2026-09-08T05:30:51Z,80.7,29.2,4.245,5.837,29.109
2026-09-08T10:31:51Z,2026-09-08T05:31:51Z,80.7,29.2,3.941,5.765,39.968
2026-09-08T10:32:51Z,2026-09-08T05:32:51Z,80.7,29.2,3.91,5.682,26.823
2026-09-08T10:33:51Z,2026-09-08T05:33:51Z,80.8,29.2,4.1,5.911,35.976
2026-09-08T10:34:51Z,2026-09-08T05:34:51Z,80.8,29.2,3.938,5.633,26.934
2026-09-08T10:35:51Z,2026-09-08T05:35:51Z,80.8,29.1,3.907,5.234,40.22
2026-09-08T10:36:51Z,2026-09-08T05:36:51Z,80.8,29.1,3.847,5.432,20.914
2026-09-08T10:37:51Z,2026-09-08T05:37:51Z,80.9,29.1,4.077,5.444,21.197
2026-09-08T10:38:51Z,2026-09-08T05:38:51Z,80.8,29.1,3.866,5.345,16.695
2026-09-08T10:39:51Z,2026-09-08T05:39:51Z,80.8,29.1,4.17,5.99,39.338
2026-09-08T10:40:51Z,2026-09-08T05:40:51Z,80.9,29.1,3.978,5.367,35.309
2026-09-08T10:41:51Z,2026-09-08T05:41:51Z,80.9,29.1,4.109,6.305,31.072
2026-09-08T10:42:51Z,2026-09-08T05:42:51Z,81.1,29.1,3.83,5.695,29.678
2026-09-08T10:43:51Z,2026-09-08T05:43:51Z,80.9,29.1,4.161,5.896,43.811
2026-09-08T10:44:51Z,2026-09-08T05:44:51Z,80.9,29.1,3.846,5.356,27.878
2026-09-08T10:45:52Z,2026-09-08T05:45:52Z,80.9,29.1,3.885,5.443,37.757
2026-09-08T10:46:52Z,2026-09-08T05:46:52Z,81.0,29.1,4.067,5.525,40.318
2026-09-08T10:47:52Z,2026-09-08T05:47:52Z,81.0,29.1,4.119,5.801,19.688
2026-09-08T10:48:52Z,2026-09-08T05:48:52Z,81.0,29.1,3.934,5.366,19.519
2026-09-08T10:49:52Z,2026-09-08T05:49:52Z,80.9,29.1,4.138,5.663,22.305
2026-09-08T10:50:52Z,2026-09-08T05:50:52Z,80.9,29.1,3.781,5.603,26.223
2026-09-08T10:51:52Z,2026-09-08T05:51:52Z,80.9,29.1,3.875,5.648,13.522
2026-09-08T10:52:52Z,2026-09-08T05:52:52Z,81.0,29.1,3.978,5.613,27.296
2026-09-08T10:53:52Z,2026-09-08T05:53:52Z,81.1,29.1,3.867,5.786,21.058
2026-09-08T10:54:54Z,2026-09-08T05:54:54Z,81.1,29.1,3.951,5.629,19.179
2026-09-08T10:55:49Z,2026-09-08T05:55:49Z,81.2,29.1,4.023,5.431,34.082
2026-09-08T10:56:49Z,2026-09-08T05:56:49Z,81.1,29.1,3.886,5.395,29.431
2026-09-08T10:57:49Z,2026-09-08T05:57:49Z,81.2,29.1,3.895,5.551,22.435
2026-09-08T10:58:49Z,2026-09-08T05:58:49Z,81.1,29.1,3.935,5.609,53.727
2026-09-08T10:59:49Z,2026-09-08T05:59:49Z,81.2,29.1,3.841,5.65,21.347
2026-09-08T11:00:49Z,2026-09-08T06:00:49Z,81.2,29.1,4.072,5.594,37.215
2026-09-08T11:01:49Z,2026-09-08T06:01:49Z,81.1,29.1,3.86,5.783,44.69
2026-09-08T11:02:49Z,2026-09-08T06:02:49Z,81.1,29.1,4.005,5.742,44.43
2026-09-08T11:03:49Z,2026-09-08T06:03:49Z,81.2,29.1,3.997,5.264,25.832
2026-09-08T11:04:49Z,2026-09-08T06:04:49Z,81.3,29.1,3.866,5.469,34.662
2026-09-08T11:05:49Z,2026-09-08T06:05:49Z,81.2,29.1,3.859,5.267,36.578
2026-09-08T11:06:49Z,2026-09-08T06:06:49Z,81.1,29.1,4.057,5.712,26.385
2026-09-08T11:07:49Z,2026-09-08T06:07:49Z,81.1,29.1,3.823,5.471,27.836
2026-09-08T11:08:49Z,2026-09-08T06:08:49Z,81.1,29.1,4.036,5.505,37.381
2026-09-08T11:09:50Z,2026-09-08T06:09:50Z,81.0,29.1,3.957,5.394,34.779
2026-09-08T11:10:50Z,2026-09-08T06:10:50Z,81.1,29.1,3.984,5.642,27.561
2026-09-08T11:11:50Z,2026-09-08T06:11:50Z,81.1,29.1,3.935,5.424,30.453
2026-09-08T11:12:50Z,2026-09-08T06:12:50Z,81.0,29.1,3.973,5.557,40.102
2026-09-08T11:13:50Z,2026-09-08T06:13:50Z,81.1,29.1,4.114,5.675,20.051
2026-09-08T11:14:50Z,2026-09-08T06:14:50Z,81.1,29.1,4.02,5.51,25.447
2026-09-08T11:15:50Z,2026-09-08T06:15:50Z,81.1,29.1,4.095,5.599,30.157
2026-09-08T11:16:50Z,2026-09-08T06:16:50Z,81.1,29.1,4.057,5.801,38.037
2026-09-08T11:17:50Z,2026-09-08T06:17:50Z,81.1,29.1,4.416,9.772,541.856
2026-09-08T11:18:50Z,2026-09-08T06:18:50Z,81.2,29.1,4.405,16.032,1298.615
2026-09-08T11:19:50Z,2026-09-08T06:19:50Z,81.3,29.1,4.781,17.143,1154.688
2026-09-08T11:20:50Z,2026-09-08T06:20:50Z,81.2,29.1,4.438,10.03,440.09
2026-09-08T11:21:50Z,2026-09-08T06:21:50Z,81.2,29.1,4.123,9.282,250.837
2026-09-08T11:22:50Z,2026-09-08T06:22:50Z,81.2,29.1,4.432,7.338,164.946
2026-09-08T11:23:50Z,2026-09-08T06:23:50Z,81.1,29.0,3.993,6.958,88.938
2026-09-08T11:24:50Z,2026-09-08T06:24:50Z,81.2,29.1,4.305,7.069,141.77
2026-09-08T11:25:50Z,2026-09-08T06:25:50Z,81.2,29.0,4.225,6.54,149.829
2026-09-08T11:26:50Z,2026-09-08T06:26:50Z,81.2,29.0,4.04,6.342,63.4
2026-09-08T11:27:50Z,2026-09-08T06:27:50Z,81.2,29.0,4.107,6.207,77.755
2026-09-08T11:28:50Z,2026-09-08T06:28:50Z,81.2,29.0,4.081,6.476,55.26
2026-09-08T11:29:50Z,2026-09-08T06:29:50Z,81.3,29.0,3.972,5.285,31.677
2026-09-08T11:30:50Z,2026-09-08T06:30:50Z,81.3,29.0,3.87,5.678,40.047
2026-09-08T11:31:51Z,2026-09-08T06:31:51Z,81.3,29.0,3.947,6.059,37.685
2026-09-08T11:32:51Z,2026-09-08T06:32:51Z,81.3,29.0,3.874,5.576,24.399
2026-09-08T11:33:51Z,2026-09-08T06:33:51Z,81.4,29.0,3.938,5.463,30.155
2026-09-08T11:34:51Z,2026-09-08T06:34:51Z,81.4,29.0,3.789,5.319,22.944
2026-09-08T11:35:51Z,2026-09-08T06:35:51Z,81.4,29.0,3.838,5.338,23.137
2026-09-08T11:36:51Z,2026-09-08T06:36:51Z,81.4,29.0,3.93,5.561,19.598
2026-09-08T11:37:51Z,2026-09-08T06:37:51Z,81.4,29.0,3.888,5.425,28.861
2026-09-08T11:38:51Z,2026-09-08T06:38:51Z,81.5,29.0,4.011,5.687,22.459
2026-09-08T11:39:51Z,2026-09-08T06:39:51Z,81.5,29.0,4.016,5.627,23.917
2026-09-08T11:40:51Z,2026-09-08T06:40:51Z,81.5,29.0,3.894,5.452,17.632
2026-09-08T11:41:51Z,2026-09-08T06:41:51Z,81.5,29.0,3.778,5.397,26.104
2026-09-08T11:42:51Z,2026-09-08T06:42:51Z,81.5,29.0,3.798,5.291,26.101
2026-09-08T11:43:51Z,2026-09-08T06:43:51Z,81.5,28.9,3.942,5.462,19.6
2026-09-08T11:44:51Z,2026-09-08T06:44:51Z,81.6,28.9,3.831,5.206,26.51
2026-09-08T11:45:51Z,2026-09-08T06:45:51Z,81.8,28.9,4.058,5.471,26.062
2026-09-08T11:46:51Z,2026-09-08T06:46:51Z,82.0,28.9,3.765,5.466,30.551
2026-09-08T11:47:51Z,2026-09-08T06:47:51Z,82.0,28.9,3.883,5.524,47.343
2026-09-08T11:48:51Z,2026-09-08T06:48:51Z,81.9,28.9,3.854,5.615,25.872
2026-09-08T11:49:51Z,2026-09-08T06:49:51Z,81.8,28.9,3.925,5.656,39.361
2026-09-08T11:50:51Z,2026-09-08T06:50:51Z,81.8,28.9,4.06,5.186,38.3
2026-09-08T11:51:51Z,2026-09-08T06:51:51Z,81.9,28.9,3.584,5.133,24.728
2026-09-08T11:52:51Z,2026-09-08T06:52:51Z,81.9,28.9,3.777,5.628,21.151
2026-09-08T11:53:52Z,2026-09-08T06:53:52Z,81.9,28.9,3.852,5.172,15.744
2026-09-08T11:54:52Z,2026-09-08T06:54:52Z,81.9,28.9,3.92,5.681,21.27
2026-09-08T11:55:52Z,2026-09-08T06:55:52Z,82.0,28.9,4.058,6.07,29.264
2026-09-08T11:56:52Z,2026-09-08T06:56:52Z,82.0,28.9,3.906,5.461,25.029
2026-09-08T11:57:52Z,2026-09-08T06:57:52Z,82.0,28.9,3.931,5.751,29.242
2026-09-08T11:58:52Z,2026-09-08T06:58:52Z,82.0,28.9,4.035,5.713,42.113
2026-09-08T11:59:52Z,2026-09-08T06:59:52Z,82.0,28.9,3.813,5.474,16.22
2026-09-08T12:00:52Z,2026-09-08T07:00:52Z,82.0,28.9,3.787,5.328,24.827
2026-09-08T12:01:52Z,2026-09-08T07:01:52Z,82.1,28.9,3.847,5.113,31.119
2026-09-08T12:02:52Z,2026-09-08T07:02:52Z,82.1,28.9,3.86,5.614,15.995
2026-09-08T12:03:52Z,2026-09-08T07:03:52Z,82.1,28.9,3.954,5.938,27.861
2026-09-08T12:04:52Z,2026-09-08T07:04:52Z,82.2,28.9,3.784,5.435,22.85
2026-09-08T12:05:52Z,2026-09-08T07:05:52Z,82.2,28.9,3.644,5.677,39.677
2026-09-08T12:06:52Z,2026-09-08T07:06:52Z,82.2,28.9,3.974,5.341,38.004
2026-09-08T12:07:52Z,2026-09-08T07:07:52Z,82.2,28.9,3.904,5.262,29.745
2026-09-08T12:08:52Z,2026-09-08T07:08:52Z,82.2,28.9,4.023,5.55,16.006
2026-09-08T12:09:52Z,2026-09-08T07:09:52Z,82.2,28.9,3.716,5.27,34.07
2026-09-08T12:10:52Z,2026-09-08T07:10:52Z,82.2,28.9,4.205,6.043,22.635
2026-09-08T12:11:52Z,2026-09-08T07:11:52Z,82.2,28.9,3.547,5.199,21.385
2026-09-08T12:12:52Z,2026-09-08T07:12:52Z,82.2,28.9,3.726,5.37,15.779
2026-09-08T12:13:52Z,2026-09-08T07:13:52Z,82.2,28.9,3.685,5.514,25.309
2026-09-08T12:14:52Z,2026-09-08T07:14:52Z,82.2,29.0,3.768,5.11,19.14
2026-09-08T12:15:52Z,2026-09-08T07:15:52Z,82.2,29.0,3.598,5.132,31.368
2026-09-08T12:16:53Z,2026-09-08T07:16:53Z,82.2,29.0,3.614,4.896,35.221
2026-09-08T12:17:53Z,2026-09-08T07:17:53Z,82.2,29.0,3.807,5.451,32.142
2026-09-08T12:18:53Z,2026-09-08T07:18:53Z,82.2,29.0,3.709,5.299,32.685
2026-09-08T12:19:53Z,2026-09-08T07:19:53Z,82.1,29.0,3.9,5.411,22.661
2026-09-08T12:20:53Z,2026-09-08T07:20:53Z,82.0,29.0,4.135,5.906,26.268
2026-09-08T12:21:53Z,2026-09-08T07:21:53Z,82.0,29.0,4.03,6.164,35.617
2026-09-08T12:22:53Z,2026-09-08T07:22:53Z,82.1,29.0,3.753,5.147,17.831
2026-09-08T12:23:53Z,2026-09-08T07:23:53Z,82.2,29.0,3.876,5.499,24.911
2026-09-08T12:24:53Z,2026-09-08T07:24:53Z,82.0,29.0,3.775,6.052,83.431
2026-09-08T12:25:53Z,2026-09-08T07:25:53Z,82.0,29.0,3.789,5.419,73.878
2026-09-08T12:26:53Z,2026-09-08T07:26:53Z,82.0,29.0,3.649,5.627,73.833
2026-09-08T12:27:53Z,2026-09-08T07:27:53Z,82.1,29.1,3.675,5.402,63.553
2026-09-08T12:28:53Z,2026-09-08T07:28:53Z,82.1,29.1,3.963,5.983,47.273
2026-09-08T12:29:53Z,2026-09-08T07:29:53Z,82.0,29.1,3.828,6.029,86.745
2026-09-08T12:30:48Z,2026-09-08T07:30:48Z,81.9,29.1,3.793,6.224,77.757
2026-09-08T12:31:49Z,2026-09-08T07:31:49Z,81.9,29.1,3.732,5.732,81.72
2026-09-08T12:32:49Z,2026-09-08T07:32:49Z,82.1,29.1,3.978,5.923,46.902
2026-09-08T12:33:49Z,2026-09-08T07:33:49Z,81.9,29.1,3.767,5.566,40.485
2026-09-08T12:34:49Z,2026-09-08T07:34:49Z,81.7,29.1,3.986,5.57,43.589
2026-09-08T12:35:49Z,2026-09-08T07:35:49Z,81.7,29.2,3.855,5.821,40.467
2026-09-08T12:36:49Z,2026-09-08T07:36:49Z,81.6,29.2,3.743,5.624,18.641
2026-09-08T12:37:49Z,2026-09-08T07:37:49Z,81.5,29.2,3.849,5.649,22.226
2026-09-08T12:38:49Z,2026-09-08T07:38:49Z,81.7,29.2,3.802,5.719,33.41
2026-09-08T12:39:49Z,2026-09-08T07:39:49Z,81.2,29.2,3.711,5.475,35.544
2026-09-08T12:40:50Z,2026-09-08T07:40:50Z,81.4,29.3,3.753,5.575,22.714
2026-09-08T12:41:50Z,2026-09-08T07:41:50Z,80.9,29.3,3.85,5.405,22.039
2026-09-08T12:42:50Z,2026-09-08T07:42:50Z,81.0,29.4,3.778,5.51,22.875
2026-09-08T12:43:50Z,2026-09-08T07:43:50Z,81.1,29.4,3.987,5.63,31.507
2026-09-08T12:44:50Z,2026-09-08T07:44:50Z,80.9,29.4,3.755,5.482,31.549
2026-09-08T12:45:50Z,2026-09-08T07:45:50Z,81.2,29.5,3.957,5.573,39.38
2026-09-08T12:46:50Z,2026-09-08T07:46:50Z,81.1,29.5,3.85,5.351,30.29
2026-09-08T12:47:50Z,2026-09-08T07:47:50Z,80.5,29.6,3.838,5.411,19.838
2026-09-08T12:48:50Z,2026-09-08T07:48:50Z,80.0,29.6,3.772,5.435,26.745
2026-09-08T12:49:50Z,2026-09-08T07:49:50Z,80.3,29.7,3.783,5.157,26.797
2026-09-08T12:50:50Z,2026-09-08T07:50:50Z,80.6,29.7,3.685,5.545,25.92
2026-09-08T12:51:50Z,2026-09-08T07:51:50Z,79.8,29.8,3.901,5.57,31.126
2026-09-08T12:52:50Z,2026-09-08T07:52:50Z,79.2,29.9,4.046,5.511,55.336
2026-09-08T12:53:50Z,2026-09-08T07:53:50Z,79.5,29.9,4.24,6.013,35.938
2026-09-08T12:54:50Z,2026-09-08T07:54:50Z,79.4,30.0,3.856,5.308,24.156
2026-09-08T12:55:50Z,2026-09-08T07:55:50Z,79.4,30.1,3.864,5.564,12.32
2026-09-08T12:56:50Z,2026-09-08T07:56:50Z,78.8,30.1,3.675,5.1,24.521
2026-09-08T12:57:51Z,2026-09-08T07:57:51Z,78.1,30.2,3.901,5.448,30.507
2026-09-08T12:58:51Z,2026-09-08T07:58:51Z,77.9,30.2,4.043,5.497,46.649
2026-09-08T12:59:51Z,2026-09-08T07:59:51Z,78.4,30.3,3.981,5.524,43.014
2026-09-08T13:00:51Z,2026-09-08T08:00:51Z,77.8,30.4,3.986,5.42,43.643
2026-09-08T13:01:51Z,2026-09-08T08:01:51Z,78.0,30.4,4.056,5.845,26.935
2026-09-08T13:02:51Z,2026-09-08T08:02:51Z,77.6,30.5,4.22,5.953,32.776
2026-09-08T13:03:51Z,2026-09-08T08:03:51Z,77.3,30.5,3.915,5.334,46.445
2026-09-08T13:04:51Z,2026-09-08T08:04:51Z,77.3,30.6,3.936,5.463,23.893
2026-09-08T13:05:51Z,2026-09-08T08:05:51Z,77.0,30.7,4.233,5.914,32.511
2026-09-08T13:06:51Z,2026-09-08T08:06:51Z,76.6,30.7,4.077,5.879,23.5
2026-09-08T13:07:51Z,2026-09-08T08:07:51Z,76.8,30.8,4.113,5.832,17.007
2026-09-08T13:08:51Z,2026-09-08T08:08:51Z,76.5,30.9,4.093,5.705,17.808
2026-09-08T13:09:51Z,2026-09-08T08:09:51Z,76.1,31.0,4.151,7.045,227.46
2026-09-08T13:10:51Z,2026-09-08T08:10:51Z,76.0,31.1,4.517,8.783,451.557
2026-09-08T13:11:51Z,2026-09-08T08:11:51Z,75.3,31.2,4.258,6.739,102.121
2026-09-08T13:12:51Z,2026-09-08T08:12:51Z,75.3,31.3,3.989,6.144,111.032
2026-09-08T13:13:51Z,2026-09-08T08:13:51Z,74.6,31.3,4.086,5.467,19.697
2026-09-08T13:14:51Z,2026-09-08T08:14:51Z,74.6,31.4,3.849,5.747,61.105
2026-09-08T13:15:51Z,2026-09-08T08:15:51Z,74.1,31.5,4.528,8.482,303.386
2026-09-08T13:16:51Z,2026-09-08T08:16:51Z,74.1,31.7,4.221,7.162,111.981
2026-09-08T13:17:51Z,2026-09-08T08:17:51Z,73.7,31.8,3.835,6.097,87.041
2026-09-08T13:18:51Z,2026-09-08T08:18:51Z,74.0,31.9,4.055,6.996,166.605
2026-09-08T13:19:51Z,2026-09-08T08:19:51Z,73.7,32.0,4.461,6.52,51.412
2026-09-08T13:20:51Z,2026-09-08T08:20:51Z,72.5,32.1,4.063,5.701,17.087
2026-09-08T13:21:51Z,2026-09-08T08:21:51Z,72.0,32.2,3.956,5.516,21.022
2026-09-08T13:22:52Z,2026-09-08T08:22:52Z,71.4,32.3,4.046,5.706,40.438
2026-09-08T13:23:52Z,2026-09-08T08:23:52Z,71.5,32.5,3.881,5.337,35.411
2026-09-08T13:24:52Z,2026-09-08T08:24:52Z,70.9,32.6,3.783,5.187,14.84
2026-09-08T13:25:52Z,2026-09-08T08:25:52Z,70.9,32.7,4.173,6.129,28.079
2026-09-08T13:26:52Z,2026-09-08T08:26:52Z,70.6,32.8,4.106,5.667,21.551
2026-09-08T13:27:52Z,2026-09-08T08:27:52Z,69.4,32.9,4.026,5.39,22.444
2026-09-08T13:28:52Z,2026-09-08T08:28:52Z,68.7,33.1,3.879,5.01,28.278
2026-09-08T13:29:52Z,2026-09-08T08:29:52Z,68.6,33.2,3.812,5.447,11.601
2026-09-08T13:30:52Z,2026-09-08T08:30:52Z,68.1,33.3,3.886,5.212,26.477
2026-09-08T13:31:52Z,2026-09-08T08:31:52Z,68.0,33.4,4.214,5.52,15.262
2026-09-08T13:32:52Z,2026-09-08T08:32:52Z,67.6,33.5,4.329,5.935,19.333
2026-09-08T13:33:52Z,2026-09-08T08:33:52Z,67.4,33.7,4.016,5.472,21.802
2026-09-08T13:34:52Z,2026-09-08T08:34:52Z,67.6,33.8,3.854,5.19,17.318
2026-09-08T13:35:52Z,2026-09-08T08:35:52Z,65.8,33.9,3.964,5.553,19.058
2026-09-08T13:36:52Z,2026-09-08T08:36:52Z,65.7,34.1,4.112,5.439,17.331
2026-09-08T13:37:52Z,2026-09-08T08:37:52Z,64.9,34.2,3.669,5.206,20.666
2026-09-08T13:38:52Z,2026-09-08T08:38:52Z,64.5,34.3,3.936,5.495,23.202
2026-09-08T13:39:52Z,2026-09-08T08:39:52Z,64.3,34.4,3.852,5.379,34.081
2026-09-08T13:40:52Z,2026-09-08T08:40:52Z,63.9,34.6,3.633,4.794,28.652
2026-09-08T13:41:52Z,2026-09-08T08:41:52Z,63.3,34.7,3.826,5.272,32.71
2026-09-08T13:42:52Z,2026-09-08T08:42:52Z,63.6,34.8,3.754,5.489,19.412
2026-09-08T13:43:52Z,2026-09-08T08:43:52Z,62.9,34.9,4.16,5.557,14.526
2026-09-08T13:44:52Z,2026-09-08T08:44:52Z,62.6,35.0,4.111,5.605,43.756
2026-09-08T13:45:52Z,2026-09-08T08:45:52Z,62.3,35.1,4.108,5.847,31.595
2026-09-08T13:46:53Z,2026-09-08T08:46:53Z,62.3,35.2,4.074,5.761,15.651
2026-09-08T13:47:53Z,2026-09-08T08:47:53Z,62.3,35.3,4.092,5.686,29.026
2026-09-08T13:48:53Z,2026-09-08T08:48:53Z,61.4,35.4,4.161,5.872,19.536
2026-09-08T13:49:53Z,2026-09-08T08:49:53Z,61.6,35.5,4.009,5.368,26.713
2026-09-08T13:50:53Z,2026-09-08T08:50:53Z,61.2,35.7,4.24,5.815,17.38
2026-09-08T13:51:53Z,2026-09-08T08:51:53Z,60.4,35.8,3.824,5.369,17.247
2026-09-08T13:52:53Z,2026-09-08T08:52:53Z,60.0,35.9,3.809,5.521,12.726
2026-09-08T13:53:53Z,2026-09-08T08:53:53Z,59.3,36.0,3.933,5.392,33.947
2026-09-08T13:54:53Z,2026-09-08T08:54:53Z,58.8,36.1,3.573,4.861,18.067
2026-09-08T13:55:53Z,2026-09-08T08:55:53Z,59.1,36.2,3.587,5.459,21.567
2026-09-08T13:56:53Z,2026-09-08T08:56:53Z,58.9,36.2,3.781,5.347,19.439
2026-09-08T13:57:53Z,2026-09-08T08:57:53Z,58.8,36.3,3.797,5.533,29.764
2026-09-08T13:58:53Z,2026-09-08T08:58:53Z,58.4,36.4,3.793,5.347,18.932
2026-09-08T13:59:53Z,2026-09-08T08:59:53Z,58.1,36.5,3.752,5.309,24.489
2026-09-08T14:00:53Z,2026-09-08T09:00:53Z,57.2,36.6,3.735,5.527,31.087
2026-09-08T14:01:53Z,2026-09-08T09:01:53Z,58.1,36.7,3.905,5.683,17.82
2026-09-08T14:02:53Z,2026-09-08T09:02:53Z,57.3,36.8,4.236,5.894,33.33
2026-09-08T14:03:53Z,2026-09-08T09:03:53Z,56.5,36.8,3.647,5.177,36.164
2026-09-08T14:04:53Z,2026-09-08T09:04:53Z,55.6,36.9,3.97,5.609,18.65
2026-09-08T14:05:53Z,2026-09-08T09:05:53Z,55.4,37.0,3.728,5.54,28.764
2026-09-08T14:06:53Z,2026-09-08T09:06:53Z,55.7,37.1,3.724,5.183,36.173
2026-09-08T14:07:53Z,2026-09-08T09:07:53Z,56.1,37.1,3.633,5.172,17.839
2026-09-08T14:08:53Z,2026-09-08T09:08:53Z,55.7,37.2,3.982,5.544,31.104
2026-09-08T14:09:53Z,2026-09-08T09:09:53Z,55.0,37.3,3.561,5.251,23.346
2026-09-08T14:10:53Z,2026-09-08T09:10:53Z,55.0,37.3,3.632,5.379,26.752
2026-09-08T14:11:54Z,2026-09-08T09:11:54Z,54.8,37.4,3.866,5.432,32.545
2026-09-08T14:12:54Z,2026-09-08T09:12:54Z,54.9,37.5,3.667,5.146,11.827
2026-09-08T14:13:54Z,2026-09-08T09:13:54Z,55.0,37.6,3.818,5.071,24.209
2026-09-08T14:14:55Z,2026-09-08T09:14:55Z,54.0,37.7,3.899,5.682,25.131
2026-09-08T14:15:50Z,2026-09-08T09:15:50Z,53.1,37.8,3.597,5.308,35.432
2026-09-08T14:16:50Z,2026-09-08T09:16:50Z,53.1,37.8,3.71,5.115,16.174
2026-09-08T14:17:51Z,2026-09-08T09:17:51Z,53.0,37.8,3.827,5.213,13.713
2026-09-08T14:18:51Z,2026-09-08T09:18:51Z,53.0,37.9,3.881,5.62,11.859
2026-09-08T14:19:51Z,2026-09-08T09:19:51Z,53.6,37.9,3.642,5.47,14.423
2026-09-08T14:20:51Z,2026-09-08T09:20:51Z,52.8,38.0,3.644,5.095,23.116
2026-09-08T14:21:51Z,2026-09-08T09:21:51Z,52.0,38.0,3.903,6.019,19.013
2026-09-08T14:22:51Z,2026-09-08T09:22:51Z,52.0,38.1,3.533,5.244,11.239
2026-09-08T14:23:51Z,2026-09-08T09:23:51Z,52.6,38.1,3.54,5.079,28.967
2026-09-08T14:24:51Z,2026-09-08T09:24:51Z,52.1,38.1,3.63,5.407,21.07
2026-09-08T14:25:51Z,2026-09-08T09:25:51Z,52.2,38.2,3.673,5.548,37.541
2026-09-08T14:26:51Z,2026-09-08T09:26:51Z,51.5,38.2,3.981,5.844,16.429
2026-09-08T14:27:51Z,2026-09-08T09:27:51Z,52.3,38.2,3.765,5.357,20.208
2026-09-08T14:28:51Z,2026-09-08T09:28:51Z,51.7,38.1,3.723,5.521,17.327
2026-09-08T14:29:51Z,2026-09-08T09:29:51Z,50.8,38.1,3.736,5.577,32.957
2026-09-08T14:30:51Z,2026-09-08T09:30:51Z,51.0,38.1,3.874,5.407,33.587
2026-09-08T14:31:51Z,2026-09-08T09:31:51Z,51.2,38.0,3.781,5.219,17.72
2026-09-08T14:32:51Z,2026-09-08T09:32:51Z,51.5,38.0,3.963,5.352,24.189
2026-09-08T14:33:51Z,2026-09-08T09:33:51Z,51.6,37.9,4.139,5.585,10.371
2026-09-08T14:34:51Z,2026-09-08T09:34:51Z,51.7,37.9,3.709,5.195,27.111
2026-09-08T14:35:51Z,2026-09-08T09:35:51Z,52.4,37.8,3.836,5.151,15.588
2026-09-08T14:36:51Z,2026-09-08T09:36:51Z,52.6,37.7,3.981,5.899,47.917
2026-09-08T14:37:51Z,2026-09-08T09:37:51Z,52.8,37.7,3.697,5.21,23.267
2026-09-08T14:38:51Z,2026-09-08T09:38:51Z,53.2,37.6,3.634,5.262,16.198
2026-09-08T14:39:52Z,2026-09-08T09:39:52Z,52.9,37.5,4.007,5.95,18.854
2026-09-08T14:40:52Z,2026-09-08T09:40:52Z,53.1,37.5,4.08,5.784,30.62
2026-09-08T14:41:52Z,2026-09-08T09:41:52Z,53.0,37.4,3.73,5.408,20.366
2026-09-08T14:42:52Z,2026-09-08T09:42:52Z,52.5,37.3,4.0,5.344,24.054
2026-09-08T14:43:52Z,2026-09-08T09:43:52Z,53.9,37.2,3.797,5.24,18.027
2026-09-08T14:44:52Z,2026-09-08T09:44:52Z,53.6,37.2,4.102,5.636,13.098
2026-09-08T14:45:52Z,2026-09-08T09:45:52Z,53.8,37.2,3.698,5.465,13.012
2026-09-08T14:46:52Z,2026-09-08T09:46:52Z,53.4,37.3,3.872,5.513,24.411
2026-09-08T14:47:52Z,2026-09-08T09:47:52Z,53.7,37.3,3.851,5.481,23.192
2026-09-08T14:48:52Z,2026-09-08T09:48:52Z,53.7,37.4,3.457,5.147,11.109
2026-09-08T14:49:52Z,2026-09-08T09:49:52Z,52.9,37.5,3.799,5.216,13.227
2026-09-08T14:50:52Z,2026-09-08T09:50:52Z,52.0,37.6,3.625,5.336,11.681
2026-09-08T14:51:52Z,2026-09-08T09:51:52Z,52.7,37.7,3.759,5.247,14.931
2026-09-08T14:52:52Z,2026-09-08T09:52:52Z,51.0,37.8,3.584,5.203,8.257
2026-09-08T14:53:52Z,2026-09-08T09:53:52Z,51.2,37.9,3.514,4.958,22.745
2026-09-08T14:54:52Z,2026-09-08T09:54:52Z,51.7,38.1,3.866,5.356,21.935
2026-09-08T14:55:52Z,2026-09-08T09:55:52Z,49.9,38.2,3.499,4.999,10.966
2026-09-08T14:56:52Z,2026-09-08T09:56:52Z,50.5,38.3,3.783,5.312,14.811
2026-09-08T14:57:52Z,2026-09-08T09:57:52Z,50.6,38.5,3.6,4.918,35.037
2026-09-08T14:58:52Z,2026-09-08T09:58:52Z,48.9,38.6,3.685,5.157,11.776
2026-09-08T14:59:52Z,2026-09-08T09:59:52Z,49.7,38.8,3.485,5.122,20.696
2026-09-08T15:00:52Z,2026-09-08T10:00:52Z,49.1,38.9,3.502,5.033,13.757
2026-09-08T15:01:53Z,2026-09-08T10:01:53Z,48.7,39.1,3.588,4.954,26.956
2026-09-08T15:02:53Z,2026-09-08T10:02:53Z,46.6,39.2,3.313,4.532,10.907
2026-09-08T15:03:53Z,2026-09-08T10:03:53Z,46.3,39.3,3.31,4.718,9.838
2026-09-08T15:04:53Z,2026-09-08T10:04:53Z,46.4,39.5,3.381,4.648,36.204
2026-09-08T15:05:53Z,2026-09-08T10:05:53Z,45.9,39.5,3.34,4.602,22.64
2026-09-08T15:06:53Z,2026-09-08T10:06:53Z,46.5,39.6,3.469,4.624,13.054
2026-09-08T15:07:53Z,2026-09-08T10:07:53Z,46.0,39.6,3.222,4.402,6.921
2026-09-08T15:08:53Z,2026-09-08T10:08:53Z,46.3,39.6,3.37,4.597,9.609
2026-09-08T15:09:53Z,2026-09-08T10:09:53Z,46.9,39.7,3.572,5.387,21.53
2026-09-08T15:10:53Z,2026-09-08T10:10:53Z,46.5,39.7,3.633,5.084,17.18
2026-09-08T15:11:53Z,2026-09-08T10:11:53Z,46.7,39.8,3.603,5.062,40.849
2026-09-08T15:12:53Z,2026-09-08T10:12:53Z,46.5,39.9,3.74,5.344,21.237
2026-09-08T15:13:53Z,2026-09-08T10:13:53Z,44.9,40.0,3.43,4.286,21.349
2026-09-08T15:14:53Z,2026-09-08T10:14:53Z,44.8,40.1,3.476,4.615,12.075
2026-09-08T15:15:53Z,2026-09-08T10:15:53Z,44.4,40.2,3.282,4.702,12.909
2026-09-08T15:16:53Z,2026-09-08T10:16:53Z,44.8,40.3,3.615,4.708,14.226
2026-09-08T15:17:53Z,2026-09-08T10:17:53Z,44.1,40.4,3.619,4.671,17.263
2026-09-08T15:18:53Z,2026-09-08T10:18:53Z,44.4,40.6,3.415,4.964,19.998
2026-09-08T15:19:53Z,2026-09-08T10:19:53Z,44.1,40.7,3.424,5.751,47.266
2026-09-08T15:20:53Z,2026-09-08T10:20:53Z,43.7,40.8,3.37,5.066,18.02
2026-09-08T15:21:53Z,2026-09-08T10:21:53Z,42.9,40.9,3.462,4.896,20.911
2026-09-08T15:22:53Z,2026-09-08T10:22:53Z,42.4,41.0,3.69,5.491,18.732
2026-09-08T15:23:53Z,2026-09-08T10:23:53Z,42.1,41.1,3.15,4.515,8.459
2026-09-08T15:24:53Z,2026-09-08T10:24:53Z,42.4,41.2,3.337,5.043,12.202
2026-09-08T15:25:53Z,2026-09-08T10:25:53Z,42.4,41.4,3.329,4.613,11.204
2026-09-08T15:26:53Z,2026-09-08T10:26:53Z,42.0,41.5,3.551,4.634,23.107
2026-09-08T15:27:53Z,2026-09-08T10:27:53Z,41.8,41.6,3.414,4.575,8.286
2026-09-08T15:28:53Z,2026-09-08T10:28:53Z,42.2,41.6,3.532,4.775,5.846
2026-09-08T15:29:54Z,2026-09-08T10:29:54Z,42.7,41.8,3.255,4.575,7.849
2026-09-08T15:30:54Z,2026-09-08T10:30:54Z,41.9,41.9,3.312,4.86,5.222
2026-09-08T15:31:54Z,2026-09-08T10:31:54Z,41.5,42.0,3.283,3.881,16.339
2026-09-08T15:32:54Z,2026-09-08T10:32:54Z,40.1,42.2,3.32,4.397,13.033
2026-09-08T15:33:55Z,2026-09-08T10:33:55Z,40.4,42.3,3.452,5.174,10.839
2026-09-08T15:34:50Z,2026-09-08T10:34:50Z,39.3,42.3,3.514,4.947,12.157
2026-09-08T15:35:51Z,2026-09-08T10:35:51Z,38.7,42.3,3.47,4.749,21.272
2026-09-08T15:36:51Z,2026-09-08T10:36:51Z,38.5,42.2,3.387,4.432,4.716
2026-09-08T15:37:52Z,2026-09-08T10:37:52Z,38.9,42.2,3.076,4.285,11.765
2026-09-08T15:38:52Z,2026-09-08T10:38:52Z,37.8,42.1,3.127,4.303,5.132
2026-09-08T15:39:52Z,2026-09-08T10:39:52Z,37.7,42.1,3.172,3.846,4.967
2026-09-08T15:40:53Z,2026-09-08T10:40:53Z,38.3,42.0,3.201,3.971,15.621
2026-09-08T15:41:53Z,2026-09-08T10:41:53Z,37.8,42.0,3.125,4.149,7.538
2026-09-08T15:42:53Z,2026-09-08T10:42:53Z,38.4,42.1,3.226,4.504,6.422
2026-09-08T15:43:53Z,2026-09-08T10:43:53Z,38.6,42.1,3.253,3.986,8.266
2026-09-08T15:44:54Z,2026-09-08T10:44:54Z,39.8,42.1,3.618,4.601,4.601
2026-09-08T15:45:54Z,2026-09-08T10:45:54Z,39.5,42.1,3.251,3.991,4.48
2026-09-08T15:46:54Z,2026-09-08T10:46:54Z,39.2,42.1,3.551,4.399,4.647
2026-09-08T15:47:55Z,2026-09-08T10:47:55Z,39.8,42.0,3.39,4.303,8.927
2026-09-08T15:48:55Z,2026-09-08T10:48:55Z,38.6,41.9,3.574,5.01,7.773
2026-09-08T15:49:56Z,2026-09-08T10:49:56Z,39.5,41.8,3.549,4.212,15.602
2026-09-08T15:50:51Z,2026-09-08T10:50:51Z,39.8,41.7,3.547,4.466,5.779
2026-09-08T15:51:51Z,2026-09-08T10:51:51Z,40.3,41.6,3.321,4.581,4.581
2026-09-08T15:52:52Z,2026-09-08T10:52:52Z,40.9,41.6,3.289,4.815,14.12
2026-09-08T15:53:52Z,2026-09-08T10:53:52Z,40.0,41.6,3.181,4.798,6.371
2026-09-08T15:54:52Z,2026-09-08T10:54:52Z,40.7,41.6,3.741,5.187,11.461
2026-09-08T15:55:53Z,2026-09-08T10:55:53Z,39.8,41.7,3.351,5.125,8.959
2026-09-08T15:56:53Z,2026-09-08T10:56:53Z,39.6,41.7,3.399,6.489,315.467
2026-09-08T15:57:53Z,2026-09-08T10:57:53Z,40.0,41.6,3.446,5.032,53.583
2026-09-08T15:58:54Z,2026-09-08T10:58:54Z,40.5,41.6,3.479,4.63,41.66
2026-09-08T15:59:54Z,2026-09-08T10:59:54Z,40.2,41.6,3.402,4.339,9.675
2026-09-08T16:00:54Z,2026-09-08T11:00:54Z,39.9,41.6,3.383,6.292,69.005
2026-09-08T16:01:55Z,2026-09-08T11:01:55Z,39.5,41.7,3.629,5.165,11.462
2026-09-08T16:02:55Z,2026-09-08T11:02:55Z,38.9,41.8,3.682,5.025,6.977
2026-09-08T16:03:55Z,2026-09-08T11:03:55Z,39.0,41.8,3.645,6.049,151.882
2026-09-08T16:04:56Z,2026-09-08T11:04:56Z,38.2,41.8,3.171,4.021,8.138
2026-09-08T16:05:52Z,2026-09-08T11:05:52Z,37.6,41.8,3.044,4.094,15.293
2026-09-08T16:06:52Z,2026-09-08T11:06:52Z,37.6,41.9,3.176,3.988,7.185
2026-09-08T16:07:52Z,2026-09-08T11:07:52Z,37.6,42.0,3.21,4.015,7.282
2026-09-08T16:08:53Z,2026-09-08T11:08:53Z,37.9,42.1,3.374,4.668,6.478
2026-09-08T16:09:53Z,2026-09-08T11:09:53Z,37.9,42.2,3.31,4.458,4.716
2026-09-08T16:10:53Z,2026-09-08T11:10:53Z,37.9,42.3,3.47,4.511,4.511
2026-09-08T16:11:53Z,2026-09-08T11:11:53Z,38.2,42.4,3.69,4.755,6.037
2026-09-08T16:12:54Z,2026-09-08T11:12:54Z,38.0,42.5,3.554,4.317,4.819
2026-09-08T16:13:54Z,2026-09-08T11:13:54Z,37.9,42.6,3.839,5.152,5.676
2026-09-08T16:14:54Z,2026-09-08T11:14:54Z,37.4,42.8,3.805,5.159,9.9
2026-09-08T16:15:55Z,2026-09-08T11:15:55Z,36.8,42.8,3.317,4.629,23.238
2026-09-08T16:16:55Z,2026-09-08T11:16:55Z,37.1,42.9,3.598,4.729,6.241
2026-09-08T16:17:55Z,2026-09-08T11:17:55Z,36.5,42.9,3.68,4.824,16.734
2026-09-08T16:18:56Z,2026-09-08T11:18:56Z,36.6,43.0,3.712,4.524,4.524
2026-09-08T16:19:56Z,2026-09-08T11:19:56Z,36.2,43.1,3.546,4.332,7.926
2026-09-08T16:20:52Z,2026-09-08T11:20:52Z,36.1,43.2,3.531,4.629,7.959
2026-09-08T16:21:52Z,2026-09-08T11:21:52Z,36.2,43.2,3.562,4.2,7.306
2026-09-08T16:22:52Z,2026-09-08T11:22:52Z,36.2,43.3,3.657,4.67,9.486
2026-09-08T16:23:53Z,2026-09-08T11:23:53Z,35.9,43.3,3.749,5.386,18.648
2026-09-08T16:24:53Z,2026-09-08T11:24:53Z,35.7,43.2,3.874,5.079,8.559
2026-09-08T16:25:53Z,2026-09-08T11:25:53Z,35.3,43.2,3.514,4.236,7.492
2026-09-08T16:26:54Z,2026-09-08T11:26:54Z,35.6,43.1,3.689,4.947,17.081
2026-09-08T16:27:54Z,2026-09-08T11:27:54Z,35.8,43.0,3.759,5.11,7.266
2026-09-08T16:28:54Z,2026-09-08T11:28:54Z,36.0,42.8,3.812,5.34,9.158
2026-09-08T16:29:55Z,2026-09-08T11:29:55Z,36.3,42.7,3.661,4.609,7.583
2026-09-08T16:30:55Z,2026-09-08T11:30:55Z,36.0,42.5,3.599,4.88,37.128
2026-09-08T16:31:55Z,2026-09-08T11:31:55Z,36.4,42.3,3.69,4.329,20.738
2026-09-08T16:32:56Z,2026-09-08T11:32:56Z,36.8,42.1,3.644,4.3,7.745
2026-09-08T16:33:56Z,2026-09-08T11:33:56Z,37.0,42.0,3.709,4.396,6.607
2026-09-08T16:34:57Z,2026-09-08T11:34:57Z,38.1,41.9,3.62,5.315,7.505
2026-09-08T16:35:52Z,2026-09-08T11:35:52Z,38.6,41.9,3.483,3.816,3.816
2026-09-08T16:36:52Z,2026-09-08T11:36:52Z,37.8,41.9,3.555,5.454,10.685
2026-09-08T16:37:53Z,2026-09-08T11:37:53Z,37.7,41.9,3.292,3.702,4.807
2026-09-08T16:38:53Z,2026-09-08T11:38:53Z,37.8,41.9,3.808,4.54,6.079
2026-09-08T16:39:53Z,2026-09-08T11:39:53Z,37.5,41.9,3.822,4.213,7.405
2026-09-08T16:40:54Z,2026-09-08T11:40:54Z,38.3,41.9,3.617,4.599,12.257
2026-09-08T16:41:54Z,2026-09-08T11:41:54Z,37.1,41.9,3.771,6.802,20.74
2026-09-08T16:42:54Z,2026-09-08T11:42:54Z,38.5,42.0,4.125,10.204,236.909
2026-09-08T16:43:55Z,2026-09-08T11:43:55Z,36.8,42.0,3.553,4.368,33.257
2026-09-08T16:44:57Z,2026-09-08T11:44:57Z,36.5,42.0,3.987,4.581,16.863
2026-09-08T16:45:57Z,2026-09-08T11:45:57Z,37.0,42.0,3.861,4.678,6.266
2026-09-08T16:46:53Z,2026-09-08T11:46:53Z,36.9,42.0,3.763,4.762,7.199
2026-09-08T16:47:53Z,2026-09-08T11:47:53Z,37.3,42.0,4.864,9.937,371.702
2026-09-08T16:48:53Z,2026-09-08T11:48:53Z,37.4,41.9,3.723,5.055,21.002
2026-09-08T16:49:53Z,2026-09-08T11:49:53Z,37.3,41.9,3.706,4.686,8.474
2026-09-08T16:50:54Z,2026-09-08T11:50:54Z,36.3,41.9,3.912,4.884,17.244
2026-09-08T16:51:54Z,2026-09-08T11:51:54Z,36.4,41.9,3.842,5.33,12.133
2026-09-08T16:52:54Z,2026-09-08T11:52:54Z,37.7,41.9,3.919,5.225,18.159
2026-09-08T16:53:55Z,2026-09-08T11:53:55Z,37.7,41.9,3.74,5.105,9.365
2026-09-08T16:54:57Z,2026-09-08T11:54:57Z,37.7,41.9,3.638,4.81,16.888
2026-09-08T16:55:57Z,2026-09-08T11:55:57Z,39.2,41.8,3.788,4.757,21.37
2026-09-08T16:56:58Z,2026-09-08T11:56:58Z,39.4,41.9,3.823,5.521,24.511
2026-09-08T16:57:58Z,2026-09-08T11:57:58Z,37.7,41.8,3.684,4.689,4.689
2026-09-08T16:58:53Z,2026-09-08T11:58:53Z,38.2,41.8,3.907,4.997,4.997
2026-09-08T16:59:53Z,2026-09-08T11:59:53Z,38.6,41.8,4.443,5.303,70.043
2026-09-08T17:00:54Z,2026-09-08T12:00:54Z,36.9,41.8,3.865,4.882,6.216
2026-09-08T17:01:54Z,2026-09-08T12:01:54Z,37.5,41.7,3.498,4.465,6.932
2026-09-08T17:02:54Z,2026-09-08T12:02:54Z,37.4,41.7,3.689,4.942,7.088
2026-09-08T17:03:55Z,2026-09-08T12:03:55Z,38.1,41.7,3.615,5.269,6.05
2026-09-08T17:04:55Z,2026-09-08T12:04:55Z,37.3,41.7,3.531,4.249,8.86
2026-09-08T17:05:55Z,2026-09-08T12:05:55Z,36.3,41.8,3.592,4.001,18.337
2026-09-08T17:06:56Z,2026-09-08T12:06:56Z,36.8,41.8,3.983,4.717,22.311
2026-09-08T17:07:56Z,2026-09-08T12:07:56Z,36.3,41.8,3.704,4.608,13.197
2026-09-08T17:08:56Z,2026-09-08T12:08:56Z,36.1,41.8,3.856,4.793,6.417
2026-09-08T17:09:57Z,2026-09-08T12:09:57Z,36.3,41.8,3.715,4.793,5.037
2026-09-08T17:10:58Z,2026-09-08T12:10:58Z,36.7,41.7,3.903,5.155,6.625
2026-09-08T17:11:58Z,2026-09-08T12:11:58Z,36.9,41.7,3.792,4.66,9.511
2026-09-08T17:12:58Z,2026-09-08T12:12:58Z,37.0,41.7,3.808,4.862,8.32
2026-09-08T17:13:59Z,2026-09-08T12:13:59Z,38.3,41.6,4.197,8.735,32.143
2026-09-08T17:14:59Z,2026-09-08T12:14:59Z,39.0,41.6,4.299,5.962,10.628
2026-09-08T17:15:54Z,2026-09-08T12:15:54Z,37.2,41.6,4.269,5.566,13.685
2026-09-08T17:16:54Z,2026-09-08T12:16:54Z,37.4,41.6,4.023,5.174,10.235
2026-09-08T17:17:55Z,2026-09-08T12:17:55Z,38.4,41.6,4.211,5.076,19.838
2026-09-08T17:18:55Z,2026-09-08T12:18:55Z,38.5,41.6,4.131,6.106,10.856
2026-09-08T17:19:55Z,2026-09-08T12:19:55Z,38.1,41.6,4.321,5.357,5.61
2026-09-08T17:20:56Z,2026-09-08T12:20:56Z,38.5,41.7,4.426,5.807,24.03
2026-09-08T17:21:56Z,2026-09-08T12:21:56Z,37.5,41.7,4.265,5.732,10.349
2026-09-08T17:22:56Z,2026-09-08T12:22:56Z,38.0,41.7,3.996,5.76,10.939
2026-09-08T17:23:57Z,2026-09-08T12:23:57Z,37.8,41.7,3.877,4.782,11.462
2026-09-08T17:24:58Z,2026-09-08T12:24:58Z,37.7,41.7,3.798,5.337,6.354
2026-09-08T17:25:58Z,2026-09-08T12:25:58Z,37.2,41.7,4.038,4.89,19.825
2026-09-08T17:26:58Z,2026-09-08T12:26:58Z,38.1,41.7,3.971,6.129,10.612
2026-09-08T17:27:59Z,2026-09-08T12:27:59Z,38.2,41.7,3.95,4.829,8.21
2026-09-08T17:28:59Z,2026-09-08T12:28:59Z,37.6,41.6,4.038,4.799,11.808
2026-09-08T17:29:59Z,2026-09-08T12:29:59Z,37.6,41.5,4.138,4.906,7.448
2026-09-08T17:30:59Z,2026-09-08T12:30:59Z,37.5,41.4,3.807,4.442,4.442
2026-09-08T17:32:00Z,2026-09-08T12:32:00Z,37.3,41.4,3.919,4.98,10.138
2026-09-08T17:32:55Z,2026-09-08T12:32:55Z,37.5,41.3,3.942,5.304,7.043
2026-09-08T17:33:55Z,2026-09-08T12:33:55Z,37.3,41.2,3.796,4.659,5.173
2026-09-08T17:34:56Z,2026-09-08T12:34:56Z,37.7,41.1,3.933,5.149,11.425
2026-09-08T17:35:56Z,2026-09-08T12:35:56Z,37.8,41.0,4.293,5.406,24.391
2026-09-08T17:36:56Z,2026-09-08T12:36:56Z,38.6,40.9,3.663,4.886,9.751
2026-09-08T17:37:56Z,2026-09-08T12:37:56Z,39.2,40.8,4.09,5.349,13.151
2026-09-08T17:38:56Z,2026-09-08T12:38:56Z,39.3,40.8,3.939,5.04,9.483
2026-09-08T17:39:56Z,2026-09-08T12:39:56Z,38.6,40.8,3.822,4.891,14.12
2026-09-08T17:40:56Z,2026-09-08T12:40:56Z,38.2,40.7,3.933,4.941,9.801
2026-09-08T17:41:56Z,2026-09-08T12:41:56Z,38.4,40.7,4.343,5.65,15.835
2026-09-08T17:42:56Z,2026-09-08T12:42:56Z,38.6,40.6,3.804,5.195,15.389
2026-09-08T17:43:56Z,2026-09-08T12:43:56Z,38.9,40.5,4.095,5.245,12.714
2026-09-08T17:44:56Z,2026-09-08T12:44:56Z,39.0,40.4,3.627,4.808,15.158
2026-09-08T17:45:56Z,2026-09-08T12:45:56Z,38.7,40.3,3.872,4.943,7.871
2026-09-08T17:46:56Z,2026-09-08T12:46:56Z,39.2,40.2,3.804,5.196,13.142
2026-09-08T17:47:56Z,2026-09-08T12:47:56Z,39.2,40.0,4.142,5.12,16.065
2026-09-08T17:48:56Z,2026-09-08T12:48:56Z,39.5,39.9,4.113,5.425,15.431
2026-09-08T17:49:56Z,2026-09-08T12:49:56Z,39.5,39.8,4.403,5.315,11.083
2026-09-08T17:50:56Z,2026-09-08T12:50:56Z,39.3,39.7,3.928,5.134,8.381
2026-09-08T17:51:56Z,2026-09-08T12:51:56Z,39.6,39.6,4.143,5.214,13.411
2026-09-08T17:52:56Z,2026-09-08T12:52:56Z,39.8,39.5,4.351,5.58,9.224
2026-09-08T17:53:56Z,2026-09-08T12:53:56Z,39.9,39.4,4.067,5.264,13.607
2026-09-08T17:54:57Z,2026-09-08T12:54:57Z,40.1,39.3,4.101,5.318,9.125
2026-09-08T17:55:57Z,2026-09-08T12:55:57Z,40.2,39.2,4.223,5.439,8.173
2026-09-08T17:56:57Z,2026-09-08T12:56:57Z,40.2,39.1,4.163,5.414,10.204
2026-09-08T17:57:57Z,2026-09-08T12:57:57Z,40.6,39.0,4.252,5.233,9.097
2026-09-08T17:58:57Z,2026-09-08T12:58:57Z,40.8,38.9,3.959,5.271,10.304
2026-09-08T17:59:57Z,2026-09-08T12:59:57Z,40.6,38.9,3.812,4.942,11.893
2026-09-08T18:00:57Z,2026-09-08T13:00:57Z,41.2,38.8,3.987,4.881,8.117
2026-09-08T18:01:57Z,2026-09-08T13:01:57Z,41.4,38.7,3.984,4.835,18.416
2026-09-08T18:02:57Z,2026-09-08T13:02:57Z,43.1,38.7,4.099,5.107,10.961
2026-09-08T18:03:57Z,2026-09-08T13:03:57Z,41.8,38.7,3.94,5.073,9.896
2026-09-08T18:04:57Z,2026-09-08T13:04:57Z,41.2,38.7,3.97,5.217,14.063
2026-09-08T18:05:57Z,2026-09-08T13:05:57Z,41.4,38.6,4.584,6.015,12.46
2026-09-08T18:06:57Z,2026-09-08T13:06:57Z,41.7,38.6,4.266,5.441,17.703
2026-09-08T18:07:57Z,2026-09-08T13:07:57Z,41.8,38.6,4.272,5.307,11.179
2026-09-08T18:08:57Z,2026-09-08T13:08:57Z,41.7,38.6,3.681,4.729,7.001
2026-09-08T18:09:57Z,2026-09-08T13:09:57Z,41.5,38.5,4.162,5.516,12.77
2026-09-08T18:10:57Z,2026-09-08T13:10:57Z,41.5,38.5,4.441,5.276,35.037
2026-09-08T18:11:57Z,2026-09-08T13:11:57Z,41.8,38.5,4.093,5.186,20.004
2026-09-08T18:12:57Z,2026-09-08T13:12:57Z,41.5,38.4,4.261,5.365,9.566
2026-09-08T18:13:57Z,2026-09-08T13:13:57Z,42.1,38.4,3.803,4.52,21.035
2026-09-08T18:14:59Z,2026-09-08T13:14:59Z,43.4,38.4,4.124,5.407,14.806
2026-09-08T18:15:59Z,2026-09-08T13:15:59Z,42.0,38.3,4.275,5.466,13.373
2026-09-08T18:16:59Z,2026-09-08T13:16:59Z,42.2,38.3,4.14,5.125,9.71
2026-09-08T18:17:59Z,2026-09-08T13:17:59Z,41.9,38.3,4.278,5.092,6.768
2026-09-08T18:18:59Z,2026-09-08T13:18:59Z,42.6,38.4,4.398,5.498,16.446
2026-09-08T18:19:59Z,2026-09-08T13:19:59Z,42.4,38.5,4.216,5.285,13.955
2026-09-08T18:20:59Z,2026-09-08T13:20:59Z,41.6,38.6,3.899,5.033,12.565
2026-09-08T18:21:59Z,2026-09-08T13:21:59Z,41.3,38.8,3.968,5.346,23.566
2026-09-08T18:23:00Z,2026-09-08T13:23:00Z,41.0,38.9,4.442,5.67,7.886
2026-09-08T18:24:00Z,2026-09-08T13:24:00Z,41.1,39.1,4.316,5.519,18.15
2026-09-08T18:25:01Z,2026-09-08T13:25:01Z,40.4,39.2,4.117,5.472,23.934
2026-09-08T18:26:01Z,2026-09-08T13:26:01Z,40.2,39.3,4.376,5.704,7.229
2026-09-08T18:27:01Z,2026-09-08T13:27:01Z,41.5,39.4,4.446,5.556,11.238
2026-09-08T18:28:01Z,2026-09-08T13:28:01Z,41.2,39.6,4.238,5.302,14.949
2026-09-08T18:29:01Z,2026-09-08T13:29:01Z,41.6,39.7,4.272,5.245,13.844
2026-09-08T18:30:01Z,2026-09-08T13:30:01Z,41.1,39.9,4.362,5.516,10.684
2026-09-08T18:31:01Z,2026-09-08T13:31:01Z,39.8,40.0,4.511,5.728,14.67
2026-09-08T18:32:01Z,2026-09-08T13:32:01Z,39.4,40.1,4.467,5.772,12.379
2026-09-08T18:33:01Z,2026-09-08T13:33:01Z,39.4,40.1,4.254,5.393,17.938
2026-09-08T18:34:01Z,2026-09-08T13:34:01Z,39.1,40.2,4.588,6.087,11.086
2026-09-08T18:35:02Z,2026-09-08T13:35:02Z,39.3,40.3,4.166,4.994,6.406
2026-09-08T18:36:02Z,2026-09-08T13:36:02Z,39.2,40.4,4.742,6.065,21.294
2026-09-08T18:37:02Z,2026-09-08T13:37:02Z,39.8,40.4,4.62,5.742,23.598
2026-09-08T18:38:02Z,2026-09-08T13:38:02Z,38.0,40.5,4.761,5.708,22.811
2026-09-08T18:39:02Z,2026-09-08T13:39:02Z,37.8,40.6,4.554,5.564,11.059
2026-09-08T18:40:02Z,2026-09-08T13:40:02Z,37.6,40.6,5.015,5.976,15.417
2026-09-08T18:41:02Z,2026-09-08T13:41:02Z,38.6,40.7,4.876,5.942,29.239
2026-09-08T18:42:02Z,2026-09-08T13:42:02Z,37.8,40.8,4.913,5.944,8.483
2026-09-08T18:43:02Z,2026-09-08T13:43:02Z,36.8,41.0,5.096,6.095,20.609
2026-09-08T18:44:02Z,2026-09-08T13:44:02Z,36.8,41.1,5.145,6.208,13.299
2026-09-08T18:45:02Z,2026-09-08T13:45:02Z,36.0,41.2,5.208,6.253,11.926
2026-09-08T18:46:02Z,2026-09-08T13:46:02Z,36.0,41.4,4.903,6.146,9.373
2026-09-08T18:47:02Z,2026-09-08T13:47:02Z,35.7,41.7,5.052,6.122,12.042
2026-09-08T18:48:02Z,2026-09-08T13:48:02Z,34.6,41.9,5.229,6.234,10.155
2026-09-08T18:49:02Z,2026-09-08T13:49:02Z,34.6,42.1,5.415,6.576,8.958
2026-09-08T18:50:02Z,2026-09-08T13:50:02Z,34.9,42.4,5.461,6.362,17.354
2026-09-08T18:51:02Z,2026-09-08T13:51:02Z,34.3,42.7,5.496,6.522,39.802
2026-09-08T18:52:02Z,2026-09-08T13:52:02Z,33.5,42.9,5.584,6.483,6.483
2026-09-08T18:53:03Z,2026-09-08T13:53:03Z,34.0,43.2,5.239,6.011,6.338
2026-09-08T18:54:03Z,2026-09-08T13:54:03Z,33.2,43.4,5.645,6.53,23.207
2026-09-08T18:54:58Z,2026-09-08T13:54:58Z,33.9,43.7,5.584,7.027,16.748
2026-09-08T18:55:59Z,2026-09-08T13:55:59Z,33.2,43.9,5.612,6.665,10.401
2026-09-08T18:56:59Z,2026-09-08T13:56:59Z,32.5,44.1,5.582,6.962,9.613
2026-09-08T18:57:59Z,2026-09-08T13:57:59Z,31.7,44.3,5.583,6.591,8.264
2026-09-08T18:59:00Z,2026-09-08T13:59:00Z,31.1,44.5,5.935,6.671,40.06
2026-09-08T19:00:01Z,2026-09-08T14:00:01Z,31.2,44.5,5.572,6.37,18.61
2026-09-08T19:01:01Z,2026-09-08T14:01:01Z,31.6,44.5,5.881,6.506,20.969
2026-09-08T19:02:01Z,2026-09-08T14:02:01Z,31.6,44.5,5.637,6.25,17.486
2026-09-08T19:03:02Z,2026-09-08T14:03:02Z,31.3,44.5,5.572,6.759,20.053
2026-09-08T19:04:02Z,2026-09-08T14:04:02Z,32.0,44.4,5.909,7.247,88.804
2026-09-08T19:05:02Z,2026-09-08T14:05:02Z,32.7,44.3,5.944,6.695,46.36
2026-09-08T19:06:03Z,2026-09-08T14:06:03Z,32.8,44.3,6.755,7.381,17.955
2026-09-08T19:07:03Z,2026-09-08T14:07:03Z,32.8,44.2,7.162,8.917,28.355
2026-09-08T19:08:03Z,2026-09-08T14:08:03Z,33.5,44.0,8.511,15.367,130.576
2026-09-08T19:09:04Z,2026-09-08T14:09:04Z,33.5,43.9,8.441,21.311,707.862
2026-09-08T19:10:04Z,2026-09-08T14:10:04Z,34.4,43.8,9.626,38.705,1950.918
2026-09-08T19:11:04Z,2026-09-08T14:11:04Z,34.2,43.7,8.248,11.729,258.119
2026-09-08T19:12:04Z,2026-09-08T14:12:04Z,34.7,43.6,7.391,9.649,87.455
2026-09-08T19:13:05Z,2026-09-08T14:13:05Z,34.0,43.5,6.474,8.316,76.337
2026-09-08T19:14:00Z,2026-09-08T14:14:00Z,33.8,43.3,7.058,7.952,8.703
2026-09-08T19:15:06Z,2026-09-08T14:15:06Z,34.2,43.3,6.869,7.999,10.058
2026-09-08T19:16:06Z,2026-09-08T14:16:06Z,34.5,43.2,6.027,6.836,11.267
2026-09-08T19:17:07Z,2026-09-08T14:17:07Z,34.8,43.2,5.873,6.897,11.63
2026-09-08T19:18:07Z,2026-09-08T14:18:07Z,34.9,43.3,5.969,6.793,8.06
2026-09-08T19:19:07Z,2026-09-08T14:19:07Z,33.9,43.3,5.669,6.364,10.572
2026-09-08T19:20:03Z,2026-09-08T14:20:03Z,34.0,43.4,6.075,7.596,53.053
2026-09-08T19:21:03Z,2026-09-08T14:21:03Z,33.8,43.4,6.124,6.908,62.286
2026-09-08T19:22:03Z,2026-09-08T14:22:03Z,33.6,43.4,6.135,7.227,8.265
2026-09-08T19:23:04Z,2026-09-08T14:23:04Z,33.3,43.5,5.871,6.846,78.579
2026-09-08T19:24:04Z,2026-09-08T14:24:04Z,34.1,43.5,6.078,7.5,23.546
2026-09-08T19:25:04Z,2026-09-08T14:25:04Z,34.3,43.5,6.398,7.712,51.804
2026-09-08T19:26:05Z,2026-09-08T14:26:05Z,34.3,43.5,6.448,7.15,69.715
2026-09-08T19:27:05Z,2026-09-08T14:27:05Z,34.9,43.4,8.877,11.316,29.09
2026-09-08T19:28:05Z,2026-09-08T14:28:05Z,35.0,43.4,9.295,11.086,51.808
2026-09-08T19:29:06Z,2026-09-08T14:29:06Z,35.4,43.3,9.877,11.406,45.74
2026-09-08T19:30:06Z,2026-09-08T14:30:06Z,35.4,43.1,9.824,11.815,28.389
2026-09-08T19:31:07Z,2026-09-08T14:31:07Z,35.6,43.0,8.858,10.62,142.405
2026-09-08T19:32:07Z,2026-09-08T14:32:07Z,36.0,42.8,9.155,10.942,130.964
2026-09-08T19:33:07Z,2026-09-08T14:33:07Z,36.4,42.7,8.091,9.781,65.162
2026-09-08T19:34:08Z,2026-09-08T14:34:08Z,36.7,42.5,8.705,9.908,19.698
2026-09-08T19:35:08Z,2026-09-08T14:35:08Z,37.1,42.3,7.813,9.946,33.111
2026-09-08T19:36:08Z,2026-09-08T14:36:08Z,37.0,42.1,8.278,9.424,22.775
2026-09-08T19:37:09Z,2026-09-08T14:37:09Z,38.0,41.9,8.947,11.041,19.35
2026-09-08T19:38:09Z,2026-09-08T14:38:09Z,38.0,41.8,8.705,11.021,21.985
2026-09-08T19:39:04Z,2026-09-08T14:39:04Z,38.7,41.6,8.675,9.933,20.267
2026-09-08T19:40:05Z,2026-09-08T14:40:05Z,39.7,41.5,8.931,10.658,41.529
2026-09-08T19:41:05Z,2026-09-08T14:41:05Z,39.4,41.5,8.487,10.421,18.109
2026-09-08T19:42:05Z,2026-09-08T14:42:05Z,39.8,41.5,8.309,9.855,31.636
2026-09-08T19:43:06Z,2026-09-08T14:43:06Z,39.9,41.5,8.999,10.516,99.838
2026-09-08T19:44:06Z,2026-09-08T14:44:06Z,39.5,41.6,8.52,10.587,23.376
2026-09-08T19:45:07Z,2026-09-08T14:45:07Z,39.5,41.6,9.034,10.757,25.16
2026-09-08T19:46:07Z,2026-09-08T14:46:07Z,39.5,41.5,8.197,10.716,19.086
2026-09-08T19:47:07Z,2026-09-08T14:47:07Z,39.6,41.5,8.413,10.781,41.363
2026-09-08T19:48:08Z,2026-09-08T14:48:08Z,40.0,41.5,8.609,10.556,36.812
2026-09-08T19:49:08Z,2026-09-08T14:49:08Z,39.8,41.4,8.828,11.394,82.397
2026-09-08T19:50:08Z,2026-09-08T14:50:08Z,39.7,41.4,8.031,9.653,12.133
2026-09-08T19:51:09Z,2026-09-08T14:51:09Z,39.8,41.3,8.498,10.511,50.507
2026-09-08T19:52:09Z,2026-09-08T14:52:09Z,40.1,41.3,8.244,10.332,49.848
2026-09-08T19:53:09Z,2026-09-08T14:53:09Z,40.2,41.3,8.334,10.856,113.962
2026-09-08T19:54:09Z,2026-09-08T14:54:09Z,40.2,41.3,8.08,11.155,83.825
2026-09-08T19:55:09Z,2026-09-08T14:55:09Z,40.2,41.3,8.228,10.319,52.329
2026-09-08T19:56:09Z,2026-09-08T14:56:09Z,39.5,41.2,7.956,9.676,36.697
2026-09-08T19:57:09Z,2026-09-08T14:57:09Z,39.2,41.2,8.451,10.253,49.273
2026-09-08T19:58:09Z,2026-09-08T14:58:09Z,39.6,41.2,8.024,9.744,51.416
2026-09-08T19:59:09Z,2026-09-08T14:59:09Z,40.1,41.2,7.55,9.132,34.858
2026-09-08T20:00:09Z,2026-09-08T15:00:09Z,40.1,41.2,8.185,12.72,48.995
2026-09-08T20:01:09Z,2026-09-08T15:01:09Z,40.2,41.1,9.714,23.867,169.033
2026-09-08T20:02:09Z,2026-09-08T15:02:09Z,40.0,41.1,8.045,11.695,72.225
2026-09-08T20:03:09Z,2026-09-08T15:03:09Z,39.6,41.1,7.976,10.839,100.443
2026-09-08T20:04:09Z,2026-09-08T15:04:09Z,40.0,41.1,7.643,10.155,49.708
2026-09-08T20:05:09Z,2026-09-08T15:05:09Z,39.6,41.0,7.018,9.596,67.181
2026-09-08T20:06:10Z,2026-09-08T15:06:10Z,40.5,41.0,7.371,10.551,107.214
2026-09-08T20:07:10Z,2026-09-08T15:07:10Z,40.3,40.9,7.35,9.955,51.287
2026-09-08T20:08:10Z,2026-09-08T15:08:10Z,40.2,40.9,7.198,9.314,58.589
2026-09-08T20:09:10Z,2026-09-08T15:09:10Z,40.6,40.9,7.244,9.344,59.614
2026-09-08T20:10:10Z,2026-09-08T15:10:10Z,40.6,40.8,7.405,9.197,37.743
2026-09-08T20:11:10Z,2026-09-08T15:11:10Z,40.6,40.8,7.526,9.952,45.215
2026-09-08T20:12:10Z,2026-09-08T15:12:10Z,40.9,40.7,7.465,10.681,102.943
2026-09-08T20:13:10Z,2026-09-08T15:13:10Z,41.1,40.6,7.504,10.69,92.75
2026-09-08T20:14:10Z,2026-09-08T15:14:10Z,41.0,40.5,8.042,10.175,86.391
2026-09-08T20:15:10Z,2026-09-08T15:15:10Z,41.2,40.4,7.806,10.379,106.339
2026-09-08T20:16:10Z,2026-09-08T15:16:10Z,40.9,40.2,7.74,9.366,91.958
2026-09-08T20:17:10Z,2026-09-08T15:17:10Z,41.3,40.1,7.349,8.946,42.617
2026-09-08T20:18:10Z,2026-09-08T15:18:10Z,40.9,40.0,8.157,9.967,43.823
2026-09-08T20:19:10Z,2026-09-08T15:19:10Z,40.7,39.8,7.727,10.066,61.881
2026-09-08T20:20:10Z,2026-09-08T15:20:10Z,40.8,39.7,7.773,9.609,44.686
2026-09-08T20:21:10Z,2026-09-08T15:21:10Z,40.8,39.5,7.624,9.743,71.702
2026-09-08T20:22:10Z,2026-09-08T15:22:10Z,40.7,39.4,7.764,9.687,51.253
2026-09-08T20:23:10Z,2026-09-08T15:23:10Z,40.2,39.3,6.848,8.395,50.807
2026-09-08T20:24:10Z,2026-09-08T15:24:10Z,40.5,39.1,7.584,12.529,305.51
2026-09-08T20:25:10Z,2026-09-08T15:25:10Z,41.3,39.0,7.85,10.123,100.1
2026-09-08T20:26:10Z,2026-09-08T15:26:10Z,41.6,38.9,7.525,10.615,93.275
2026-09-08T20:27:10Z,2026-09-08T15:27:10Z,41.6,38.7,7.839,9.38,57.504
2026-09-08T20:28:10Z,2026-09-08T15:28:10Z,41.8,38.6,8.062,9.296,47.526
2026-09-08T20:29:10Z,2026-09-08T15:29:10Z,42.0,38.5,8.27,9.827,39.668
2026-09-08T20:30:07Z,2026-09-08T15:30:07Z,42.4,38.4,9.025,11.103,93.207
2026-09-08T20:31:07Z,2026-09-08T15:31:07Z,42.4,38.3,9.542,15.764,78.748
2026-09-08T20:32:07Z,2026-09-08T15:32:07Z,43.0,38.2,9.469,11.451,83.01
2026-09-08T20:33:07Z,2026-09-08T15:33:07Z,43.2,38.1,8.993,11.067,32.317
2026-09-08T20:34:07Z,2026-09-08T15:34:07Z,43.5,38.0,9.262,10.869,25.507
2026-09-08T20:35:07Z,2026-09-08T15:35:07Z,43.7,37.9,9.282,10.853,40.178
2026-09-08T20:36:08Z,2026-09-08T15:36:08Z,43.9,37.8,8.711,10.936,107.245
2026-09-08T20:37:08Z,2026-09-08T15:37:08Z,44.1,37.7,8.839,10.984,47.321
2026-09-08T20:38:08Z,2026-09-08T15:38:08Z,45.3,37.6,9.08,11.865,95.677
2026-09-08T20:39:08Z,2026-09-08T15:39:08Z,45.1,37.5,8.757,10.638,39.225
2026-09-08T20:40:08Z,2026-09-08T15:40:08Z,45.1,37.4,8.829,10.49,42.587
2026-09-08T20:41:08Z,2026-09-08T15:41:08Z,46.1,37.4,8.383,9.851,24.893
2026-09-08T20:42:08Z,2026-09-08T15:42:08Z,46.6,37.3,9.109,10.934,55.205
2026-09-08T20:43:08Z,2026-09-08T15:43:08Z,47.1,37.2,9.344,10.581,29.458
2026-09-08T20:44:08Z,2026-09-08T15:44:08Z,47.2,37.2,9.18,10.239,18.178
2026-09-08T20:45:08Z,2026-09-08T15:45:08Z,47.3,37.1,9.738,11.025,26.483
2026-09-08T20:46:08Z,2026-09-08T15:46:08Z,47.2,37.0,9.117,10.864,26.885
2026-09-08T20:47:08Z,2026-09-08T15:47:08Z,47.8,36.9,9.112,10.488,30.763
2026-09-08T20:48:08Z,2026-09-08T15:48:08Z,48.1,36.9,9.298,10.236,15.266
2026-09-08T20:49:08Z,2026-09-08T15:49:08Z,48.3,36.8,9.127,10.175,20.244
2026-09-08T20:50:08Z,2026-09-08T15:50:08Z,49.1,36.7,9.563,10.695,22.428
2026-09-08T20:51:08Z,2026-09-08T15:51:08Z,50.2,36.7,9.511,11.05,16.194
2026-09-08T20:52:08Z,2026-09-08T15:52:08Z,50.7,36.6,8.871,10.556,20.808
2026-09-08T20:53:08Z,2026-09-08T15:53:08Z,50.9,36.5,8.256,9.926,34.768
2026-09-08T20:54:08Z,2026-09-08T15:54:08Z,50.8,36.4,8.517,10.177,25.157
2026-09-08T20:55:08Z,2026-09-08T15:55:08Z,51.6,36.4,8.274,9.5,30.889
2026-09-08T20:56:08Z,2026-09-08T15:56:08Z,51.6,36.3,8.456,10.367,21.68
2026-09-08T20:57:08Z,2026-09-08T15:57:08Z,52.0,36.2,8.622,12.138,145.43
2026-09-08T20:58:08Z,2026-09-08T15:58:08Z,51.8,36.2,8.191,11.019,107.146
2026-09-08T20:59:09Z,2026-09-08T15:59:09Z,51.5,36.1,8.841,10.668,37.441
2026-09-08T21:00:09Z,2026-09-08T16:00:09Z,51.7,36.1,8.291,9.709,35.791
2026-09-08T21:01:09Z,2026-09-08T16:01:09Z,51.6,36.0,7.743,9.079,20.208
2026-09-08T21:02:09Z,2026-09-08T16:02:09Z,52.1,35.9,7.619,9.243,30.811
2026-09-08T21:03:09Z,2026-09-08T16:03:09Z,52.8,35.9,7.608,10.31,115.251
2026-09-08T21:04:09Z,2026-09-08T16:04:09Z,52.9,35.8,7.611,10.308,113.627
2026-09-08T21:05:09Z,2026-09-08T16:05:09Z,52.9,35.8,6.778,8.445,43.075
2026-09-08T21:06:09Z,2026-09-08T16:06:09Z,53.5,35.7,6.737,8.144,31.197
2026-09-08T21:07:09Z,2026-09-08T16:07:09Z,53.6,35.7,6.478,7.699,31.353
2026-09-08T21:08:09Z,2026-09-08T16:08:09Z,53.7,35.6,5.941,7.141,38.269
2026-09-08T21:09:09Z,2026-09-08T16:09:09Z,53.4,35.6,5.722,7.044,42.645
2026-09-08T21:10:09Z,2026-09-08T16:10:09Z,53.8,35.5,6.457,7.984,36.454
2026-09-08T21:11:09Z,2026-09-08T16:11:09Z,53.9,35.5,6.643,8.066,27.801
2026-09-08T21:12:09Z,2026-09-08T16:12:09Z,53.6,35.4,6.287,7.789,24.87
2026-09-08T21:13:09Z,2026-09-08T16:13:09Z,53.3,35.3,6.127,7.317,19.73
2026-09-08T21:14:09Z,2026-09-08T16:14:09Z,51.5,35.3,4.302,5.242,28.18
2026-09-08T21:15:09Z,2026-09-08T16:15:09Z,50.8,35.2,3.96,4.486,23.46
2026-09-08T21:16:09Z,2026-09-08T16:16:09Z,50.1,35.1,3.184,3.787,16.742
2026-09-08T21:17:09Z,2026-09-08T16:17:09Z,50.6,35.1,3.427,4.27,9.096
2026-09-08T21:18:09Z,2026-09-08T16:18:09Z,51.1,35.0,3.337,4.015,7.199
2026-09-08T21:19:09Z,2026-09-08T16:19:09Z,51.3,34.9,3.395,3.832,7.818
2026-09-08T21:20:09Z,2026-09-08T16:20:09Z,51.7,34.8,3.177,3.759,8.188
2026-09-08T21:21:09Z,2026-09-08T16:21:09Z,51.8,34.7,3.38,4.046,5.189
2026-09-08T21:22:09Z,2026-09-08T16:22:09Z,52.3,34.7,3.558,4.196,6.343
2026-09-08T21:23:10Z,2026-09-08T16:23:10Z,52.5,34.6,3.439,4.273,8.966
2026-09-08T21:24:10Z,2026-09-08T16:24:10Z,52.2,34.5,3.224,3.82,7.61
2026-09-08T21:25:10Z,2026-09-08T16:25:10Z,52.8,34.5,3.306,3.922,18.304
2026-09-08T21:26:10Z,2026-09-08T16:26:10Z,52.4,34.4,3.311,4.13,5.32
2026-09-08T21:27:10Z,2026-09-08T16:27:10Z,52.5,34.4,3.1,3.927,11.752
2026-09-08T21:28:10Z,2026-09-08T16:28:10Z,52.2,34.3,3.009,3.686,11.213
2026-09-08T21:29:10Z,2026-09-08T16:29:10Z,52.4,34.3,3.067,3.66,9.699
2026-09-08T21:30:10Z,2026-09-08T16:30:10Z,52.5,34.2,3.198,4.038,16.67
2026-09-08T21:31:10Z,2026-09-08T16:31:10Z,52.9,34.2,3.097,3.783,17.899
2026-09-08T21:32:10Z,2026-09-08T16:32:10Z,53.5,34.1,2.942,3.697,22.742
2026-09-08T21:33:10Z,2026-09-08T16:33:10Z,53.1,34.1,2.553,3.251,5.344
2026-09-08T21:34:10Z,2026-09-08T16:34:10Z,52.6,34.0,2.295,2.926,6.327
2026-09-08T21:35:10Z,2026-09-08T16:35:10Z,52.7,34.0,2.282,2.766,8.763
2026-09-08T21:36:10Z,2026-09-08T16:36:10Z,54.2,34.0,2.242,2.685,4.9
2026-09-08T21:37:10Z,2026-09-08T16:37:10Z,53.5,33.9,2.29,2.893,3.736
2026-09-08T21:38:10Z,2026-09-08T16:38:10Z,53.2,33.9,2.31,2.932,4.1
2026-09-08T21:39:10Z,2026-09-08T16:39:10Z,53.1,33.9,2.293,2.931,3.788
2026-09-08T21:40:10Z,2026-09-08T16:40:10Z,53.8,33.9,2.822,3.264,17.142
2026-09-08T21:41:10Z,2026-09-08T16:41:10Z,53.1,33.8,2.65,3.064,21.849
2026-09-08T21:42:10Z,2026-09-08T16:42:10Z,53.1,33.8,2.495,3.031,6.886
2026-09-08T21:43:10Z,2026-09-08T16:43:10Z,53.0,33.8,2.546,3.097,8.3
2026-09-08T21:44:10Z,2026-09-08T16:44:10Z,52.7,33.8,2.659,3.248,6.411
2026-09-08T21:45:07Z,2026-09-08T16:45:07Z,53.6,33.7,2.495,3.223,8.539
2026-09-08T21:46:07Z,2026-09-08T16:46:07Z,53.8,33.7,2.625,3.324,27.471
2026-09-08T21:47:07Z,2026-09-08T16:47:07Z,53.5,33.7,2.761,3.386,10.732
2026-09-08T21:48:07Z,2026-09-08T16:48:07Z,54.0,33.7,2.598,3.159,7.871
2026-09-08T21:49:08Z,2026-09-08T16:49:08Z,54.4,33.7,2.643,3.296,14.529
2026-09-08T21:50:08Z,2026-09-08T16:50:08Z,54.4,33.7,2.546,3.303,95.602
2026-09-08T21:51:08Z,2026-09-08T16:51:08Z,54.4,33.7,2.627,3.206,22.809
2026-09-08T21:52:08Z,2026-09-08T16:52:08Z,54.4,33.7,2.823,3.409,15.104
2026-09-08T21:53:08Z,2026-09-08T16:53:08Z,54.6,33.7,2.796,3.523,17.934
2026-09-08T21:54:08Z,2026-09-08T16:54:08Z,54.0,33.7,2.6,3.388,9.717
2026-09-08T21:55:08Z,2026-09-08T16:55:08Z,54.2,33.6,2.922,3.559,15.56
2026-09-08T21:56:08Z,2026-09-08T16:56:08Z,53.8,33.7,2.698,3.325,6.295
2026-09-08T21:57:08Z,2026-09-08T16:57:08Z,54.8,33.6,2.838,3.499,11.289
2026-09-08T21:58:08Z,2026-09-08T16:58:08Z,54.5,33.6,2.853,3.502,30.205
2026-09-08T21:59:08Z,2026-09-08T16:59:08Z,55.0,33.6,2.731,3.31,7.648
2026-09-08T22:00:08Z,2026-09-08T17:00:08Z,55.0,33.6,2.767,3.492,9.882
2026-09-08T22:01:08Z,2026-09-08T17:01:08Z,55.3,33.6,2.733,3.393,7.229
2026-09-08T22:02:08Z,2026-09-08T17:02:08Z,54.7,33.6,2.875,3.765,11.246
2026-09-08T22:03:08Z,2026-09-08T17:03:08Z,55.1,33.7,2.969,3.712,18.32
2026-09-08T22:04:08Z,2026-09-08T17:04:08Z,55.5,33.7,3.827,4.66,12.279
2026-09-08T22:05:08Z,2026-09-08T17:05:08Z,56.2,33.7,4.114,4.921,7.719
2026-09-08T22:06:08Z,2026-09-08T17:06:08Z,56.9,33.7,4.16,5.086,25.423
2026-09-08T22:07:08Z,2026-09-08T17:07:08Z,56.9,33.7,4.105,5.027,23.239
2026-09-08T22:08:08Z,2026-09-08T17:08:08Z,56.9,33.7,4.26,5.289,26.972
2026-09-08T22:09:08Z,2026-09-08T17:09:08Z,57.2,33.7,4.294,5.26,22.813
2026-09-08T22:10:08Z,2026-09-08T17:10:08Z,57.3,33.7,4.235,5.479,13.117
2026-09-08T22:11:09Z,2026-09-08T17:11:09Z,57.6,33.7,4.264,4.971,22.906
2026-09-08T22:12:09Z,2026-09-08T17:12:09Z,57.6,33.7,4.595,5.483,20.893
2026-09-08T22:13:09Z,2026-09-08T17:13:09Z,57.4,33.7,4.863,5.653,17.223
2026-09-08T22:14:09Z,2026-09-08T17:14:09Z,57.7,33.7,4.481,5.493,7.84
2026-09-08T22:15:09Z,2026-09-08T17:15:09Z,57.9,33.7,4.492,5.532,12.424
2026-09-08T22:16:09Z,2026-09-08T17:16:09Z,58.1,33.7,4.236,5.425,11.956
2026-09-08T22:17:09Z,2026-09-08T17:17:09Z,57.7,33.7,4.4,5.587,45.853
2026-09-08T22:18:09Z,2026-09-08T17:18:09Z,57.7,33.8,4.216,5.189,32.286
2026-09-08T22:19:09Z,2026-09-08T17:19:09Z,58.1,33.8,4.257,5.655,48.125
2026-09-08T22:20:09Z,2026-09-08T17:20:09Z,58.3,33.8,4.385,5.457,15.197
2026-09-08T22:21:09Z,2026-09-08T17:21:09Z,58.1,33.8,4.821,6.013,12.404
2026-09-08T22:22:09Z,2026-09-08T17:22:09Z,58.1,33.8,4.43,5.484,10.918
2026-09-08T22:23:09Z,2026-09-08T17:23:09Z,58.3,33.8,4.583,5.678,10.714
2026-09-08T22:24:09Z,2026-09-08T17:24:09Z,57.9,33.8,4.238,5.322,24.386
2026-09-08T22:25:09Z,2026-09-08T17:25:09Z,58.0,33.8,4.771,6.091,16.879
2026-09-08T22:26:09Z,2026-09-08T17:26:09Z,57.6,33.9,4.88,6.17,38.992
2026-09-08T22:27:09Z,2026-09-08T17:27:09Z,57.9,33.9,5.073,6.398,17.547
2026-09-08T22:28:09Z,2026-09-08T17:28:09Z,58.1,33.9,5.078,6.322,18.666
2026-09-08T22:29:09Z,2026-09-08T17:29:09Z,58.0,33.9,4.851,6.047,33.355
2026-09-08T22:30:09Z,2026-09-08T17:30:09Z,58.6,33.9,5.003,6.127,51.025
2026-09-08T22:31:09Z,2026-09-08T17:31:09Z,57.6,33.9,5.001,6.407,76.203
2026-09-08T22:32:09Z,2026-09-08T17:32:09Z,57.9,33.9,5.216,9.045,179.742
2026-09-08T22:33:10Z,2026-09-08T17:33:10Z,58.0,33.9,5.057,7.471,86.173
2026-09-08T22:34:10Z,2026-09-08T17:34:10Z,57.7,33.9,5.104,6.73,46.513
2026-09-08T22:35:10Z,2026-09-08T17:35:10Z,57.3,33.9,5.069,6.474,45.889
2026-09-08T22:36:10Z,2026-09-08T17:36:10Z,57.5,34.0,4.897,6.269,51.335
2026-09-08T22:37:10Z,2026-09-08T17:37:10Z,57.7,34.0,5.056,6.487,33.846
2026-09-08T22:38:10Z,2026-09-08T17:38:10Z,57.7,34.0,5.418,7.06,30.282
2026-09-08T22:39:10Z,2026-09-08T17:39:10Z,57.7,34.0,5.49,6.864,34.604
2026-09-08T22:40:10Z,2026-09-08T17:40:10Z,57.9,34.0,4.911,6.216,77.428
2026-09-08T22:41:10Z,2026-09-08T17:41:10Z,57.6,34.0,4.79,5.815,28.956
2026-09-08T22:42:10Z,2026-09-08T17:42:10Z,57.8,34.0,5.197,6.171,27.024
2026-09-08T22:43:10Z,2026-09-08T17:43:10Z,57.7,34.0,4.893,6.414,29.703
2026-09-08T22:44:10Z,2026-09-08T17:44:10Z,57.7,34.0,4.764,6.033,38.464
2026-09-08T22:45:10Z,2026-09-08T17:45:10Z,57.6,34.0,5.098,7.088,50.688
2026-09-08T22:46:10Z,2026-09-08T17:46:10Z,57.6,34.0,5.013,8.558,187.618
2026-09-08T22:47:10Z,2026-09-08T17:47:10Z,57.5,33.9,4.856,7.549,93.564
2026-09-08T22:48:10Z,2026-09-08T17:48:10Z,57.9,33.9,5.209,7.594,123.716
2026-09-08T22:49:10Z,2026-09-08T17:49:10Z,57.8,33.9,5.242,7.217,66.713
2026-09-08T22:50:10Z,2026-09-08T17:50:10Z,57.6,33.9,4.923,6.703,52.208
2026-09-08T22:51:10Z,2026-09-08T17:51:10Z,57.5,33.9,5.047,6.454,24.912
2026-09-08T22:52:10Z,2026-09-08T17:52:10Z,57.6,33.9,4.899,6.673,52.819
2026-09-08T22:53:10Z,2026-09-08T17:53:10Z,58.0,33.9,4.908,6.527,29.494
2026-09-08T22:54:10Z,2026-09-08T17:54:10Z,58.0,33.9,5.317,7.284,71.527
2026-09-08T22:55:10Z,2026-09-08T17:55:10Z,57.7,33.9,4.969,6.616,35.059
2026-09-08T22:56:10Z,2026-09-08T17:56:10Z,57.9,33.9,5.026,6.437,43.455
2026-09-08T22:57:11Z,2026-09-08T17:57:11Z,58.3,33.9,5.13,7.027,25.901
2026-09-08T22:58:11Z,2026-09-08T17:58:11Z,58.2,33.8,5.01,6.672,38.514
2026-09-08T22:59:11Z,2026-09-08T17:59:11Z,58.3,33.8,5.093,6.688,29.663
2026-09-08T23:00:11Z,2026-09-08T18:00:11Z,58.7,33.8,5.053,6.827,29.683
2026-09-08T23:01:11Z,2026-09-08T18:01:11Z,58.0,33.8,5.007,6.512,49.5
2026-09-08T23:02:11Z,2026-09-08T18:02:11Z,58.4,33.8,5.049,6.241,33.979
2026-09-08T23:03:11Z,2026-09-08T18:03:11Z,58.4,33.8,5.241,6.484,23.542
2026-09-08T23:04:11Z,2026-09-08T18:04:11Z,58.3,33.8,5.351,6.662,22.53
2026-09-08T23:05:11Z,2026-09-08T18:05:11Z,58.3,33.8,5.222,6.471,16.417
2026-09-08T23:06:11Z,2026-09-08T18:06:11Z,58.7,33.7,4.72,6.099,35.091
2026-09-08T23:07:11Z,2026-09-08T18:07:11Z,59.0,33.7,5.025,7.205,57.376
2026-09-08T23:08:11Z,2026-09-08T18:08:11Z,58.6,33.7,5.68,6.923,39.766
2026-09-08T23:09:11Z,2026-09-08T18:09:11Z,59.0,33.7,5.134,6.654,35.254
2026-09-08T23:10:11Z,2026-09-08T18:10:11Z,58.9,33.7,5.191,7.293,38.823
2026-09-08T23:11:11Z,2026-09-08T18:11:11Z,58.8,33.7,5.024,7.041,30.447
2026-09-08T23:12:11Z,2026-09-08T18:12:11Z,58.7,33.7,5.109,6.488,41.656
2026-09-08T23:13:11Z,2026-09-08T18:13:11Z,58.6,33.6,4.922,6.853,33.084
2026-09-08T23:14:11Z,2026-09-08T18:14:11Z,58.5,33.6,4.876,5.931,8.428
2026-09-08T23:15:11Z,2026-09-08T18:15:11Z,58.7,33.6,4.695,5.855,16.582
2026-09-08T23:16:11Z,2026-09-08T18:16:11Z,58.6,33.6,5.256,6.527,15.111
2026-09-08T23:17:11Z,2026-09-08T18:17:11Z,58.7,33.6,4.916,6.084,49.197
2026-09-08T23:18:11Z,2026-09-08T18:18:11Z,58.8,33.6,4.73,5.868,22.674
2026-09-08T23:19:11Z,2026-09-08T18:19:11Z,58.7,33.6,5.649,7.102,19.923
2026-09-08T23:20:11Z,2026-09-08T18:20:11Z,59.1,33.6,5.387,7.621,166.454
2026-09-08T23:21:11Z,2026-09-08T18:21:11Z,58.7,33.5,4.953,6.594,36.746
2026-09-08T23:22:12Z,2026-09-08T18:22:12Z,58.6,33.5,4.855,6.156,23.723
2026-09-08T23:23:12Z,2026-09-08T18:23:12Z,58.7,33.5,5.31,6.371,30.335
2026-09-08T23:24:12Z,2026-09-08T18:24:12Z,58.8,33.5,5.139,6.614,60.556
2026-09-08T23:25:08Z,2026-09-08T18:25:08Z,58.9,33.5,5.298,7.062,33.9
2026-09-08T23:26:09Z,2026-09-08T18:26:09Z,58.5,33.5,5.699,7.44,29.366
2026-09-08T23:27:09Z,2026-09-08T18:27:09Z,58.6,33.5,5.526,7.021,58.167
2026-09-08T23:28:09Z,2026-09-08T18:28:09Z,58.6,33.5,5.416,7.16,36.871
2026-09-08T23:29:09Z,2026-09-08T18:29:09Z,58.2,33.5,5.407,6.7,23.465
2026-09-08T23:30:09Z,2026-09-08T18:30:09Z,58.0,33.5,5.032,6.171,47.651
2026-09-08T23:31:09Z,2026-09-08T18:31:09Z,58.2,33.4,5.47,7.038,42.129
2026-09-08T23:32:09Z,2026-09-08T18:32:09Z,58.2,33.4,5.717,7.593,89.512
2026-09-08T23:33:09Z,2026-09-08T18:33:09Z,58.5,33.4,5.574,6.999,33.595
2026-09-08T23:34:09Z,2026-09-08T18:34:09Z,58.3,33.4,5.373,6.858,36.289
2026-09-08T23:35:09Z,2026-09-08T18:35:09Z,58.5,33.4,5.124,6.481,27.373
2026-09-08T23:36:09Z,2026-09-08T18:36:09Z,58.3,33.4,5.292,6.462,20.895
2026-09-08T23:37:09Z,2026-09-08T18:37:09Z,58.5,33.4,5.633,8.603,126.372
2026-09-08T23:38:09Z,2026-09-08T18:38:09Z,58.4,33.4,5.638,7.296,72.711
2026-09-08T23:39:09Z,2026-09-08T18:39:09Z,58.8,33.4,5.859,7.634,67.533
2026-09-08T23:40:09Z,2026-09-08T18:40:09Z,58.6,33.4,5.196,6.517,15.99
2026-09-08T23:41:09Z,2026-09-08T18:41:09Z,58.4,33.3,5.893,7.184,36.5
2026-09-08T23:42:09Z,2026-09-08T18:42:09Z,58.5,33.3,5.449,6.715,43.281
2026-09-08T23:43:09Z,2026-09-08T18:43:09Z,58.8,33.3,5.458,7.018,42.49
2026-09-08T23:44:09Z,2026-09-08T18:44:09Z,58.6,33.3,5.022,6.513,30.498
2026-09-08T23:45:09Z,2026-09-08T18:45:09Z,58.6,33.3,5.429,6.915,21.634
2026-09-08T23:46:09Z,2026-09-08T18:46:09Z,58.8,33.3,5.494,7.083,27.892
2026-09-08T23:47:09Z,2026-09-08T18:47:09Z,58.6,33.3,5.722,7.824,57.329
2026-09-08T23:48:09Z,2026-09-08T18:48:09Z,58.8,33.3,5.822,9.525,97.169
2026-09-08T23:49:09Z,2026-09-08T18:49:09Z,58.5,33.3,5.712,10.169,195.533
2026-09-08T23:50:09Z,2026-09-08T18:50:09Z,58.6,33.3,5.989,8.43,58.353
2026-09-08T23:51:10Z,2026-09-08T18:51:10Z,58.9,33.3,5.834,8.414,108.242
2026-09-08T23:52:10Z,2026-09-08T18:52:10Z,59.0,33.2,5.104,7.832,79.062
2026-09-08T23:53:10Z,2026-09-08T18:53:10Z,59.3,33.2,5.365,8.208,82.378
2026-09-08T23:54:10Z,2026-09-08T18:54:10Z,59.3,33.2,5.544,9.258,144.799
2026-09-08T23:55:10Z,2026-09-08T18:55:10Z,59.2,33.2,5.107,6.791,48.823
2026-09-08T23:56:10Z,2026-09-08T18:56:10Z,59.1,33.2,5.55,6.864,53.205
2026-09-08T23:57:10Z,2026-09-08T18:57:10Z,59.5,33.2,5.899,7.479,48.768
2026-09-08T23:58:10Z,2026-09-08T18:58:10Z,59.4,33.2,5.792,7.688,84.909
2026-09-08T23:59:10Z,2026-09-08T18:59:10Z,59.5,33.2,5.734,7.655,33.244
2026-09-09T00:00:10Z,2026-09-08T19:00:10Z,59.3,33.2,5.661,7.699,88.306
2026-09-09T00:01:10Z,2026-09-08T19:01:10Z,59.5,33.2,5.28,7.449,98.564
2026-09-09T00:02:10Z,2026-09-08T19:02:10Z,59.8,33.2,4.488,5.704,40.768
2026-09-09T00:03:10Z,2026-09-08T19:03:10Z,59.9,33.2,4.989,5.943,18.153
2026-09-09T00:04:10Z,2026-09-08T19:04:10Z,59.9,33.2,5.152,6.125,12.659
2026-09-09T00:05:10Z,2026-09-08T19:05:10Z,59.8,33.2,5.043,6.084,20.424
2026-09-09T00:06:10Z,2026-09-08T19:06:10Z,59.8,33.2,4.866,6.003,15.123
2026-09-09T00:07:10Z,2026-09-08T19:07:10Z,59.8,33.2,5.37,6.547,13.929
2026-09-09T00:08:10Z,2026-09-08T19:08:10Z,59.9,33.1,5.047,6.476,21.361
2026-09-09T00:09:10Z,2026-09-08T19:09:10Z,59.8,33.1,4.942,6.255,9.966
2026-09-09T00:10:10Z,2026-09-08T19:10:10Z,60.2,33.1,4.819,5.991,8.854
2026-09-09T00:11:10Z,2026-09-08T19:11:10Z,60.3,33.1,5.487,6.677,24.587
2026-09-09T00:12:11Z,2026-09-08T19:12:11Z,60.5,33.1,5.284,6.427,17.198
2026-09-09T00:13:11Z,2026-09-08T19:13:11Z,60.3,33.1,5.768,7.045,54.372
2026-09-09T00:14:11Z,2026-09-08T19:14:11Z,60.5,33.1,5.446,6.859,17.456
2026-09-09T00:15:11Z,2026-09-08T19:15:11Z,60.8,33.1,5.256,6.622,21.543
2026-09-09T00:16:11Z,2026-09-08T19:16:11Z,60.8,33.0,5.502,6.59,12.189
2026-09-09T00:17:11Z,2026-09-08T19:17:11Z,60.6,33.0,5.22,6.782,18.257
2026-09-09T00:18:11Z,2026-09-08T19:18:11Z,60.9,33.0,5.038,6.458,16.833
2026-09-09T00:19:11Z,2026-09-08T19:19:11Z,60.7,33.0,5.134,6.376,47.198
2026-09-09T00:20:11Z,2026-09-08T19:20:11Z,60.6,33.0,5.454,6.864,19.974
2026-09-09T00:21:11Z,2026-09-08T19:21:11Z,61.0,33.0,5.059,6.595,29.978
2026-09-09T00:22:11Z,2026-09-08T19:22:11Z,61.0,33.0,5.431,6.856,17.61
2026-09-09T00:23:11Z,2026-09-08T19:23:11Z,60.9,33.0,5.462,7.313,66.315
2026-09-09T00:24:11Z,2026-09-08T19:24:11Z,60.5,32.9,5.129,7.308,81.98
2026-09-09T00:25:11Z,2026-09-08T19:25:11Z,60.4,32.9,5.463,6.668,45.497
2026-09-09T00:26:11Z,2026-09-08T19:26:11Z,60.8,32.9,5.43,6.842,32.147
2026-09-09T00:27:11Z,2026-09-08T19:27:11Z,60.6,32.9,4.961,6.162,30.821
2026-09-09T00:28:11Z,2026-09-08T19:28:11Z,60.4,32.9,5.037,6.643,33.604
2026-09-09T00:29:11Z,2026-09-08T19:29:11Z,60.2,32.9,5.077,6.42,13.865
2026-09-09T00:30:11Z,2026-09-08T19:30:11Z,60.2,32.9,4.888,6.01,22.929
2026-09-09T00:31:11Z,2026-09-08T19:31:11Z,60.1,32.8,4.9,5.805,10.495
2026-09-09T00:32:11Z,2026-09-08T19:32:11Z,60.0,32.8,5.045,6.161,16.854
2026-09-09T00:33:11Z,2026-09-08T19:33:11Z,60.1,32.8,4.949,5.97,37.054
2026-09-09T00:34:12Z,2026-09-08T19:34:12Z,59.9,32.8,4.901,6.123,14.533
2026-09-09T00:35:12Z,2026-09-08T19:35:12Z,60.0,32.8,5.125,6.148,12.076
2026-09-09T00:36:12Z,2026-09-08T19:36:12Z,60.0,32.8,5.023,6.8,48.718
2026-09-09T00:37:12Z,2026-09-08T19:37:12Z,60.3,32.8,5.079,6.808,57.689
2026-09-09T00:38:12Z,2026-09-08T19:38:12Z,60.2,32.8,4.899,6.301,39.681
2026-09-09T00:39:12Z,2026-09-08T19:39:12Z,60.1,32.7,4.881,6.229,25.686
2026-09-09T00:40:09Z,2026-09-08T19:40:09Z,60.1,32.7,4.819,5.736,20.898
2026-09-09T00:41:09Z,2026-09-08T19:41:09Z,59.9,32.7,4.912,6.082,31.895
2026-09-09T00:42:09Z,2026-09-08T19:42:09Z,60.0,32.7,5.102,6.302,22.151
2026-09-09T00:43:09Z,2026-09-08T19:43:09Z,60.3,32.7,4.923,5.863,11.562
2026-09-09T00:44:09Z,2026-09-08T19:44:09Z,60.2,32.7,5.446,6.485,10.852
2026-09-09T00:45:09Z,2026-09-08T19:45:09Z,60.6,32.7,4.75,5.775,12.724
2026-09-09T00:46:09Z,2026-09-08T19:46:09Z,61.0,32.7,4.95,6.041,31.574
2026-09-09T00:47:09Z,2026-09-08T19:47:09Z,61.2,32.6,4.529,5.84,26.595
2026-09-09T00:48:09Z,2026-09-08T19:48:09Z,61.4,32.6,4.91,5.957,18.386
2026-09-09T00:49:09Z,2026-09-08T19:49:09Z,61.7,32.6,4.459,5.491,20.564
2026-09-09T00:50:09Z,2026-09-08T19:50:09Z,61.9,32.6,4.745,5.975,14.115
2026-09-09T00:51:09Z,2026-09-08T19:51:09Z,62.1,32.6,4.764,5.978,9.523
2026-09-09T00:52:09Z,2026-09-08T19:52:09Z,62.3,32.6,4.194,5.198,12.033
2026-09-09T00:53:09Z,2026-09-08T19:53:09Z,62.4,32.5,4.352,5.367,9.265
2026-09-09T00:54:09Z,2026-09-08T19:54:09Z,62.6,32.5,4.766,6.086,15.166
2026-09-09T00:55:09Z,2026-09-08T19:55:09Z,62.8,32.5,4.428,5.313,23.45
2026-09-09T00:56:09Z,2026-09-08T19:56:09Z,63.0,32.5,4.767,6.031,16.174
2026-09-09T00:57:09Z,2026-09-08T19:57:09Z,63.3,32.5,4.522,5.538,26.39
2026-09-09T00:58:09Z,2026-09-08T19:58:09Z,63.5,32.5,4.559,5.935,23.566
2026-09-09T00:59:09Z,2026-09-08T19:59:09Z,63.8,32.5,4.816,6.096,39.923
2026-09-09T01:00:09Z,2026-09-08T20:00:09Z,64.0,32.4,4.753,6.069,23.877
2026-09-09T01:01:10Z,2026-09-08T20:01:10Z,64.3,32.4,4.96,6.547,74.811
2026-09-09T01:02:10Z,2026-09-08T20:02:10Z,64.5,32.4,4.776,6.317,43.667
2026-09-09T01:03:10Z,2026-09-08T20:03:10Z,64.6,32.4,5.228,15.948,585.115
2026-09-09T01:04:10Z,2026-09-08T20:04:10Z,64.8,32.4,5.449,13.019,533.796
2026-09-09T01:05:10Z,2026-09-08T20:05:10Z,64.9,32.4,4.325,6.142,59.961
2026-09-09T01:06:10Z,2026-09-08T20:06:10Z,65.2,32.3,4.916,6.691,29.408
2026-09-09T01:07:10Z,2026-09-08T20:07:10Z,65.4,32.3,4.684,7.642,202.394
2026-09-09T01:08:10Z,2026-09-08T20:08:10Z,65.6,32.3,4.409,6.748,106.94
2026-09-09T01:09:10Z,2026-09-08T20:09:10Z,65.7,32.3,4.427,5.995,32.478
2026-09-09T01:10:10Z,2026-09-08T20:10:10Z,65.8,32.3,4.345,5.428,27.145
2026-09-09T01:11:10Z,2026-09-08T20:11:10Z,66.0,32.3,4.612,5.968,30.825
2026-09-09T01:12:10Z,2026-09-08T20:12:10Z,66.0,32.2,4.632,6.029,64.376
2026-09-09T01:13:10Z,2026-09-08T20:13:10Z,66.2,32.2,4.363,6.06,38.715
2026-09-09T01:14:10Z,2026-09-08T20:14:10Z,66.3,32.2,4.618,5.962,18.6
2026-09-09T01:15:10Z,2026-09-08T20:15:10Z,66.2,32.2,4.59,5.752,33.689
2026-09-09T01:16:10Z,2026-09-08T20:16:10Z,66.5,32.2,4.467,6.006,22.135
2026-09-09T01:17:10Z,2026-09-08T20:17:10Z,66.6,32.2,4.295,5.789,20.665
2026-09-09T01:18:10Z,2026-09-08T20:18:10Z,66.7,32.2,4.484,5.865,14.118
2026-09-09T01:19:10Z,2026-09-08T20:19:10Z,66.8,32.1,4.316,5.937,20.117
2026-09-09T01:20:11Z,2026-09-08T20:20:11Z,66.8,32.1,4.477,5.892,34.027
2026-09-09T01:21:11Z,2026-09-08T20:21:11Z,66.9,32.1,4.238,5.458,25.147
2026-09-09T01:22:11Z,2026-09-08T20:22:11Z,67.1,32.1,4.631,6.023,23.372
2026-09-09T01:23:11Z,2026-09-08T20:23:11Z,67.3,32.1,4.428,5.663,29.173
2026-09-09T01:24:11Z,2026-09-08T20:24:11Z,67.3,32.1,4.693,6.101,33.066
2026-09-09T01:25:11Z,2026-09-08T20:25:11Z,67.2,32.1,4.604,5.627,22.338
2026-09-09T01:26:11Z,2026-09-08T20:26:11Z,67.4,32.0,4.516,5.905,34.434
2026-09-09T01:27:11Z,2026-09-08T20:27:11Z,67.5,32.0,4.537,5.804,18.227
2026-09-09T01:28:11Z,2026-09-08T20:28:11Z,67.4,32.0,4.543,5.984,31.035
2026-09-09T01:29:11Z,2026-09-08T20:29:11Z,67.4,32.0,4.469,6.004,33.237
2026-09-09T01:30:11Z,2026-09-08T20:30:11Z,67.6,32.0,4.41,5.264,16.584
2026-09-09T01:31:11Z,2026-09-08T20:31:11Z,67.7,32.0,4.428,5.614,18.511
2026-09-09T01:32:11Z,2026-09-08T20:32:11Z,67.5,32.0,4.27,5.567,33.416
2026-09-09T01:33:11Z,2026-09-08T20:33:11Z,67.9,32.0,4.299,5.739,22.93
2026-09-09T01:34:11Z,2026-09-08T20:34:11Z,67.8,31.9,4.377,5.451,19.055
2026-09-09T01:35:11Z,2026-09-08T20:35:11Z,68.0,31.9,4.492,5.371,18.711
2026-09-09T01:36:11Z,2026-09-08T20:36:11Z,68.1,31.9,4.577,5.634,25.738
2026-09-09T01:37:11Z,2026-09-08T20:37:11Z,68.1,31.9,4.345,5.681,20.516
2026-09-09T01:38:11Z,2026-09-08T20:38:11Z,68.3,31.9,4.476,5.742,18.299
2026-09-09T01:39:11Z,2026-09-08T20:39:11Z,68.3,31.9,4.17,5.596,18.927
2026-09-09T01:40:11Z,2026-09-08T20:40:11Z,68.4,31.9,4.546,5.891,22.678
2026-09-09T01:41:11Z,2026-09-08T20:41:11Z,68.3,31.9,4.405,5.747,25.222
2026-09-09T01:42:11Z,2026-09-08T20:42:11Z,68.2,31.9,4.768,6.158,16.28
2026-09-09T01:43:12Z,2026-09-08T20:43:12Z,68.4,31.8,4.405,5.539,11.361
2026-09-09T01:44:12Z,2026-09-08T20:44:12Z,68.4,31.8,4.25,5.405,26.041
2026-09-09T01:45:12Z,2026-09-08T20:45:12Z,68.5,31.8,4.292,5.59,13.598
2026-09-09T01:46:12Z,2026-09-08T20:46:12Z,68.5,31.8,4.631,6.134,14.989
2026-09-09T01:47:12Z,2026-09-08T20:47:12Z,68.5,31.8,4.737,6.069,20.954
2026-09-09T01:48:12Z,2026-09-08T20:48:12Z,68.4,31.8,4.375,5.885,13.593
2026-09-09T01:49:12Z,2026-09-08T20:49:12Z,68.5,31.8,4.49,5.497,26.457
2026-09-09T01:50:09Z,2026-09-08T20:50:09Z,68.5,31.8,4.447,5.476,13.073
2026-09-09T01:51:09Z,2026-09-08T20:51:09Z,68.6,31.8,4.189,5.253,17.259
2026-09-09T01:52:09Z,2026-09-08T20:52:09Z,68.7,31.8,4.079,5.261,16.932
2026-09-09T01:53:09Z,2026-09-08T20:53:09Z,68.6,31.8,4.378,5.46,15.735
2026-09-09T01:54:09Z,2026-09-08T20:54:09Z,68.0,31.8,4.449,5.784,23.53
2026-09-09T01:55:09Z,2026-09-08T20:55:09Z,68.1,31.7,4.097,5.149,12.118
2026-09-09T01:56:09Z,2026-09-08T20:56:09Z,67.9,31.7,4.374,5.3,28.624
2026-09-09T01:57:09Z,2026-09-08T20:57:09Z,67.7,31.7,4.424,5.596,10.201
2026-09-09T01:58:09Z,2026-09-08T20:58:09Z,67.5,31.7,4.685,5.613,28.518
2026-09-09T01:59:09Z,2026-09-08T20:59:09Z,67.6,31.7,4.303,5.577,24.514
2026-09-09T02:00:09Z,2026-09-08T21:00:09Z,67.9,31.7,4.239,5.817,17.804
2026-09-09T02:01:09Z,2026-09-08T21:01:09Z,68.1,31.7,4.445,5.538,29.619
2026-09-09T02:02:09Z,2026-09-08T21:02:09Z,68.0,31.7,4.105,5.158,24.036
2026-09-09T02:03:09Z,2026-09-08T21:03:09Z,68.0,31.7,4.282,5.457,26.544
2026-09-09T02:04:09Z,2026-09-08T21:04:09Z,68.0,31.7,4.549,5.921,18.752
2026-09-09T02:05:09Z,2026-09-08T21:05:09Z,67.6,31.6,4.102,5.563,30.986
2026-09-09T02:06:09Z,2026-09-08T21:06:09Z,67.6,31.6,4.064,5.374,26.075
2026-09-09T02:07:09Z,2026-09-08T21:07:09Z,67.6,31.6,4.204,5.509,34.693
2026-09-09T02:08:09Z,2026-09-08T21:08:09Z,67.6,31.6,4.206,5.161,32.05
2026-09-09T02:09:10Z,2026-09-08T21:09:10Z,67.4,31.6,4.228,5.539,14.077
2026-09-09T02:10:10Z,2026-09-08T21:10:10Z,67.4,31.6,4.17,5.27,14.797
2026-09-09T02:11:10Z,2026-09-08T21:11:10Z,67.4,31.6,4.03,5.178,12.699
2026-09-09T02:12:10Z,2026-09-08T21:12:10Z,67.5,31.6,3.987,5.43,18.764
2026-09-09T02:13:10Z,2026-09-08T21:13:10Z,67.3,31.6,4.192,5.5,21.043
2026-09-09T02:14:10Z,2026-09-08T21:14:10Z,67.2,31.6,4.228,5.209,20.687
2026-09-09T02:15:10Z,2026-09-08T21:15:10Z,67.3,31.6,4.3,5.291,9.62
2026-09-09T02:16:10Z,2026-09-08T21:16:10Z,67.4,31.6,3.764,4.682,12.942
2026-09-09T02:17:10Z,2026-09-08T21:17:10Z,67.3,31.6,4.295,5.481,23.615
2026-09-09T02:18:10Z,2026-09-08T21:18:10Z,67.5,31.6,4.097,4.963,16.337
2026-09-09T02:19:10Z,2026-09-08T21:19:10Z,67.7,31.5,4.521,5.513,13.468
2026-09-09T02:20:10Z,2026-09-08T21:20:10Z,67.7,31.5,4.345,5.557,22.154
2026-09-09T02:21:10Z,2026-09-08T21:21:10Z,67.8,31.5,4.236,5.234,7.231
2026-09-09T02:22:10Z,2026-09-08T21:22:10Z,67.8,31.5,4.11,5.607,16.128
2026-09-09T02:23:10Z,2026-09-08T21:23:10Z,67.9,31.5,3.991,5.232,14.252
2026-09-09T02:24:10Z,2026-09-08T21:24:10Z,67.9,31.5,4.336,5.338,22.779
2026-09-09T02:25:10Z,2026-09-08T21:25:10Z,67.9,31.5,4.465,5.47,16.157
2026-09-09T02:26:10Z,2026-09-08T21:26:10Z,68.0,31.5,4.085,5.21,17.044
2026-09-09T02:27:10Z,2026-09-08T21:27:10Z,68.1,31.5,4.112,5.086,24.946
2026-09-09T02:28:10Z,2026-09-08T21:28:10Z,68.0,31.5,4.137,5.298,28.221
2026-09-09T02:29:10Z,2026-09-08T21:29:10Z,68.1,31.4,4.404,5.61,30.729
2026-09-09T02:30:10Z,2026-09-08T21:30:10Z,68.2,31.4,4.281,5.328,16.658
2026-09-09T02:31:10Z,2026-09-08T21:31:10Z,68.4,31.4,4.291,5.522,23.944
2026-09-09T02:32:10Z,2026-09-08T21:32:10Z,68.3,31.4,4.24,5.057,12.779
2026-09-09T02:33:10Z,2026-09-08T21:33:10Z,68.3,31.4,4.328,5.699,12.253
2026-09-09T02:34:10Z,2026-09-08T21:34:10Z,68.5,31.4,4.207,5.285,19.521
2026-09-09T02:35:11Z,2026-09-08T21:35:11Z,68.7,31.4,4.2,5.575,12.05
2026-09-09T02:36:11Z,2026-09-08T21:36:11Z,68.8,31.4,3.972,5.394,21.321
2026-09-09T02:37:11Z,2026-09-08T21:37:11Z,68.9,31.4,4.359,5.76,30.205
2026-09-09T02:38:11Z,2026-09-08T21:38:11Z,69.1,31.4,4.335,5.825,23.621
2026-09-09T02:39:11Z,2026-09-08T21:39:11Z,69.1,31.3,4.17,5.481,11.942
2026-09-09T02:40:11Z,2026-09-08T21:40:11Z,69.0,31.3,4.527,5.858,15.684
2026-09-09T02:41:11Z,2026-09-08T21:41:11Z,69.2,31.3,4.313,5.791,36.16
2026-09-09T02:42:11Z,2026-09-08T21:42:11Z,69.4,31.3,4.482,5.528,6.889
2026-09-09T02:43:11Z,2026-09-08T21:43:11Z,69.4,31.3,4.175,5.499,33.345
2026-09-09T02:44:11Z,2026-09-08T21:44:11Z,69.6,31.3,4.389,5.645,36.532
2026-09-09T02:45:11Z,2026-09-08T21:45:11Z,69.8,31.3,4.275,5.629,12.738
2026-09-09T02:46:11Z,2026-09-08T21:46:11Z,69.8,31.3,4.24,5.324,13.527
2026-09-09T02:47:11Z,2026-09-08T21:47:11Z,69.9,31.3,4.371,5.542,22.64
2026-09-09T02:48:11Z,2026-09-08T21:48:11Z,70.1,31.2,4.448,5.869,14.903
2026-09-09T02:49:11Z,2026-09-08T21:49:11Z,70.3,31.2,4.341,5.74,17.017
2026-09-09T02:50:11Z,2026-09-08T21:50:11Z,70.4,31.2,4.412,5.697,29.863
2026-09-09T02:51:11Z,2026-09-08T21:51:11Z,70.5,31.2,4.126,5.295,17.279
2026-09-09T02:52:11Z,2026-09-08T21:52:11Z,70.5,31.2,4.421,5.637,26.522
2026-09-09T02:53:11Z,2026-09-08T21:53:11Z,70.7,31.2,4.221,5.456,23.418
2026-09-09T02:54:11Z,2026-09-08T21:54:11Z,70.9,31.2,4.341,5.437,26.209
2026-09-09T02:55:11Z,2026-09-08T21:55:11Z,70.9,31.2,4.122,5.367,30.118
2026-09-09T02:56:12Z,2026-09-08T21:56:12Z,71.1,31.1,4.19,5.586,26.449
2026-09-09T02:57:12Z,2026-09-08T21:57:12Z,71.1,31.1,4.627,5.914,28.945
2026-09-09T02:58:12Z,2026-09-08T21:58:12Z,71.3,31.1,4.199,5.405,27.599
2026-09-09T02:59:12Z,2026-09-08T21:59:12Z,71.3,31.1,4.129,5.645,31.56
2026-09-09T03:00:12Z,2026-09-08T22:00:12Z,71.3,31.1,4.472,5.759,21.772
2026-09-09T03:01:12Z,2026-09-08T22:01:12Z,71.3,31.1,4.415,5.756,16.594
2026-09-09T03:02:12Z,2026-09-08T22:02:12Z,71.4,31.1,4.492,5.913,28.472
2026-09-09T03:03:12Z,2026-09-08T22:03:12Z,71.5,31.1,4.345,5.82,19.057
2026-09-09T03:04:12Z,2026-09-08T22:04:12Z,71.5,31.1,4.432,5.57,35.69
2026-09-09T03:05:12Z,2026-09-08T22:05:12Z,71.6,31.1,4.271,5.823,25.551
2026-09-09T03:06:12Z,2026-09-08T22:06:12Z,71.6,31.0,4.366,5.726,28.681
2026-09-09T03:07:12Z,2026-09-08T22:07:12Z,71.5,31.0,4.351,6.093,47.773
2026-09-09T03:08:12Z,2026-09-08T22:08:12Z,71.5,31.0,4.365,5.727,21.929
2026-09-09T03:09:12Z,2026-09-08T22:09:12Z,71.5,31.0,4.199,5.512,24.931
2026-09-09T03:10:12Z,2026-09-08T22:10:12Z,71.7,31.0,4.415,5.956,24.303
2026-09-09T03:11:12Z,2026-09-08T22:11:12Z,71.7,31.0,4.535,5.895,23.696
2026-09-09T03:12:12Z,2026-09-08T22:12:12Z,71.7,31.0,4.288,5.493,21.978
2026-09-09T03:13:12Z,2026-09-08T22:13:12Z,71.8,31.0,4.557,5.997,13.223
2026-09-09T03:14:12Z,2026-09-08T22:14:12Z,71.7,31.0,4.515,5.777,24.544
2026-09-09T03:15:12Z,2026-09-08T22:15:12Z,71.7,31.0,4.41,5.701,46.594
2026-09-09T03:16:12Z,2026-09-08T22:16:12Z,71.8,31.0,4.231,5.637,28.537
2026-09-09T03:17:12Z,2026-09-08T22:17:12Z,71.9,31.0,4.625,5.995,25.566
2026-09-09T03:18:12Z,2026-09-08T22:18:12Z,71.9,30.9,4.449,5.767,26.949
2026-09-09T03:19:12Z,2026-09-08T22:19:12Z,71.8,30.9,4.417,5.544,17.6
2026-09-09T03:20:13Z,2026-09-08T22:20:13Z,71.9,30.9,4.328,5.676,28.742
2026-09-09T03:21:13Z,2026-09-08T22:21:13Z,72.0,30.9,4.296,5.605,18.536
2026-09-09T03:22:13Z,2026-09-08T22:22:13Z,72.0,30.9,4.485,6.002,23.683
2026-09-09T03:23:13Z,2026-09-08T22:23:13Z,72.0,30.9,4.459,5.781,25.643
2026-09-09T03:24:13Z,2026-09-08T22:24:13Z,72.0,30.9,4.542,5.738,30.962
2026-09-09T03:25:13Z,2026-09-08T22:25:13Z,72.0,30.9,4.581,5.771,34.848
2026-09-09T03:26:13Z,2026-09-08T22:26:13Z,72.1,30.9,4.663,6.071,18.188
2026-09-09T03:27:13Z,2026-09-08T22:27:13Z,72.3,30.9,4.698,5.899,14.736
2026-09-09T03:28:13Z,2026-09-08T22:28:13Z,72.1,30.9,4.591,5.822,37.406
2026-09-09T03:29:13Z,2026-09-08T22:29:13Z,72.2,30.9,4.836,6.225,34.031
2026-09-09T03:30:13Z,2026-09-08T22:30:13Z,72.3,30.8,4.543,6.406,23.955
2026-09-09T03:31:13Z,2026-09-08T22:31:13Z,72.4,30.8,4.924,6.275,31.038
2026-09-09T03:32:13Z,2026-09-08T22:32:13Z,72.4,30.8,5.032,6.262,39.942
2026-09-09T03:33:13Z,2026-09-08T22:33:13Z,72.5,30.8,4.83,6.38,25.37
2026-09-09T03:34:13Z,2026-09-08T22:34:13Z,72.6,30.8,4.953,6.124,16.858
2026-09-09T03:35:13Z,2026-09-08T22:35:13Z,72.7,30.8,4.71,6.136,24.633
2026-09-09T03:36:13Z,2026-09-08T22:36:13Z,72.9,30.8,4.547,5.629,25.886
2026-09-09T03:37:13Z,2026-09-08T22:37:13Z,72.8,30.8,4.782,6.348,17.352
2026-09-09T03:38:13Z,2026-09-08T22:38:13Z,73.0,30.8,4.586,5.885,13.047
2026-09-09T03:39:13Z,2026-09-08T22:39:13Z,73.2,30.8,4.796,6.375,25.759
2026-09-09T03:40:13Z,2026-09-08T22:40:13Z,73.2,30.7,4.952,6.424,19.553
2026-09-09T03:41:13Z,2026-09-08T22:41:13Z,73.1,30.7,4.644,6.156,21.469
2026-09-09T03:42:13Z,2026-09-08T22:42:13Z,73.2,30.7,4.546,6.143,30.494
2026-09-09T03:43:13Z,2026-09-08T22:43:13Z,73.4,30.7,4.613,5.73,28.049
2026-09-09T03:44:13Z,2026-09-08T22:44:13Z,73.5,30.7,4.373,5.604,19.15
2026-09-09T03:45:14Z,2026-09-08T22:45:14Z,73.5,30.7,4.517,6.183,20.611
2026-09-09T03:46:14Z,2026-09-08T22:46:14Z,73.5,30.7,4.721,6.027,14.599
2026-09-09T03:47:14Z,2026-09-08T22:47:14Z,73.6,30.7,4.977,6.458,24.722
2026-09-09T03:48:14Z,2026-09-08T22:48:14Z,73.8,30.7,4.504,6.066,13.818
2026-09-09T03:49:14Z,2026-09-08T22:49:14Z,73.9,30.6,4.833,6.435,14.132
2026-09-09T03:50:14Z,2026-09-08T22:50:14Z,74.0,30.6,4.656,5.877,31.375
2026-09-09T03:51:14Z,2026-09-08T22:51:14Z,74.1,30.6,4.294,5.913,32.035
2026-09-09T03:52:14Z,2026-09-08T22:52:14Z,74.2,30.6,4.706,6.159,28.573
2026-09-09T03:53:14Z,2026-09-08T22:53:14Z,74.4,30.6,4.613,5.951,33.867
2026-09-09T03:54:14Z,2026-09-08T22:54:14Z,74.3,30.6,4.371,5.787,16.927
2026-09-09T03:55:11Z,2026-09-08T22:55:11Z,74.4,30.6,4.862,6.224,27.016
2026-09-09T03:56:11Z,2026-09-08T22:56:11Z,74.5,30.5,4.506,6.118,46.494
2026-09-09T03:57:11Z,2026-09-08T22:57:11Z,74.5,30.5,4.552,6.217,25.401
2026-09-09T03:58:11Z,2026-09-08T22:58:11Z,74.6,30.5,4.688,6.247,26.988
2026-09-09T03:59:11Z,2026-09-08T22:59:11Z,74.7,30.5,4.689,6.178,32.482
2026-09-09T04:00:11Z,2026-09-08T23:00:11Z,74.9,30.5,4.749,6.085,23.28
2026-09-09T04:01:11Z,2026-09-08T23:01:11Z,74.9,30.5,4.904,6.158,31.274
2026-09-09T04:02:11Z,2026-09-08T23:02:11Z,74.8,30.5,4.874,6.023,17.605
2026-09-09T04:03:11Z,2026-09-08T23:03:11Z,74.9,30.4,4.937,6.472,13.297
2026-09-09T04:04:11Z,2026-09-08T23:04:11Z,74.9,30.4,4.829,6.142,24.582
2026-09-09T04:05:11Z,2026-09-08T23:05:11Z,75.0,30.4,4.682,5.895,14.804
2026-09-09T04:06:11Z,2026-09-08T23:06:11Z,75.0,30.4,4.848,6.229,21.308
2026-09-09T04:07:11Z,2026-09-08T23:07:11Z,75.1,30.4,4.693,5.759,18.624
2026-09-09T04:08:11Z,2026-09-08T23:08:11Z,75.1,30.4,4.904,6.435,12.961
2026-09-09T04:09:11Z,2026-09-08T23:09:11Z,75.2,30.4,4.79,6.001,24.274
2026-09-09T04:10:11Z,2026-09-08T23:10:11Z,75.4,30.4,4.608,6.125,26.51
2026-09-09T04:11:11Z,2026-09-08T23:11:11Z,75.4,30.4,4.602,6.041,15.883
2026-09-09T04:12:11Z,2026-09-08T23:12:11Z,75.4,30.3,4.708,5.925,26.805
2026-09-09T04:13:11Z,2026-09-08T23:13:11Z,75.5,30.3,4.349,5.86,22.41
2026-09-09T04:14:11Z,2026-09-08T23:14:11Z,75.4,30.3,4.573,6.191,16.341
2026-09-09T04:15:12Z,2026-09-08T23:15:12Z,75.5,30.3,4.478,5.65,13.749
2026-09-09T04:16:12Z,2026-09-08T23:16:12Z,75.5,30.3,4.626,5.769,21.528
2026-09-09T04:17:12Z,2026-09-08T23:17:12Z,75.5,30.3,4.464,5.852,16.367
2026-09-09T04:18:12Z,2026-09-08T23:18:12Z,75.6,30.3,4.591,5.865,20.532
2026-09-09T04:19:12Z,2026-09-08T23:19:12Z,75.6,30.3,4.621,5.906,19.836
2026-09-09T04:20:12Z,2026-09-08T23:20:12Z,75.6,30.3,4.365,5.699,16.776
2026-09-09T04:21:12Z,2026-09-08T23:21:12Z,75.8,30.3,4.662,6.237,15.068
2026-09-09T04:22:12Z,2026-09-08T23:22:12Z,75.8,30.3,4.619,5.815,12.313
2026-09-09T04:23:12Z,2026-09-08T23:23:12Z,75.9,30.2,4.256,5.518,14.485
2026-09-09T04:24:12Z,2026-09-08T23:24:12Z,76.0,30.2,4.426,5.831,22.589
2026-09-09T04:25:12Z,2026-09-08T23:25:12Z,75.9,30.2,4.257,5.793,26.253
2026-09-09T04:26:12Z,2026-09-08T23:26:12Z,76.0,30.2,4.479,5.907,21.776
2026-09-09T04:27:12Z,2026-09-08T23:27:12Z,76.1,30.2,4.414,6.193,44.239
2026-09-09T04:28:12Z,2026-09-08T23:28:12Z,76.2,30.2,4.33,5.896,34.47
2026-09-09T04:29:12Z,2026-09-08T23:29:12Z,76.2,30.2,4.409,5.628,17.901
2026-09-09T04:30:12Z,2026-09-08T23:30:12Z,76.1,30.2,4.521,5.708,12.697
2026-09-09T04:31:12Z,2026-09-08T23:31:12Z,76.3,30.1,4.543,5.701,30.885
2026-09-09T04:32:13Z,2026-09-08T23:32:13Z,76.2,30.1,4.436,5.697,31.754
2026-09-09T04:33:13Z,2026-09-08T23:33:13Z,76.3,30.1,4.496,5.78,12.688
2026-09-09T04:34:13Z,2026-09-08T23:34:13Z,76.4,30.1,4.62,6.333,32.78
2026-09-09T04:35:13Z,2026-09-08T23:35:13Z,76.3,30.1,4.371,5.935,19.546
2026-09-09T04:36:13Z,2026-09-08T23:36:13Z,76.5,30.1,4.621,6.085,22.185
2026-09-09T04:37:13Z,2026-09-08T23:37:13Z,76.5,30.1,4.248,5.527,18.758
2026-09-09T04:38:13Z,2026-09-08T23:38:13Z,76.5,30.1,4.622,5.894,26.909
2026-09-09T04:39:13Z,2026-09-08T23:39:13Z,76.5,30.1,4.421,5.708,19.485
2026-09-09T04:40:13Z,2026-09-08T23:40:13Z,76.5,30.1,4.052,5.307,57.629
2026-09-09T04:41:13Z,2026-09-08T23:41:13Z,76.6,30.1,4.291,5.945,20.083
2026-09-09T04:42:13Z,2026-09-08T23:42:13Z,76.6,30.1,4.355,6.071,27.853
2026-09-09T04:43:13Z,2026-09-08T23:43:13Z,76.7,30.1,4.29,5.798,33.842
2026-09-09T04:44:13Z,2026-09-08T23:44:13Z,76.7,30.1,4.678,5.877,16.29
2026-09-09T04:45:13Z,2026-09-08T23:45:13Z,76.8,30.1,4.683,6.2,24.844
2026-09-09T04:46:13Z,2026-09-08T23:46:13Z,76.9,30.1,4.995,6.538,21.253
2026-09-09T04:47:13Z,2026-09-08T23:47:13Z,76.9,30.1,5.04,6.852,27.938
2026-09-09T04:48:13Z,2026-09-08T23:48:13Z,76.9,30.1,4.798,6.458,26.19
2026-09-09T04:49:13Z,2026-09-08T23:49:13Z,76.8,30.0,4.481,6.198,24.778
2026-09-09T04:50:13Z,2026-09-08T23:50:13Z,76.9,30.0,4.299,5.903,28.676
2026-09-09T04:51:13Z,2026-09-08T23:51:13Z,76.8,30.0,4.263,5.928,19.329
2026-09-09T04:52:13Z,2026-09-08T23:52:13Z,76.8,30.0,4.458,5.837,19.605
2026-09-09T04:53:13Z,2026-09-08T23:53:13Z,76.8,30.0,4.291,5.74,22.088
2026-09-09T04:54:14Z,2026-09-08T23:54:14Z,76.8,30.0,4.497,6.281,37.84
2026-09-09T04:55:14Z,2026-09-08T23:55:14Z,76.9,30.0,4.68,6.291,31.013
2026-09-09T04:56:14Z,2026-09-08T23:56:14Z,76.9,30.0,4.465,6.109,31.839
2026-09-09T04:57:14Z,2026-09-08T23:57:14Z,76.9,30.0,4.383,5.872,17.771
2026-09-09T04:58:14Z,2026-09-08T23:58:14Z,76.9,30.0,4.415,6.096,27.434
2026-09-09T04:59:14Z,2026-09-08T23:59:14Z,77.0,30.0,4.505,5.892,36.144
2026-09-09T05:00:14Z,2026-09-09T00:00:14Z,77.0,30.0,4.206,5.872,34.522
2026-09-09T05:01:14Z,2026-09-09T00:01:14Z,77.0,30.0,4.437,6.115,25.294
2026-09-09T05:02:14Z,2026-09-09T00:02:14Z,77.0,30.0,3.892,5.41,19.971
2026-09-09T05:03:14Z,2026-09-09T00:03:14Z,77.1,30.0,4.246,6.174,28.684
2026-09-09T05:04:14Z,2026-09-09T00:04:14Z,77.2,30.0,4.314,5.702,45.037
2026-09-09T05:05:14Z,2026-09-09T00:05:14Z,77.1,30.0,4.18,6.04,48.548
2026-09-09T05:06:14Z,2026-09-09T00:06:14Z,77.2,30.0,4.512,6.025,22.727
2026-09-09T05:07:14Z,2026-09-09T00:07:14Z,77.2,30.0,4.068,5.855,26.717
2026-09-09T05:08:14Z,2026-09-09T00:08:14Z,77.3,30.0,4.228,5.927,27.255
2026-09-09T05:09:14Z,2026-09-09T00:09:14Z,77.3,30.0,3.962,5.614,24.447
2026-09-09T05:10:14Z,2026-09-09T00:10:14Z,77.3,30.0,4.08,5.651,47.502
2026-09-09T05:11:14Z,2026-09-09T00:11:14Z,77.2,30.0,3.957,5.525,31.427
2026-09-09T05:12:14Z,2026-09-09T00:12:14Z,77.2,29.9,4.493,5.952,26.62
2026-09-09T05:13:14Z,2026-09-09T00:13:14Z,77.2,30.0,4.279,5.912,25.501
2026-09-09T05:14:14Z,2026-09-09T00:14:14Z,77.3,29.9,4.326,5.483,26.922
2026-09-09T05:15:11Z,2026-09-09T00:15:11Z,77.4,29.9,4.407,5.779,29.002
2026-09-09T05:16:11Z,2026-09-09T00:16:11Z,77.4,29.9,4.103,5.108,24.817
2026-09-09T05:17:11Z,2026-09-09T00:17:11Z,77.5,29.9,4.115,5.573,25.456
2026-09-09T05:18:11Z,2026-09-09T00:18:11Z,77.4,29.9,4.21,5.807,24.982
2026-09-09T05:19:11Z,2026-09-09T00:19:11Z,77.4,29.9,4.132,5.545,26.414
2026-09-09T05:20:11Z,2026-09-09T00:20:11Z,77.4,29.9,4.376,5.746,27.607
2026-09-09T05:21:11Z,2026-09-09T00:21:11Z,77.5,29.9,4.158,6.088,25.856
2026-09-09T05:22:12Z,2026-09-09T00:22:12Z,77.5,29.9,4.188,5.425,24.148
2026-09-09T05:23:12Z,2026-09-09T00:23:12Z,77.4,29.9,4.152,5.339,16.266
2026-09-09T05:24:12Z,2026-09-09T00:24:12Z,77.5,29.9,4.553,6.0,19.573
2026-09-09T05:25:12Z,2026-09-09T00:25:12Z,77.4,29.9,4.187,5.841,14.327
2026-09-09T05:26:12Z,2026-09-09T00:26:12Z,77.4,29.9,4.249,5.806,26.816
2026-09-09T05:27:12Z,2026-09-09T00:27:12Z,77.4,29.9,4.126,5.553,22.241
2026-09-09T05:28:12Z,2026-09-09T00:28:12Z,77.5,29.9,4.121,5.59,19.005
2026-09-09T05:29:12Z,2026-09-09T00:29:12Z,77.4,29.9,4.214,5.825,29.353
2026-09-09T05:30:12Z,2026-09-09T00:30:12Z,77.5,29.9,4.018,5.368,26.378
2026-09-09T05:31:12Z,2026-09-09T00:31:12Z,77.4,29.9,4.419,5.835,17.301
2026-09-09T05:32:12Z,2026-09-09T00:32:12Z,77.4,29.9,4.465,5.818,44.651
2026-09-09T05:33:12Z,2026-09-09T00:33:12Z,77.6,29.9,4.63,6.213,24.742
2026-09-09T05:34:12Z,2026-09-09T00:34:12Z,77.6,29.9,4.816,6.394,18.263
2026-09-09T05:35:12Z,2026-09-09T00:35:12Z,77.5,29.9,4.507,5.938,15.038
2026-09-09T05:36:12Z,2026-09-09T00:36:12Z,77.6,29.9,4.4,5.974,34.553
2026-09-09T05:37:12Z,2026-09-09T00:37:12Z,77.6,29.9,4.117,5.317,10.73
2026-09-09T05:38:12Z,2026-09-09T00:38:12Z,77.6,29.8,4.242,5.498,23.874
2026-09-09T05:39:12Z,2026-09-09T00:39:12Z,77.5,29.8,4.465,6.38,21.909
2026-09-09T05:40:12Z,2026-09-09T00:40:12Z,77.7,29.8,4.468,5.737,36.197
2026-09-09T05:41:12Z,2026-09-09T00:41:12Z,77.7,29.8,4.098,5.205,25.801
2026-09-09T05:42:12Z,2026-09-09T00:42:12Z,77.8,29.8,4.373,6.015,35.56
2026-09-09T05:43:13Z,2026-09-09T00:43:13Z,77.8,29.8,4.257,5.952,30.729
2026-09-09T05:44:13Z,2026-09-09T00:44:13Z,77.9,29.8,4.396,5.697,29.314
2026-09-09T05:45:13Z,2026-09-09T00:45:13Z,78.0,29.8,4.278,5.413,26.325
2026-09-09T05:46:13Z,2026-09-09T00:46:13Z,77.9,29.8,4.409,6.171,18.126
2026-09-09T05:47:13Z,2026-09-09T00:47:13Z,77.9,29.8,4.299,5.611,15.517
2026-09-09T05:48:13Z,2026-09-09T00:48:13Z,77.9,29.8,4.087,5.41,10.363
2026-09-09T05:49:13Z,2026-09-09T00:49:13Z,78.0,29.8,4.163,5.38,23.46
2026-09-09T05:50:13Z,2026-09-09T00:50:13Z,78.0,29.8,3.959,5.475,31.165
2026-09-09T05:51:13Z,2026-09-09T00:51:13Z,77.9,29.8,4.275,5.486,41.745
2026-09-09T05:52:13Z,2026-09-09T00:52:13Z,78.0,29.8,4.237,5.401,27.515
2026-09-09T05:53:13Z,2026-09-09T00:53:13Z,78.0,29.8,4.17,5.456,20.535
2026-09-09T05:54:13Z,2026-09-09T00:54:13Z,78.0,29.8,4.212,5.789,20.66
2026-09-09T05:55:13Z,2026-09-09T00:55:13Z,78.0,29.8,4.232,5.346,31.974
2026-09-09T05:56:13Z,2026-09-09T00:56:13Z,78.0,29.8,4.358,5.831,18.948
2026-09-09T05:57:13Z,2026-09-09T00:57:13Z,78.0,29.8,4.135,5.74,16.672
2026-09-09T05:58:13Z,2026-09-09T00:58:13Z,78.0,29.8,4.25,5.628,38.6
2026-09-09T05:59:13Z,2026-09-09T00:59:13Z,78.1,29.7,4.22,5.391,9.478
2026-09-09T06:00:13Z,2026-09-09T01:00:13Z,78.1,29.7,4.351,5.572,14.065
2026-09-09T06:01:13Z,2026-09-09T01:01:13Z,78.2,29.7,4.049,5.612,24.637
2026-09-09T06:02:14Z,2026-09-09T01:02:14Z,78.1,29.7,4.267,5.388,24.808
2026-09-09T06:03:14Z,2026-09-09T01:03:14Z,78.3,29.7,4.345,5.831,18.322
2026-09-09T06:04:14Z,2026-09-09T01:04:14Z,78.2,29.7,4.378,5.788,31.803
2026-09-09T06:05:14Z,2026-09-09T01:05:14Z,78.3,29.7,4.291,5.587,21.343
2026-09-09T06:06:14Z,2026-09-09T01:06:14Z,78.3,29.7,4.299,5.895,15.792
2026-09-09T06:07:14Z,2026-09-09T01:07:14Z,78.3,29.7,4.422,5.778,16.751
2026-09-09T06:08:14Z,2026-09-09T01:08:14Z,78.3,29.7,4.297,5.534,35.526
2026-09-09T06:09:14Z,2026-09-09T01:09:14Z,78.4,29.7,4.049,5.596,33.732
2026-09-09T06:10:14Z,2026-09-09T01:10:14Z,78.3,29.7,4.304,5.787,21.771
2026-09-09T06:11:14Z,2026-09-09T01:11:14Z,78.2,29.7,4.345,5.632,14.494
2026-09-09T06:12:14Z,2026-09-09T01:12:14Z,78.2,29.7,4.428,5.717,16.71
2026-09-09T06:13:14Z,2026-09-09T01:13:14Z,78.2,29.7,4.196,5.699,44.075
2026-09-09T06:14:14Z,2026-09-09T01:14:14Z,78.2,29.7,4.119,5.619,22.966
2026-09-09T06:15:14Z,2026-09-09T01:15:14Z,78.2,29.7,4.245,5.672,30.673
2026-09-09T06:16:14Z,2026-09-09T01:16:14Z,78.2,29.7,4.172,5.536,19.113
2026-09-09T06:17:14Z,2026-09-09T01:17:14Z,78.3,29.7,4.217,5.521,29.131
2026-09-09T06:18:14Z,2026-09-09T01:18:14Z,78.3,29.6,4.307,5.647,36.801
2026-09-09T06:19:14Z,2026-09-09T01:19:14Z,78.4,29.6,4.186,5.841,24.432
2026-09-09T06:20:14Z,2026-09-09T01:20:14Z,78.4,29.6,4.339,5.581,36.728
2026-09-09T06:21:14Z,2026-09-09T01:21:14Z,78.4,29.6,4.081,5.672,32.674
2026-09-09T06:22:15Z,2026-09-09T01:22:15Z,78.4,29.6,4.133,5.488,17.557
2026-09-09T06:23:15Z,2026-09-09T01:23:15Z,78.4,29.6,4.117,5.654,16.188
2026-09-09T06:24:15Z,2026-09-09T01:24:15Z,78.1,29.6,4.253,5.852,25.772
2026-09-09T06:25:11Z,2026-09-09T01:25:11Z,78.2,29.6,4.21,5.162,14.428
2026-09-09T06:26:12Z,2026-09-09T01:26:12Z,78.3,29.6,4.23,6.124,21.148
2026-09-09T06:27:12Z,2026-09-09T01:27:12Z,78.2,29.6,4.325,5.795,26.789
2026-09-09T06:28:12Z,2026-09-09T01:28:12Z,78.2,29.6,4.07,5.217,16.938
2026-09-09T06:29:12Z,2026-09-09T01:29:12Z,78.2,29.6,4.159,5.737,22.109
2026-09-09T06:30:12Z,2026-09-09T01:30:12Z,78.2,29.6,4.174,5.322,38.572
2026-09-09T06:31:12Z,2026-09-09T01:31:12Z,78.3,29.6,4.212,5.538,29.064
2026-09-09T06:32:12Z,2026-09-09T01:32:12Z,78.4,29.6,3.984,5.437,31.99
2026-09-09T06:33:12Z,2026-09-09T01:33:12Z,78.3,29.6,3.892,5.198,35.638
2026-09-09T06:34:12Z,2026-09-09T01:34:12Z,78.3,29.6,4.214,5.614,16.915
2026-09-09T06:35:12Z,2026-09-09T01:35:12Z,78.5,29.6,4.058,5.206,17.217
2026-09-09T06:36:12Z,2026-09-09T01:36:12Z,78.5,29.6,4.16,5.912,38.043
2026-09-09T06:37:12Z,2026-09-09T01:37:12Z,78.4,29.6,4.059,5.529,32.176
2026-09-09T06:38:12Z,2026-09-09T01:38:12Z,78.4,29.6,3.961,4.992,22.662
2026-09-09T06:39:12Z,2026-09-09T01:39:12Z,78.3,29.6,4.371,5.482,23.262
2026-09-09T06:40:12Z,2026-09-09T01:40:12Z,78.3,29.6,3.987,5.728,21.251
2026-09-09T06:41:12Z,2026-09-09T01:41:12Z,78.5,29.6,4.122,5.388,19.916
2026-09-09T06:42:12Z,2026-09-09T01:42:12Z,78.4,29.6,4.11,5.506,25.604
2026-09-09T06:43:12Z,2026-09-09T01:43:12Z,78.3,29.6,4.248,5.761,15.179
2026-09-09T06:44:12Z,2026-09-09T01:44:12Z,78.3,29.6,4.158,5.604,15.035
2026-09-09T06:45:12Z,2026-09-09T01:45:12Z,78.4,29.5,4.132,5.398,21.684
2026-09-09T06:46:12Z,2026-09-09T01:46:12Z,78.3,29.6,4.172,5.481,12.968
2026-09-09T06:47:13Z,2026-09-09T01:47:13Z,78.3,29.6,4.124,5.467,15.283
2026-09-09T06:48:13Z,2026-09-09T01:48:13Z,78.3,29.6,4.196,5.925,25.153
2026-09-09T06:49:13Z,2026-09-09T01:49:13Z,78.3,29.6,4.146,5.808,44.514
2026-09-09T06:50:13Z,2026-09-09T01:50:13Z,78.3,29.6,4.074,5.442,23.826
2026-09-09T06:51:13Z,2026-09-09T01:51:13Z,78.3,29.6,3.992,5.4,13.17
2026-09-09T06:52:13Z,2026-09-09T01:52:13Z,78.2,29.6,4.114,5.239,28.323
2026-09-09T06:53:13Z,2026-09-09T01:53:13Z,78.3,29.6,4.191,5.389,34.519
2026-09-09T06:54:13Z,2026-09-09T01:54:13Z,78.3,29.6,4.223,5.878,30.47
2026-09-09T06:55:13Z,2026-09-09T01:55:13Z,78.3,29.6,4.106,5.653,15.501
2026-09-09T06:56:13Z,2026-09-09T01:56:13Z,78.3,29.6,4.014,5.015,14.44
2026-09-09T06:57:13Z,2026-09-09T01:57:13Z,78.2,29.6,4.107,5.426,20.786
2026-09-09T06:58:13Z,2026-09-09T01:58:13Z,78.4,29.6,4.014,5.05,15.198
2026-09-09T06:59:13Z,2026-09-09T01:59:13Z,78.4,29.6,4.044,5.605,32.957
2026-09-09T07:00:13Z,2026-09-09T02:00:13Z,78.3,29.6,4.129,5.592,17.099
2026-09-09T07:01:13Z,2026-09-09T02:01:13Z,78.3,29.6,3.98,5.665,23.514
2026-09-09T07:02:13Z,2026-09-09T02:02:13Z,78.2,29.6,4.186,5.543,35.519
2026-09-09T07:03:13Z,2026-09-09T02:03:13Z,78.2,29.6,3.878,5.016,31.669
2026-09-09T07:04:13Z,2026-09-09T02:04:13Z,78.2,29.6,3.987,5.579,22.242
2026-09-09T07:05:13Z,2026-09-09T02:05:13Z,78.3,29.6,4.223,5.357,12.94
2026-09-09T07:06:13Z,2026-09-09T02:06:13Z,78.3,29.6,4.212,5.869,28.184
2026-09-09T07:07:14Z,2026-09-09T02:07:14Z,78.3,29.6,4.218,5.649,33.507
2026-09-09T07:08:14Z,2026-09-09T02:08:14Z,78.3,29.6,3.997,5.716,31.669
2026-09-09T07:09:14Z,2026-09-09T02:09:14Z,78.3,29.6,4.001,5.56,16.887
2026-09-09T07:10:14Z,2026-09-09T02:10:14Z,78.3,29.6,3.904,5.334,10.802
2026-09-09T07:11:14Z,2026-09-09T02:11:14Z,78.3,29.6,4.114,5.633,21.919
2026-09-09T07:12:14Z,2026-09-09T02:12:14Z,78.4,29.6,4.333,5.327,19.136
2026-09-09T07:13:14Z,2026-09-09T02:13:14Z,78.4,29.6,3.834,4.877,24.042
2026-09-09T07:14:14Z,2026-09-09T02:14:14Z,78.4,29.6,4.259,5.966,22.935
2026-09-09T07:15:14Z,2026-09-09T02:15:14Z,78.4,29.6,4.192,5.645,16.819
2026-09-09T07:16:14Z,2026-09-09T02:16:14Z,78.5,29.6,4.19,5.375,31.174
2026-09-09T07:17:14Z,2026-09-09T02:17:14Z,78.4,29.6,4.031,5.458,43.86
2026-09-09T07:18:14Z,2026-09-09T02:18:14Z,78.5,29.6,4.114,5.562,11.221
2026-09-09T07:19:14Z,2026-09-09T02:19:14Z,78.4,29.5,3.958,5.583,18.426
2026-09-09T07:20:14Z,2026-09-09T02:20:14Z,78.4,29.6,4.222,5.749,14.409
2026-09-09T07:21:14Z,2026-09-09T02:21:14Z,78.5,29.6,4.045,5.181,23.264
2026-09-09T07:22:14Z,2026-09-09T02:22:14Z,78.5,29.6,4.106,5.565,23.547
2026-09-09T07:23:14Z,2026-09-09T02:23:14Z,78.3,29.5,4.102,5.299,17.872
2026-09-09T07:24:14Z,2026-09-09T02:24:14Z,78.4,29.5,4.067,5.209,18.223
2026-09-09T07:25:14Z,2026-09-09T02:25:14Z,78.4,29.5,4.001,5.353,31.05
2026-09-09T07:26:14Z,2026-09-09T02:26:14Z,78.4,29.6,4.288,5.609,16.058
2026-09-09T07:27:14Z,2026-09-09T02:27:14Z,78.4,29.5,4.323,5.987,27.827
2026-09-09T07:28:15Z,2026-09-09T02:28:15Z,78.5,29.5,4.191,5.577,31.772
2026-09-09T07:29:15Z,2026-09-09T02:29:15Z,78.6,29.5,4.519,6.139,14.958
2026-09-09T07:30:15Z,2026-09-09T02:30:15Z,78.6,29.5,4.066,5.364,22.538
2026-09-09T07:31:15Z,2026-09-09T02:31:15Z,78.6,29.5,4.237,5.391,19.058
2026-09-09T07:32:15Z,2026-09-09T02:32:15Z,78.6,29.5,4.06,5.162,17.321
2026-09-09T07:33:15Z,2026-09-09T02:33:15Z,78.6,29.5,4.31,5.564,21.238
2026-09-09T07:34:15Z,2026-09-09T02:34:15Z,78.6,29.5,4.172,5.534,8.908
2026-09-09T07:35:12Z,2026-09-09T02:35:12Z,78.5,29.5,4.251,5.522,15.173
2026-09-09T07:36:12Z,2026-09-09T02:36:12Z,78.5,29.5,4.11,5.228,22.121
2026-09-09T07:37:12Z,2026-09-09T02:37:12Z,78.5,29.5,4.223,5.449,22.143
2026-09-09T07:38:12Z,2026-09-09T02:38:12Z,78.6,29.5,4.128,5.221,19.307
2026-09-09T07:39:12Z,2026-09-09T02:39:12Z,78.6,29.5,4.279,5.636,20.575
2026-09-09T07:40:12Z,2026-09-09T02:40:12Z,78.5,29.5,4.025,5.475,23.745
2026-09-09T07:41:12Z,2026-09-09T02:41:12Z,78.5,29.5,4.12,5.679,30.601
2026-09-09T07:42:12Z,2026-09-09T02:42:12Z,78.6,29.5,4.212,5.688,12.937
2026-09-09T07:43:12Z,2026-09-09T02:43:12Z,78.6,29.5,4.184,5.856,18.977
2026-09-09T07:44:12Z,2026-09-09T02:44:12Z,78.6,29.5,4.131,5.473,19.7
2026-09-09T07:45:12Z,2026-09-09T02:45:12Z,78.6,29.5,4.497,5.829,13.121
2026-09-09T07:46:12Z,2026-09-09T02:46:12Z,78.6,29.5,4.248,5.845,20.713
2026-09-09T07:47:12Z,2026-09-09T02:47:12Z,78.6,29.5,4.227,5.611,18.229
2026-09-09T07:48:12Z,2026-09-09T02:48:12Z,78.6,29.5,4.219,5.464,16.512
2026-09-09T07:49:12Z,2026-09-09T02:49:12Z,78.6,29.5,4.097,5.492,24.866
2026-09-09T07:50:12Z,2026-09-09T02:50:12Z,78.6,29.5,4.02,5.421,30.314
2026-09-09T07:51:12Z,2026-09-09T02:51:12Z,78.6,29.4,4.049,5.407,17.449
2026-09-09T07:52:13Z,2026-09-09T02:52:13Z,78.6,29.4,4.199,5.248,23.877
2026-09-09T07:53:13Z,2026-09-09T02:53:13Z,78.7,29.4,4.06,5.253,18.261
2026-09-09T07:54:13Z,2026-09-09T02:54:13Z,78.7,29.4,4.16,5.591,26.438
2026-09-09T07:55:13Z,2026-09-09T02:55:13Z,78.9,29.4,4.127,5.554,27.679
2026-09-09T07:56:13Z,2026-09-09T02:56:13Z,79.0,29.4,4.383,5.62,18.766
2026-09-09T07:57:13Z,2026-09-09T02:57:13Z,78.9,29.4,4.039,5.295,18.472
2026-09-09T07:58:13Z,2026-09-09T02:58:13Z,78.8,29.4,4.026,5.282,31.02
2026-09-09T07:59:13Z,2026-09-09T02:59:13Z,78.8,29.4,4.007,5.262,22.617
2026-09-09T08:00:13Z,2026-09-09T03:00:13Z,78.9,29.4,4.217,5.552,35.528
2026-09-09T08:01:13Z,2026-09-09T03:01:13Z,79.0,29.4,4.354,5.706,24.513
2026-09-09T08:02:13Z,2026-09-09T03:02:13Z,78.8,29.4,4.206,5.627,50.697
2026-09-09T08:03:13Z,2026-09-09T03:03:13Z,78.9,29.4,4.122,5.709,21.343
2026-09-09T08:04:13Z,2026-09-09T03:04:13Z,79.0,29.4,4.193,5.617,16.125
2026-09-09T08:05:13Z,2026-09-09T03:05:13Z,79.0,29.4,4.541,5.688,19.165
2026-09-09T08:06:13Z,2026-09-09T03:06:13Z,79.0,29.4,4.461,5.794,28.216
2026-09-09T08:07:13Z,2026-09-09T03:07:13Z,79.1,29.4,4.431,6.038,30.051
2026-09-09T08:08:13Z,2026-09-09T03:08:13Z,79.2,29.4,4.465,6.079,16.615
2026-09-09T08:09:13Z,2026-09-09T03:09:13Z,79.3,29.4,4.532,5.886,22.282
2026-09-09T08:10:14Z,2026-09-09T03:10:14Z,79.3,29.4,4.484,5.73,15.393
2026-09-09T08:11:14Z,2026-09-09T03:11:14Z,79.3,29.4,4.669,6.159,25.347
2026-09-09T08:12:14Z,2026-09-09T03:12:14Z,79.2,29.4,4.562,5.798,28.417
2026-09-09T08:13:14Z,2026-09-09T03:13:14Z,79.2,29.4,4.501,6.082,35.735
2026-09-09T08:14:14Z,2026-09-09T03:14:14Z,79.1,29.4,4.634,6.052,19.971
2026-09-09T08:15:14Z,2026-09-09T03:15:14Z,79.1,29.4,4.634,6.311,20.125
2026-09-09T08:16:14Z,2026-09-09T03:16:14Z,79.2,29.5,4.577,6.004,37.979
2026-09-09T08:17:14Z,2026-09-09T03:17:14Z,79.1,29.5,4.504,5.954,36.42
2026-09-09T08:18:14Z,2026-09-09T03:18:14Z,79.1,29.5,4.432,5.801,21.405
2026-09-09T08:19:14Z,2026-09-09T03:19:14Z,78.9,29.5,4.354,5.802,19.179
2026-09-09T08:20:14Z,2026-09-09T03:20:14Z,78.7,29.5,4.375,5.991,25.845
2026-09-09T08:21:14Z,2026-09-09T03:21:14Z,78.7,29.5,4.116,5.418,15.085
2026-09-09T08:22:14Z,2026-09-09T03:22:14Z,78.8,29.5,4.232,5.886,13.18
2026-09-09T08:23:14Z,2026-09-09T03:23:14Z,78.7,29.5,4.233,5.777,15.788
2026-09-09T08:24:14Z,2026-09-09T03:24:14Z,78.7,29.5,4.136,5.452,32.812
2026-09-09T08:25:14Z,2026-09-09T03:25:14Z,78.7,29.5,4.176,5.5,16.036
2026-09-09T08:26:14Z,2026-09-09T03:26:14Z,78.5,29.5,3.993,5.469,42.51
2026-09-09T08:27:14Z,2026-09-09T03:27:14Z,78.5,29.5,4.304,5.515,13.468
2026-09-09T08:28:14Z,2026-09-09T03:28:14Z,78.6,29.5,4.367,5.775,13.816
2026-09-09T08:29:14Z,2026-09-09T03:29:14Z,78.6,29.5,3.966,5.272,31.536
2026-09-09T08:30:14Z,2026-09-09T03:30:14Z,78.5,29.5,4.015,5.695,19.719
2026-09-09T08:31:14Z,2026-09-09T03:31:14Z,78.5,29.5,4.258,5.478,21.011
2026-09-09T08:32:15Z,2026-09-09T03:32:15Z,78.6,29.5,4.134,5.447,35.131
2026-09-09T08:33:15Z,2026-09-09T03:33:15Z,78.6,29.5,4.299,5.417,24.485
2026-09-09T08:34:15Z,2026-09-09T03:34:15Z,78.7,29.5,4.304,5.563,14.344
2026-09-09T08:35:15Z,2026-09-09T03:35:15Z,78.7,29.5,4.031,5.082,10.998
2026-09-09T08:36:15Z,2026-09-09T03:36:15Z,78.7,29.4,4.118,5.663,24.82
2026-09-09T08:37:15Z,2026-09-09T03:37:15Z,78.7,29.4,4.161,5.82,26.149
2026-09-09T08:38:15Z,2026-09-09T03:38:15Z,78.8,29.4,4.217,5.438,24.825
2026-09-09T08:39:15Z,2026-09-09T03:39:15Z,78.8,29.4,4.171,5.306,21.569
2026-09-09T08:40:15Z,2026-09-09T03:40:15Z,78.8,29.4,4.337,5.628,30.669
2026-09-09T08:41:15Z,2026-09-09T03:41:15Z,78.7,29.4,4.26,5.717,22.968
2026-09-09T08:42:15Z,2026-09-09T03:42:15Z,78.7,29.4,4.327,5.768,11.702
2026-09-09T08:43:15Z,2026-09-09T03:43:15Z,78.9,29.4,4.268,5.389,16.166
2026-09-09T08:44:15Z,2026-09-09T03:44:15Z,78.9,29.4,4.131,5.353,60.078
2026-09-09T08:45:15Z,2026-09-09T03:45:15Z,78.9,29.4,4.27,5.657,14.091
2026-09-09T08:46:15Z,2026-09-09T03:46:15Z,78.9,29.4,4.114,5.134,36.083
2026-09-09T08:47:15Z,2026-09-09T03:47:15Z,79.0,29.4,4.401,5.609,14.797
2026-09-09T08:48:15Z,2026-09-09T03:48:15Z,78.9,29.3,4.355,5.745,16.186
2026-09-09T08:49:15Z,2026-09-09T03:49:15Z,78.9,29.3,4.174,5.542,22.853
2026-09-09T08:50:12Z,2026-09-09T03:50:12Z,78.8,29.3,4.595,5.991,20.356
2026-09-09T08:51:12Z,2026-09-09T03:51:12Z,78.7,29.3,4.308,5.672,22.88
2026-09-09T08:52:12Z,2026-09-09T03:52:12Z,78.8,29.3,4.202,5.385,16.956
2026-09-09T08:53:12Z,2026-09-09T03:53:12Z,78.8,29.3,4.491,5.994,24.597
2026-09-09T08:54:12Z,2026-09-09T03:54:12Z,78.9,29.3,4.206,5.684,10.355
2026-09-09T08:55:12Z,2026-09-09T03:55:12Z,79.0,29.3,4.109,5.513,14.866
2026-09-09T08:56:12Z,2026-09-09T03:56:12Z,79.1,29.3,4.426,5.674,22.635
2026-09-09T08:57:12Z,2026-09-09T03:57:12Z,79.2,29.3,4.199,5.477,13.437
2026-09-09T08:58:12Z,2026-09-09T03:58:12Z,79.3,29.3,4.442,5.628,17.92
2026-09-09T08:59:13Z,2026-09-09T03:59:13Z,79.3,29.2,4.465,5.907,18.527
2026-09-09T09:00:13Z,2026-09-09T04:00:13Z,79.3,29.2,4.356,5.763,42.161
2026-09-09T09:01:13Z,2026-09-09T04:01:13Z,79.2,29.2,4.156,5.395,39.402
2026-09-09T09:02:13Z,2026-09-09T04:02:13Z,79.1,29.2,4.221,5.412,11.981
2026-09-09T09:03:13Z,2026-09-09T04:03:13Z,79.2,29.2,4.258,5.47,17.158
2026-09-09T09:04:13Z,2026-09-09T04:04:13Z,79.2,29.2,4.236,5.602,11.44
2026-09-09T09:05:13Z,2026-09-09T04:05:13Z,79.1,29.2,4.323,5.646,15.261
2026-09-09T09:06:13Z,2026-09-09T04:06:13Z,79.3,29.2,4.109,5.438,21.897
2026-09-09T09:07:13Z,2026-09-09T04:07:13Z,79.3,29.2,4.218,5.782,19.435
2026-09-09T09:08:13Z,2026-09-09T04:08:13Z,79.3,29.2,4.428,5.865,34.957
2026-09-09T09:09:13Z,2026-09-09T04:09:13Z,79.3,29.2,4.377,5.77,20.656
2026-09-09T09:10:13Z,2026-09-09T04:10:13Z,79.3,29.2,4.572,6.262,17.993
2026-09-09T09:11:13Z,2026-09-09T04:11:13Z,79.5,29.1,4.281,5.821,32.265
2026-09-09T09:12:13Z,2026-09-09T04:12:13Z,79.6,29.1,4.366,6.048,20.297
2026-09-09T09:13:13Z,2026-09-09T04:13:13Z,79.8,29.1,4.135,6.016,18.152
2026-09-09T09:14:13Z,2026-09-09T04:14:13Z,79.3,29.1,4.33,5.627,29.289
2026-09-09T09:15:13Z,2026-09-09T04:15:13Z,79.4,29.1,4.184,5.233,24.802
2026-09-09T09:16:13Z,2026-09-09T04:16:13Z,79.5,29.1,4.108,5.494,14.616
2026-09-09T09:17:13Z,2026-09-09T04:17:13Z,79.6,29.1,4.327,5.731,11.48
2026-09-09T09:18:13Z,2026-09-09T04:18:13Z,79.6,29.1,3.815,4.822,26.974
2026-09-09T09:19:13Z,2026-09-09T04:19:13Z,79.6,29.1,4.028,5.441,11.635
2026-09-09T09:20:14Z,2026-09-09T04:20:14Z,79.6,29.1,4.263,5.526,18.419
2026-09-09T09:21:14Z,2026-09-09T04:21:14Z,79.6,29.1,4.147,5.4,20.759
2026-09-09T09:22:14Z,2026-09-09T04:22:14Z,79.6,29.1,3.868,5.021,11.602
2026-09-09T09:23:14Z,2026-09-09T04:23:14Z,79.6,29.1,4.164,5.376,12.035
2026-09-09T09:24:14Z,2026-09-09T04:24:14Z,79.7,29.0,3.95,5.106,16.894
2026-09-09T09:25:14Z,2026-09-09T04:25:14Z,79.6,29.0,4.192,5.556,17.602
2026-09-09T09:26:14Z,2026-09-09T04:26:14Z,79.6,29.0,4.082,5.33,20.861
2026-09-09T09:27:14Z,2026-09-09T04:27:14Z,79.5,29.0,4.293,5.673,23.301
2026-09-09T09:28:14Z,2026-09-09T04:28:14Z,79.5,29.0,4.207,5.425,27.038
2026-09-09T09:29:14Z,2026-09-09T04:29:14Z,79.4,29.0,4.063,5.563,28.55
2026-09-09T09:30:14Z,2026-09-09T04:30:14Z,79.5,29.0,4.211,5.662,25.457
2026-09-09T09:31:14Z,2026-09-09T04:31:14Z,79.6,29.0,4.141,5.453,22.147
2026-09-09T09:32:14Z,2026-09-09T04:32:14Z,80.0,29.0,3.951,5.593,14.185
2026-09-09T09:33:14Z,2026-09-09T04:33:14Z,80.1,29.0,4.053,5.87,25.023
2026-09-09T09:34:14Z,2026-09-09T04:34:14Z,80.2,29.0,4.162,5.378,26.183
2026-09-09T09:35:14Z,2026-09-09T04:35:14Z,80.3,29.0,3.755,4.938,21.176
2026-09-09T09:36:14Z,2026-09-09T04:36:14Z,80.3,29.0,3.923,5.572,26.945
2026-09-09T09:37:14Z,2026-09-09T04:37:14Z,80.3,28.9,4.138,5.57,11.65
2026-09-09T09:38:14Z,2026-09-09T04:38:14Z,80.3,28.9,4.086,5.23,14.317
2026-09-09T09:39:14Z,2026-09-09T04:39:14Z,80.3,28.9,4.115,5.36,23.288
2026-09-09T09:40:15Z,2026-09-09T04:40:15Z,80.3,28.9,4.148,5.473,15.079
2026-09-09T09:41:15Z,2026-09-09T04:41:15Z,80.3,28.9,4.05,5.595,17.86
2026-09-09T09:42:15Z,2026-09-09T04:42:15Z,80.2,28.9,4.157,5.481,11.393
2026-09-09T09:43:15Z,2026-09-09T04:43:15Z,80.3,28.9,3.961,5.417,13.801
2026-09-09T09:44:15Z,2026-09-09T04:44:15Z,80.6,28.9,4.197,5.416,21.238
2026-09-09T09:45:15Z,2026-09-09T04:45:15Z,80.7,28.9,3.923,5.202,18.605
2026-09-09T09:46:15Z,2026-09-09T04:46:15Z,80.5,28.9,3.922,5.266,15.054
2026-09-09T09:47:15Z,2026-09-09T04:47:15Z,80.5,28.8,4.079,5.716,19.051
2026-09-09T09:48:15Z,2026-09-09T04:48:15Z,80.5,28.8,4.081,5.522,20.038
2026-09-09T09:49:15Z,2026-09-09T04:49:15Z,80.6,28.8,4.056,5.481,18.92
2026-09-09T09:50:15Z,2026-09-09T04:50:15Z,80.6,28.8,3.835,5.091,22.797
2026-09-09T09:51:15Z,2026-09-09T04:51:15Z,80.7,28.8,4.121,5.773,14.825
2026-09-09T09:52:15Z,2026-09-09T04:52:15Z,80.8,28.8,4.176,5.942,11.615
2026-09-09T09:53:15Z,2026-09-09T04:53:15Z,80.8,28.8,4.064,5.606,23.586
2026-09-09T09:54:15Z,2026-09-09T04:54:15Z,80.7,28.8,4.095,5.504,15.453
2026-09-09T09:55:15Z,2026-09-09T04:55:15Z,80.8,28.8,4.005,5.182,23.21
2026-09-09T09:56:15Z,2026-09-09T04:56:15Z,80.8,28.8,4.037,5.527,15.569
2026-09-09T09:57:15Z,2026-09-09T04:57:15Z,80.7,28.8,4.042,5.488,29.218
2026-09-09T09:58:15Z,2026-09-09T04:58:15Z,80.7,28.8,3.818,5.266,21.098
2026-09-09T09:59:15Z,2026-09-09T04:59:15Z,80.7,28.8,4.112,5.569,29.906
2026-09-09T10:00:12Z,2026-09-09T05:00:12Z,80.8,28.8,4.149,5.561,17.909
2026-09-09T10:01:12Z,2026-09-09T05:01:12Z,80.8,28.8,4.093,5.678,15.751
2026-09-09T10:02:12Z,2026-09-09T05:02:12Z,80.7,28.8,4.216,5.633,24.7
2026-09-09T10:03:12Z,2026-09-09T05:03:12Z,80.7,28.8,4.153,5.634,16.426
2026-09-09T10:04:12Z,2026-09-09T05:04:12Z,80.8,28.8,3.975,5.263,26.014
2026-09-09T10:05:13Z,2026-09-09T05:05:13Z,80.7,28.7,4.008,5.157,20.087
2026-09-09T10:06:13Z,2026-09-09T05:06:13Z,80.8,28.7,4.078,5.515,16.548
2026-09-09T10:07:13Z,2026-09-09T05:07:13Z,80.9,28.7,3.8,5.188,19.857
2026-09-09T10:08:13Z,2026-09-09T05:08:13Z,80.8,28.7,4.237,6.046,18.126
2026-09-09T10:09:13Z,2026-09-09T05:09:13Z,80.8,28.7,4.154,5.607,22.126
2026-09-09T10:10:13Z,2026-09-09T05:10:13Z,80.9,28.7,4.091,5.228,15.67
2026-09-09T10:11:13Z,2026-09-09T05:11:13Z,80.9,28.7,4.246,5.621,19.92
2026-09-09T10:12:13Z,2026-09-09T05:12:13Z,81.0,28.7,4.004,5.306,34.77
2026-09-09T10:13:13Z,2026-09-09T05:13:13Z,81.1,28.7,3.796,4.909,18.826
2026-09-09T10:14:13Z,2026-09-09T05:14:13Z,81.1,28.7,3.833,5.416,28.706
2026-09-09T10:15:13Z,2026-09-09T05:15:13Z,81.0,28.7,4.005,5.231,18.812
2026-09-09T10:16:13Z,2026-09-09T05:16:13Z,81.1,28.7,3.91,5.374,10.798
2026-09-09T10:17:13Z,2026-09-09T05:17:13Z,81.1,28.7,4.038,5.46,19.836
2026-09-09T10:18:13Z,2026-09-09T05:18:13Z,81.0,28.7,4.174,5.524,10.759
2026-09-09T10:19:13Z,2026-09-09T05:19:13Z,81.0,28.7,4.119,5.355,18.586
2026-09-09T10:20:13Z,2026-09-09T05:20:13Z,81.1,28.7,4.097,5.541,9.978
2026-09-09T10:21:13Z,2026-09-09T05:21:13Z,81.1,28.7,4.041,5.161,19.396
2026-09-09T10:22:13Z,2026-09-09T05:22:13Z,81.0,28.7,3.884,5.175,16.76
2026-09-09T10:23:13Z,2026-09-09T05:23:13Z,80.8,28.7,3.99,5.526,25.39
2026-09-09T10:24:13Z,2026-09-09T05:24:13Z,80.6,28.7,4.208,6.014,16.779
2026-09-09T10:25:13Z,2026-09-09T05:25:13Z,80.4,28.7,4.043,5.436,19.406
2026-09-09T10:26:13Z,2026-09-09T05:26:13Z,80.5,28.7,3.928,5.246,13.398
2026-09-09T10:27:14Z,2026-09-09T05:27:14Z,80.7,28.7,3.994,5.168,30.403
2026-09-09T10:28:14Z,2026-09-09T05:28:14Z,80.8,28.7,3.701,4.957,14.25
2026-09-09T10:29:14Z,2026-09-09T05:29:14Z,80.9,28.7,3.858,5.172,21.607
2026-09-09T10:30:14Z,2026-09-09T05:30:14Z,80.8,28.7,3.85,5.179,18.423
2026-09-09T10:31:14Z,2026-09-09T05:31:14Z,80.7,28.7,4.094,5.811,19.78
2026-09-09T10:32:14Z,2026-09-09T05:32:14Z,80.6,28.7,3.941,5.346,26.415
2026-09-09T10:33:14Z,2026-09-09T05:33:14Z,80.6,28.7,4.063,5.528,17.473
2026-09-09T10:34:14Z,2026-09-09T05:34:14Z,80.7,28.7,3.859,5.361,10.159
2026-09-09T10:35:14Z,2026-09-09T05:35:14Z,80.7,28.7,3.984,5.451,29.504
2026-09-09T10:36:14Z,2026-09-09T05:36:14Z,80.7,28.7,3.872,5.404,18.212
2026-09-09T10:37:14Z,2026-09-09T05:37:14Z,80.7,28.7,4.17,5.465,23.534
2026-09-09T10:38:14Z,2026-09-09T05:38:14Z,80.5,28.7,4.122,5.35,21.388
2026-09-09T10:39:14Z,2026-09-09T05:39:14Z,80.8,28.7,4.096,5.41,43.851
2026-09-09T10:40:14Z,2026-09-09T05:40:14Z,80.8,28.7,4.226,6.004,14.836
2026-09-09T10:41:14Z,2026-09-09T05:41:14Z,80.8,28.7,3.956,5.272,13.539
2026-09-09T10:42:14Z,2026-09-09T05:42:14Z,80.8,28.7,4.183,5.636,43.074
2026-09-09T10:43:14Z,2026-09-09T05:43:14Z,80.9,28.7,4.159,6.013,36.381
2026-09-09T10:44:14Z,2026-09-09T05:44:14Z,80.9,28.7,4.425,6.207,17.681
2026-09-09T10:45:14Z,2026-09-09T05:45:14Z,80.9,28.7,4.117,5.913,15.698
2026-09-09T10:46:14Z,2026-09-09T05:46:14Z,81.0,28.7,3.979,5.487,23.321
2026-09-09T10:47:14Z,2026-09-09T05:47:14Z,80.9,28.7,4.145,5.452,12.464
2026-09-09T10:48:15Z,2026-09-09T05:48:15Z,80.8,28.7,4.149,5.369,19.625
2026-09-09T10:49:15Z,2026-09-09T05:49:15Z,80.8,28.7,4.289,6.297,30.797
2026-09-09T10:50:15Z,2026-09-09T05:50:15Z,80.8,28.7,4.246,5.712,22.666
2026-09-09T10:51:15Z,2026-09-09T05:51:15Z,80.8,28.7,4.232,5.839,20.693
2026-09-09T10:52:15Z,2026-09-09T05:52:15Z,80.8,28.7,3.987,5.349,27.718
2026-09-09T10:53:15Z,2026-09-09T05:53:15Z,81.0,28.7,4.144,5.711,12.508
2026-09-09T10:54:15Z,2026-09-09T05:54:15Z,81.1,28.7,4.335,6.035,32.861
2026-09-09T10:55:15Z,2026-09-09T05:55:15Z,81.0,28.7,4.242,5.605,19.951
2026-09-09T10:56:15Z,2026-09-09T05:56:15Z,81.0,28.7,4.385,5.784,50.172
2026-09-09T10:57:15Z,2026-09-09T05:57:15Z,81.1,28.7,4.339,5.927,19.306
2026-09-09T10:58:15Z,2026-09-09T05:58:15Z,81.2,28.7,4.287,5.822,31.819
2026-09-09T10:59:15Z,2026-09-09T05:59:15Z,81.3,28.7,4.368,6.24,26.961
2026-09-09T11:00:15Z,2026-09-09T06:00:15Z,81.2,28.7,4.164,5.673,14.112
2026-09-09T11:01:15Z,2026-09-09T06:01:15Z,81.2,28.7,4.236,5.889,18.744
2026-09-09T11:02:15Z,2026-09-09T06:02:15Z,81.2,28.7,4.221,5.818,22.558
2026-09-09T11:03:15Z,2026-09-09T06:03:15Z,81.2,28.7,4.261,5.824,36.394
2026-09-09T11:04:15Z,2026-09-09T06:04:15Z,81.3,28.7,4.469,5.805,27.543
2026-09-09T11:05:15Z,2026-09-09T06:05:15Z,81.3,28.7,4.543,6.123,27.964
2026-09-09T11:06:15Z,2026-09-09T06:06:15Z,81.4,28.7,4.273,5.59,42.082
2026-09-09T11:07:15Z,2026-09-09T06:07:15Z,81.4,28.7,4.524,5.886,42.24
2026-09-09T11:08:15Z,2026-09-09T06:08:15Z,81.4,28.7,4.198,5.571,23.799
2026-09-09T11:09:15Z,2026-09-09T06:09:15Z,81.4,28.7,4.325,5.388,19.339
2026-09-09T11:10:15Z,2026-09-09T06:10:15Z,81.5,28.7,4.303,5.533,18.541
2026-09-09T11:11:16Z,2026-09-09T06:11:16Z,81.4,28.7,4.476,5.871,20.919
2026-09-09T11:12:16Z,2026-09-09T06:12:16Z,81.4,28.7,4.451,5.931,24.292
2026-09-09T11:13:16Z,2026-09-09T06:13:16Z,81.5,28.7,4.288,5.403,25.633
2026-09-09T11:14:16Z,2026-09-09T06:14:16Z,81.4,28.7,4.337,5.723,23.533
2026-09-09T11:15:13Z,2026-09-09T06:15:13Z,81.5,28.6,4.145,5.853,22.42
2026-09-09T11:16:13Z,2026-09-09T06:16:13Z,81.5,28.7,4.153,5.331,15.036
2026-09-09T11:17:13Z,2026-09-09T06:17:13Z,81.4,28.6,4.38,5.715,27.876
2026-09-09T11:18:13Z,2026-09-09T06:18:13Z,81.4,28.6,4.492,6.079,32.589
2026-09-09T11:19:13Z,2026-09-09T06:19:13Z,81.3,28.7,4.518,5.813,16.184
2026-09-09T11:20:13Z,2026-09-09T06:20:13Z,81.3,28.7,4.555,5.844,25.152
2026-09-09T11:21:13Z,2026-09-09T06:21:13Z,81.4,28.7,4.242,5.639,19.004
2026-09-09T11:22:13Z,2026-09-09T06:22:13Z,81.4,28.7,4.314,5.626,30.727
2026-09-09T11:23:13Z,2026-09-09T06:23:13Z,81.5,28.7,4.252,6.168,20.801
2026-09-09T11:24:13Z,2026-09-09T06:24:13Z,81.7,28.7,4.308,5.559,12.112
2026-09-09T11:25:13Z,2026-09-09T06:25:13Z,81.7,28.7,4.576,5.851,12.271
2026-09-09T11:26:13Z,2026-09-09T06:26:13Z,81.7,28.7,4.45,6.155,31.754
2026-09-09T11:27:13Z,2026-09-09T06:27:13Z,81.7,28.7,4.277,5.577,18.328
2026-09-09T11:28:13Z,2026-09-09T06:28:13Z,81.7,28.7,4.18,5.693,28.196
2026-09-09T11:29:13Z,2026-09-09T06:29:13Z,81.6,28.7,4.432,5.947,11.134
2026-09-09T11:30:13Z,2026-09-09T06:30:13Z,81.6,28.6,4.669,6.099,16.618
2026-09-09T11:31:13Z,2026-09-09T06:31:13Z,81.6,28.6,4.512,5.787,8.92
2026-09-09T11:32:13Z,2026-09-09T06:32:13Z,81.6,28.6,4.366,5.718,29.944
2026-09-09T11:33:13Z,2026-09-09T06:33:13Z,81.6,28.6,4.488,5.7,20.24
2026-09-09T11:34:13Z,2026-09-09T06:34:13Z,81.6,28.6,4.557,5.873,16.048
2026-09-09T11:35:14Z,2026-09-09T06:35:14Z,81.7,28.6,4.42,5.804,19.304
2026-09-09T11:36:14Z,2026-09-09T06:36:14Z,81.8,28.6,4.659,6.476,13.889
2026-09-09T11:37:14Z,2026-09-09T06:37:14Z,81.8,28.6,4.559,5.997,26.14
2026-09-09T11:38:14Z,2026-09-09T06:38:14Z,81.9,28.6,4.549,5.796,25.43
2026-09-09T11:39:14Z,2026-09-09T06:39:14Z,82.0,28.6,4.721,5.988,26.23
2026-09-09T11:40:14Z,2026-09-09T06:40:14Z,82.0,28.6,4.843,6.066,24.025
2026-09-09T11:41:14Z,2026-09-09T06:41:14Z,82.1,28.6,4.511,5.678,27.311
2026-09-09T11:42:14Z,2026-09-09T06:42:14Z,82.0,28.6,4.634,6.172,25.106
2026-09-09T11:43:14Z,2026-09-09T06:43:14Z,82.2,28.6,4.679,6.531,32.669
2026-09-09T11:44:14Z,2026-09-09T06:44:14Z,82.2,28.6,4.933,6.604,44.665
2026-09-09T11:45:14Z,2026-09-09T06:45:14Z,82.3,28.6,4.8,6.626,27.883
2026-09-09T11:46:14Z,2026-09-09T06:46:14Z,82.4,28.6,5.347,7.014,34.917
2026-09-09T11:47:14Z,2026-09-09T06:47:14Z,82.5,28.6,4.846,6.545,17.395
2026-09-09T11:48:14Z,2026-09-09T06:48:14Z,82.5,28.6,4.932,6.586,25.044
2026-09-09T11:49:14Z,2026-09-09T06:49:14Z,82.6,28.6,5.165,6.595,23.114
2026-09-09T11:50:14Z,2026-09-09T06:50:14Z,82.5,28.6,4.98,6.746,36.921
2026-09-09T11:51:14Z,2026-09-09T06:51:14Z,82.6,28.6,4.898,6.565,25.41
2026-09-09T11:52:14Z,2026-09-09T06:52:14Z,82.6,28.6,5.234,6.837,27.691
2026-09-09T11:53:14Z,2026-09-09T06:53:14Z,82.6,28.6,4.903,6.612,30.22
2026-09-09T11:54:14Z,2026-09-09T06:54:14Z,82.6,28.6,5.317,6.81,35.792
2026-09-09T11:55:14Z,2026-09-09T06:55:14Z,82.7,28.6,5.11,6.622,25.279
2026-09-09T11:56:14Z,2026-09-09T06:56:14Z,82.7,28.6,5.041,6.772,29.378
2026-09-09T11:57:15Z,2026-09-09T06:57:15Z,82.7,28.6,5.266,7.114,20.032
2026-09-09T11:58:15Z,2026-09-09T06:58:15Z,82.7,28.6,5.28,6.924,27.315
2026-09-09T11:59:15Z,2026-09-09T06:59:15Z,82.6,28.6,5.089,6.699,17.847
2026-09-09T12:00:15Z,2026-09-09T07:00:15Z,82.6,28.6,4.824,6.435,30.639
2026-09-09T12:01:15Z,2026-09-09T07:01:15Z,82.6,28.6,5.225,6.725,31.322
2026-09-09T12:02:15Z,2026-09-09T07:02:15Z,82.6,28.6,5.034,6.577,33.083
2026-09-09T12:03:15Z,2026-09-09T07:03:15Z,82.6,28.6,5.346,6.813,29.287
2026-09-09T12:04:15Z,2026-09-09T07:04:15Z,82.6,28.6,5.502,7.122,35.225
2026-09-09T12:05:15Z,2026-09-09T07:05:15Z,82.6,28.6,5.292,6.825,32.911
2026-09-09T12:06:15Z,2026-09-09T07:06:15Z,82.6,28.6,5.249,7.178,34.747
2026-09-09T12:07:15Z,2026-09-09T07:07:15Z,82.6,28.6,5.315,6.953,22.986
2026-09-09T12:08:15Z,2026-09-09T07:08:15Z,82.7,28.6,5.39,7.281,32.271
2026-09-09T12:09:15Z,2026-09-09T07:09:15Z,82.6,28.6,5.391,7.063,35.264
2026-09-09T12:10:15Z,2026-09-09T07:10:15Z,82.6,28.6,5.196,6.992,39.751
2026-09-09T12:11:15Z,2026-09-09T07:11:15Z,82.5,28.6,5.471,7.048,23.83
2026-09-09T12:12:15Z,2026-09-09T07:12:15Z,82.5,28.7,5.468,7.349,54.546
2026-09-09T12:13:15Z,2026-09-09T07:13:15Z,82.5,28.7,5.442,7.433,36.011
2026-09-09T12:14:15Z,2026-09-09T07:14:15Z,82.5,28.7,5.506,7.172,26.105
2026-09-09T12:15:15Z,2026-09-09T07:15:15Z,82.5,28.7,5.679,7.269,38.719
2026-09-09T12:16:16Z,2026-09-09T07:16:16Z,82.6,28.7,5.298,6.637,21.846
2026-09-09T12:17:16Z,2026-09-09T07:17:16Z,82.5,28.7,5.247,7.014,28.089
2026-09-09T12:18:16Z,2026-09-09T07:18:16Z,82.5,28.7,5.19,6.882,19.189
2026-09-09T12:19:16Z,2026-09-09T07:19:16Z,82.5,28.7,5.542,7.173,25.088
2026-09-09T12:20:16Z,2026-09-09T07:20:16Z,82.5,28.7,5.47,7.056,26.091
2026-09-09T12:21:16Z,2026-09-09T07:21:16Z,82.4,28.7,5.317,6.935,24.354
2026-09-09T12:22:16Z,2026-09-09T07:22:16Z,82.5,28.7,5.13,6.509,35.53
2026-09-09T12:23:16Z,2026-09-09T07:23:16Z,82.4,28.7,5.32,6.911,29.881
2026-09-09T12:24:16Z,2026-09-09T07:24:16Z,82.5,28.7,5.247,7.438,32.727
2026-09-09T12:25:16Z,2026-09-09T07:25:16Z,82.4,28.7,5.506,7.163,26.703
2026-09-09T12:26:16Z,2026-09-09T07:26:16Z,82.4,28.7,5.76,7.598,24.433
2026-09-09T12:27:16Z,2026-09-09T07:27:16Z,82.4,28.7,5.733,7.746,41.17
2026-09-09T12:28:16Z,2026-09-09T07:28:16Z,82.4,28.7,5.914,7.544,41.723
2026-09-09T12:29:16Z,2026-09-09T07:29:16Z,82.3,28.8,5.859,7.868,28.352
2026-09-09T12:30:16Z,2026-09-09T07:30:16Z,82.3,28.8,5.728,7.58,25.191
2026-09-09T12:31:16Z,2026-09-09T07:31:16Z,82.3,28.8,5.772,7.733,27.936
2026-09-09T12:32:16Z,2026-09-09T07:32:16Z,82.2,28.8,5.579,7.259,38.005
2026-09-09T12:33:16Z,2026-09-09T07:33:16Z,82.1,28.8,5.705,7.535,39.966
2026-09-09T12:34:16Z,2026-09-09T07:34:16Z,82.1,28.8,6.019,7.733,27.069
2026-09-09T12:35:16Z,2026-09-09T07:35:16Z,82.1,28.8,5.712,7.587,46.104
2026-09-09T12:36:16Z,2026-09-09T07:36:16Z,82.3,28.9,5.926,7.51,27.277
2026-09-09T12:37:16Z,2026-09-09T07:37:16Z,82.1,28.9,5.81,7.607,33.414
2026-09-09T12:38:16Z,2026-09-09T07:38:16Z,82.1,28.9,6.062,7.802,29.148
2026-09-09T12:39:17Z,2026-09-09T07:39:17Z,82.1,28.9,6.01,7.841,43.963
2026-09-09T12:40:13Z,2026-09-09T07:40:13Z,82.1,28.9,5.705,7.421,25.058
2026-09-09T12:41:13Z,2026-09-09T07:41:13Z,81.9,28.9,6.072,7.836,38.103
2026-09-09T12:42:13Z,2026-09-09T07:42:13Z,81.8,28.9,6.322,8.001,34.952
2026-09-09T12:43:13Z,2026-09-09T07:43:13Z,81.8,28.9,5.99,7.849,32.989
2026-09-09T12:44:13Z,2026-09-09T07:44:13Z,81.7,29.0,6.125,8.303,31.2
2026-09-09T12:45:13Z,2026-09-09T07:45:13Z,81.7,29.0,6.264,8.35,37.723
2026-09-09T12:46:13Z,2026-09-09T07:46:13Z,81.7,29.0,6.569,8.621,29.394
2026-09-09T12:47:14Z,2026-09-09T07:47:14Z,81.7,29.0,6.585,8.4,39.225
2026-09-09T12:48:14Z,2026-09-09T07:48:14Z,81.7,29.0,6.285,8.449,46.59
2026-09-09T12:49:14Z,2026-09-09T07:49:14Z,81.7,29.0,6.492,8.774,56.709
2026-09-09T12:50:14Z,2026-09-09T07:50:14Z,81.5,29.0,6.8,9.218,53.243
2026-09-09T12:51:14Z,2026-09-09T07:51:14Z,81.6,29.0,6.67,8.82,44.141
2026-09-09T12:52:14Z,2026-09-09T07:52:14Z,81.5,29.1,6.552,8.736,45.428
2026-09-09T12:53:14Z,2026-09-09T07:53:14Z,81.3,29.1,6.736,9.45,58.846
2026-09-09T12:54:14Z,2026-09-09T07:54:14Z,81.5,29.1,6.818,8.751,48.351
2026-09-09T12:55:14Z,2026-09-09T07:55:14Z,81.5,29.1,6.883,9.099,59.879
2026-09-09T12:56:14Z,2026-09-09T07:56:14Z,81.5,29.2,6.877,9.528,59.625
2026-09-09T12:57:14Z,2026-09-09T07:57:14Z,81.3,29.2,6.996,9.328,40.816
2026-09-09T12:58:14Z,2026-09-09T07:58:14Z,81.2,29.2,7.052,9.456,44.146
2026-09-09T12:59:14Z,2026-09-09T07:59:14Z,80.9,29.2,6.66,9.066,47.518
2026-09-09T13:00:14Z,2026-09-09T08:00:14Z,81.0,29.3,7.036,9.373,30.284
2026-09-09T13:01:14Z,2026-09-09T08:01:14Z,81.1,29.3,7.165,9.625,49.254
2026-09-09T13:02:14Z,2026-09-09T08:02:14Z,80.9,29.3,7.321,9.761,42.283
2026-09-09T13:03:14Z,2026-09-09T08:03:14Z,80.7,29.3,7.55,9.808,43.527
2026-09-09T13:04:14Z,2026-09-09T08:04:14Z,80.7,29.3,7.483,9.708,41.374
2026-09-09T13:05:14Z,2026-09-09T08:05:14Z,80.9,29.4,6.962,8.954,53.691
2026-09-09T13:06:14Z,2026-09-09T08:06:14Z,80.8,29.4,6.949,9.122,43.067
2026-09-09T13:07:14Z,2026-09-09T08:07:14Z,80.8,29.4,6.94,9.41,41.447
2026-09-09T13:08:14Z,2026-09-09T08:08:14Z,80.7,29.4,7.104,9.114,55.515
2026-09-09T13:09:15Z,2026-09-09T08:09:15Z,80.8,29.4,7.275,9.353,29.239
2026-09-09T13:10:15Z,2026-09-09T08:10:15Z,80.8,29.4,7.125,9.388,47.804
2026-09-09T13:11:15Z,2026-09-09T08:11:15Z,80.6,29.4,7.421,9.584,42.704
2026-09-09T13:12:15Z,2026-09-09T08:12:15Z,80.6,29.4,7.022,9.343,36.753
2026-09-09T13:13:15Z,2026-09-09T08:13:15Z,80.5,29.4,7.357,9.506,31.73
2026-09-09T13:14:15Z,2026-09-09T08:14:15Z,80.4,29.4,6.818,9.387,45.522
2026-09-09T13:15:15Z,2026-09-09T08:15:15Z,80.5,29.4,6.989,9.621,57.996
2026-09-09T13:16:15Z,2026-09-09T08:16:15Z,80.6,29.5,6.865,9.076,51.544
2026-09-09T13:17:15Z,2026-09-09T08:17:15Z,80.5,29.5,7.006,8.99,54.249
2026-09-09T13:18:15Z,2026-09-09T08:18:15Z,80.5,29.5,6.973,9.024,30.192
2026-09-09T13:19:15Z,2026-09-09T08:19:15Z,80.4,29.5,6.83,9.232,36.915
2026-09-09T13:20:15Z,2026-09-09T08:20:15Z,80.2,29.5,7.32,9.655,44.86
2026-09-09T13:21:15Z,2026-09-09T08:21:15Z,80.3,29.5,7.175,9.289,52.215
2026-09-09T13:22:15Z,2026-09-09T08:22:15Z,80.3,29.5,7.098,9.089,50.44
2026-09-09T13:23:15Z,2026-09-09T08:23:15Z,80.3,29.5,7.159,9.71,40.013
2026-09-09T13:24:15Z,2026-09-09T08:24:15Z,80.1,29.5,6.899,9.279,44.198
2026-09-09T13:25:15Z,2026-09-09T08:25:15Z,80.1,29.5,7.141,9.497,40.957
2026-09-09T13:26:15Z,2026-09-09T08:26:15Z,80.1,29.5,6.826,9.069,31.424
2026-09-09T13:27:15Z,2026-09-09T08:27:15Z,79.9,29.5,7.405,9.485,66.851
2026-09-09T13:28:16Z,2026-09-09T08:28:16Z,80.0,29.5,7.156,9.378,43.71
2026-09-09T13:29:16Z,2026-09-09T08:29:16Z,80.3,29.5,6.915,9.132,28.21
2026-09-09T13:30:16Z,2026-09-09T08:30:16Z,80.4,29.5,6.965,9.326,22.445
2026-09-09T13:31:16Z,2026-09-09T08:31:16Z,80.1,29.5,6.973,9.211,67.394
2026-09-09T13:32:16Z,2026-09-09T08:32:16Z,80.0,29.5,7.235,9.365,40.331
2026-09-09T13:33:16Z,2026-09-09T08:33:16Z,80.3,29.6,6.676,8.76,44.941
2026-09-09T13:34:16Z,2026-09-09T08:34:16Z,80.2,29.6,6.992,8.874,44.203
2026-09-09T13:35:16Z,2026-09-09T08:35:16Z,80.5,29.6,6.686,8.705,50.228
2026-09-09T13:36:16Z,2026-09-09T08:36:16Z,80.4,29.6,6.588,8.646,60.82
2026-09-09T13:37:16Z,2026-09-09T08:37:16Z,80.3,29.6,6.741,8.774,38.552
2026-09-09T13:38:16Z,2026-09-09T08:38:16Z,80.2,29.6,6.938,9.176,37.806
2026-09-09T13:39:16Z,2026-09-09T08:39:16Z,80.4,29.6,6.787,8.982,34.475
2026-09-09T13:40:16Z,2026-09-09T08:40:16Z,80.2,29.6,7.028,9.202,44.752
2026-09-09T13:41:16Z,2026-09-09T08:41:16Z,80.3,29.6,7.134,9.239,31.0
2026-09-09T13:42:16Z,2026-09-09T08:42:16Z,80.1,29.6,7.047,9.379,50.073
2026-09-09T13:43:16Z,2026-09-09T08:43:16Z,80.2,29.6,7.165,9.642,50.899
2026-09-09T13:44:16Z,2026-09-09T08:44:16Z,80.3,29.6,6.802,8.905,40.352
2026-09-09T13:45:16Z,2026-09-09T08:45:16Z,80.2,29.6,7.235,9.241,51.506
2026-09-09T13:46:16Z,2026-09-09T08:46:16Z,80.1,29.7,6.625,8.684,27.785
2026-09-09T13:47:16Z,2026-09-09T08:47:16Z,80.2,29.7,6.51,8.439,47.931
2026-09-09T13:48:16Z,2026-09-09T08:48:16Z,80.1,29.7,7.082,9.012,32.168
2026-09-09T13:49:16Z,2026-09-09T08:49:16Z,80.3,29.7,6.788,9.332,51.671
2026-09-09T13:50:16Z,2026-09-09T08:50:16Z,80.4,29.7,7.026,9.299,45.918
2026-09-09T13:51:17Z,2026-09-09T08:51:17Z,80.2,29.7,7.284,9.525,32.374
2026-09-09T13:52:17Z,2026-09-09T08:52:17Z,80.2,29.7,7.165,9.811,49.368
2026-09-09T13:53:17Z,2026-09-09T08:53:17Z,80.1,29.7,7.415,9.699,21.704
2026-09-09T13:54:17Z,2026-09-09T08:54:17Z,80.2,29.7,7.196,9.199,42.491
2026-09-09T13:55:17Z,2026-09-09T08:55:17Z,80.2,29.8,7.595,9.766,42.503
2026-09-09T13:56:17Z,2026-09-09T08:56:17Z,80.4,29.8,7.424,9.601,43.598
2026-09-09T13:57:17Z,2026-09-09T08:57:17Z,80.2,29.8,7.162,9.428,50.328
2026-09-09T13:58:17Z,2026-09-09T08:58:17Z,80.3,29.8,7.313,9.6,62.222
2026-09-09T13:59:17Z,2026-09-09T08:59:17Z,80.3,29.8,7.388,9.389,53.33
2026-09-09T14:00:17Z,2026-09-09T09:00:17Z,80.2,29.8,7.244,9.481,44.393
2026-09-09T14:01:17Z,2026-09-09T09:01:17Z,80.1,29.8,7.414,9.633,46.021
2026-09-09T14:02:17Z,2026-09-09T09:02:17Z,80.2,29.8,7.571,9.844,132.723
2026-09-09T14:03:17Z,2026-09-09T09:03:17Z,80.1,29.8,6.864,8.966,24.448
2026-09-09T14:04:17Z,2026-09-09T09:04:17Z,80.1,29.8,7.512,9.61,50.657
2026-09-09T14:05:14Z,2026-09-09T09:05:14Z,80.2,29.8,7.386,9.792,38.004
2026-09-09T14:06:14Z,2026-09-09T09:06:14Z,80.3,29.8,7.77,10.103,57.674
2026-09-09T14:07:14Z,2026-09-09T09:07:14Z,80.2,29.9,7.265,9.63,29.338
2026-09-09T14:08:14Z,2026-09-09T09:08:14Z,80.3,29.9,7.329,9.417,33.619
2026-09-09T14:09:14Z,2026-09-09T09:09:14Z,80.2,29.9,7.785,10.489,57.078
2026-09-09T14:10:14Z,2026-09-09T09:10:14Z,80.3,29.9,7.664,9.977,33.597
2026-09-09T14:11:14Z,2026-09-09T09:11:14Z,80.2,29.9,7.874,10.219,51.504
2026-09-09T14:12:14Z,2026-09-09T09:12:14Z,80.1,29.9,7.914,10.633,54.161
2026-09-09T14:13:14Z,2026-09-09T09:13:14Z,80.2,29.9,7.831,9.909,37.449
2026-09-09T14:14:14Z,2026-09-09T09:14:14Z,80.1,29.9,8.372,10.686,35.392
2026-09-09T14:15:14Z,2026-09-09T09:15:14Z,80.1,29.9,8.012,10.569,55.3
2026-09-09T14:16:14Z,2026-09-09T09:16:14Z,80.1,29.9,7.857,10.478,54.697
2026-09-09T14:17:14Z,2026-09-09T09:17:14Z,80.0,29.9,7.769,9.939,69.767
2026-09-09T14:18:15Z,2026-09-09T09:18:15Z,79.9,29.9,7.954,10.498,47.483
2026-09-09T14:19:15Z,2026-09-09T09:19:15Z,79.9,29.9,7.787,10.183,36.996
2026-09-09T14:20:15Z,2026-09-09T09:20:15Z,79.9,29.9,7.813,9.8,34.668
2026-09-09T14:21:15Z,2026-09-09T09:21:15Z,79.8,29.9,7.717,9.723,49.725
2026-09-09T14:22:15Z,2026-09-09T09:22:15Z,79.8,29.9,7.963,10.035,35.256
2026-09-09T14:23:15Z,2026-09-09T09:23:15Z,79.7,30.0,7.669,9.622,27.137
2026-09-09T14:24:15Z,2026-09-09T09:24:15Z,79.7,30.0,7.759,10.08,46.64
2026-09-09T14:25:15Z,2026-09-09T09:25:15Z,79.7,30.0,7.358,9.573,46.038
2026-09-09T14:26:15Z,2026-09-09T09:26:15Z,79.6,30.0,7.355,9.374,27.68
2026-09-09T14:27:15Z,2026-09-09T09:27:15Z,79.6,30.0,7.273,9.728,74.329
2026-09-09T14:28:15Z,2026-09-09T09:28:15Z,79.7,30.0,7.259,9.945,56.247
2026-09-09T14:29:15Z,2026-09-09T09:29:15Z,79.6,30.0,7.223,9.732,76.182
2026-09-09T14:30:15Z,2026-09-09T09:30:15Z,79.9,30.0,7.259,9.544,62.417
2026-09-09T14:31:15Z,2026-09-09T09:31:15Z,80.1,30.0,7.426,11.908,375.386
2026-09-09T14:32:15Z,2026-09-09T09:32:15Z,79.9,30.0,7.383,10.943,177.556
2026-09-09T14:33:15Z,2026-09-09T09:33:15Z,79.9,30.0,7.39,9.643,63.69
2026-09-09T14:34:15Z,2026-09-09T09:34:15Z,79.7,30.0,7.079,9.37,42.632
2026-09-09T14:35:15Z,2026-09-09T09:35:15Z,79.7,30.0,7.322,9.132,33.576
2026-09-09T14:36:15Z,2026-09-09T09:36:15Z,79.9,30.0,7.09,9.423,57.793
2026-09-09T14:37:15Z,2026-09-09T09:37:15Z,80.1,30.0,7.31,9.307,42.062
2026-09-09T14:38:15Z,2026-09-09T09:38:15Z,79.7,30.0,7.202,9.203,66.521
2026-09-09T14:39:15Z,2026-09-09T09:39:15Z,79.6,30.0,7.066,9.2,42.54
2026-09-09T14:40:15Z,2026-09-09T09:40:15Z,79.5,30.0,7.197,9.269,51.693
2026-09-09T14:41:15Z,2026-09-09T09:41:15Z,79.6,30.1,7.768,10.091,29.672
2026-09-09T14:42:15Z,2026-09-09T09:42:15Z,79.9,30.1,7.427,9.513,69.468
2026-09-09T14:43:15Z,2026-09-09T09:43:15Z,79.6,30.1,7.19,9.21,32.874
2026-09-09T14:44:15Z,2026-09-09T09:44:15Z,79.6,30.1,7.278,9.225,46.565
2026-09-09T14:45:15Z,2026-09-09T09:45:15Z,79.5,30.1,7.067,9.314,22.71
2026-09-09T14:46:16Z,2026-09-09T09:46:16Z,79.1,30.1,6.974,9.043,53.121
2026-09-09T14:47:16Z,2026-09-09T09:47:16Z,79.3,30.1,6.867,9.04,62.087
2026-09-09T14:48:16Z,2026-09-09T09:48:16Z,79.2,30.2,6.917,8.796,34.752
2026-09-09T14:49:16Z,2026-09-09T09:49:16Z,79.5,30.2,6.989,9.295,55.981
2026-09-09T14:50:16Z,2026-09-09T09:50:16Z,78.9,30.2,6.97,9.369,40.015
2026-09-09T14:51:16Z,2026-09-09T09:51:16Z,78.5,30.3,6.949,9.222,23.464
2026-09-09T14:52:16Z,2026-09-09T09:52:16Z,78.4,30.3,7.155,8.999,34.028
2026-09-09T14:53:16Z,2026-09-09T09:53:16Z,78.3,30.3,6.819,8.496,62.118
2026-09-09T14:54:16Z,2026-09-09T09:54:16Z,78.5,30.3,6.837,8.476,44.41
2026-09-09T14:55:16Z,2026-09-09T09:55:16Z,79.1,30.4,7.106,8.869,43.966
2026-09-09T14:56:16Z,2026-09-09T09:56:16Z,78.9,30.4,6.894,8.929,44.358
2026-09-09T14:57:16Z,2026-09-09T09:57:16Z,78.9,30.4,7.278,8.931,32.208
2026-09-09T14:58:16Z,2026-09-09T09:58:16Z,79.2,30.5,7.144,8.607,30.127
2026-09-09T14:59:16Z,2026-09-09T09:59:16Z,78.8,30.5,7.14,8.858,37.672
2026-09-09T15:00:16Z,2026-09-09T10:00:16Z,78.4,30.6,7.267,9.643,33.806
2026-09-09T15:01:16Z,2026-09-09T10:01:16Z,78.5,30.6,7.555,9.957,38.838
2026-09-09T15:02:16Z,2026-09-09T10:02:16Z,78.6,30.6,7.476,9.201,23.452
2026-09-09T15:03:16Z,2026-09-09T10:03:16Z,78.6,30.7,7.929,9.886,56.618
2026-09-09T15:04:16Z,2026-09-09T10:04:16Z,78.0,30.7,7.361,9.416,29.101
2026-09-09T15:05:16Z,2026-09-09T10:05:16Z,78.8,30.8,7.177,8.678,36.373
2026-09-09T15:06:17Z,2026-09-09T10:06:17Z,78.5,30.8,7.219,8.745,42.223
2026-09-09T15:07:17Z,2026-09-09T10:07:17Z,77.6,30.9,7.496,9.421,31.964
2026-09-09T15:08:17Z,2026-09-09T10:08:17Z,77.0,30.9,6.94,9.348,27.438
2026-09-09T15:09:17Z,2026-09-09T10:09:17Z,78.0,31.0,7.337,9.101,44.976
2026-09-09T15:10:17Z,2026-09-09T10:10:17Z,77.0,31.0,7.617,9.604,29.638
2026-09-09T15:11:17Z,2026-09-09T10:11:17Z,76.8,31.1,7.47,9.667,28.05
2026-09-09T15:12:17Z,2026-09-09T10:12:17Z,76.9,31.1,7.166,9.449,31.937
2026-09-09T15:13:17Z,2026-09-09T10:13:17Z,75.9,31.2,7.221,9.25,42.568
2026-09-09T15:14:17Z,2026-09-09T10:14:17Z,75.8,31.2,6.871,8.824,26.798
2026-09-09T15:15:17Z,2026-09-09T10:15:17Z,75.9,31.2,7.521,9.278,28.725
2026-09-09T15:16:17Z,2026-09-09T10:16:17Z,75.4,31.3,7.442,9.219,43.15
2026-09-09T15:17:17Z,2026-09-09T10:17:17Z,75.2,31.3,7.177,9.075,23.608
2026-09-09T15:18:17Z,2026-09-09T10:18:17Z,75.4,31.3,7.185,9.007,43.949
2026-09-09T15:19:17Z,2026-09-09T10:19:17Z,75.2,31.4,7.075,9.389,31.663
2026-09-09T15:20:17Z,2026-09-09T10:20:17Z,74.9,31.4,7.447,9.614,33.831
2026-09-09T15:21:17Z,2026-09-09T10:21:17Z,74.8,31.4,6.901,9.064,43.355
2026-09-09T15:22:17Z,2026-09-09T10:22:17Z,75.1,31.4,7.26,9.205,25.856
2026-09-09T15:23:17Z,2026-09-09T10:23:17Z,75.0,31.4,7.525,10.038,38.377
2026-09-09T15:24:17Z,2026-09-09T10:24:17Z,75.1,31.5,7.383,9.295,28.111
2026-09-09T15:25:17Z,2026-09-09T10:25:17Z,75.0,31.5,7.448,9.548,36.27
2026-09-09T15:26:18Z,2026-09-09T10:26:18Z,74.9,31.5,7.33,9.281,33.187
2026-09-09T15:27:18Z,2026-09-09T10:27:18Z,74.5,31.5,7.46,9.533,31.486
2026-09-09T15:28:18Z,2026-09-09T10:28:18Z,74.8,31.5,7.452,9.806,34.325
2026-09-09T15:29:18Z,2026-09-09T10:29:18Z,74.4,31.6,7.549,9.402,41.273
2026-09-09T15:30:14Z,2026-09-09T10:30:14Z,73.8,31.6,7.215,9.469,29.36
2026-09-09T15:31:14Z,2026-09-09T10:31:14Z,73.9,31.6,7.406,9.149,26.064
2026-09-09T15:32:15Z,2026-09-09T10:32:15Z,74.4,31.6,7.456,9.388,32.179
2026-09-09T15:33:15Z,2026-09-09T10:33:15Z,74.8,31.6,6.972,8.541,33.177
2026-09-09T15:34:15Z,2026-09-09T10:34:15Z,74.6,31.6,7.656,9.459,42.589
2026-09-09T15:35:15Z,2026-09-09T10:35:15Z,74.3,31.6,7.134,9.273,42.809
2026-09-09T15:36:15Z,2026-09-09T10:36:15Z,74.3,31.7,7.179,9.026,26.577
2026-09-09T15:37:15Z,2026-09-09T10:37:15Z,74.0,31.7,7.109,8.946,30.856
2026-09-09T15:38:15Z,2026-09-09T10:38:15Z,73.9,31.7,6.861,8.977,28.38
2026-09-09T15:39:15Z,2026-09-09T10:39:15Z,73.4,31.7,6.968,8.658,38.134
2026-09-09T15:40:15Z,2026-09-09T10:40:15Z,73.6,31.7,7.023,8.893,41.047
2026-09-09T15:41:15Z,2026-09-09T10:41:15Z,73.7,31.7,6.822,8.741,84.481
2026-09-09T15:42:15Z,2026-09-09T10:42:15Z,73.5,31.7,7.327,9.319,42.48
2026-09-09T15:43:15Z,2026-09-09T10:43:15Z,73.7,31.7,6.85,8.657,27.313
2026-09-09T15:44:15Z,2026-09-09T10:44:15Z,73.3,31.8,7.168,9.462,30.196
2026-09-09T15:45:15Z,2026-09-09T10:45:15Z,73.6,31.8,7.207,9.013,30.176
2026-09-09T15:46:15Z,2026-09-09T10:46:15Z,73.3,31.8,7.345,8.997,47.78
2026-09-09T15:47:15Z,2026-09-09T10:47:15Z,73.7,31.8,6.975,9.227,37.161
2026-09-09T15:48:15Z,2026-09-09T10:48:15Z,73.4,31.8,7.119,8.846,26.688
2026-09-09T15:49:15Z,2026-09-09T10:49:15Z,73.9,31.8,7.191,8.812,37.423
2026-09-09T15:50:15Z,2026-09-09T10:50:15Z,74.0,31.8,7.281,9.103,28.842
2026-09-09T15:51:15Z,2026-09-09T10:51:15Z,74.6,31.8,6.941,8.428,19.952
2026-09-09T15:52:16Z,2026-09-09T10:52:16Z,74.0,31.8,6.892,8.588,28.904
2026-09-09T15:53:16Z,2026-09-09T10:53:16Z,72.8,31.8,6.74,8.17,39.081
2026-09-09T15:54:16Z,2026-09-09T10:54:16Z,73.0,31.8,6.572,8.095,30.201
2026-09-09T15:55:16Z,2026-09-09T10:55:16Z,72.8,31.8,6.944,8.939,25.148
2026-09-09T15:56:16Z,2026-09-09T10:56:16Z,72.3,31.8,6.501,8.284,25.497
2026-09-09T15:57:16Z,2026-09-09T10:57:16Z,72.4,31.8,6.55,8.236,40.851
2026-09-09T15:58:16Z,2026-09-09T10:58:16Z,72.7,31.8,6.724,8.699,20.446
2026-09-09T15:59:16Z,2026-09-09T10:59:16Z,72.8,31.8,6.646,8.219,22.314
2026-09-09T16:00:16Z,2026-09-09T11:00:16Z,73.1,31.8,6.429,7.819,22.123
2026-09-09T16:01:16Z,2026-09-09T11:01:16Z,73.6,31.8,6.741,8.204,27.231
2026-09-09T16:02:16Z,2026-09-09T11:02:16Z,74.0,31.8,6.747,8.096,37.188
2026-09-09T16:03:16Z,2026-09-09T11:03:16Z,73.7,31.8,7.119,9.02,21.96
2026-09-09T16:04:16Z,2026-09-09T11:04:16Z,73.3,31.8,6.853,8.642,26.449
2026-09-09T16:05:16Z,2026-09-09T11:05:16Z,73.0,31.8,7.003,8.472,34.034
2026-09-09T16:06:16Z,2026-09-09T11:06:16Z,72.6,31.8,6.653,8.565,36.318
2026-09-09T16:07:16Z,2026-09-09T11:07:16Z,72.9,31.8,6.997,8.524,25.63
2026-09-09T16:08:16Z,2026-09-09T11:08:16Z,73.2,31.8,6.642,8.442,36.971
2026-09-09T16:09:16Z,2026-09-09T11:09:16Z,73.1,31.8,6.233,7.588,32.477
2026-09-09T16:10:16Z,2026-09-09T11:10:16Z,73.7,31.8,6.463,8.132,23.295
2026-09-09T16:11:16Z,2026-09-09T11:11:16Z,73.4,31.9,6.807,8.376,28.394
2026-09-09T16:12:16Z,2026-09-09T11:12:16Z,72.8,31.9,6.628,8.474,45.166
2026-09-09T16:13:16Z,2026-09-09T11:13:16Z,72.4,31.9,6.91,8.879,46.741
2026-09-09T16:14:17Z,2026-09-09T11:14:17Z,72.7,31.9,6.766,8.799,29.941
2026-09-09T16:15:17Z,2026-09-09T11:15:17Z,73.8,32.0,6.675,8.688,39.547
2026-09-09T16:16:17Z,2026-09-09T11:16:17Z,72.4,32.0,6.733,8.876,39.195
2026-09-09T16:17:17Z,2026-09-09T11:17:17Z,72.1,32.0,6.843,8.662,27.299
2026-09-09T16:18:17Z,2026-09-09T11:18:17Z,71.7,32.1,6.722,8.485,45.282
2026-09-09T16:19:17Z,2026-09-09T11:19:17Z,71.9,32.1,6.635,8.148,25.165
2026-09-09T16:20:17Z,2026-09-09T11:20:17Z,72.1,32.2,6.822,8.638,17.402
2026-09-09T16:21:17Z,2026-09-09T11:21:17Z,72.4,32.3,6.627,8.207,34.799
2026-09-09T16:22:17Z,2026-09-09T11:22:17Z,72.1,32.3,6.398,8.022,21.07
2026-09-09T16:23:17Z,2026-09-09T11:23:17Z,71.3,32.4,6.756,8.404,22.791
2026-09-09T16:24:17Z,2026-09-09T11:24:17Z,72.0,32.5,6.64,8.244,26.652
2026-09-09T16:25:17Z,2026-09-09T11:25:17Z,71.5,32.6,6.807,8.511,16.268
2026-09-09T16:26:17Z,2026-09-09T11:26:17Z,72.6,32.7,6.575,8.127,24.826
2026-09-09T16:27:17Z,2026-09-09T11:27:17Z,70.7,32.8,6.363,7.933,20.126
2026-09-09T16:28:17Z,2026-09-09T11:28:17Z,69.4,32.9,5.963,7.432,22.122
2026-09-09T16:29:17Z,2026-09-09T11:29:17Z,69.2,33.0,5.989,7.594,30.479
2026-09-09T16:30:17Z,2026-09-09T11:30:17Z,69.2,33.0,6.525,8.058,46.744
2026-09-09T16:31:17Z,2026-09-09T11:31:17Z,69.5,33.1,6.237,7.851,23.933
2026-09-09T16:32:17Z,2026-09-09T11:32:17Z,68.3,33.2,6.36,8.208,19.86
2026-09-09T16:33:17Z,2026-09-09T11:33:17Z,68.9,33.3,5.888,7.489,26.843
2026-09-09T16:34:17Z,2026-09-09T11:34:17Z,68.5,33.4,6.254,7.842,24.657
2026-09-09T16:35:17Z,2026-09-09T11:35:17Z,70.0,33.5,5.915,7.522,15.837
2026-09-09T16:36:18Z,2026-09-09T11:36:18Z,66.9,33.7,5.636,7.432,21.075
2026-09-09T16:37:18Z,2026-09-09T11:37:18Z,65.2,33.8,5.831,7.928,40.669
2026-09-09T16:38:18Z,2026-09-09T11:38:18Z,65.3,33.9,6.289,7.811,23.701
2026-09-09T16:39:18Z,2026-09-09T11:39:18Z,64.8,34.0,6.097,7.51,19.529
2026-09-09T16:40:18Z,2026-09-09T11:40:18Z,65.1,34.1,6.138,7.77,33.149
2026-09-09T16:41:18Z,2026-09-09T11:41:18Z,66.0,34.2,5.967,7.341,15.207
2026-09-09T16:42:18Z,2026-09-09T11:42:18Z,64.4,34.4,6.196,7.647,27.973
2026-09-09T16:43:18Z,2026-09-09T11:43:18Z,63.5,34.5,6.21,7.962,14.917
2026-09-09T16:44:18Z,2026-09-09T11:44:18Z,64.0,34.6,6.229,7.705,28.829
2026-09-09T16:45:18Z,2026-09-09T11:45:18Z,63.8,34.8,6.19,7.454,15.885
2026-09-09T16:46:18Z,2026-09-09T11:46:18Z,63.1,34.9,6.457,7.878,39.089
2026-09-09T16:47:18Z,2026-09-09T11:47:18Z,62.1,35.1,6.275,7.826,20.09
2026-09-09T16:48:18Z,2026-09-09T11:48:18Z,60.3,35.2,6.01,7.654,17.964
2026-09-09T16:49:18Z,2026-09-09T11:49:18Z,59.3,35.3,5.353,6.653,23.42
2026-09-09T16:50:18Z,2026-09-09T11:50:18Z,59.3,35.4,5.592,6.999,15.295
2026-09-09T16:51:18Z,2026-09-09T11:51:18Z,58.6,35.5,6.039,7.72,32.889
2026-09-09T16:52:18Z,2026-09-09T11:52:18Z,57.9,35.6,5.465,6.894,16.981
2026-09-09T16:53:18Z,2026-09-09T11:53:18Z,58.5,35.6,5.439,6.783,28.789
2026-09-09T16:54:18Z,2026-09-09T11:54:18Z,58.0,35.7,5.422,6.886,23.611
2026-09-09T16:55:18Z,2026-09-09T11:55:18Z,58.4,35.7,5.692,7.088,13.895
2026-09-09T16:56:18Z,2026-09-09T11:56:18Z,57.5,35.8,5.351,6.685,25.439
2026-09-09T16:57:18Z,2026-09-09T11:57:18Z,57.6,35.9,5.147,6.316,30.93
2026-09-09T16:58:18Z,2026-09-09T11:58:18Z,56.8,36.0,5.606,6.9,18.219
2026-09-09T16:59:19Z,2026-09-09T11:59:19Z,56.1,36.0,6.004,7.493,18.643
2026-09-09T17:00:15Z,2026-09-09T12:00:15Z,56.7,36.1,6.868,8.287,28.351
2026-09-09T17:01:15Z,2026-09-09T12:01:15Z,58.1,36.2,6.047,7.715,15.563
2026-09-09T17:02:15Z,2026-09-09T12:02:15Z,55.5,36.3,5.829,6.984,37.438
2026-09-09T17:03:16Z,2026-09-09T12:03:16Z,54.2,36.4,5.537,7.264,44.839
2026-09-09T17:04:16Z,2026-09-09T12:04:16Z,54.8,36.5,5.68,7.375,26.169
2026-09-09T17:05:16Z,2026-09-09T12:05:16Z,52.9,36.6,5.125,6.48,13.478
2026-09-09T17:06:16Z,2026-09-09T12:06:16Z,52.4,36.7,5.042,6.117,20.047
2026-09-09T17:07:16Z,2026-09-09T12:07:16Z,51.2,36.8,5.375,6.705,24.075
2026-09-09T17:08:16Z,2026-09-09T12:08:16Z,51.5,36.9,4.941,6.407,30.417
2026-09-09T17:09:16Z,2026-09-09T12:09:16Z,51.7,36.9,4.639,5.754,19.135
2026-09-09T17:10:16Z,2026-09-09T12:10:16Z,51.6,37.0,5.009,6.591,23.636
2026-09-09T17:11:16Z,2026-09-09T12:11:16Z,51.6,37.0,4.635,6.392,26.391
2026-09-09T17:12:16Z,2026-09-09T12:12:16Z,49.8,37.0,4.5,5.913,26.666
2026-09-09T17:13:16Z,2026-09-09T12:13:16Z,48.3,37.0,3.913,5.24,14.966
2026-09-09T17:14:16Z,2026-09-09T12:14:16Z,48.2,37.1,3.563,4.801,19.062
2026-09-09T17:15:16Z,2026-09-09T12:15:16Z,48.1,37.1,3.595,4.595,13.562
2026-09-09T17:16:16Z,2026-09-09T12:16:16Z,48.1,37.1,3.589,4.604,13.817
2026-09-09T17:17:16Z,2026-09-09T12:17:16Z,48.5,37.2,3.763,4.958,7.599
2026-09-09T17:18:16Z,2026-09-09T12:18:16Z,47.8,37.3,3.862,5.068,38.63
2026-09-09T17:19:16Z,2026-09-09T12:19:16Z,47.8,37.4,3.814,5.035,14.166
2026-09-09T17:20:16Z,2026-09-09T12:20:16Z,46.1,37.5,3.719,4.373,7.219
2026-09-09T17:21:16Z,2026-09-09T12:21:16Z,46.5,37.6,4.336,5.403,8.216
2026-09-09T17:22:16Z,2026-09-09T12:22:16Z,46.3,37.7,3.906,4.784,21.729
2026-09-09T17:23:16Z,2026-09-09T12:23:16Z,46.2,37.7,3.924,5.004,17.561
2026-09-09T17:24:17Z,2026-09-09T12:24:17Z,45.3,37.8,3.876,5.042,8.804
2026-09-09T17:25:17Z,2026-09-09T12:25:17Z,44.8,37.9,4.119,5.303,25.139
2026-09-09T17:26:17Z,2026-09-09T12:26:17Z,45.2,37.9,4.236,5.157,25.975
2026-09-09T17:27:17Z,2026-09-09T12:27:17Z,45.4,37.9,4.104,5.192,16.172
2026-09-09T17:28:17Z,2026-09-09T12:28:17Z,46.5,37.9,4.509,5.291,12.103
2026-09-09T17:29:17Z,2026-09-09T12:29:17Z,45.8,38.0,4.313,5.406,12.095
2026-09-09T17:30:17Z,2026-09-09T12:30:17Z,45.4,38.0,4.279,5.413,17.196
2026-09-09T17:31:17Z,2026-09-09T12:31:17Z,46.0,38.0,3.892,5.044,9.481
2026-09-09T17:32:17Z,2026-09-09T12:32:17Z,46.5,38.0,4.565,5.874,24.891
2026-09-09T17:33:17Z,2026-09-09T12:33:17Z,46.6,38.0,4.367,5.492,16.334
2026-09-09T17:34:17Z,2026-09-09T12:34:17Z,45.6,38.1,4.192,5.529,36.887
2026-09-09T17:35:17Z,2026-09-09T12:35:17Z,45.8,38.1,3.892,4.965,9.539
2026-09-09T17:36:17Z,2026-09-09T12:36:17Z,45.2,38.2,4.152,5.463,22.056
2026-09-09T17:37:17Z,2026-09-09T12:37:17Z,45.9,38.3,4.108,5.425,18.502
2026-09-09T17:38:17Z,2026-09-09T12:38:17Z,46.2,38.4,4.385,5.88,10.718
2026-09-09T17:39:17Z,2026-09-09T12:39:17Z,45.6,38.5,4.67,5.714,11.643
2026-09-09T17:40:17Z,2026-09-09T12:40:17Z,44.7,38.5,4.173,5.234,14.211
2026-09-09T17:41:17Z,2026-09-09T12:41:17Z,43.8,38.6,4.439,5.25,9.743
2026-09-09T17:42:17Z,2026-09-09T12:42:17Z,44.2,38.7,4.558,5.576,22.602
2026-09-09T17:43:17Z,2026-09-09T12:43:17Z,44.0,38.7,4.334,5.272,13.696
2026-09-09T17:44:17Z,2026-09-09T12:44:17Z,44.9,38.8,4.791,5.828,16.663
2026-09-09T17:45:17Z,2026-09-09T12:45:17Z,44.5,38.9,4.778,5.829,11.872
2026-09-09T17:46:17Z,2026-09-09T12:46:17Z,43.6,39.0,4.418,5.315,9.605
2026-09-09T17:47:17Z,2026-09-09T12:47:17Z,42.9,39.1,4.601,5.7,13.608
2026-09-09T17:48:18Z,2026-09-09T12:48:18Z,42.9,39.2,4.466,5.41,14.035
2026-09-09T17:49:18Z,2026-09-09T12:49:18Z,42.7,39.3,4.73,5.743,19.268
2026-09-09T17:50:18Z,2026-09-09T12:50:18Z,42.7,39.3,4.627,5.94,9.624
2026-09-09T17:51:18Z,2026-09-09T12:51:18Z,42.9,39.4,4.709,6.231,28.071
2026-09-09T17:52:18Z,2026-09-09T12:52:18Z,42.5,39.4,4.394,5.335,12.682
2026-09-09T17:53:18Z,2026-09-09T12:53:18Z,43.0,39.4,4.88,6.169,14.671
2026-09-09T17:54:18Z,2026-09-09T12:54:18Z,42.6,39.5,4.758,6.062,12.525
2026-09-09T17:55:18Z,2026-09-09T12:55:18Z,43.7,39.5,4.617,5.37,18.011
2026-09-09T17:56:18Z,2026-09-09T12:56:18Z,42.3,39.6,4.564,5.675,34.286
2026-09-09T17:57:18Z,2026-09-09T12:57:18Z,42.6,39.6,4.729,5.806,15.271
2026-09-09T17:58:18Z,2026-09-09T12:58:18Z,41.7,39.7,4.732,5.997,29.968
2026-09-09T17:59:18Z,2026-09-09T12:59:18Z,42.2,39.7,4.618,6.105,17.239
2026-09-09T18:00:18Z,2026-09-09T13:00:18Z,42.0,39.8,4.831,5.774,17.564
2026-09-09T18:01:18Z,2026-09-09T13:01:18Z,42.5,39.9,4.45,5.419,12.55
2026-09-09T18:02:18Z,2026-09-09T13:02:18Z,42.6,40.0,4.226,5.36,8.579
2026-09-09T18:03:18Z,2026-09-09T13:03:18Z,41.9,40.0,4.938,5.925,25.004
2026-09-09T18:04:18Z,2026-09-09T13:04:18Z,41.0,40.1,4.742,6.2,29.388
2026-09-09T18:05:18Z,2026-09-09T13:05:18Z,40.8,40.2,4.477,5.537,46.781
2026-09-09T18:06:18Z,2026-09-09T13:06:18Z,40.2,40.3,4.701,5.916,47.038
2026-09-09T18:07:18Z,2026-09-09T13:07:18Z,40.1,40.3,4.48,5.698,12.646
2026-09-09T18:08:18Z,2026-09-09T13:08:18Z,40.0,40.4,4.955,6.27,31.67
2026-09-09T18:09:18Z,2026-09-09T13:09:18Z,39.9,40.3,5.123,6.05,23.177
2026-09-09T18:10:18Z,2026-09-09T13:10:18Z,40.5,40.3,4.638,5.68,15.865
2026-09-09T18:11:18Z,2026-09-09T13:11:18Z,40.5,40.3,4.72,6.035,19.415
2026-09-09T18:12:18Z,2026-09-09T13:12:18Z,40.2,40.3,4.962,5.901,29.385
2026-09-09T18:13:19Z,2026-09-09T13:13:19Z,40.5,40.3,4.84,5.688,19.041
2026-09-09T18:14:19Z,2026-09-09T13:14:19Z,41.0,40.4,4.552,5.545,9.268
2026-09-09T18:15:19Z,2026-09-09T13:15:19Z,40.5,40.5,4.836,5.748,18.466
2026-09-09T18:16:19Z,2026-09-09T13:16:19Z,40.9,40.6,4.568,5.69,11.275
2026-09-09T18:17:19Z,2026-09-09T13:17:19Z,40.0,40.7,4.496,5.552,19.214
2026-09-09T18:18:19Z,2026-09-09T13:18:19Z,39.6,40.8,4.278,5.278,18.378
2026-09-09T18:19:19Z,2026-09-09T13:19:19Z,38.3,40.9,4.996,6.158,9.748
2026-09-09T18:20:19Z,2026-09-09T13:20:19Z,38.1,41.0,3.69,4.451,6.281
2026-09-09T18:21:19Z,2026-09-09T13:21:19Z,38.5,41.0,4.599,5.613,44.676
2026-09-09T18:22:19Z,2026-09-09T13:22:19Z,37.7,41.0,4.205,5.323,10.93
2026-09-09T18:23:19Z,2026-09-09T13:23:19Z,38.1,41.0,4.728,5.599,7.06
2026-09-09T18:24:19Z,2026-09-09T13:24:19Z,37.8,41.0,4.323,5.332,13.673
2026-09-09T18:25:19Z,2026-09-09T13:25:19Z,37.5,41.0,4.261,5.126,11.552
2026-09-09T18:26:19Z,2026-09-09T13:26:19Z,37.0,41.0,4.183,4.833,6.145
2026-09-09T18:27:19Z,2026-09-09T13:27:19Z,36.3,40.9,3.771,4.679,5.72
2026-09-09T18:28:19Z,2026-09-09T13:28:19Z,36.5,40.9,3.979,4.974,21.333
2026-09-09T18:29:19Z,2026-09-09T13:29:19Z,37.8,40.9,3.992,4.675,9.122
2026-09-09T18:30:16Z,2026-09-09T13:30:16Z,37.3,41.0,3.568,4.336,7.296
2026-09-09T18:31:16Z,2026-09-09T13:31:16Z,37.6,41.1,3.843,4.723,7.259
2026-09-09T18:32:16Z,2026-09-09T13:32:16Z,38.5,41.2,4.308,5.743,15.683
2026-09-09T18:33:16Z,2026-09-09T13:33:16Z,36.0,41.4,4.174,5.049,9.846
2026-09-09T18:34:16Z,2026-09-09T13:34:16Z,35.7,41.5,4.042,4.863,14.575
2026-09-09T18:35:16Z,2026-09-09T13:35:16Z,35.5,41.6,4.009,4.815,7.566
2026-09-09T18:36:16Z,2026-09-09T13:36:16Z,36.5,41.7,4.162,5.012,27.65
2026-09-09T18:37:16Z,2026-09-09T13:37:16Z,37.3,41.9,4.374,5.621,8.899
2026-09-09T18:38:16Z,2026-09-09T13:38:16Z,36.9,42.0,4.527,5.231,7.746
2026-09-09T18:39:16Z,2026-09-09T13:39:16Z,36.2,42.2,4.432,5.377,6.281
2026-09-09T18:40:16Z,2026-09-09T13:40:16Z,36.6,42.3,4.566,5.403,9.319
2026-09-09T18:41:17Z,2026-09-09T13:41:17Z,35.6,42.5,4.671,5.974,11.455
2026-09-09T18:42:17Z,2026-09-09T13:42:17Z,35.4,42.7,4.638,5.738,9.903
2026-09-09T18:43:17Z,2026-09-09T13:43:17Z,34.6,42.8,3.98,4.712,57.787
2026-09-09T18:44:18Z,2026-09-09T13:44:18Z,34.6,43.0,4.47,4.984,18.558
2026-09-09T18:45:18Z,2026-09-09T13:45:18Z,34.8,43.1,4.617,5.21,18.781
2026-09-09T18:46:18Z,2026-09-09T13:46:18Z,34.6,43.2,4.736,7.52,86.981
2026-09-09T18:47:19Z,2026-09-09T13:47:19Z,34.7,43.4,4.289,6.562,50.713
2026-09-09T18:48:19Z,2026-09-09T13:48:19Z,33.8,43.5,4.737,5.275,5.573
2026-09-09T18:49:19Z,2026-09-09T13:49:19Z,33.5,43.6,4.569,5.754,6.885
2026-09-09T18:50:16Z,2026-09-09T13:50:16Z,33.7,43.8,4.736,5.563,12.571
2026-09-09T18:51:16Z,2026-09-09T13:51:16Z,33.4,43.9,4.791,5.259,21.794
2026-09-09T18:52:17Z,2026-09-09T13:52:17Z,33.7,44.0,5.057,6.26,14.309
2026-09-09T18:53:17Z,2026-09-09T13:53:17Z,34.9,44.1,5.965,8.958,156.734
2026-09-09T18:54:17Z,2026-09-09T13:54:17Z,35.0,44.3,5.775,9.981,191.158
2026-09-09T18:55:18Z,2026-09-09T13:55:18Z,34.8,44.4,5.624,7.61,128.164
2026-09-09T18:56:18Z,2026-09-09T13:56:18Z,35.2,44.5,6.07,6.449,22.378
2026-09-09T18:57:18Z,2026-09-09T13:57:18Z,34.2,44.6,5.369,6.594,18.332
2026-09-09T18:58:19Z,2026-09-09T13:58:19Z,34.1,44.7,5.326,5.812,38.794
2026-09-09T18:59:19Z,2026-09-09T13:59:19Z,33.3,44.7,6.031,6.802,73.92
2026-09-09T19:00:16Z,2026-09-09T14:00:16Z,33.3,44.7,5.736,6.936,93.95
2026-09-09T19:01:16Z,2026-09-09T14:01:16Z,32.9,44.7,5.525,6.085,20.253
2026-09-09T19:02:17Z,2026-09-09T14:02:17Z,33.0,44.6,5.136,5.692,10.305
2026-09-09T19:03:17Z,2026-09-09T14:03:17Z,33.0,44.6,5.473,6.089,8.771
2026-09-09T19:04:17Z,2026-09-09T14:04:17Z,32.8,44.5,5.168,6.393,11.108
2026-09-09T19:05:17Z,2026-09-09T14:05:17Z,33.0,44.5,5.432,6.133,70.65
2026-09-09T19:06:18Z,2026-09-09T14:06:18Z,33.5,44.5,5.742,6.449,8.155
2026-09-09T19:07:18Z,2026-09-09T14:07:18Z,33.6,44.5,5.516,6.296,39.279
2026-09-09T19:08:18Z,2026-09-09T14:08:18Z,34.2,44.4,5.57,7.608,98.901
2026-09-09T19:09:19Z,2026-09-09T14:09:19Z,34.3,44.3,5.909,7.038,166.97
2026-09-09T19:10:19Z,2026-09-09T14:10:19Z,33.9,44.2,5.47,6.342,28.512
2026-09-09T19:11:19Z,2026-09-09T14:11:19Z,33.9,44.1,5.82,6.957,29.904
2026-09-09T19:12:15Z,2026-09-09T14:12:15Z,34.3,44.0,5.435,6.374,7.941
2026-09-09T19:13:15Z,2026-09-09T14:13:15Z,34.5,43.9,5.502,7.001,9.788
2026-09-09T19:14:15Z,2026-09-09T14:14:15Z,35.1,43.7,5.692,6.596,39.443
2026-09-09T19:15:16Z,2026-09-09T14:15:16Z,35.1,43.6,5.871,6.961,10.707
2026-09-09T19:16:16Z,2026-09-09T14:16:16Z,34.9,43.5,5.23,6.448,10.549
2026-09-09T19:17:17Z,2026-09-09T14:17:17Z,34.4,43.3,5.575,6.389,15.994
2026-09-09T19:18:17Z,2026-09-09T14:18:17Z,34.6,43.2,5.474,6.516,6.783
2026-09-09T19:19:17Z,2026-09-09T14:19:17Z,34.5,43.0,5.495,6.112,11.53
2026-09-09T19:20:18Z,2026-09-09T14:20:18Z,35.2,42.8,5.656,6.393,8.46
2026-09-09T19:21:18Z,2026-09-09T14:21:18Z,35.9,42.7,5.886,6.566,9.55
2026-09-09T19:22:18Z,2026-09-09T14:22:18Z,35.6,42.6,5.682,6.326,6.819
2026-09-09T19:23:19Z,2026-09-09T14:23:19Z,35.6,42.5,5.437,6.539,6.786
2026-09-09T19:24:19Z,2026-09-09T14:24:19Z,35.5,42.4,5.428,5.894,11.848
2026-09-09T19:25:16Z,2026-09-09T14:25:16Z,36.0,42.3,5.703,6.75,8.279
2026-09-09T19:26:16Z,2026-09-09T14:26:16Z,35.8,42.2,5.307,5.775,8.728
2026-09-09T19:27:17Z,2026-09-09T14:27:17Z,36.0,42.1,5.239,6.072,9.588
2026-09-09T19:28:17Z,2026-09-09T14:28:17Z,36.5,42.0,6.034,8.466,41.758
2026-09-09T19:29:17Z,2026-09-09T14:29:17Z,36.5,41.9,5.976,7.896,28.172
2026-09-09T19:30:18Z,2026-09-09T14:30:18Z,36.3,41.8,5.045,5.847,9.715
2026-09-09T19:31:18Z,2026-09-09T14:31:18Z,36.9,41.6,5.536,6.046,21.541
2026-09-09T19:32:18Z,2026-09-09T14:32:18Z,36.8,41.5,5.352,5.777,6.013
2026-09-09T19:33:19Z,2026-09-09T14:33:19Z,36.4,41.4,4.944,5.477,6.521
2026-09-09T19:34:19Z,2026-09-09T14:34:19Z,36.9,41.4,4.992,5.811,26.384
2026-09-09T19:35:19Z,2026-09-09T14:35:19Z,36.6,41.3,5.102,5.929,10.051
2026-09-09T19:36:19Z,2026-09-09T14:36:19Z,37.2,41.1,4.95,5.53,5.53
2026-09-09T19:37:15Z,2026-09-09T14:37:15Z,37.5,41.0,5.056,5.857,9.993
2026-09-09T19:38:15Z,2026-09-09T14:38:15Z,38.7,40.9,5.294,5.959,16.105
2026-09-09T19:39:15Z,2026-09-09T14:39:15Z,38.1,40.8,5.371,6.208,12.544
2026-09-09T19:40:16Z,2026-09-09T14:40:16Z,38.1,40.6,5.487,6.372,9.27
2026-09-09T19:41:16Z,2026-09-09T14:41:16Z,37.8,40.5,5.258,5.867,15.897
2026-09-09T19:42:16Z,2026-09-09T14:42:16Z,37.9,40.4,5.561,6.169,13.891
2026-09-09T19:43:16Z,2026-09-09T14:43:16Z,38.9,40.3,5.244,6.017,8.399
2026-09-09T19:44:16Z,2026-09-09T14:44:16Z,38.7,40.2,5.372,6.375,15.261
2026-09-09T19:45:16Z,2026-09-09T14:45:16Z,39.2,40.1,5.809,6.554,16.637
2026-09-09T19:46:16Z,2026-09-09T14:46:16Z,38.8,40.0,5.659,6.629,21.647
2026-09-09T19:47:16Z,2026-09-09T14:47:16Z,39.5,39.8,6.067,7.317,29.948
2026-09-09T19:48:17Z,2026-09-09T14:48:17Z,40.1,39.7,5.918,6.79,19.281
2026-09-09T19:49:17Z,2026-09-09T14:49:17Z,40.2,39.6,5.657,6.647,12.619
2026-09-09T19:50:17Z,2026-09-09T14:50:17Z,40.4,39.5,5.92,6.938,32.141
2026-09-09T19:51:17Z,2026-09-09T14:51:17Z,40.7,39.4,6.209,7.34,45.826
2026-09-09T19:52:17Z,2026-09-09T14:52:17Z,41.0,39.3,6.007,7.01,23.32
2026-09-09T19:53:17Z,2026-09-09T14:53:17Z,41.3,39.1,6.086,7.108,51.321
2026-09-09T19:54:17Z,2026-09-09T14:54:17Z,41.3,39.0,6.76,7.475,13.578
2026-09-09T19:55:17Z,2026-09-09T14:55:17Z,41.7,38.9,6.727,7.868,46.046
2026-09-09T19:56:17Z,2026-09-09T14:56:17Z,41.9,38.8,6.878,11.93,383.796
2026-09-09T19:57:17Z,2026-09-09T14:57:17Z,41.9,38.7,6.329,8.959,103.042
2026-09-09T19:58:17Z,2026-09-09T14:58:17Z,42.2,38.6,6.165,7.28,37.834
2026-09-09T19:59:17Z,2026-09-09T14:59:17Z,42.6,38.5,6.151,7.084,31.095
2026-09-09T20:00:17Z,2026-09-09T15:00:17Z,42.7,38.4,6.156,6.93,23.543
2026-09-09T20:01:17Z,2026-09-09T15:01:17Z,43.5,38.3,6.722,7.482,36.264
2026-09-09T20:02:17Z,2026-09-09T15:02:17Z,44.5,38.2,6.862,7.585,40.668
2026-09-09T20:03:17Z,2026-09-09T15:03:17Z,45.3,38.1,7.557,10.305,269.304
2026-09-09T20:04:17Z,2026-09-09T15:04:17Z,45.8,38.0,7.887,9.375,64.062
2026-09-09T20:05:17Z,2026-09-09T15:05:17Z,46.2,37.9,7.587,9.154,34.4
2026-09-09T20:06:17Z,2026-09-09T15:06:17Z,46.6,37.8,7.71,8.791,59.998
2026-09-09T20:07:17Z,2026-09-09T15:07:17Z,46.8,37.7,7.893,8.913,36.596
2026-09-09T20:08:17Z,2026-09-09T15:08:17Z,46.8,37.6,7.466,8.726,36.297
2026-09-09T20:09:17Z,2026-09-09T15:09:17Z,47.0,37.5,7.874,8.792,28.836
2026-09-09T20:10:17Z,2026-09-09T15:10:17Z,47.0,37.4,7.604,8.466,18.261
2026-09-09T20:11:18Z,2026-09-09T15:11:18Z,47.1,37.3,7.811,8.926,26.683
2026-09-09T20:12:18Z,2026-09-09T15:12:18Z,47.4,37.2,8.178,9.297,27.331
2026-09-09T20:13:18Z,2026-09-09T15:13:18Z,47.8,37.1,7.391,8.4,14.0
2026-09-09T20:14:18Z,2026-09-09T15:14:18Z,47.8,37.0,7.747,8.926,36.85
2026-09-09T20:15:18Z,2026-09-09T15:15:18Z,48.3,36.9,8.035,9.14,27.299
2026-09-09T20:16:18Z,2026-09-09T15:16:18Z,48.8,36.9,8.382,21.814,997.119
2026-09-09T20:17:18Z,2026-09-09T15:17:18Z,48.7,36.8,7.829,10.869,155.368
2026-09-09T20:18:18Z,2026-09-09T15:18:18Z,49.2,36.7,7.52,8.504,35.502
2026-09-09T20:19:18Z,2026-09-09T15:19:18Z,48.9,36.6,8.013,8.977,43.381
2026-09-09T20:20:18Z,2026-09-09T15:20:18Z,48.6,36.5,6.911,7.978,46.656
2026-09-09T20:21:18Z,2026-09-09T15:21:18Z,48.7,36.5,6.636,7.953,26.331
2026-09-09T20:22:18Z,2026-09-09T15:22:18Z,48.7,36.4,7.229,8.583,53.663
2026-09-09T20:23:18Z,2026-09-09T15:23:18Z,48.7,36.4,6.957,7.68,14.2
2026-09-09T20:24:18Z,2026-09-09T15:24:18Z,48.9,36.3,6.252,7.008,29.211
2026-09-09T20:25:18Z,2026-09-09T15:25:18Z,49.1,36.3,6.791,7.723,28.741
2026-09-09T20:26:18Z,2026-09-09T15:26:18Z,49.1,36.2,6.853,7.935,23.343
2026-09-09T20:27:18Z,2026-09-09T15:27:18Z,49.4,36.1,6.936,7.698,16.238
2026-09-09T20:28:18Z,2026-09-09T15:28:18Z,49.9,36.1,7.392,8.254,22.662
2026-09-09T20:29:18Z,2026-09-09T15:29:18Z,50.2,36.1,7.257,8.079,35.158
2026-09-09T20:30:18Z,2026-09-09T15:30:18Z,49.7,36.0,6.489,7.403,34.207
2026-09-09T20:31:18Z,2026-09-09T15:31:18Z,50.0,36.0,7.014,8.061,33.635
2026-09-09T20:32:18Z,2026-09-09T15:32:18Z,50.6,35.9,5.581,6.419,33.618
2026-09-09T20:33:18Z,2026-09-09T15:33:18Z,50.8,35.9,6.785,7.545,44.081
2026-09-09T20:34:18Z,2026-09-09T15:34:18Z,50.6,35.9,6.346,7.786,36.89
2026-09-09T20:35:18Z,2026-09-09T15:35:18Z,51.0,35.8,6.487,7.665,41.768
2026-09-09T20:36:18Z,2026-09-09T15:36:18Z,51.2,35.8,6.751,7.657,43.641
2026-09-09T20:37:18Z,2026-09-09T15:37:18Z,51.3,35.8,6.883,7.968,32.318
2026-09-09T20:38:19Z,2026-09-09T15:38:19Z,51.8,35.7,7.262,8.27,18.745
2026-09-09T20:39:19Z,2026-09-09T15:39:19Z,51.7,35.7,6.936,8.041,31.719
2026-09-09T20:40:19Z,2026-09-09T15:40:19Z,51.8,35.7,6.878,7.958,24.036
2026-09-09T20:41:19Z,2026-09-09T15:41:19Z,52.0,35.7,6.62,7.872,36.201
2026-09-09T20:42:19Z,2026-09-09T15:42:19Z,51.9,35.7,6.38,7.44,36.754
2026-09-09T20:43:19Z,2026-09-09T15:43:19Z,51.6,35.7,6.434,7.463,36.916
2026-09-09T20:44:19Z,2026-09-09T15:44:19Z,52.3,35.7,6.672,7.868,27.024
2026-09-09T20:45:19Z,2026-09-09T15:45:19Z,53.1,35.7,6.412,7.91,36.015
2026-09-09T20:46:19Z,2026-09-09T15:46:19Z,52.8,35.7,6.77,7.977,25.401
2026-09-09T20:47:19Z,2026-09-09T15:47:19Z,53.3,35.7,6.878,7.826,34.04
2026-09-09T20:48:19Z,2026-09-09T15:48:19Z,53.8,35.8,6.876,7.989,16.108
2026-09-09T20:49:19Z,2026-09-09T15:49:19Z,52.7,35.8,7.223,8.389,22.341
2026-09-09T20:50:19Z,2026-09-09T15:50:19Z,52.5,35.8,6.636,8.081,40.623
2026-09-09T20:51:19Z,2026-09-09T15:51:19Z,52.5,35.9,6.876,7.907,26.941
2026-09-09T20:52:19Z,2026-09-09T15:52:19Z,52.1,35.9,7.159,8.542,23.755
2026-09-09T20:53:19Z,2026-09-09T15:53:19Z,52.5,35.9,6.781,7.748,21.319
2026-09-09T20:54:19Z,2026-09-09T15:54:19Z,53.2,35.9,6.89,9.516,155.551
2026-09-09T20:55:19Z,2026-09-09T15:55:19Z,52.0,35.9,6.331,7.462,30.979
2026-09-09T20:56:19Z,2026-09-09T15:56:19Z,51.6,36.0,6.651,7.977,28.676
2026-09-09T20:57:19Z,2026-09-09T15:57:19Z,52.0,36.0,7.36,8.604,41.852
2026-09-09T20:58:19Z,2026-09-09T15:58:19Z,52.0,36.0,7.278,8.473,17.292
2026-09-09T20:59:19Z,2026-09-09T15:59:19Z,51.6,36.0,7.432,8.406,14.518
2026-09-09T21:00:20Z,2026-09-09T16:00:20Z,51.8,36.0,7.231,8.019,27.24
2026-09-09T21:01:20Z,2026-09-09T16:01:20Z,52.2,36.0,7.282,8.295,18.398
2026-09-09T21:02:20Z,2026-09-09T16:02:20Z,51.8,36.0,7.658,8.71,20.424
2026-09-09T21:03:20Z,2026-09-09T16:03:20Z,52.3,36.0,7.668,8.618,30.769
2026-09-09T21:04:20Z,2026-09-09T16:04:20Z,52.5,36.1,7.052,8.26,26.336
2026-09-09T21:05:20Z,2026-09-09T16:05:20Z,51.9,36.1,7.344,8.272,27.487
2026-09-09T21:06:20Z,2026-09-09T16:06:20Z,52.4,36.1,8.101,9.258,27.537
2026-09-09T21:07:20Z,2026-09-09T16:07:20Z,52.8,36.1,7.601,8.618,25.906
2026-09-09T21:08:20Z,2026-09-09T16:08:20Z,51.8,36.2,7.754,8.754,29.223
2026-09-09T21:09:20Z,2026-09-09T16:09:20Z,51.6,36.2,7.327,8.271,24.243
2026-09-09T21:10:17Z,2026-09-09T16:10:17Z,52.0,36.3,7.172,8.001,25.548
2026-09-09T21:11:17Z,2026-09-09T16:11:17Z,51.5,36.3,7.438,8.34,30.181
2026-09-09T21:12:17Z,2026-09-09T16:12:17Z,51.9,36.4,7.332,8.342,16.688
2026-09-09T21:13:17Z,2026-09-09T16:13:17Z,51.6,36.5,7.278,8.072,22.221
2026-09-09T21:14:17Z,2026-09-09T16:14:17Z,52.1,36.6,7.401,8.36,20.974
2026-09-09T21:15:17Z,2026-09-09T16:15:17Z,51.4,36.6,7.903,9.06,34.58
2026-09-09T21:16:17Z,2026-09-09T16:16:17Z,52.0,36.7,7.464,8.556,39.259
2026-09-09T21:17:17Z,2026-09-09T16:17:17Z,51.5,36.8,7.36,8.421,22.084
2026-09-09T21:18:17Z,2026-09-09T16:18:17Z,51.4,36.8,8.336,9.645,40.404
2026-09-09T21:19:17Z,2026-09-09T16:19:17Z,51.9,36.9,8.414,9.581,21.808
2026-09-09T21:20:17Z,2026-09-09T16:20:17Z,52.3,36.9,8.151,9.417,43.206
2026-09-09T21:21:17Z,2026-09-09T16:21:17Z,51.7,37.0,8.193,9.696,44.866
2026-09-09T21:22:17Z,2026-09-09T16:22:17Z,51.7,37.0,8.117,9.544,37.171
2026-09-09T21:23:17Z,2026-09-09T16:23:17Z,51.5,37.1,8.39,9.835,31.212
2026-09-09T21:24:17Z,2026-09-09T16:24:17Z,51.3,37.1,7.944,9.125,17.805
2026-09-09T21:25:17Z,2026-09-09T16:25:17Z,51.2,37.1,8.93,10.179,65.631
2026-09-09T21:26:17Z,2026-09-09T16:26:17Z,50.9,37.2,8.228,9.241,36.68
2026-09-09T21:27:17Z,2026-09-09T16:27:17Z,50.7,37.2,8.51,9.607,21.869
2026-09-09T21:28:18Z,2026-09-09T16:28:18Z,50.6,37.2,8.347,9.467,16.146
2026-09-09T21:29:18Z,2026-09-09T16:29:18Z,50.7,37.2,8.757,10.038,28.312
2026-09-09T21:30:18Z,2026-09-09T16:30:18Z,50.9,37.2,9.315,10.737,31.469
2026-09-09T21:31:18Z,2026-09-09T16:31:18Z,50.7,37.2,8.662,9.754,31.754
2026-09-09T21:32:18Z,2026-09-09T16:32:18Z,50.5,37.2,8.188,9.374,30.0
2026-09-09T21:33:18Z,2026-09-09T16:33:18Z,50.7,37.2,7.718,8.942,33.493
2026-09-09T21:34:18Z,2026-09-09T16:34:18Z,50.6,37.2,7.488,8.537,46.5
2026-09-09T21:35:18Z,2026-09-09T16:35:18Z,50.8,37.2,8.722,9.701,27.375
2026-09-09T21:36:18Z,2026-09-09T16:36:18Z,50.9,37.2,7.973,9.211,27.998
2026-09-09T21:37:18Z,2026-09-09T16:37:18Z,50.9,37.1,8.364,9.646,35.41
2026-09-09T21:38:18Z,2026-09-09T16:38:18Z,50.8,37.1,7.29,8.59,18.46
2026-09-09T21:39:18Z,2026-09-09T16:39:18Z,50.5,37.1,8.19,9.565,19.681
2026-09-09T21:40:18Z,2026-09-09T16:40:18Z,50.9,37.1,8.537,9.525,27.915
2026-09-09T21:41:18Z,2026-09-09T16:41:18Z,50.9,37.1,8.251,9.154,16.859
2026-09-09T21:42:18Z,2026-09-09T16:42:18Z,50.4,37.1,8.133,9.21,18.996
2026-09-09T21:43:18Z,2026-09-09T16:43:18Z,50.7,37.1,8.16,9.261,21.577
2026-09-09T21:44:18Z,2026-09-09T16:44:18Z,50.7,37.1,8.001,9.307,22.255
2026-09-09T21:45:18Z,2026-09-09T16:45:18Z,50.1,37.1,8.383,10.486,77.009
2026-09-09T21:46:18Z,2026-09-09T16:46:18Z,50.3,37.1,8.062,9.813,32.503
2026-09-09T21:47:18Z,2026-09-09T16:47:18Z,50.2,37.1,8.502,9.734,29.516
2026-09-09T21:48:18Z,2026-09-09T16:48:18Z,50.5,37.1,7.892,9.258,31.842
2026-09-09T21:49:19Z,2026-09-09T16:49:19Z,49.7,37.1,8.648,9.925,31.024
2026-09-09T21:50:19Z,2026-09-09T16:50:19Z,50.3,37.1,8.458,9.779,27.55
2026-09-09T21:51:19Z,2026-09-09T16:51:19Z,50.2,37.0,7.901,9.208,23.55
2026-09-09T21:52:19Z,2026-09-09T16:52:19Z,51.0,37.0,9.452,10.858,28.195
2026-09-09T21:53:19Z,2026-09-09T16:53:19Z,51.2,37.0,8.44,9.847,26.661
2026-09-09T21:54:19Z,2026-09-09T16:54:19Z,50.7,37.0,8.584,9.738,24.476
2026-09-09T21:55:19Z,2026-09-09T16:55:19Z,50.6,37.0,8.416,9.521,20.867
2026-09-09T21:56:19Z,2026-09-09T16:56:19Z,50.8,37.0,8.006,9.139,33.787
2026-09-09T21:57:19Z,2026-09-09T16:57:19Z,50.6,37.0,7.293,8.666,24.391
2026-09-09T21:58:19Z,2026-09-09T16:58:19Z,50.5,37.0,8.035,9.414,64.643
2026-09-09T21:59:19Z,2026-09-09T16:59:19Z,50.4,37.0,8.083,10.196,78.654
2026-09-09T22:00:19Z,2026-09-09T17:00:19Z,50.1,37.0,8.31,9.881,26.838
2026-09-09T22:01:19Z,2026-09-09T17:01:19Z,50.6,37.0,7.899,9.154,54.38
2026-09-09T22:02:19Z,2026-09-09T17:02:19Z,50.6,36.9,8.814,10.273,62.217
2026-09-09T22:03:19Z,2026-09-09T17:03:19Z,51.3,36.9,7.713,9.036,17.733
2026-09-09T22:04:19Z,2026-09-09T17:04:19Z,51.3,36.9,8.46,9.619,45.285
2026-09-09T22:05:19Z,2026-09-09T17:05:19Z,51.4,36.9,8.133,9.477,53.022
2026-09-09T22:06:19Z,2026-09-09T17:06:19Z,50.9,36.9,8.344,9.718,21.687
2026-09-09T22:07:19Z,2026-09-09T17:07:19Z,50.8,36.8,8.057,9.203,39.562
2026-09-09T22:08:19Z,2026-09-09T17:08:19Z,50.8,36.8,9.0,10.627,36.463
2026-09-09T22:09:19Z,2026-09-09T17:09:19Z,51.2,36.8,8.017,9.272,36.335
2026-09-09T22:10:19Z,2026-09-09T17:10:19Z,51.2,36.8,8.613,9.914,17.727
2026-09-09T22:11:20Z,2026-09-09T17:11:20Z,51.3,36.7,8.598,9.524,32.332
2026-09-09T22:12:20Z,2026-09-09T17:12:20Z,51.4,36.7,8.456,9.614,20.543
2026-09-09T22:13:20Z,2026-09-09T17:13:20Z,51.9,36.7,8.336,9.509,27.536
2026-09-09T22:14:20Z,2026-09-09T17:14:20Z,51.1,36.7,8.925,9.852,35.898
2026-09-09T22:15:20Z,2026-09-09T17:15:20Z,51.1,36.6,8.232,9.085,12.524
2026-09-09T22:16:20Z,2026-09-09T17:16:20Z,51.6,36.6,8.949,9.959,20.017
2026-09-09T22:17:20Z,2026-09-09T17:17:20Z,51.3,36.6,6.991,8.01,14.188
2026-09-09T22:18:20Z,2026-09-09T17:18:20Z,51.2,36.5,7.902,8.925,25.639
2026-09-09T22:19:20Z,2026-09-09T17:19:20Z,50.9,36.5,7.771,8.911,28.278
2026-09-09T22:20:20Z,2026-09-09T17:20:20Z,50.9,36.4,7.711,8.501,15.857
2026-09-09T22:21:20Z,2026-09-09T17:21:20Z,51.1,36.3,7.538,8.714,40.013
2026-09-09T22:22:20Z,2026-09-09T17:22:20Z,50.7,36.3,7.127,8.053,29.241
2026-09-09T22:23:20Z,2026-09-09T17:23:20Z,50.8,36.2,7.209,8.041,14.049
2026-09-09T22:24:20Z,2026-09-09T17:24:20Z,51.4,36.1,7.172,8.022,23.309
2026-09-09T22:25:20Z,2026-09-09T17:25:20Z,52.0,36.0,7.921,8.903,30.716
2026-09-09T22:26:20Z,2026-09-09T17:26:20Z,52.0,36.0,8.332,9.139,20.568
2026-09-09T22:27:20Z,2026-09-09T17:27:20Z,52.0,35.9,8.152,9.255,16.435
2026-09-09T22:28:20Z,2026-09-09T17:28:20Z,52.4,35.8,7.88,8.809,49.903
2026-09-09T22:29:20Z,2026-09-09T17:29:20Z,52.6,35.8,7.891,8.97,18.634
2026-09-09T22:30:17Z,2026-09-09T17:30:17Z,52.8,35.7,7.097,8.225,21.461
2026-09-09T22:31:17Z,2026-09-09T17:31:17Z,53.1,35.6,7.828,8.673,15.703
2026-09-09T22:32:17Z,2026-09-09T17:32:17Z,53.0,35.5,7.253,8.132,22.973
2026-09-09T22:33:17Z,2026-09-09T17:33:17Z,53.4,35.5,7.907,8.78,16.423
2026-09-09T22:34:17Z,2026-09-09T17:34:17Z,53.6,35.4,7.951,8.714,27.883
2026-09-09T22:35:17Z,2026-09-09T17:35:17Z,53.9,35.3,8.017,8.778,18.236
2026-09-09T22:36:17Z,2026-09-09T17:36:17Z,54.3,35.2,8.41,9.469,16.727
2026-09-09T22:37:17Z,2026-09-09T17:37:17Z,54.4,35.2,8.37,9.377,27.59
2026-09-09T22:38:17Z,2026-09-09T17:38:17Z,54.8,35.1,8.489,9.286,23.67
2026-09-09T22:39:18Z,2026-09-09T17:39:18Z,54.9,35.0,8.832,9.744,29.004
2026-09-09T22:40:18Z,2026-09-09T17:40:18Z,55.0,34.9,9.342,10.411,27.429
2026-09-09T22:41:18Z,2026-09-09T17:41:18Z,55.2,34.9,9.304,10.265,17.371
2026-09-09T22:42:18Z,2026-09-09T17:42:18Z,55.3,34.8,9.057,10.069,23.881
2026-09-09T22:43:18Z,2026-09-09T17:43:18Z,55.5,34.7,8.492,9.556,24.205
2026-09-09T22:44:18Z,2026-09-09T17:44:18Z,55.6,34.7,8.408,9.43,30.681
2026-09-09T22:45:18Z,2026-09-09T17:45:18Z,56.0,34.6,9.566,10.637,44.893
2026-09-09T22:46:18Z,2026-09-09T17:46:18Z,56.2,34.5,8.907,9.83,14.267
2026-09-09T22:47:18Z,2026-09-09T17:47:18Z,56.5,34.5,8.974,9.933,28.186
2026-09-09T22:48:18Z,2026-09-09T17:48:18Z,56.9,34.4,8.262,8.98,25.317
2026-09-09T22:49:18Z,2026-09-09T17:49:18Z,57.0,34.3,8.66,9.567,20.194
2026-09-09T22:50:18Z,2026-09-09T17:50:18Z,57.1,34.3,10.032,10.908,15.556
2026-09-09T22:51:18Z,2026-09-09T17:51:18Z,57.3,34.2,10.312,12.157,18.26
2026-09-09T22:52:18Z,2026-09-09T17:52:18Z,57.5,34.2,11.569,13.812,18.638
2026-09-09T22:53:18Z,2026-09-09T17:53:18Z,57.7,34.1,11.333,12.763,20.208
2026-09-09T22:54:18Z,2026-09-09T17:54:18Z,57.8,34.1,10.699,11.992,23.829
2026-09-09T22:55:18Z,2026-09-09T17:55:18Z,57.8,34.0,9.452,10.445,31.001
2026-09-09T22:56:18Z,2026-09-09T17:56:18Z,58.0,34.0,9.595,10.644,21.664
2026-09-09T22:57:18Z,2026-09-09T17:57:18Z,58.0,33.9,9.631,10.681,19.116
2026-09-09T22:58:18Z,2026-09-09T17:58:18Z,58.1,33.9,9.136,9.978,14.389
2026-09-09T22:59:18Z,2026-09-09T17:59:18Z,58.0,33.8,8.963,9.943,39.031
2026-09-09T23:00:18Z,2026-09-09T18:00:18Z,58.0,33.8,9.48,10.279,23.717
2026-09-09T23:01:18Z,2026-09-09T18:01:18Z,58.1,33.8,9.147,10.084,19.961
2026-09-09T23:02:18Z,2026-09-09T18:02:18Z,58.2,33.7,9.251,10.198,27.882
2026-09-09T23:03:19Z,2026-09-09T18:03:19Z,58.5,33.7,9.134,10.02,33.077
2026-09-09T23:04:19Z,2026-09-09T18:04:19Z,58.2,33.6,9.516,10.449,18.116
2026-09-09T23:05:19Z,2026-09-09T18:05:19Z,58.1,33.6,9.6,10.416,24.5
2026-09-09T23:06:19Z,2026-09-09T18:06:19Z,57.8,33.6,9.779,10.87,20.125
2026-09-09T23:07:19Z,2026-09-09T18:07:19Z,58.0,33.6,9.868,10.871,34.01
2026-09-09T23:08:19Z,2026-09-09T18:08:19Z,58.2,33.5,9.833,10.775,14.192
2026-09-09T23:09:19Z,2026-09-09T18:09:19Z,58.5,33.5,9.932,10.861,27.651
2026-09-09T23:10:19Z,2026-09-09T18:10:19Z,58.5,33.5,9.962,10.907,20.802
2026-09-09T23:11:19Z,2026-09-09T18:11:19Z,58.5,33.4,9.736,10.755,22.108
2026-09-09T23:12:19Z,2026-09-09T18:12:19Z,58.8,33.4,10.768,11.577,34.613
2026-09-09T23:13:19Z,2026-09-09T18:13:19Z,59.1,33.4,9.929,10.927,14.761
2026-09-09T23:14:19Z,2026-09-09T18:14:19Z,59.5,33.4,9.544,10.429,21.852
2026-09-09T23:15:19Z,2026-09-09T18:15:19Z,59.8,33.3,10.096,11.148,49.653
2026-09-09T23:16:19Z,2026-09-09T18:16:19Z,59.9,33.3,10.238,11.147,33.461
2026-09-09T23:17:19Z,2026-09-09T18:17:19Z,60.0,33.3,10.528,11.662,18.586
2026-09-09T23:18:19Z,2026-09-09T18:18:19Z,59.8,33.2,10.339,11.406,38.33
2026-09-09T23:19:19Z,2026-09-09T18:19:19Z,59.8,33.2,10.19,11.262,25.578
2026-09-09T23:20:19Z,2026-09-09T18:20:19Z,59.9,33.2,10.476,11.523,28.765
2026-09-09T23:21:19Z,2026-09-09T18:21:19Z,60.3,33.2,10.178,11.347,26.63
2026-09-09T23:22:19Z,2026-09-09T18:22:19Z,60.4,33.2,9.639,10.872,30.798
2026-09-09T23:23:19Z,2026-09-09T18:23:19Z,60.4,33.1,10.429,11.674,34.913
2026-09-09T23:24:19Z,2026-09-09T18:24:19Z,60.7,33.1,10.345,11.319,34.256
2026-09-09T23:25:20Z,2026-09-09T18:25:20Z,60.7,33.1,10.425,11.435,23.051
2026-09-09T23:26:20Z,2026-09-09T18:26:20Z,60.7,33.1,10.061,11.101,26.425
2026-09-09T23:27:20Z,2026-09-09T18:27:20Z,60.9,33.0,9.492,10.518,19.954
2026-09-09T23:28:20Z,2026-09-09T18:28:20Z,61.2,33.0,10.317,11.269,24.324
2026-09-09T23:29:20Z,2026-09-09T18:29:20Z,61.0,33.0,10.413,11.536,27.678
2026-09-09T23:30:20Z,2026-09-09T18:30:20Z,61.1,33.0,10.61,11.825,34.016
2026-09-09T23:31:20Z,2026-09-09T18:31:20Z,61.0,33.0,10.351,11.47,23.6
2026-09-09T23:32:20Z,2026-09-09T18:32:20Z,61.1,33.0,10.518,11.76,25.068
2026-09-09T23:33:20Z,2026-09-09T18:33:20Z,61.3,32.9,10.07,11.127,21.583
2026-09-09T23:34:20Z,2026-09-09T18:34:20Z,61.4,32.9,10.197,11.434,25.509
2026-09-09T23:35:20Z,2026-09-09T18:35:20Z,61.5,32.9,10.686,12.004,30.406
2026-09-09T23:36:20Z,2026-09-09T18:36:20Z,61.8,32.9,11.203,12.471,27.085
2026-09-09T23:37:20Z,2026-09-09T18:37:20Z,61.6,32.9,9.688,10.828,33.356
2026-09-09T23:38:20Z,2026-09-09T18:38:20Z,61.7,32.9,10.602,11.628,29.052
2026-09-09T23:39:20Z,2026-09-09T18:39:20Z,62.0,32.9,10.504,11.845,41.024
2026-09-09T23:40:20Z,2026-09-09T18:40:20Z,61.7,32.8,10.797,11.752,50.327
2026-09-09T23:41:20Z,2026-09-09T18:41:20Z,61.4,32.8,10.716,11.685,15.509
2026-09-09T23:42:20Z,2026-09-09T18:42:20Z,61.2,32.8,10.17,11.154,29.079
2026-09-09T23:43:20Z,2026-09-09T18:43:20Z,61.0,32.8,9.34,10.178,42.548
2026-09-09T23:44:20Z,2026-09-09T18:44:20Z,61.0,32.8,9.931,10.794,28.072
2026-09-09T23:45:20Z,2026-09-09T18:45:20Z,60.7,32.8,9.408,10.445,15.146
2026-09-09T23:46:20Z,2026-09-09T18:46:20Z,60.8,32.8,8.98,9.911,19.718
2026-09-09T23:47:21Z,2026-09-09T18:47:21Z,60.4,32.8,9.091,10.013,18.304
2026-09-09T23:48:21Z,2026-09-09T18:48:21Z,60.5,32.7,8.861,9.546,32.069
2026-09-09T23:49:21Z,2026-09-09T18:49:21Z,60.6,32.7,8.291,8.977,38.964
2026-09-09T23:50:21Z,2026-09-09T18:50:21Z,60.7,32.7,8.718,9.543,23.703
2026-09-09T23:51:21Z,2026-09-09T18:51:21Z,60.9,32.7,8.341,9.282,23.409
2026-09-09T23:52:21Z,2026-09-09T18:52:21Z,60.8,32.7,8.619,9.324,15.928
2026-09-09T23:53:21Z,2026-09-09T18:53:21Z,60.6,32.7,8.07,8.851,36.95
2026-09-09T23:54:21Z,2026-09-09T18:54:21Z,60.8,32.7,8.018,8.825,23.139
2026-09-09T23:55:21Z,2026-09-09T18:55:21Z,60.7,32.7,7.984,8.616,13.4
2026-09-09T23:56:21Z,2026-09-09T18:56:21Z,60.7,32.6,7.609,8.331,18.896
2026-09-09T23:57:21Z,2026-09-09T18:57:21Z,60.5,32.6,7.855,8.838,21.594
2026-09-09T23:58:21Z,2026-09-09T18:58:21Z,60.1,32.6,7.924,8.601,26.551
2026-09-09T23:59:21Z,2026-09-09T18:59:21Z,60.4,32.6,7.569,8.403,31.101
2026-09-10T00:00:21Z,2026-09-09T19:00:21Z,60.4,32.6,7.185,7.666,13.033
2026-09-10T00:01:21Z,2026-09-09T19:01:21Z,60.4,32.5,7.785,8.531,14.537
2026-09-10T00:02:21Z,2026-09-09T19:02:21Z,60.5,32.5,7.473,8.12,11.32
2026-09-10T00:03:21Z,2026-09-09T19:03:21Z,60.4,32.5,7.43,8.152,12.27
2026-09-10T00:04:21Z,2026-09-09T19:04:21Z,60.3,32.5,7.421,8.012,14.64
2026-09-10T00:05:21Z,2026-09-09T19:05:21Z,60.2,32.5,7.337,7.962,12.504
2026-09-10T00:06:21Z,2026-09-09T19:06:21Z,60.3,32.5,7.545,8.018,18.733
2026-09-10T00:07:21Z,2026-09-09T19:07:21Z,60.2,32.4,7.651,8.375,10.4
2026-09-10T00:08:21Z,2026-09-09T19:08:21Z,60.3,32.4,7.338,8.011,12.361
2026-09-10T00:09:21Z,2026-09-09T19:09:21Z,60.1,32.4,7.863,8.769,34.506
2026-09-10T00:10:21Z,2026-09-09T19:10:21Z,60.4,32.4,7.258,7.963,19.441
2026-09-10T00:11:21Z,2026-09-09T19:11:21Z,60.6,32.4,7.433,8.229,29.415
2026-09-10T00:12:22Z,2026-09-09T19:12:22Z,60.4,32.3,7.908,8.534,19.705
2026-09-10T00:13:22Z,2026-09-09T19:13:22Z,60.5,32.3,6.968,7.473,10.8
2026-09-10T00:14:22Z,2026-09-09T19:14:22Z,60.5,32.3,7.87,8.677,10.124
2026-09-10T00:15:22Z,2026-09-09T19:15:22Z,60.6,32.3,7.415,8.017,15.091
2026-09-10T00:16:22Z,2026-09-09T19:16:22Z,61.0,32.3,7.966,8.506,18.43
2026-09-10T00:17:22Z,2026-09-09T19:17:22Z,61.2,32.3,6.991,7.423,10.007
2026-09-10T00:18:22Z,2026-09-09T19:18:22Z,61.3,32.2,7.43,8.07,27.335
2026-09-10T00:19:22Z,2026-09-09T19:19:22Z,61.1,32.2,7.171,7.738,15.057
2026-09-10T00:20:19Z,2026-09-09T19:20:19Z,61.3,32.2,7.242,8.023,36.177
2026-09-10T00:21:19Z,2026-09-09T19:21:19Z,61.2,32.2,6.985,7.751,29.767
2026-09-10T00:22:19Z,2026-09-09T19:22:19Z,61.2,32.2,7.506,8.198,18.3
2026-09-10T00:23:19Z,2026-09-09T19:23:19Z,61.5,32.1,7.605,8.314,9.888
2026-09-10T00:24:19Z,2026-09-09T19:24:19Z,61.5,32.1,7.481,8.12,16.816
2026-09-10T00:25:19Z,2026-09-09T19:25:19Z,61.4,32.1,7.67,8.225,14.894
2026-09-10T00:26:19Z,2026-09-09T19:26:19Z,61.2,32.1,7.658,8.24,14.264
2026-09-10T00:27:19Z,2026-09-09T19:27:19Z,61.4,32.1,7.161,7.769,16.703
2026-09-10T00:28:19Z,2026-09-09T19:28:19Z,61.4,32.0,7.922,8.776,20.914
2026-09-10T00:29:19Z,2026-09-09T19:29:19Z,61.2,32.0,7.235,7.939,26.092
2026-09-10T00:30:19Z,2026-09-09T19:30:19Z,61.2,32.0,7.402,8.124,13.027
2026-09-10T00:31:19Z,2026-09-09T19:31:19Z,61.0,32.0,7.05,7.89,39.302
2026-09-10T00:32:19Z,2026-09-09T19:32:19Z,61.2,32.0,7.262,7.96,22.945
2026-09-10T00:33:19Z,2026-09-09T19:33:19Z,61.1,31.9,7.255,7.781,23.752
2026-09-10T00:34:19Z,2026-09-09T19:34:19Z,61.0,31.9,7.396,8.139,17.618
2026-09-10T00:35:19Z,2026-09-09T19:35:19Z,60.9,31.9,7.141,7.648,30.195
2026-09-10T00:36:19Z,2026-09-09T19:36:19Z,61.0,31.9,6.976,7.596,18.417
2026-09-10T00:37:20Z,2026-09-09T19:37:20Z,60.9,31.9,7.311,7.873,14.401
2026-09-10T00:38:20Z,2026-09-09T19:38:20Z,61.1,31.8,6.94,7.506,28.637
2026-09-10T00:39:20Z,2026-09-09T19:39:20Z,61.2,31.8,7.044,7.728,13.254
2026-09-10T00:40:20Z,2026-09-09T19:40:20Z,61.0,31.8,7.354,8.065,18.854
2026-09-10T00:41:20Z,2026-09-09T19:41:20Z,61.0,31.8,7.512,7.922,22.934
2026-09-10T00:42:20Z,2026-09-09T19:42:20Z,61.3,31.8,7.458,8.251,67.896
2026-09-10T00:43:20Z,2026-09-09T19:43:20Z,61.2,31.8,7.487,8.126,13.78
2026-09-10T00:44:20Z,2026-09-09T19:44:20Z,61.4,31.7,7.638,8.208,14.207
2026-09-10T00:45:20Z,2026-09-09T19:45:20Z,61.5,31.7,7.669,8.122,15.98
2026-09-10T00:46:20Z,2026-09-09T19:46:20Z,61.7,31.7,7.339,7.966,30.566
2026-09-10T00:47:20Z,2026-09-09T19:47:20Z,61.5,31.7,7.951,8.66,18.814
2026-09-10T00:48:20Z,2026-09-09T19:48:20Z,61.9,31.7,7.727,8.453,20.914
2026-09-10T00:49:20Z,2026-09-09T19:49:20Z,61.7,31.7,7.771,8.543,22.556
2026-09-10T00:50:20Z,2026-09-09T19:50:20Z,61.8,31.6,7.934,8.593,11.244
2026-09-10T00:51:20Z,2026-09-09T19:51:20Z,62.1,31.6,7.793,8.456,12.01
2026-09-10T00:52:20Z,2026-09-09T19:52:20Z,62.3,31.6,7.696,8.315,12.004
2026-09-10T00:53:20Z,2026-09-09T19:53:20Z,62.4,31.6,7.779,8.527,18.419
2026-09-10T00:54:20Z,2026-09-09T19:54:20Z,62.5,31.6,7.625,8.16,16.735
2026-09-10T00:55:20Z,2026-09-09T19:55:20Z,62.4,31.5,7.483,8.176,18.553
2026-09-10T00:56:20Z,2026-09-09T19:56:20Z,62.6,31.5,7.952,8.52,30.414
2026-09-10T00:57:20Z,2026-09-09T19:57:20Z,62.7,31.5,7.713,8.267,19.533
2026-09-10T00:58:20Z,2026-09-09T19:58:20Z,62.8,31.5,7.34,7.9,9.577
2026-09-10T00:59:20Z,2026-09-09T19:59:20Z,62.8,31.5,7.204,7.931,28.859
2026-09-10T01:00:21Z,2026-09-09T20:00:21Z,63.1,31.5,8.088,9.256,97.527
2026-09-10T01:01:21Z,2026-09-09T20:01:21Z,63.1,31.4,7.827,8.436,23.059
2026-09-10T01:02:21Z,2026-09-09T20:02:21Z,63.0,31.4,7.392,7.999,31.226
2026-09-10T01:03:21Z,2026-09-09T20:03:21Z,63.3,31.4,7.692,8.308,25.341
2026-09-10T01:04:21Z,2026-09-09T20:04:21Z,63.2,31.4,7.726,8.256,42.786
2026-09-10T01:05:21Z,2026-09-09T20:05:21Z,63.2,31.4,7.63,8.203,15.307
2026-09-10T01:06:21Z,2026-09-09T20:06:21Z,63.4,31.4,7.7,8.293,17.567
2026-09-10T01:07:21Z,2026-09-09T20:07:21Z,63.3,31.4,6.806,7.22,22.445
2026-09-10T01:08:21Z,2026-09-09T20:08:21Z,63.3,31.3,7.246,7.726,31.148
2026-09-10T01:09:21Z,2026-09-09T20:09:21Z,63.5,31.3,7.565,8.087,13.171
2026-09-10T01:10:21Z,2026-09-09T20:10:21Z,63.5,31.3,7.53,8.049,16.475
2026-09-10T01:11:21Z,2026-09-09T20:11:21Z,63.7,31.3,7.582,8.19,18.901
2026-09-10T01:12:21Z,2026-09-09T20:12:21Z,63.5,31.3,7.005,7.645,20.489
2026-09-10T01:13:21Z,2026-09-09T20:13:21Z,63.7,31.3,6.942,7.486,10.759
2026-09-10T01:14:21Z,2026-09-09T20:14:21Z,63.7,31.3,6.968,7.528,9.352
2026-09-10T01:15:21Z,2026-09-09T20:15:21Z,63.7,31.2,7.358,7.906,11.742
2026-09-10T01:16:21Z,2026-09-09T20:16:21Z,63.6,31.2,6.953,7.553,28.786
2026-09-10T01:17:21Z,2026-09-09T20:17:21Z,63.6,31.2,6.783,7.411,10.865
2026-09-10T01:18:21Z,2026-09-09T20:18:21Z,63.7,31.2,7.32,7.825,21.522
2026-09-10T01:19:21Z,2026-09-09T20:19:21Z,63.8,31.2,7.073,7.709,13.379
2026-09-10T01:20:21Z,2026-09-09T20:20:21Z,63.7,31.2,6.923,7.407,24.004
2026-09-10T01:21:22Z,2026-09-09T20:21:22Z,63.7,31.2,6.621,6.98,15.67
2026-09-10T01:22:22Z,2026-09-09T20:22:22Z,63.9,31.2,6.906,7.517,20.848
2026-09-10T01:23:22Z,2026-09-09T20:23:22Z,63.8,31.1,6.678,7.115,10.4
2026-09-10T01:24:22Z,2026-09-09T20:24:22Z,64.0,31.1,6.659,7.327,15.438
2026-09-10T01:25:22Z,2026-09-09T20:25:22Z,64.2,31.1,6.656,7.236,25.196
2026-09-10T01:26:22Z,2026-09-09T20:26:22Z,64.3,31.1,6.91,7.479,17.224
2026-09-10T01:27:22Z,2026-09-09T20:27:22Z,64.3,31.1,7.099,7.657,24.552
2026-09-10T01:28:22Z,2026-09-09T20:28:22Z,64.2,31.1,6.647,7.192,17.317
2026-09-10T01:29:22Z,2026-09-09T20:29:22Z,64.4,31.1,6.886,7.446,17.938
2026-09-10T01:30:22Z,2026-09-09T20:30:22Z,64.7,31.0,7.109,7.694,12.77
2026-09-10T01:31:22Z,2026-09-09T20:31:22Z,64.7,31.0,7.315,7.81,13.016
2026-09-10T01:32:22Z,2026-09-09T20:32:22Z,64.7,31.0,7.096,7.654,15.176
2026-09-10T01:33:22Z,2026-09-09T20:33:22Z,64.8,31.0,6.869,7.415,28.982
2026-09-10T01:34:22Z,2026-09-09T20:34:22Z,64.9,31.0,7.299,7.778,21.003
2026-09-10T01:35:22Z,2026-09-09T20:35:22Z,65.0,31.0,7.23,7.822,12.472
2026-09-10T01:36:22Z,2026-09-09T20:36:22Z,65.0,31.0,6.982,7.578,20.899
2026-09-10T01:37:22Z,2026-09-09T20:37:22Z,65.2,30.9,7.179,7.795,13.449
2026-09-10T01:38:22Z,2026-09-09T20:38:22Z,65.4,30.9,7.479,7.983,24.347
2026-09-10T01:39:22Z,2026-09-09T20:39:22Z,65.5,30.9,6.84,7.376,25.454
2026-09-10T01:40:22Z,2026-09-09T20:40:22Z,65.6,30.9,6.911,7.53,15.128
2026-09-10T01:41:22Z,2026-09-09T20:41:22Z,65.6,30.9,6.751,7.235,26.225
2026-09-10T01:42:22Z,2026-09-09T20:42:22Z,65.6,30.9,7.089,7.545,16.716
2026-09-10T01:43:22Z,2026-09-09T20:43:22Z,65.8,30.9,7.603,8.275,14.853
2026-09-10T01:44:22Z,2026-09-09T20:44:22Z,65.9,30.8,7.422,8.04,10.247
2026-09-10T01:45:22Z,2026-09-09T20:45:22Z,66.1,30.8,7.222,7.532,31.659
2026-09-10T01:46:22Z,2026-09-09T20:46:22Z,66.2,30.8,6.908,7.508,12.193
2026-09-10T01:47:23Z,2026-09-09T20:47:23Z,66.3,30.8,6.935,7.499,16.636
2026-09-10T01:48:23Z,2026-09-09T20:48:23Z,66.3,30.8,7.47,8.04,25.895
2026-09-10T01:49:23Z,2026-09-09T20:49:23Z,66.5,30.8,7.132,7.661,19.247
2026-09-10T01:50:23Z,2026-09-09T20:50:23Z,66.6,30.8,7.208,7.584,17.797
2026-09-10T01:51:23Z,2026-09-09T20:51:23Z,66.7,30.7,7.236,8.0,12.3
2026-09-10T01:52:23Z,2026-09-09T20:52:23Z,66.9,30.7,6.921,7.52,12.69
2026-09-10T01:53:23Z,2026-09-09T20:53:23Z,67.0,30.7,7.435,8.053,17.512
2026-09-10T01:54:23Z,2026-09-09T20:54:23Z,67.1,30.7,7.266,7.893,37.458
2026-09-10T01:55:23Z,2026-09-09T20:55:23Z,67.2,30.7,7.53,8.407,16.731
2026-09-10T01:56:23Z,2026-09-09T20:56:23Z,67.4,30.7,7.141,7.896,30.538
2026-09-10T01:57:23Z,2026-09-09T20:57:23Z,67.5,30.7,7.749,8.398,13.392
2026-09-10T01:58:23Z,2026-09-09T20:58:23Z,67.6,30.7,7.468,8.114,13.076
2026-09-10T01:59:23Z,2026-09-09T20:59:23Z,67.8,30.6,7.43,8.115,17.959
2026-09-10T02:00:23Z,2026-09-09T21:00:23Z,67.9,30.6,7.417,8.04,10.205
2026-09-10T02:01:23Z,2026-09-09T21:01:23Z,67.9,30.6,6.964,7.522,20.55
2026-09-10T02:02:23Z,2026-09-09T21:02:23Z,67.9,30.6,8.123,8.748,27.9
2026-09-10T02:03:23Z,2026-09-09T21:03:23Z,68.0,30.6,7.441,7.892,18.288
2026-09-10T02:04:23Z,2026-09-09T21:04:23Z,68.2,30.6,8.176,8.632,23.01
2026-09-10T02:05:23Z,2026-09-09T21:05:23Z,68.3,30.6,7.371,7.843,17.593
2026-09-10T02:06:23Z,2026-09-09T21:06:23Z,68.4,30.6,7.929,8.661,16.195
2026-09-10T02:07:23Z,2026-09-09T21:07:23Z,68.5,30.6,7.676,8.319,21.545
2026-09-10T02:08:23Z,2026-09-09T21:08:23Z,68.7,30.6,7.992,8.735,28.578
2026-09-10T02:09:23Z,2026-09-09T21:09:23Z,68.6,30.6,7.687,8.203,13.441
2026-09-10T02:10:23Z,2026-09-09T21:10:23Z,68.9,30.5,7.635,8.335,10.441
2026-09-10T02:11:23Z,2026-09-09T21:11:23Z,68.9,30.5,7.376,7.923,30.122
2026-09-10T02:12:24Z,2026-09-09T21:12:24Z,68.7,30.5,7.489,8.129,13.538
2026-09-10T02:13:24Z,2026-09-09T21:13:24Z,68.8,30.5,7.39,7.859,20.817
2026-09-10T02:14:24Z,2026-09-09T21:14:24Z,68.9,30.5,7.233,7.917,17.492
2026-09-10T02:15:20Z,2026-09-09T21:15:20Z,69.0,30.5,7.666,8.239,15.329
2026-09-10T02:16:20Z,2026-09-09T21:16:20Z,69.1,30.5,7.485,8.021,9.76
2026-09-10T02:17:21Z,2026-09-09T21:17:21Z,69.2,30.5,7.729,8.305,13.177
2026-09-10T02:18:21Z,2026-09-09T21:18:21Z,69.1,30.4,7.435,8.049,17.471
2026-09-10T02:19:21Z,2026-09-09T21:19:21Z,69.1,30.4,7.376,7.994,11.871
2026-09-10T02:20:21Z,2026-09-09T21:20:21Z,69.4,30.4,7.238,7.787,15.174
2026-09-10T02:21:21Z,2026-09-09T21:21:21Z,69.5,30.4,6.835,7.524,18.954
2026-09-10T02:22:21Z,2026-09-09T21:22:21Z,69.5,30.4,7.197,7.805,23.879
2026-09-10T02:23:21Z,2026-09-09T21:23:21Z,69.5,30.4,6.603,7.283,16.108
2026-09-10T02:24:21Z,2026-09-09T21:24:21Z,69.5,30.4,6.654,7.299,22.492
2026-09-10T02:25:21Z,2026-09-09T21:25:21Z,69.4,30.4,6.7,7.179,21.678
2026-09-10T02:26:21Z,2026-09-09T21:26:21Z,69.6,30.4,6.683,7.113,20.163
2026-09-10T02:27:21Z,2026-09-09T21:27:21Z,69.7,30.4,6.707,7.613,12.647
2026-09-10T02:28:21Z,2026-09-09T21:28:21Z,69.6,30.4,6.581,7.252,13.297
2026-09-10T02:29:21Z,2026-09-09T21:29:21Z,69.7,30.4,6.323,6.922,16.081
2026-09-10T02:30:21Z,2026-09-09T21:30:21Z,69.6,30.3,6.37,7.225,29.208
2026-09-10T02:31:21Z,2026-09-09T21:31:21Z,69.7,30.3,6.641,7.491,9.162
2026-09-10T02:32:21Z,2026-09-09T21:32:21Z,69.7,30.3,6.563,7.136,17.274
2026-09-10T02:33:21Z,2026-09-09T21:33:21Z,69.9,30.3,6.028,6.577,9.232
2026-09-10T02:34:21Z,2026-09-09T21:34:21Z,69.9,30.3,6.05,6.62,14.766
2026-09-10T02:35:21Z,2026-09-09T21:35:21Z,70.0,30.3,5.903,6.51,20.031
2026-09-10T02:36:21Z,2026-09-09T21:36:21Z,70.1,30.3,5.984,6.671,13.137
2026-09-10T02:37:22Z,2026-09-09T21:37:22Z,70.1,30.3,5.93,6.524,13.754
2026-09-10T02:38:22Z,2026-09-09T21:38:22Z,70.1,30.3,5.679,6.303,21.101
2026-09-10T02:39:22Z,2026-09-09T21:39:22Z,70.1,30.3,6.008,6.609,16.633
2026-09-10T02:40:22Z,2026-09-09T21:40:22Z,70.2,30.3,5.709,6.416,24.057
2026-09-10T02:41:22Z,2026-09-09T21:41:22Z,70.1,30.3,6.028,6.896,12.765
2026-09-10T02:42:22Z,2026-09-09T21:42:22Z,70.2,30.3,5.697,6.36,15.007
2026-09-10T02:43:22Z,2026-09-09T21:43:22Z,70.3,30.3,5.723,6.477,21.926
2026-09-10T02:44:22Z,2026-09-09T21:44:22Z,70.4,30.3,5.72,6.485,11.16
2026-09-10T02:45:22Z,2026-09-09T21:45:22Z,70.5,30.3,5.998,6.687,8.64
2026-09-10T02:46:22Z,2026-09-09T21:46:22Z,70.5,30.3,5.77,6.409,16.442
2026-09-10T02:47:22Z,2026-09-09T21:47:22Z,70.5,30.3,5.771,6.508,33.425
2026-09-10T02:48:22Z,2026-09-09T21:48:22Z,70.7,30.3,5.992,6.677,15.546
2026-09-10T02:49:22Z,2026-09-09T21:49:22Z,70.7,30.2,5.781,6.461,9.361
2026-09-10T02:50:22Z,2026-09-09T21:50:22Z,70.9,30.2,5.779,6.251,15.794
2026-09-10T02:51:22Z,2026-09-09T21:51:22Z,70.8,30.2,5.894,6.579,20.182
2026-09-10T02:52:22Z,2026-09-09T21:52:22Z,70.9,30.2,6.046,6.649,14.796
2026-09-10T02:53:22Z,2026-09-09T21:53:22Z,71.0,30.2,5.827,6.443,14.746
2026-09-10T02:54:22Z,2026-09-09T21:54:22Z,71.1,30.2,5.556,6.173,16.733
2026-09-10T02:55:22Z,2026-09-09T21:55:22Z,71.2,30.2,5.682,6.319,16.314
2026-09-10T02:56:22Z,2026-09-09T21:56:22Z,71.0,30.2,5.829,6.428,22.905
2026-09-10T02:57:22Z,2026-09-09T21:57:22Z,71.1,30.2,5.621,6.218,9.889
2026-09-10T02:58:22Z,2026-09-09T21:58:22Z,71.2,30.2,5.763,6.36,16.13
2026-09-10T02:59:23Z,2026-09-09T21:59:23Z,71.3,30.1,5.537,6.21,19.227
2026-09-10T03:00:23Z,2026-09-09T22:00:23Z,71.3,30.1,5.881,6.594,17.164
2026-09-10T03:01:23Z,2026-09-09T22:01:23Z,71.5,30.1,5.587,6.275,24.881
2026-09-10T03:02:23Z,2026-09-09T22:02:23Z,71.6,30.1,5.975,6.671,14.558
2026-09-10T03:03:23Z,2026-09-09T22:03:23Z,71.6,30.1,5.681,6.316,15.077
2026-09-10T03:04:23Z,2026-09-09T22:04:23Z,71.8,30.1,5.581,6.178,11.349
2026-09-10T03:05:23Z,2026-09-09T22:05:23Z,71.9,30.1,5.519,6.125,21.03
2026-09-10T03:06:23Z,2026-09-09T22:06:23Z,72.0,30.1,5.577,6.38,20.09
2026-09-10T03:07:23Z,2026-09-09T22:07:23Z,72.0,30.1,5.451,6.321,17.712
2026-09-10T03:08:23Z,2026-09-09T22:08:23Z,72.2,30.1,5.372,6.029,7.441
2026-09-10T03:09:23Z,2026-09-09T22:09:23Z,72.3,30.0,5.661,6.357,15.671
2026-09-10T03:10:23Z,2026-09-09T22:10:23Z,72.5,30.0,5.35,6.116,21.859
2026-09-10T03:11:23Z,2026-09-09T22:11:23Z,72.6,30.0,5.527,6.382,21.592
2026-09-10T03:12:23Z,2026-09-09T22:12:23Z,72.7,30.0,5.28,6.152,11.24
2026-09-10T03:13:23Z,2026-09-09T22:13:23Z,72.7,30.0,5.287,6.227,18.068
2026-09-10T03:14:23Z,2026-09-09T22:14:23Z,72.8,30.0,5.673,6.561,13.46
2026-09-10T03:15:23Z,2026-09-09T22:15:23Z,72.9,30.0,5.313,6.165,21.232
2026-09-10T03:16:23Z,2026-09-09T22:16:23Z,72.9,30.0,5.302,5.987,16.115
2026-09-10T03:17:23Z,2026-09-09T22:17:23Z,73.0,30.0,5.0,5.748,13.493
2026-09-10T03:18:24Z,2026-09-09T22:18:24Z,73.0,30.0,4.905,5.575,29.393
2026-09-10T03:19:24Z,2026-09-09T22:19:24Z,72.9,30.0,5.215,5.849,14.3
2026-09-10T03:20:24Z,2026-09-09T22:20:24Z,73.0,29.9,4.954,5.751,20.557
2026-09-10T03:21:24Z,2026-09-09T22:21:24Z,73.2,29.9,5.038,5.823,11.289
2026-09-10T03:22:24Z,2026-09-09T22:22:24Z,73.2,29.9,5.075,5.861,23.572
2026-09-10T03:23:24Z,2026-09-09T22:23:24Z,73.2,29.9,5.371,5.955,13.017
2026-09-10T03:24:24Z,2026-09-09T22:24:24Z,73.2,29.9,4.988,5.724,21.448
2026-09-10T03:25:21Z,2026-09-09T22:25:21Z,73.2,29.9,4.807,5.51,11.697
2026-09-10T03:26:21Z,2026-09-09T22:26:21Z,73.3,29.9,5.228,5.981,19.521
2026-09-10T03:27:21Z,2026-09-09T22:27:21Z,73.4,29.9,5.169,5.657,10.791
2026-09-10T03:28:21Z,2026-09-09T22:28:21Z,73.4,29.9,5.076,5.672,7.297
2026-09-10T03:29:21Z,2026-09-09T22:29:21Z,73.4,29.9,5.098,5.682,8.816
2026-09-10T03:30:21Z,2026-09-09T22:30:21Z,73.5,29.9,4.86,5.946,18.763
2026-09-10T03:31:21Z,2026-09-09T22:31:21Z,73.5,29.9,4.973,5.913,10.242
2026-09-10T03:32:21Z,2026-09-09T22:32:21Z,73.4,29.9,5.094,5.779,16.431
2026-09-10T03:33:21Z,2026-09-09T22:33:21Z,73.5,29.8,4.931,5.61,15.99
2026-09-10T03:34:21Z,2026-09-09T22:34:21Z,73.5,29.8,4.842,5.715,33.325
2026-09-10T03:35:21Z,2026-09-09T22:35:21Z,73.5,29.8,4.92,5.593,9.394
2026-09-10T03:36:21Z,2026-09-09T22:36:21Z,73.4,29.8,4.915,5.532,11.532
2026-09-10T03:37:21Z,2026-09-09T22:37:21Z,73.5,29.8,4.941,5.627,23.044
2026-09-10T03:38:21Z,2026-09-09T22:38:21Z,73.5,29.8,4.676,5.719,18.686
2026-09-10T03:39:21Z,2026-09-09T22:39:21Z,73.7,29.8,4.848,5.672,21.857
2026-09-10T03:40:21Z,2026-09-09T22:40:21Z,73.8,29.8,5.071,5.816,32.565
2026-09-10T03:41:21Z,2026-09-09T22:41:21Z,73.8,29.8,5.021,5.844,13.693
2026-09-10T03:42:21Z,2026-09-09T22:42:21Z,73.9,29.8,4.888,5.686,8.97
2026-09-10T03:43:22Z,2026-09-09T22:43:22Z,73.9,29.8,4.886,5.553,11.146
2026-09-10T03:44:22Z,2026-09-09T22:44:22Z,73.8,29.8,5.09,5.946,28.594
2026-09-10T03:45:22Z,2026-09-09T22:45:22Z,74.0,29.7,4.935,5.824,24.09
2026-09-10T03:46:22Z,2026-09-09T22:46:22Z,73.9,29.7,5.425,6.305,23.925
2026-09-10T03:47:22Z,2026-09-09T22:47:22Z,74.1,29.7,5.288,6.079,28.062
2026-09-10T03:48:22Z,2026-09-09T22:48:22Z,74.0,29.7,5.167,6.201,18.21
2026-09-10T03:49:22Z,2026-09-09T22:49:22Z,73.9,29.7,5.298,6.073,12.393
2026-09-10T03:50:22Z,2026-09-09T22:50:22Z,73.9,29.7,4.93,5.472,27.444
2026-09-10T03:51:22Z,2026-09-09T22:51:22Z,73.9,29.7,4.692,5.41,21.009
2026-09-10T03:52:22Z,2026-09-09T22:52:22Z,73.9,29.7,5.072,5.885,21.362
2026-09-10T03:53:22Z,2026-09-09T22:53:22Z,73.9,29.7,5.093,5.804,10.027
2026-09-10T03:54:22Z,2026-09-09T22:54:22Z,73.9,29.7,4.81,5.698,17.395
2026-09-10T03:55:22Z,2026-09-09T22:55:22Z,73.8,29.7,5.079,5.734,32.794
2026-09-10T03:56:22Z,2026-09-09T22:56:22Z,73.9,29.7,5.011,5.751,10.085
2026-09-10T03:57:22Z,2026-09-09T22:57:22Z,74.0,29.7,4.941,5.652,18.501
2026-09-10T03:58:22Z,2026-09-09T22:58:22Z,73.8,29.7,5.044,5.789,18.356
2026-09-10T03:59:22Z,2026-09-09T22:59:22Z,73.9,29.6,5.1,5.991,22.945
2026-09-10T04:00:22Z,2026-09-09T23:00:22Z,73.9,29.7,5.069,5.873,17.525
2026-09-10T04:01:22Z,2026-09-09T23:01:22Z,73.9,29.6,4.726,5.622,24.405
2026-09-10T04:02:22Z,2026-09-09T23:02:22Z,73.9,29.6,4.913,5.531,18.339
2026-09-10T04:03:22Z,2026-09-09T23:03:22Z,74.0,29.6,4.8,5.461,22.931
2026-09-10T04:04:22Z,2026-09-09T23:04:22Z,74.0,29.6,4.801,5.48,16.018
2026-09-10T04:05:23Z,2026-09-09T23:05:23Z,74.0,29.6,4.988,5.83,12.339
2026-09-10T04:06:23Z,2026-09-09T23:06:23Z,74.1,29.6,4.698,5.271,6.618
2026-09-10T04:07:23Z,2026-09-09T23:07:23Z,74.2,29.6,4.965,5.702,10.001
2026-09-10T04:08:23Z,2026-09-09T23:08:23Z,74.2,29.6,4.758,5.647,12.725
2026-09-10T04:09:23Z,2026-09-09T23:09:23Z,74.3,29.6,4.793,5.658,16.777
2026-09-10T04:10:23Z,2026-09-09T23:10:23Z,74.3,29.6,5.1,5.887,11.801
2026-09-10T04:11:23Z,2026-09-09T23:11:23Z,74.3,29.6,5.287,6.317,13.901
2026-09-10T04:12:23Z,2026-09-09T23:12:23Z,74.3,29.6,4.884,5.746,25.102
2026-09-10T04:13:23Z,2026-09-09T23:13:23Z,74.4,29.6,5.247,6.088,32.091
2026-09-10T04:14:23Z,2026-09-09T23:14:23Z,74.4,29.6,4.952,5.785,9.136
2026-09-10T04:15:23Z,2026-09-09T23:15:23Z,74.5,29.6,4.839,5.513,17.58
2026-09-10T04:16:23Z,2026-09-09T23:16:23Z,74.6,29.6,4.841,5.715,11.652
2026-09-10T04:17:23Z,2026-09-09T23:17:23Z,74.5,29.6,5.205,5.924,24.414
2026-09-10T04:18:23Z,2026-09-09T23:18:23Z,74.5,29.5,4.833,5.848,20.047
2026-09-10T04:19:23Z,2026-09-09T23:19:23Z,74.5,29.5,4.811,5.444,13.17
2026-09-10T04:20:23Z,2026-09-09T23:20:23Z,74.7,29.5,4.947,5.832,17.112
2026-09-10T04:21:23Z,2026-09-09T23:21:23Z,74.8,29.5,4.958,5.843,14.704
2026-09-10T04:22:23Z,2026-09-09T23:22:23Z,75.0,29.5,4.717,5.526,18.953
2026-09-10T04:23:23Z,2026-09-09T23:23:23Z,75.0,29.5,4.811,5.578,17.241
2026-09-10T04:24:23Z,2026-09-09T23:24:23Z,74.9,29.5,4.735,5.678,19.237
2026-09-10T04:25:23Z,2026-09-09T23:25:23Z,75.0,29.5,4.725,5.657,10.021
2026-09-10T04:26:24Z,2026-09-09T23:26:24Z,74.9,29.5,4.685,5.707,12.981
2026-09-10T04:27:24Z,2026-09-09T23:27:24Z,75.0,29.5,5.028,5.962,12.834
2026-09-10T04:28:24Z,2026-09-09T23:28:24Z,75.0,29.5,4.899,5.826,19.469
2026-09-10T04:29:24Z,2026-09-09T23:29:24Z,75.1,29.5,4.919,5.641,15.551
2026-09-10T04:30:24Z,2026-09-09T23:30:24Z,75.2,29.4,4.99,5.859,18.637
2026-09-10T04:31:24Z,2026-09-09T23:31:24Z,75.2,29.4,4.995,5.821,11.636
2026-09-10T04:32:24Z,2026-09-09T23:32:24Z,75.3,29.4,4.844,5.636,9.854
2026-09-10T04:33:24Z,2026-09-09T23:33:24Z,75.3,29.4,4.511,5.575,12.755
2026-09-10T04:34:24Z,2026-09-09T23:34:24Z,75.4,29.4,4.484,5.402,22.078
2026-09-10T04:35:24Z,2026-09-09T23:35:24Z,75.4,29.4,4.596,5.553,18.674
2026-09-10T04:36:24Z,2026-09-09T23:36:24Z,75.4,29.4,4.776,5.868,16.648
2026-09-10T04:37:24Z,2026-09-09T23:37:24Z,75.4,29.4,4.706,5.42,12.863
2026-09-10T04:38:24Z,2026-09-09T23:38:24Z,75.5,29.4,4.944,5.832,16.91
2026-09-10T04:39:24Z,2026-09-09T23:39:24Z,75.6,29.4,4.968,5.778,33.165
2026-09-10T04:40:24Z,2026-09-09T23:40:24Z,75.5,29.4,4.789,5.655,21.716
2026-09-10T04:41:24Z,2026-09-09T23:41:24Z,75.5,29.4,4.809,5.751,28.294
2026-09-10T04:42:24Z,2026-09-09T23:42:24Z,75.6,29.4,4.74,5.863,17.993
2026-09-10T04:43:24Z,2026-09-09T23:43:24Z,75.7,29.4,4.805,5.485,33.68
2026-09-10T04:44:24Z,2026-09-09T23:44:24Z,75.7,29.4,4.715,5.567,28.702
2026-09-10T04:45:21Z,2026-09-09T23:45:21Z,75.8,29.4,4.674,5.666,24.067
2026-09-10T04:46:21Z,2026-09-09T23:46:21Z,75.9,29.4,4.79,5.849,19.035
2026-09-10T04:47:21Z,2026-09-09T23:47:21Z,76.0,29.4,4.561,5.547,27.735
2026-09-10T04:48:21Z,2026-09-09T23:48:21Z,76.1,29.4,4.511,5.416,18.934
2026-09-10T04:49:21Z,2026-09-09T23:49:21Z,76.0,29.3,4.71,5.642,13.9
2026-09-10T04:50:21Z,2026-09-09T23:50:21Z,76.1,29.3,4.607,5.543,27.322
2026-09-10T04:51:21Z,2026-09-09T23:51:21Z,76.2,29.3,4.706,5.705,13.152
2026-09-10T04:52:21Z,2026-09-09T23:52:21Z,76.3,29.3,4.741,5.665,15.537
2026-09-10T04:53:21Z,2026-09-09T23:53:21Z,76.3,29.3,4.795,5.874,15.839
2026-09-10T04:54:22Z,2026-09-09T23:54:22Z,76.4,29.3,4.689,5.846,21.798
2026-09-10T04:55:22Z,2026-09-09T23:55:22Z,76.5,29.3,4.501,5.741,36.251
2026-09-10T04:56:22Z,2026-09-09T23:56:22Z,76.6,29.3,4.789,5.904,27.241
2026-09-10T04:57:22Z,2026-09-09T23:57:22Z,76.7,29.3,4.955,5.976,44.288
2026-09-10T04:58:22Z,2026-09-09T23:58:22Z,76.8,29.3,4.635,5.736,15.13
2026-09-10T04:59:22Z,2026-09-09T23:59:22Z,76.9,29.3,4.826,5.933,27.135
2026-09-10T05:00:22Z,2026-09-10T00:00:22Z,76.9,29.3,5.069,5.967,20.34
2026-09-10T05:01:22Z,2026-09-10T00:01:22Z,77.0,29.3,4.964,6.101,21.826
2026-09-10T05:02:22Z,2026-09-10T00:02:22Z,77.1,29.3,4.635,5.59,20.264
2026-09-10T05:03:22Z,2026-09-10T00:03:22Z,77.2,29.3,4.809,5.913,26.001
2026-09-10T05:04:22Z,2026-09-10T00:04:22Z,77.2,29.3,4.795,5.809,27.191
2026-09-10T05:05:22Z,2026-09-10T00:05:22Z,77.2,29.3,4.588,5.737,37.726
2026-09-10T05:06:22Z,2026-09-10T00:06:22Z,77.3,29.3,4.549,5.743,20.587
2026-09-10T05:07:22Z,2026-09-10T00:07:22Z,77.3,29.3,4.872,6.051,36.626
2026-09-10T05:08:22Z,2026-09-10T00:08:22Z,77.3,29.3,4.578,5.847,13.981
2026-09-10T05:09:22Z,2026-09-10T00:09:22Z,77.4,29.2,4.722,5.828,15.449
2026-09-10T05:10:22Z,2026-09-10T00:10:22Z,77.4,29.2,4.713,5.814,31.396
2026-09-10T05:11:22Z,2026-09-10T00:11:22Z,77.5,29.2,4.543,5.784,27.217
2026-09-10T05:12:22Z,2026-09-10T00:12:22Z,77.5,29.2,4.712,5.952,25.226
2026-09-10T05:13:22Z,2026-09-10T00:13:22Z,77.6,29.2,4.535,6.06,21.853
2026-09-10T05:14:22Z,2026-09-10T00:14:22Z,77.6,29.2,4.86,5.945,17.563
2026-09-10T05:15:23Z,2026-09-10T00:15:23Z,77.7,29.2,4.927,6.013,52.239
2026-09-10T05:16:23Z,2026-09-10T00:16:23Z,77.8,29.2,4.866,5.919,31.444
2026-09-10T05:17:23Z,2026-09-10T00:17:23Z,77.8,29.2,4.74,6.147,43.026
2026-09-10T05:18:23Z,2026-09-10T00:18:23Z,77.9,29.2,4.794,6.369,28.716
2026-09-10T05:19:23Z,2026-09-10T00:19:23Z,78.0,29.2,4.868,6.367,15.34
2026-09-10T05:20:23Z,2026-09-10T00:20:23Z,78.0,29.2,4.651,6.031,37.453
2026-09-10T05:21:23Z,2026-09-10T00:21:23Z,78.1,29.2,4.654,6.297,24.2
2026-09-10T05:22:23Z,2026-09-10T00:22:23Z,78.1,29.2,4.774,6.239,21.31
2026-09-10T05:23:23Z,2026-09-10T00:23:23Z,78.2,29.2,4.787,5.978,25.219
2026-09-10T05:24:23Z,2026-09-10T00:24:23Z,78.2,29.2,4.557,6.119,24.801
2026-09-10T05:25:23Z,2026-09-10T00:25:23Z,78.3,29.2,4.496,6.008,34.452
2026-09-10T05:26:23Z,2026-09-10T00:26:23Z,78.4,29.2,4.521,5.901,40.375
2026-09-10T05:27:23Z,2026-09-10T00:27:23Z,78.4,29.2,4.391,5.813,38.065
2026-09-10T05:28:23Z,2026-09-10T00:28:23Z,78.4,29.2,4.538,6.042,18.022
2026-09-10T05:29:23Z,2026-09-10T00:29:23Z,78.5,29.2,4.29,5.78,26.4
2026-09-10T05:30:23Z,2026-09-10T00:30:23Z,78.5,29.2,4.509,5.891,26.629
2026-09-10T05:31:23Z,2026-09-10T00:31:23Z,78.5,29.2,4.207,5.442,21.056
2026-09-10T05:32:23Z,2026-09-10T00:32:23Z,78.6,29.2,4.377,5.888,39.221
2026-09-10T05:33:23Z,2026-09-10T00:33:23Z,78.6,29.2,4.236,5.499,27.906
2026-09-10T05:34:23Z,2026-09-10T00:34:23Z,78.7,29.2,4.466,5.785,41.616
2026-09-10T05:35:24Z,2026-09-10T00:35:24Z,78.7,29.2,4.223,5.793,29.853
2026-09-10T05:36:24Z,2026-09-10T00:36:24Z,78.7,29.2,4.311,5.897,36.72
2026-09-10T05:37:24Z,2026-09-10T00:37:24Z,78.8,29.2,4.191,5.557,29.908
2026-09-10T05:38:24Z,2026-09-10T00:38:24Z,78.8,29.2,4.399,5.758,27.768
2026-09-10T05:39:24Z,2026-09-10T00:39:24Z,78.9,29.2,4.241,5.567,27.01
2026-09-10T05:40:24Z,2026-09-10T00:40:24Z,78.9,29.2,4.397,5.756,20.879
2026-09-10T05:41:24Z,2026-09-10T00:41:24Z,79.0,29.1,4.32,6.146,37.378
2026-09-10T05:42:24Z,2026-09-10T00:42:24Z,79.0,29.1,4.141,5.381,26.044
2026-09-10T05:43:24Z,2026-09-10T00:43:24Z,79.1,29.1,4.218,5.936,26.088
2026-09-10T05:44:24Z,2026-09-10T00:44:24Z,79.0,29.1,4.371,5.851,31.127
2026-09-10T05:45:24Z,2026-09-10T00:45:24Z,79.1,29.1,4.187,5.902,20.808
2026-09-10T05:46:24Z,2026-09-10T00:46:24Z,79.2,29.1,4.469,6.073,29.903
2026-09-10T05:47:24Z,2026-09-10T00:47:24Z,79.2,29.1,4.303,5.616,26.655
2026-09-10T05:48:24Z,2026-09-10T00:48:24Z,79.2,29.1,4.332,5.584,35.211
2026-09-10T05:49:24Z,2026-09-10T00:49:24Z,79.3,29.1,4.414,5.794,31.657
2026-09-10T05:50:24Z,2026-09-10T00:50:24Z,79.2,29.1,4.409,6.262,23.88
2026-09-10T05:51:24Z,2026-09-10T00:51:24Z,79.2,29.1,4.416,5.806,15.998
2026-09-10T05:52:24Z,2026-09-10T00:52:24Z,79.3,29.1,4.793,6.029,23.595
2026-09-10T05:53:24Z,2026-09-10T00:53:24Z,79.3,29.1,4.568,6.287,35.083
2026-09-10T05:54:24Z,2026-09-10T00:54:24Z,79.3,29.1,4.384,5.93,32.281
2026-09-10T05:55:21Z,2026-09-10T00:55:21Z,79.3,29.1,4.571,6.237,30.848
2026-09-10T05:56:21Z,2026-09-10T00:56:21Z,79.3,29.1,4.747,6.031,26.867
2026-09-10T05:57:21Z,2026-09-10T00:57:21Z,79.3,29.1,4.476,6.125,27.559
2026-09-10T05:58:21Z,2026-09-10T00:58:21Z,79.3,29.1,4.586,6.332,35.57
2026-09-10T05:59:21Z,2026-09-10T00:59:21Z,79.4,29.1,4.602,6.167,21.221
2026-09-10T06:00:21Z,2026-09-10T01:00:21Z,79.4,29.1,4.853,6.523,29.939
2026-09-10T06:01:21Z,2026-09-10T01:01:21Z,79.4,29.1,4.645,6.22,36.955
2026-09-10T06:02:21Z,2026-09-10T01:02:21Z,79.4,29.1,4.419,5.662,33.597
2026-09-10T06:03:22Z,2026-09-10T01:03:22Z,79.5,29.0,4.801,6.39,18.667
2026-09-10T06:04:22Z,2026-09-10T01:04:22Z,79.5,29.0,4.598,6.293,44.632
2026-09-10T06:05:22Z,2026-09-10T01:05:22Z,79.5,29.0,4.724,6.33,28.978
2026-09-10T06:06:22Z,2026-09-10T01:06:22Z,79.6,29.0,4.654,6.062,35.679
2026-09-10T06:07:22Z,2026-09-10T01:07:22Z,79.5,29.0,4.53,5.96,29.268
2026-09-10T06:08:22Z,2026-09-10T01:08:22Z,79.5,29.0,4.395,6.082,38.146
2026-09-10T06:09:22Z,2026-09-10T01:09:22Z,79.6,29.0,4.38,5.749,26.376
2026-09-10T06:10:22Z,2026-09-10T01:10:22Z,79.6,29.0,4.414,5.66,41.317
2026-09-10T06:11:22Z,2026-09-10T01:11:22Z,79.7,29.0,4.29,5.923,20.318
2026-09-10T06:12:22Z,2026-09-10T01:12:22Z,79.7,29.0,4.169,5.81,18.062
2026-09-10T06:13:22Z,2026-09-10T01:13:22Z,79.7,29.0,4.503,6.035,31.925
2026-09-10T06:14:22Z,2026-09-10T01:14:22Z,79.6,29.0,4.348,5.606,22.268
2026-09-10T06:15:22Z,2026-09-10T01:15:22Z,79.6,29.0,4.433,5.936,37.502
2026-09-10T06:16:22Z,2026-09-10T01:16:22Z,79.6,29.0,4.334,5.644,34.721
2026-09-10T06:17:22Z,2026-09-10T01:17:22Z,79.5,29.0,4.342,5.718,49.943
2026-09-10T06:18:22Z,2026-09-10T01:18:22Z,79.5,29.0,4.4,5.751,38.109
2026-09-10T06:19:22Z,2026-09-10T01:19:22Z,79.5,29.0,4.449,5.957,16.353
2026-09-10T06:20:22Z,2026-09-10T01:20:22Z,79.5,29.0,4.308,5.759,32.176
2026-09-10T06:21:22Z,2026-09-10T01:21:22Z,79.5,29.0,4.715,6.333,40.277
2026-09-10T06:22:22Z,2026-09-10T01:22:22Z,79.6,29.0,4.777,6.117,29.443
2026-09-10T06:23:22Z,2026-09-10T01:23:22Z,79.6,29.0,4.432,5.699,28.308
2026-09-10T06:24:23Z,2026-09-10T01:24:23Z,79.6,29.0,4.402,5.903,33.205
2026-09-10T06:25:23Z,2026-09-10T01:25:23Z,79.6,29.0,4.842,6.274,22.694
2026-09-10T06:26:23Z,2026-09-10T01:26:23Z,79.7,29.0,4.274,5.897,52.192
2026-09-10T06:27:23Z,2026-09-10T01:27:23Z,79.6,29.0,4.411,5.883,26.681
2026-09-10T06:28:23Z,2026-09-10T01:28:23Z,79.7,28.9,4.573,5.989,28.089
2026-09-10T06:29:23Z,2026-09-10T01:29:23Z,79.7,28.9,4.464,5.665,28.461
2026-09-10T06:30:23Z,2026-09-10T01:30:23Z,79.7,28.9,4.245,5.617,52.261
2026-09-10T06:31:23Z,2026-09-10T01:31:23Z,79.8,28.9,4.452,5.721,24.179
2026-09-10T06:32:23Z,2026-09-10T01:32:23Z,79.8,28.9,4.536,5.996,18.457
2026-09-10T06:33:23Z,2026-09-10T01:33:23Z,79.8,28.9,4.362,5.563,41.462
2026-09-10T06:34:23Z,2026-09-10T01:34:23Z,79.8,28.9,4.353,5.754,35.193
2026-09-10T06:35:23Z,2026-09-10T01:35:23Z,79.8,28.9,4.353,5.832,37.313
2026-09-10T06:36:23Z,2026-09-10T01:36:23Z,79.9,28.9,4.583,5.962,32.994
2026-09-10T06:37:23Z,2026-09-10T01:37:23Z,79.9,28.9,4.334,5.677,15.643
2026-09-10T06:38:23Z,2026-09-10T01:38:23Z,79.9,28.9,4.456,6.007,24.951
2026-09-10T06:39:23Z,2026-09-10T01:39:23Z,79.8,28.9,4.187,5.754,27.557
2026-09-10T06:40:23Z,2026-09-10T01:40:23Z,79.7,28.9,4.404,5.852,28.907
2026-09-10T06:41:23Z,2026-09-10T01:41:23Z,79.8,28.9,4.369,6.177,38.429
2026-09-10T06:42:23Z,2026-09-10T01:42:23Z,79.9,28.9,4.387,5.651,20.535
2026-09-10T06:43:24Z,2026-09-10T01:43:24Z,79.9,28.9,4.473,5.94,19.659
2026-09-10T06:44:24Z,2026-09-10T01:44:24Z,79.9,28.9,4.269,5.582,40.043
2026-09-10T06:45:24Z,2026-09-10T01:45:24Z,80.0,28.9,4.351,5.592,21.582
2026-09-10T06:46:24Z,2026-09-10T01:46:24Z,79.9,28.8,4.342,5.797,19.848
2026-09-10T06:47:24Z,2026-09-10T01:47:24Z,79.9,28.8,4.024,5.633,15.95
2026-09-10T06:48:24Z,2026-09-10T01:48:24Z,79.9,28.8,4.321,5.788,23.616
2026-09-10T06:49:24Z,2026-09-10T01:49:24Z,80.0,28.8,4.473,6.038,30.784
2026-09-10T06:50:24Z,2026-09-10T01:50:24Z,79.9,28.8,4.456,5.772,32.123
2026-09-10T06:51:24Z,2026-09-10T01:51:24Z,79.9,28.8,4.259,5.531,24.488
2026-09-10T06:52:24Z,2026-09-10T01:52:24Z,80.0,28.8,4.329,5.603,35.025
2026-09-10T06:53:24Z,2026-09-10T01:53:24Z,79.8,28.8,4.043,5.405,17.102
2026-09-10T06:54:24Z,2026-09-10T01:54:24Z,79.9,28.8,4.281,5.713,18.28
2026-09-10T06:55:24Z,2026-09-10T01:55:24Z,79.9,28.8,4.164,5.747,34.306
2026-09-10T06:56:24Z,2026-09-10T01:56:24Z,80.0,28.8,4.141,5.385,23.899
2026-09-10T06:57:24Z,2026-09-10T01:57:24Z,80.1,28.8,4.239,5.74,17.105
2026-09-10T06:58:24Z,2026-09-10T01:58:24Z,80.1,28.8,4.221,5.429,24.88
2026-09-10T06:59:24Z,2026-09-10T01:59:24Z,80.1,28.8,4.445,6.014,28.182
2026-09-10T07:00:24Z,2026-09-10T02:00:24Z,80.2,28.7,4.138,5.358,17.496
2026-09-10T07:01:24Z,2026-09-10T02:01:24Z,80.2,28.7,4.209,5.556,27.748
2026-09-10T07:02:24Z,2026-09-10T02:02:24Z,80.4,28.7,4.285,5.91,52.894
2026-09-10T07:03:24Z,2026-09-10T02:03:24Z,80.4,28.7,4.256,6.28,18.474
2026-09-10T07:04:24Z,2026-09-10T02:04:24Z,80.4,28.7,4.316,5.825,29.16
2026-09-10T07:05:21Z,2026-09-10T02:05:21Z,80.4,28.7,4.147,5.411,17.087
2026-09-10T07:06:21Z,2026-09-10T02:06:21Z,80.4,28.7,4.174,5.687,34.673
2026-09-10T07:07:21Z,2026-09-10T02:07:21Z,80.5,28.7,4.129,5.421,19.159
2026-09-10T07:08:21Z,2026-09-10T02:08:21Z,80.6,28.7,4.33,5.592,25.333
2026-09-10T07:09:21Z,2026-09-10T02:09:21Z,80.6,28.7,4.117,5.506,15.5
2026-09-10T07:10:21Z,2026-09-10T02:10:21Z,80.5,28.7,4.529,5.89,35.104
2026-09-10T07:11:21Z,2026-09-10T02:11:21Z,80.3,28.7,4.101,5.64,29.835
2026-09-10T07:12:22Z,2026-09-10T02:12:22Z,80.4,28.7,4.223,5.655,21.386
2026-09-10T07:13:22Z,2026-09-10T02:13:22Z,80.3,28.7,4.028,5.393,26.977
2026-09-10T07:14:22Z,2026-09-10T02:14:22Z,80.1,28.7,4.157,5.532,29.123
2026-09-10T07:15:22Z,2026-09-10T02:15:22Z,80.2,28.7,4.073,5.527,9.685
2026-09-10T07:16:22Z,2026-09-10T02:16:22Z,80.3,28.7,4.216,5.425,37.345
2026-09-10T07:17:22Z,2026-09-10T02:17:22Z,80.2,28.6,4.041,5.372,15.447
2026-09-10T07:18:22Z,2026-09-10T02:18:22Z,80.0,28.6,3.999,5.186,21.498
2026-09-10T07:19:22Z,2026-09-10T02:19:22Z,80.1,28.7,3.994,5.418,30.386
2026-09-10T07:20:22Z,2026-09-10T02:20:22Z,80.1,28.6,3.857,5.291,16.978
2026-09-10T07:21:22Z,2026-09-10T02:21:22Z,80.1,28.6,4.023,5.486,16.489
2026-09-10T07:22:22Z,2026-09-10T02:22:22Z,80.0,28.6,3.726,4.962,17.287
2026-09-10T07:23:22Z,2026-09-10T02:23:22Z,80.0,28.6,3.93,5.123,23.633
2026-09-10T07:24:22Z,2026-09-10T02:24:22Z,80.0,28.6,3.918,5.403,20.491
2026-09-10T07:25:22Z,2026-09-10T02:25:22Z,80.1,28.6,3.954,5.251,27.959
2026-09-10T07:26:22Z,2026-09-10T02:26:22Z,80.1,28.6,4.027,5.113,13.815
2026-09-10T07:27:22Z,2026-09-10T02:27:22Z,80.0,28.6,4.121,5.59,34.976
2026-09-10T07:28:22Z,2026-09-10T02:28:22Z,79.9,28.6,3.993,5.1,31.811
2026-09-10T07:29:22Z,2026-09-10T02:29:22Z,79.8,28.6,4.153,5.392,30.052
2026-09-10T07:30:22Z,2026-09-10T02:30:22Z,79.8,28.7,4.222,5.366,24.215
2026-09-10T07:31:23Z,2026-09-10T02:31:23Z,79.8,28.7,4.189,5.483,15.639
2026-09-10T07:32:23Z,2026-09-10T02:32:23Z,79.7,28.7,4.31,5.309,24.366
2026-09-10T07:33:23Z,2026-09-10T02:33:23Z,79.6,28.7,3.942,5.147,15.297
2026-09-10T07:34:23Z,2026-09-10T02:34:23Z,79.7,28.7,4.176,5.272,27.287
2026-09-10T07:35:23Z,2026-09-10T02:35:23Z,79.7,28.7,3.973,5.065,19.221
2026-09-10T07:36:23Z,2026-09-10T02:36:23Z,79.6,28.7,4.038,5.153,16.9
2026-09-10T07:37:23Z,2026-09-10T02:37:23Z,79.6,28.7,4.104,5.324,19.1
2026-09-10T07:38:23Z,2026-09-10T02:38:23Z,79.4,28.7,3.968,5.326,34.714
2026-09-10T07:39:23Z,2026-09-10T02:39:23Z,79.4,28.7,4.043,5.434,13.679
2026-09-10T07:40:23Z,2026-09-10T02:40:23Z,79.2,28.7,3.987,5.024,36.119
2026-09-10T07:41:23Z,2026-09-10T02:41:23Z,79.3,28.7,4.21,5.439,13.21
2026-09-10T07:42:23Z,2026-09-10T02:42:23Z,79.6,28.7,4.078,5.104,24.554
2026-09-10T07:43:23Z,2026-09-10T02:43:23Z,79.8,28.7,4.062,5.397,18.455
2026-09-10T07:44:23Z,2026-09-10T02:44:23Z,79.9,28.7,4.147,4.977,24.239
2026-09-10T07:45:23Z,2026-09-10T02:45:23Z,79.8,28.7,4.074,5.072,20.461
2026-09-10T07:46:23Z,2026-09-10T02:46:23Z,79.8,28.7,3.99,5.417,31.211
2026-09-10T07:47:23Z,2026-09-10T02:47:23Z,79.8,28.6,3.903,5.137,20.218
2026-09-10T07:48:23Z,2026-09-10T02:48:23Z,79.9,28.7,3.955,5.127,28.997
2026-09-10T07:49:23Z,2026-09-10T02:49:23Z,79.8,28.6,4.193,5.689,20.437
2026-09-10T07:50:23Z,2026-09-10T02:50:23Z,79.8,28.6,3.947,5.112,20.961
2026-09-10T07:51:24Z,2026-09-10T02:51:24Z,79.9,28.6,4.067,5.21,16.407
2026-09-10T07:52:24Z,2026-09-10T02:52:24Z,79.8,28.6,4.006,5.292,25.998
2026-09-10T07:53:24Z,2026-09-10T02:53:24Z,79.9,28.6,4.004,5.288,9.707
2026-09-10T07:54:24Z,2026-09-10T02:54:24Z,79.8,28.6,4.188,5.016,37.048
2026-09-10T07:55:24Z,2026-09-10T02:55:24Z,79.9,28.6,3.84,4.99,30.425
2026-09-10T07:56:24Z,2026-09-10T02:56:24Z,79.9,28.6,4.138,5.074,24.141
2026-09-10T07:57:24Z,2026-09-10T02:57:24Z,79.9,28.6,4.069,5.113,27.046
2026-09-10T07:58:24Z,2026-09-10T02:58:24Z,79.9,28.6,4.062,5.439,18.494
2026-09-10T07:59:24Z,2026-09-10T02:59:24Z,79.8,28.6,3.758,4.885,18.015
2026-09-10T08:00:24Z,2026-09-10T03:00:24Z,79.8,28.6,3.787,4.814,11.701
2026-09-10T08:01:24Z,2026-09-10T03:01:24Z,79.7,28.7,3.956,5.042,15.046
2026-09-10T08:02:24Z,2026-09-10T03:02:24Z,79.5,28.6,3.923,4.916,13.286
2026-09-10T08:03:24Z,2026-09-10T03:03:24Z,79.5,28.6,3.936,4.93,19.727
2026-09-10T08:04:24Z,2026-09-10T03:04:24Z,79.6,28.6,3.763,4.961,22.723
2026-09-10T08:05:24Z,2026-09-10T03:05:24Z,79.7,28.7,3.86,5.027,29.287
2026-09-10T08:06:24Z,2026-09-10T03:06:24Z,79.7,28.6,3.881,4.825,8.034
2026-09-10T08:07:24Z,2026-09-10T03:07:24Z,79.6,28.6,3.879,5.039,11.243
2026-09-10T08:08:24Z,2026-09-10T03:08:24Z,79.7,28.6,3.728,4.815,11.244
2026-09-10T08:09:24Z,2026-09-10T03:09:24Z,79.7,28.6,3.878,4.704,27.062
2026-09-10T08:10:24Z,2026-09-10T03:10:24Z,79.7,28.6,3.661,4.985,20.645
2026-09-10T08:11:24Z,2026-09-10T03:11:24Z,79.8,28.6,3.854,5.206,16.239
2026-09-10T08:12:25Z,2026-09-10T03:12:25Z,79.9,28.6,4.05,5.19,18.624
2026-09-10T08:13:25Z,2026-09-10T03:13:25Z,79.8,28.6,3.8,4.864,10.245
2026-09-10T08:14:25Z,2026-09-10T03:14:25Z,79.8,28.6,3.82,4.919,18.536
2026-09-10T08:15:25Z,2026-09-10T03:15:25Z,79.8,28.6,3.943,5.049,19.779
2026-09-10T08:16:25Z,2026-09-10T03:16:25Z,79.9,28.6,3.919,5.081,24.432
2026-09-10T08:17:25Z,2026-09-10T03:17:25Z,79.9,28.6,3.928,5.129,17.676
2026-09-10T08:18:25Z,2026-09-10T03:18:25Z,79.7,28.6,3.988,5.195,12.388
2026-09-10T08:19:25Z,2026-09-10T03:19:25Z,79.9,28.6,3.977,4.984,13.214
2026-09-10T08:20:22Z,2026-09-10T03:20:22Z,80.0,28.6,3.722,5.055,13.156
2026-09-10T08:21:22Z,2026-09-10T03:21:22Z,80.1,28.6,3.806,5.138,23.566
2026-09-10T08:22:22Z,2026-09-10T03:22:22Z,79.9,28.6,3.857,4.711,16.441
2026-09-10T08:23:22Z,2026-09-10T03:23:22Z,80.0,28.6,4.136,5.179,26.993
2026-09-10T08:24:22Z,2026-09-10T03:24:22Z,80.1,28.6,3.799,5.208,16.762
2026-09-10T08:25:22Z,2026-09-10T03:25:22Z,80.2,28.6,3.866,5.213,19.748
2026-09-10T08:26:22Z,2026-09-10T03:26:22Z,80.2,28.6,3.769,5.039,20.19
2026-09-10T08:27:22Z,2026-09-10T03:27:22Z,80.1,28.6,3.863,4.918,30.792
2026-09-10T08:28:22Z,2026-09-10T03:28:22Z,80.0,28.6,4.029,5.074,16.316
2026-09-10T08:29:22Z,2026-09-10T03:29:22Z,80.0,28.6,3.984,5.355,13.107
2026-09-10T08:30:22Z,2026-09-10T03:30:22Z,80.0,28.6,3.875,4.892,16.6
2026-09-10T08:31:22Z,2026-09-10T03:31:22Z,80.1,28.6,4.066,5.101,20.158
2026-09-10T08:32:22Z,2026-09-10T03:32:22Z,80.1,28.6,4.325,5.396,11.564
2026-09-10T08:33:22Z,2026-09-10T03:33:22Z,80.1,28.6,4.571,5.983,19.549
2026-09-10T08:34:22Z,2026-09-10T03:34:22Z,80.1,28.6,4.535,5.645,15.268
2026-09-10T08:35:22Z,2026-09-10T03:35:22Z,80.0,28.6,4.597,5.621,37.578
2026-09-10T08:36:22Z,2026-09-10T03:36:22Z,80.1,28.6,4.59,5.901,30.451
2026-09-10T08:37:22Z,2026-09-10T03:37:22Z,80.1,28.6,4.438,5.633,23.023
2026-09-10T08:38:22Z,2026-09-10T03:38:22Z,80.0,28.6,4.054,5.271,20.539
2026-09-10T08:39:23Z,2026-09-10T03:39:23Z,80.0,28.6,4.222,5.25,14.478
2026-09-10T08:40:23Z,2026-09-10T03:40:23Z,80.1,28.6,3.722,4.922,25.691
2026-09-10T08:41:23Z,2026-09-10T03:41:23Z,80.1,28.6,4.218,5.318,11.06
2026-09-10T08:42:23Z,2026-09-10T03:42:23Z,80.2,28.6,3.865,4.964,27.32
2026-09-10T08:43:23Z,2026-09-10T03:43:23Z,80.2,28.6,3.904,5.081,16.301
2026-09-10T08:44:23Z,2026-09-10T03:44:23Z,80.2,28.6,3.949,4.957,15.374
2026-09-10T08:45:23Z,2026-09-10T03:45:23Z,80.2,28.6,3.93,5.054,24.261
2026-09-10T08:46:23Z,2026-09-10T03:46:23Z,80.2,28.6,3.597,4.723,9.231
2026-09-10T08:47:23Z,2026-09-10T03:47:23Z,80.2,28.6,3.949,5.043,18.537
2026-09-10T08:48:23Z,2026-09-10T03:48:23Z,80.3,28.6,3.957,5.321,20.447
2026-09-10T08:49:23Z,2026-09-10T03:49:23Z,80.3,28.6,3.938,5.13,14.726
2026-09-10T08:50:23Z,2026-09-10T03:50:23Z,80.3,28.6,3.674,4.773,16.137
2026-09-10T08:51:23Z,2026-09-10T03:51:23Z,80.3,28.6,3.759,4.874,11.666
2026-09-10T08:52:23Z,2026-09-10T03:52:23Z,80.3,28.6,3.996,5.115,18.07
2026-09-10T08:53:23Z,2026-09-10T03:53:23Z,80.3,28.6,3.599,4.696,23.299
2026-09-10T08:54:23Z,2026-09-10T03:54:23Z,80.3,28.6,3.893,5.094,31.391
2026-09-10T08:55:23Z,2026-09-10T03:55:23Z,80.3,28.6,3.94,5.362,34.466
2026-09-10T08:56:23Z,2026-09-10T03:56:23Z,80.4,28.6,3.885,5.098,25.916
2026-09-10T08:57:23Z,2026-09-10T03:57:23Z,80.4,28.6,3.887,5.335,26.604
2026-09-10T08:58:23Z,2026-09-10T03:58:23Z,80.4,28.6,4.032,4.991,15.561
2026-09-10T08:59:23Z,2026-09-10T03:59:23Z,80.3,28.6,3.925,5.727,27.692
2026-09-10T09:00:23Z,2026-09-10T04:00:23Z,80.4,28.6,3.946,5.527,28.3
2026-09-10T09:01:23Z,2026-09-10T04:01:23Z,80.4,28.6,3.832,5.417,33.888
2026-09-10T09:02:24Z,2026-09-10T04:02:24Z,80.3,28.6,3.843,5.246,26.442
2026-09-10T09:03:24Z,2026-09-10T04:03:24Z,80.3,28.6,3.692,5.067,55.263
2026-09-10T09:04:24Z,2026-09-10T04:04:24Z,80.3,28.6,4.022,5.571,31.96
2026-09-10T09:05:24Z,2026-09-10T04:05:24Z,80.5,28.6,3.714,5.394,22.121
2026-09-10T09:06:24Z,2026-09-10T04:06:24Z,80.5,28.5,3.895,5.763,51.519
2026-09-10T09:07:24Z,2026-09-10T04:07:24Z,80.6,28.5,4.003,5.523,21.133
2026-09-10T09:08:24Z,2026-09-10T04:08:24Z,80.5,28.5,3.833,5.259,16.395
2026-09-10T09:09:24Z,2026-09-10T04:09:24Z,80.5,28.5,3.692,5.241,19.089
2026-09-10T09:10:24Z,2026-09-10T04:10:24Z,80.5,28.5,3.665,4.908,13.738
2026-09-10T09:11:24Z,2026-09-10T04:11:24Z,80.5,28.5,3.752,4.95,34.776
2026-09-10T09:12:24Z,2026-09-10T04:12:24Z,80.7,28.5,3.936,5.418,22.566
2026-09-10T09:13:24Z,2026-09-10T04:13:24Z,80.6,28.5,3.829,5.043,20.44
2026-09-10T09:14:24Z,2026-09-10T04:14:24Z,80.7,28.5,3.47,4.873,18.863
2026-09-10T09:15:24Z,2026-09-10T04:15:24Z,80.7,28.5,3.616,4.936,10.506
2026-09-10T09:16:24Z,2026-09-10T04:16:24Z,80.8,28.5,4.055,5.301,12.915
2026-09-10T09:17:24Z,2026-09-10T04:17:24Z,80.8,28.5,3.932,5.345,20.634
2026-09-10T09:18:24Z,2026-09-10T04:18:24Z,80.8,28.5,3.796,4.864,25.245
2026-09-10T09:19:24Z,2026-09-10T04:19:24Z,80.9,28.5,3.818,4.945,28.534
2026-09-10T09:20:24Z,2026-09-10T04:20:24Z,80.9,28.5,3.874,5.144,29.714
2026-09-10T09:21:24Z,2026-09-10T04:21:24Z,80.9,28.5,4.063,5.358,31.683
2026-09-10T09:22:24Z,2026-09-10T04:22:24Z,80.9,28.4,3.784,5.375,10.946
2026-09-10T09:23:24Z,2026-09-10T04:23:24Z,81.0,28.4,3.602,4.757,27.268
2026-09-10T09:24:24Z,2026-09-10T04:24:24Z,80.9,28.4,3.758,5.055,15.021
2026-09-10T09:25:24Z,2026-09-10T04:25:24Z,80.9,28.4,3.97,5.281,21.697
2026-09-10T09:26:24Z,2026-09-10T04:26:24Z,80.8,28.4,3.806,5.199,22.991
2026-09-10T09:27:25Z,2026-09-10T04:27:25Z,80.9,28.4,3.967,5.216,34.108
2026-09-10T09:28:25Z,2026-09-10T04:28:25Z,81.1,28.4,3.838,5.714,37.055
2026-09-10T09:29:25Z,2026-09-10T04:29:25Z,81.2,28.4,4.037,5.729,29.0
2026-09-10T09:30:25Z,2026-09-10T04:30:25Z,81.1,28.4,3.655,4.995,12.543
2026-09-10T09:31:25Z,2026-09-10T04:31:25Z,81.0,28.4,3.84,5.583,28.87
2026-09-10T09:32:25Z,2026-09-10T04:32:25Z,81.0,28.4,3.762,4.861,16.884
2026-09-10T09:33:25Z,2026-09-10T04:33:25Z,81.0,28.4,3.739,5.096,19.963
2026-09-10T09:34:25Z,2026-09-10T04:34:25Z,80.9,28.4,3.975,4.944,7.186
2026-09-10T09:35:25Z,2026-09-10T04:35:25Z,80.9,28.4,3.876,5.468,17.2
2026-09-10T09:36:25Z,2026-09-10T04:36:25Z,80.8,28.4,3.51,4.784,12.157
2026-09-10T09:37:25Z,2026-09-10T04:37:25Z,80.9,28.4,3.752,5.132,17.082
2026-09-10T09:38:25Z,2026-09-10T04:38:25Z,80.9,28.4,3.695,4.813,12.603
2026-09-10T09:39:25Z,2026-09-10T04:39:25Z,80.9,28.4,3.888,5.224,21.04
2026-09-10T09:40:22Z,2026-09-10T04:40:22Z,80.9,28.4,3.854,5.037,21.162
2026-09-10T09:41:22Z,2026-09-10T04:41:22Z,80.9,28.4,3.81,5.148,24.603
2026-09-10T09:42:22Z,2026-09-10T04:42:22Z,80.8,28.4,3.694,4.876,33.322
2026-09-10T09:43:22Z,2026-09-10T04:43:22Z,80.8,28.4,3.814,5.084,19.919
2026-09-10T09:44:22Z,2026-09-10T04:44:22Z,80.9,28.4,3.773,5.329,14.926
2026-09-10T09:45:22Z,2026-09-10T04:45:22Z,80.9,28.4,3.89,5.132,25.729
2026-09-10T09:46:22Z,2026-09-10T04:46:22Z,81.1,28.4,3.654,4.89,15.683
2026-09-10T09:47:22Z,2026-09-10T04:47:22Z,81.3,28.4,3.826,5.234,22.493
2026-09-10T09:48:22Z,2026-09-10T04:48:22Z,81.4,28.4,3.959,5.227,11.568
2026-09-10T09:49:22Z,2026-09-10T04:49:22Z,81.4,28.4,3.846,5.29,19.967
2026-09-10T09:50:22Z,2026-09-10T04:50:22Z,81.4,28.4,3.847,4.949,14.564
2026-09-10T09:51:22Z,2026-09-10T04:51:22Z,81.4,28.4,3.879,5.339,24.234
2026-09-10T09:52:22Z,2026-09-10T04:52:22Z,81.4,28.4,3.715,4.794,16.909
2026-09-10T09:53:22Z,2026-09-10T04:53:22Z,81.4,28.4,3.65,4.838,9.017
2026-09-10T09:54:23Z,2026-09-10T04:54:23Z,81.4,28.4,3.782,5.197,16.13
2026-09-10T09:55:23Z,2026-09-10T04:55:23Z,81.4,28.4,3.517,4.669,35.242
2026-09-10T09:56:23Z,2026-09-10T04:56:23Z,81.4,28.4,3.667,5.205,26.894
2026-09-10T09:57:23Z,2026-09-10T04:57:23Z,81.1,28.4,3.691,4.659,24.86
2026-09-10T09:58:23Z,2026-09-10T04:58:23Z,80.9,28.4,3.544,4.665,9.385
2026-09-10T09:59:23Z,2026-09-10T04:59:23Z,81.0,28.4,3.461,4.48,9.29
2026-09-10T10:00:23Z,2026-09-10T05:00:23Z,81.1,28.4,3.633,4.717,14.895
2026-09-10T10:01:23Z,2026-09-10T05:01:23Z,81.1,28.4,3.737,5.114,16.159
2026-09-10T10:02:23Z,2026-09-10T05:02:23Z,81.1,28.4,3.645,4.975,17.528
2026-09-10T10:03:23Z,2026-09-10T05:03:23Z,81.2,28.4,3.935,5.269,13.727
2026-09-10T10:04:23Z,2026-09-10T05:04:23Z,81.1,28.4,3.754,5.042,16.112
2026-09-10T10:05:23Z,2026-09-10T05:05:23Z,81.1,28.4,3.882,5.156,22.597
2026-09-10T10:06:23Z,2026-09-10T05:06:23Z,81.1,28.4,3.823,5.354,20.505
2026-09-10T10:07:23Z,2026-09-10T05:07:23Z,81.0,28.4,3.653,4.88,19.146
2026-09-10T10:08:23Z,2026-09-10T05:08:23Z,81.1,28.4,3.864,5.151,12.038
2026-09-10T10:09:23Z,2026-09-10T05:09:23Z,81.1,28.5,3.882,5.117,24.249
2026-09-10T10:10:23Z,2026-09-10T05:10:23Z,81.0,28.5,3.864,5.023,17.369
2026-09-10T10:11:23Z,2026-09-10T05:11:23Z,81.1,28.5,4.031,5.22,19.779
2026-09-10T10:12:23Z,2026-09-10T05:12:23Z,81.1,28.5,3.78,4.955,14.872
2026-09-10T10:13:23Z,2026-09-10T05:13:23Z,81.2,28.5,3.83,4.977,22.396
2026-09-10T10:14:23Z,2026-09-10T05:14:23Z,81.1,28.5,4.137,5.29,19.9
2026-09-10T10:15:23Z,2026-09-10T05:15:23Z,81.1,28.5,3.912,5.388,30.941
2026-09-10T10:16:24Z,2026-09-10T05:16:24Z,81.0,28.5,3.929,4.905,20.309
2026-09-10T10:17:24Z,2026-09-10T05:17:24Z,80.9,28.5,3.749,5.035,15.437
2026-09-10T10:18:24Z,2026-09-10T05:18:24Z,80.9,28.5,3.714,4.943,15.486
2026-09-10T10:19:24Z,2026-09-10T05:19:24Z,81.0,28.5,3.898,5.007,19.436
2026-09-10T10:20:24Z,2026-09-10T05:20:24Z,80.9,28.5,3.431,4.478,27.204
2026-09-10T10:21:24Z,2026-09-10T05:21:24Z,80.8,28.5,3.59,4.475,16.52
2026-09-10T10:22:24Z,2026-09-10T05:22:24Z,80.7,28.6,3.853,5.108,15.805
2026-09-10T10:23:24Z,2026-09-10T05:23:24Z,80.6,28.6,3.992,5.199,22.021
2026-09-10T10:24:24Z,2026-09-10T05:24:24Z,80.5,28.6,3.875,5.153,18.409
2026-09-10T10:25:24Z,2026-09-10T05:25:24Z,80.5,28.6,3.642,4.816,17.127
2026-09-10T10:26:24Z,2026-09-10T05:26:24Z,80.5,28.6,3.852,4.837,23.548
2026-09-10T10:27:24Z,2026-09-10T05:27:24Z,80.5,28.6,3.922,5.194,24.739
2026-09-10T10:28:24Z,2026-09-10T05:28:24Z,80.5,28.6,3.613,4.695,14.222
2026-09-10T10:29:24Z,2026-09-10T05:29:24Z,80.4,28.6,3.898,5.253,21.915
2026-09-10T10:30:24Z,2026-09-10T05:30:24Z,80.4,28.6,3.353,4.439,25.69
2026-09-10T10:31:24Z,2026-09-10T05:31:24Z,80.6,28.6,3.684,5.018,27.398
2026-09-10T10:32:24Z,2026-09-10T05:32:24Z,80.4,28.6,3.755,5.291,15.145
2026-09-10T10:33:24Z,2026-09-10T05:33:24Z,80.1,28.6,3.555,4.737,23.181
2026-09-10T10:34:24Z,2026-09-10T05:34:24Z,79.9,28.6,3.764,4.654,14.116
2026-09-10T10:35:24Z,2026-09-10T05:35:24Z,79.9,28.6,3.821,4.88,19.931
2026-09-10T10:36:24Z,2026-09-10T05:36:24Z,80.0,28.6,3.65,4.563,11.002
2026-09-10T10:37:24Z,2026-09-10T05:37:24Z,80.2,28.6,3.844,4.913,24.526
2026-09-10T10:38:25Z,2026-09-10T05:38:25Z,80.2,28.6,3.794,5.004,12.758
2026-09-10T10:39:25Z,2026-09-10T05:39:25Z,80.1,28.6,3.836,5.108,15.073
2026-09-10T10:40:25Z,2026-09-10T05:40:25Z,80.1,28.6,4.101,5.445,21.725
2026-09-10T10:41:25Z,2026-09-10T05:41:25Z,80.1,28.6,3.761,5.068,15.387
2026-09-10T10:42:25Z,2026-09-10T05:42:25Z,80.1,28.6,3.9,5.223,25.872
2026-09-10T10:43:25Z,2026-09-10T05:43:25Z,80.2,28.6,4.191,5.184,21.149
2026-09-10T10:44:25Z,2026-09-10T05:44:25Z,80.2,28.6,4.159,5.2,20.171
2026-09-10T10:45:25Z,2026-09-10T05:45:25Z,80.3,28.6,3.917,5.175,14.218
2026-09-10T10:46:25Z,2026-09-10T05:46:25Z,80.4,28.6,3.832,4.978,22.06
2026-09-10T10:47:25Z,2026-09-10T05:47:25Z,80.3,28.6,4.203,5.36,23.445
2026-09-10T10:48:25Z,2026-09-10T05:48:25Z,80.2,28.6,3.814,5.008,16.575
2026-09-10T10:49:25Z,2026-09-10T05:49:25Z,80.3,28.6,3.912,5.036,16.176
2026-09-10T10:50:22Z,2026-09-10T05:50:22Z,80.2,28.6,3.98,5.403,13.426
2026-09-10T10:51:22Z,2026-09-10T05:51:22Z,80.3,28.6,4.06,5.249,12.339
2026-09-10T10:52:22Z,2026-09-10T05:52:22Z,80.3,28.6,4.13,5.572,23.048
2026-09-10T10:53:22Z,2026-09-10T05:53:22Z,80.4,28.6,3.867,5.107,14.917
2026-09-10T10:54:22Z,2026-09-10T05:54:22Z,80.4,28.6,4.094,5.394,10.725
2026-09-10T10:55:22Z,2026-09-10T05:55:22Z,80.5,28.6,4.02,5.485,25.994
2026-09-10T10:56:22Z,2026-09-10T05:56:22Z,80.5,28.6,4.024,5.194,23.168
2026-09-10T10:57:22Z,2026-09-10T05:57:22Z,80.6,28.5,4.061,5.214,16.773
2026-09-10T10:58:22Z,2026-09-10T05:58:22Z,80.6,28.5,3.965,4.993,23.237
2026-09-10T10:59:22Z,2026-09-10T05:59:22Z,80.6,28.5,4.328,5.705,24.692
2026-09-10T11:00:23Z,2026-09-10T06:00:23Z,80.6,28.5,3.966,5.395,8.366
2026-09-10T11:01:23Z,2026-09-10T06:01:23Z,80.6,28.5,3.816,5.029,13.513
2026-09-10T11:02:23Z,2026-09-10T06:02:23Z,80.6,28.5,3.892,5.065,13.52
2026-09-10T11:03:23Z,2026-09-10T06:03:23Z,80.5,28.5,3.795,5.022,20.066
2026-09-10T11:04:23Z,2026-09-10T06:04:23Z,80.5,28.5,3.74,5.128,11.802
2026-09-10T11:05:23Z,2026-09-10T06:05:23Z,80.4,28.5,3.84,5.238,28.041
2026-09-10T11:06:23Z,2026-09-10T06:06:23Z,80.5,28.5,3.922,4.932,15.913
2026-09-10T11:07:23Z,2026-09-10T06:07:23Z,80.7,28.5,3.963,5.426,14.47
2026-09-10T11:08:23Z,2026-09-10T06:08:23Z,80.8,28.5,3.914,5.686,22.224
2026-09-10T11:09:23Z,2026-09-10T06:09:23Z,80.8,28.4,3.953,5.876,34.795
2026-09-10T11:10:23Z,2026-09-10T06:10:23Z,80.6,28.4,3.667,4.639,19.411
2026-09-10T11:11:23Z,2026-09-10T06:11:23Z,80.2,28.4,3.75,4.845,24.117
2026-09-10T11:12:23Z,2026-09-10T06:12:23Z,80.2,28.4,3.764,5.327,31.495
2026-09-10T11:13:23Z,2026-09-10T06:13:23Z,80.3,28.4,3.926,5.195,16.916
2026-09-10T11:14:23Z,2026-09-10T06:14:23Z,80.6,28.4,3.912,4.912,18.151
2026-09-10T11:15:23Z,2026-09-10T06:15:23Z,80.6,28.4,3.782,4.933,14.199
2026-09-10T11:16:23Z,2026-09-10T06:16:23Z,80.8,28.4,3.819,5.07,20.719
2026-09-10T11:17:23Z,2026-09-10T06:17:23Z,81.0,28.4,3.679,4.714,20.61
2026-09-10T11:18:23Z,2026-09-10T06:18:23Z,81.0,28.4,3.946,5.562,23.781
2026-09-10T11:19:23Z,2026-09-10T06:19:23Z,81.1,28.4,3.906,5.23,28.49
2026-09-10T11:20:23Z,2026-09-10T06:20:23Z,81.1,28.4,3.947,5.125,31.895
2026-09-10T11:21:23Z,2026-09-10T06:21:23Z,81.0,28.4,3.603,4.874,18.111
2026-09-10T11:22:24Z,2026-09-10T06:22:24Z,81.0,28.4,4.079,5.144,35.665
2026-09-10T11:23:24Z,2026-09-10T06:23:24Z,81.0,28.4,4.0,5.086,13.61
2026-09-10T11:24:24Z,2026-09-10T06:24:24Z,81.1,28.4,4.102,5.314,32.723
2026-09-10T11:25:24Z,2026-09-10T06:25:24Z,81.2,28.4,4.12,5.485,15.896
2026-09-10T11:26:24Z,2026-09-10T06:26:24Z,81.2,28.4,3.805,5.067,40.678
2026-09-10T11:27:24Z,2026-09-10T06:27:24Z,81.4,28.4,4.253,5.937,64.744
2026-09-10T11:28:24Z,2026-09-10T06:28:24Z,81.4,28.4,4.554,7.024,103.194
2026-09-10T11:29:24Z,2026-09-10T06:29:24Z,81.4,28.4,4.548,6.023,46.907
2026-09-10T11:30:24Z,2026-09-10T06:30:24Z,81.4,28.4,4.389,6.014,54.911
2026-09-10T11:31:24Z,2026-09-10T06:31:24Z,81.5,28.4,4.469,5.846,30.31
2026-09-10T11:32:24Z,2026-09-10T06:32:24Z,81.3,28.4,4.503,6.936,77.263
2026-09-10T11:33:24Z,2026-09-10T06:33:24Z,81.0,28.4,4.473,7.129,66.762
2026-09-10T11:34:24Z,2026-09-10T06:34:24Z,81.2,28.4,4.858,6.731,86.125
2026-09-10T11:35:24Z,2026-09-10T06:35:24Z,81.1,28.4,4.715,6.934,79.428
2026-09-10T11:36:24Z,2026-09-10T06:36:24Z,81.1,28.4,4.76,6.63,67.631
2026-09-10T11:37:24Z,2026-09-10T06:37:24Z,81.1,28.4,4.504,6.322,38.791
2026-09-10T11:38:24Z,2026-09-10T06:38:24Z,81.1,28.4,4.629,6.134,45.53
2026-09-10T11:39:24Z,2026-09-10T06:39:24Z,81.2,28.4,4.345,5.902,27.049
2026-09-10T11:40:24Z,2026-09-10T06:40:24Z,81.2,28.4,4.568,6.472,60.421
2026-09-10T11:41:24Z,2026-09-10T06:41:24Z,81.2,28.4,4.453,6.25,34.684
2026-09-10T11:42:24Z,2026-09-10T06:42:24Z,81.3,28.4,4.479,6.417,72.324
2026-09-10T11:43:25Z,2026-09-10T06:43:25Z,81.4,28.4,4.368,5.883,50.745
2026-09-10T11:44:25Z,2026-09-10T06:44:25Z,81.4,28.4,4.176,5.598,36.001
2026-09-10T11:45:25Z,2026-09-10T06:45:25Z,81.2,28.4,4.314,5.818,43.735
2026-09-10T11:46:25Z,2026-09-10T06:46:25Z,81.4,28.4,4.539,6.118,35.579
2026-09-10T11:47:25Z,2026-09-10T06:47:25Z,81.3,28.4,4.13,5.436,24.927
2026-09-10T11:48:25Z,2026-09-10T06:48:25Z,81.1,28.4,4.505,5.78,14.376
2026-09-10T11:49:25Z,2026-09-10T06:49:25Z,81.1,28.4,4.159,5.501,14.656
2026-09-10T11:50:25Z,2026-09-10T06:50:25Z,81.1,28.4,4.288,5.466,21.051
2026-09-10T11:51:25Z,2026-09-10T06:51:25Z,80.9,28.4,4.133,5.328,15.015
2026-09-10T11:52:25Z,2026-09-10T06:52:25Z,81.0,28.4,4.139,5.65,17.16
2026-09-10T11:53:25Z,2026-09-10T06:53:25Z,80.9,28.4,4.017,5.358,21.617
2026-09-10T11:54:25Z,2026-09-10T06:54:25Z,80.7,28.4,3.701,4.655,15.152
2026-09-10T11:55:25Z,2026-09-10T06:55:25Z,80.6,28.4,3.827,5.003,25.803
2026-09-10T11:56:25Z,2026-09-10T06:56:25Z,80.6,28.4,3.696,4.911,18.323
2026-09-10T11:57:25Z,2026-09-10T06:57:25Z,80.8,28.4,3.723,4.866,35.66
2026-09-10T11:58:25Z,2026-09-10T06:58:25Z,80.8,28.4,4.236,5.64,22.339
2026-09-10T11:59:25Z,2026-09-10T06:59:25Z,80.7,28.4,3.947,5.193,22.103
2026-09-10T12:00:22Z,2026-09-10T07:00:22Z,80.7,28.4,3.961,5.176,16.582
2026-09-10T12:01:22Z,2026-09-10T07:01:22Z,80.8,28.4,4.23,5.491,13.793
2026-09-10T12:02:22Z,2026-09-10T07:02:22Z,80.8,28.4,4.031,4.79,22.206
2026-09-10T12:03:22Z,2026-09-10T07:03:22Z,80.7,28.4,3.65,4.675,19.055
2026-09-10T12:04:22Z,2026-09-10T07:04:22Z,80.8,28.4,3.979,4.996,20.628
2026-09-10T12:05:22Z,2026-09-10T07:05:22Z,80.8,28.4,3.705,4.903,24.868
2026-09-10T12:06:22Z,2026-09-10T07:06:22Z,80.8,28.4,3.768,5.058,23.743
2026-09-10T12:07:22Z,2026-09-10T07:07:22Z,80.8,28.4,3.74,4.626,25.751
2026-09-10T12:08:22Z,2026-09-10T07:08:22Z,80.8,28.4,3.801,5.177,33.884
2026-09-10T12:09:22Z,2026-09-10T07:09:22Z,80.8,28.4,3.655,4.917,27.264
2026-09-10T12:10:22Z,2026-09-10T07:10:22Z,80.7,28.4,3.86,4.765,18.679
2026-09-10T12:11:22Z,2026-09-10T07:11:22Z,80.7,28.4,3.789,5.066,32.599
2026-09-10T12:12:22Z,2026-09-10T07:12:22Z,80.6,28.4,3.824,4.939,11.321
2026-09-10T12:13:23Z,2026-09-10T07:13:23Z,80.7,28.4,3.985,4.949,13.748
2026-09-10T12:14:23Z,2026-09-10T07:14:23Z,80.7,28.4,3.822,4.798,10.417
2026-09-10T12:15:23Z,2026-09-10T07:15:23Z,80.7,28.4,3.986,5.311,13.32
2026-09-10T12:16:23Z,2026-09-10T07:16:23Z,80.7,28.4,4.164,5.213,12.474
2026-09-10T12:17:23Z,2026-09-10T07:17:23Z,80.7,28.4,3.854,5.035,15.79
2026-09-10T12:18:23Z,2026-09-10T07:18:23Z,80.8,28.4,3.852,5.323,14.703
2026-09-10T12:19:23Z,2026-09-10T07:19:23Z,80.8,28.5,3.62,4.591,16.498
2026-09-10T12:20:23Z,2026-09-10T07:20:23Z,80.7,28.5,3.441,4.3,12.306
2026-09-10T12:21:23Z,2026-09-10T07:21:23Z,80.7,28.5,3.652,5.062,16.915
2026-09-10T12:22:23Z,2026-09-10T07:22:23Z,80.7,28.5,3.77,4.967,28.099
2026-09-10T12:23:23Z,2026-09-10T07:23:23Z,80.7,28.5,3.662,4.746,17.574
2026-09-10T12:24:23Z,2026-09-10T07:24:23Z,80.6,28.5,3.925,5.164,20.438
2026-09-10T12:25:23Z,2026-09-10T07:25:23Z,80.7,28.5,3.752,4.84,13.546
2026-09-10T12:26:23Z,2026-09-10T07:26:23Z,80.5,28.5,4.028,5.438,13.474
2026-09-10T12:27:23Z,2026-09-10T07:27:23Z,80.4,28.5,3.96,4.891,19.372
2026-09-10T12:28:23Z,2026-09-10T07:28:23Z,80.4,28.5,3.899,5.362,18.47
2026-09-10T12:29:23Z,2026-09-10T07:29:23Z,80.7,28.5,3.913,4.955,31.3
2026-09-10T12:30:23Z,2026-09-10T07:30:23Z,80.5,28.5,3.84,5.194,35.528
2026-09-10T12:31:23Z,2026-09-10T07:31:23Z,80.6,28.5,3.88,5.344,16.937
2026-09-10T12:32:23Z,2026-09-10T07:32:23Z,80.8,28.5,3.879,4.958,28.763
2026-09-10T12:33:23Z,2026-09-10T07:33:23Z,80.9,28.5,4.052,5.122,17.818
2026-09-10T12:34:23Z,2026-09-10T07:34:23Z,80.8,28.6,3.851,5.107,17.537
2026-09-10T12:35:23Z,2026-09-10T07:35:23Z,81.0,28.6,4.002,5.429,25.507
2026-09-10T12:36:23Z,2026-09-10T07:36:23Z,80.8,28.6,3.924,5.081,27.709
2026-09-10T12:37:24Z,2026-09-10T07:37:24Z,80.6,28.6,4.248,5.573,24.198
2026-09-10T12:38:24Z,2026-09-10T07:38:24Z,80.6,28.6,3.955,5.34,25.825
2026-09-10T12:39:24Z,2026-09-10T07:39:24Z,80.5,28.6,3.887,5.409,30.386
2026-09-10T12:40:24Z,2026-09-10T07:40:24Z,80.6,28.6,4.285,6.058,60.199
2026-09-10T12:41:24Z,2026-09-10T07:41:24Z,80.4,28.6,4.044,5.293,35.269
2026-09-10T12:42:24Z,2026-09-10T07:42:24Z,80.4,28.6,4.278,5.71,31.461
2026-09-10T12:43:24Z,2026-09-10T07:43:24Z,80.5,28.7,4.235,5.793,18.191
2026-09-10T12:44:24Z,2026-09-10T07:44:24Z,80.4,28.7,4.173,5.721,28.167
2026-09-10T12:45:24Z,2026-09-10T07:45:24Z,80.3,28.7,4.176,5.777,36.333
2026-09-10T12:46:24Z,2026-09-10T07:46:24Z,80.3,28.7,4.395,6.102,23.54
2026-09-10T12:47:24Z,2026-09-10T07:47:24Z,80.6,28.7,4.226,5.859,24.705
2026-09-10T12:48:24Z,2026-09-10T07:48:24Z,81.1,28.8,4.335,6.282,31.095
2026-09-10T12:49:24Z,2026-09-10T07:49:24Z,80.7,28.8,4.749,6.591,44.055
2026-09-10T12:50:24Z,2026-09-10T07:50:24Z,80.4,28.8,4.522,6.005,26.053
2026-09-10T12:51:24Z,2026-09-10T07:51:24Z,79.9,28.8,4.445,5.537,29.713
2026-09-10T12:52:24Z,2026-09-10T07:52:24Z,80.0,28.9,4.262,5.762,15.071
2026-09-10T12:53:24Z,2026-09-10T07:53:24Z,80.0,28.9,4.099,5.379,22.02
2026-09-10T12:54:24Z,2026-09-10T07:54:24Z,79.9,29.0,4.463,5.484,28.986
2026-09-10T12:55:24Z,2026-09-10T07:55:24Z,79.7,29.0,4.486,5.826,25.498
2026-09-10T12:56:24Z,2026-09-10T07:56:24Z,79.4,29.1,4.302,5.346,25.568
2026-09-10T12:57:24Z,2026-09-10T07:57:24Z,79.1,29.1,4.29,5.37,27.459
2026-09-10T12:58:24Z,2026-09-10T07:58:24Z,78.9,29.2,4.511,5.897,23.492
2026-09-10T12:59:25Z,2026-09-10T07:59:25Z,78.9,29.2,4.308,5.924,77.287
2026-09-10T13:00:25Z,2026-09-10T08:00:25Z,78.8,29.3,4.312,5.809,65.625
2026-09-10T13:01:25Z,2026-09-10T08:01:25Z,78.3,29.4,4.245,5.61,47.559
2026-09-10T13:02:25Z,2026-09-10T08:02:25Z,77.9,29.4,4.345,5.773,17.552
2026-09-10T13:03:25Z,2026-09-10T08:03:25Z,78.1,29.5,3.957,5.386,26.316
2026-09-10T13:04:25Z,2026-09-10T08:04:25Z,77.7,29.6,4.082,5.311,30.591
2026-09-10T13:05:25Z,2026-09-10T08:05:25Z,77.3,29.7,4.348,5.592,19.937
2026-09-10T13:06:25Z,2026-09-10T08:06:25Z,77.4,29.8,4.375,6.025,36.001
2026-09-10T13:07:25Z,2026-09-10T08:07:25Z,77.4,29.9,4.761,8.153,204.893
2026-09-10T13:08:25Z,2026-09-10T08:08:25Z,76.7,29.9,4.669,8.054,83.959
2026-09-10T13:09:25Z,2026-09-10T08:09:25Z,76.2,30.0,4.92,7.749,125.571
2026-09-10T13:10:25Z,2026-09-10T08:10:25Z,75.6,30.1,4.581,6.158,45.695
2026-09-10T13:11:25Z,2026-09-10T08:11:25Z,75.6,30.2,4.145,5.519,17.211
2026-09-10T13:12:25Z,2026-09-10T08:12:25Z,75.2,30.3,4.499,5.492,13.082
2026-09-10T13:13:25Z,2026-09-10T08:13:25Z,74.6,30.4,4.647,5.997,46.589
2026-09-10T13:14:25Z,2026-09-10T08:14:25Z,74.7,30.5,4.364,6.0,32.443
2026-09-10T13:15:22Z,2026-09-10T08:15:22Z,74.2,30.6,4.727,6.174,39.955
2026-09-10T13:16:22Z,2026-09-10T08:16:22Z,74.2,30.7,4.461,5.937,19.861
2026-09-10T13:17:22Z,2026-09-10T08:17:22Z,73.4,30.8,4.411,5.478,23.875
2026-09-10T13:18:22Z,2026-09-10T08:18:22Z,73.6,30.9,4.6,5.879,31.165
2026-09-10T13:19:22Z,2026-09-10T08:19:22Z,73.2,31.0,4.538,5.845,23.072
2026-09-10T13:20:22Z,2026-09-10T08:20:22Z,72.6,31.1,4.562,6.024,22.774
2026-09-10T13:21:22Z,2026-09-10T08:21:22Z,72.1,31.2,4.27,5.51,17.815
2026-09-10T13:22:23Z,2026-09-10T08:22:23Z,71.5,31.3,4.561,5.857,34.592
2026-09-10T13:23:23Z,2026-09-10T08:23:23Z,71.1,31.5,4.48,5.885,24.811
2026-09-10T13:24:23Z,2026-09-10T08:24:23Z,70.8,31.6,4.118,5.398,27.02
2026-09-10T13:25:23Z,2026-09-10T08:25:23Z,70.1,31.7,4.725,6.134,32.264
2026-09-10T13:26:23Z,2026-09-10T08:26:23Z,70.1,31.9,4.68,6.13,26.833
2026-09-10T13:27:23Z,2026-09-10T08:27:23Z,69.6,32.0,4.637,5.795,19.514
2026-09-10T13:28:23Z,2026-09-10T08:28:23Z,69.0,32.1,4.695,6.25,48.525
2026-09-10T13:29:23Z,2026-09-10T08:29:23Z,68.7,32.3,4.593,6.009,24.464
2026-09-10T13:30:23Z,2026-09-10T08:30:23Z,68.4,32.4,4.827,6.212,17.494
2026-09-10T13:31:23Z,2026-09-10T08:31:23Z,68.5,32.5,4.565,5.955,22.327
2026-09-10T13:32:23Z,2026-09-10T08:32:23Z,67.8,32.6,4.629,6.007,40.243
2026-09-10T13:33:23Z,2026-09-10T08:33:23Z,67.2,32.8,4.417,5.984,52.39
2026-09-10T13:34:23Z,2026-09-10T08:34:23Z,66.5,32.9,4.582,5.888,23.657
2026-09-10T13:35:23Z,2026-09-10T08:35:23Z,66.2,33.0,4.357,5.637,42.756
2026-09-10T13:36:23Z,2026-09-10T08:36:23Z,65.8,33.2,4.889,6.285,21.555
2026-09-10T13:37:23Z,2026-09-10T08:37:23Z,64.4,33.3,4.501,5.856,14.699
2026-09-10T13:38:23Z,2026-09-10T08:38:23Z,64.2,33.4,4.498,5.869,19.079
2026-09-10T13:39:23Z,2026-09-10T08:39:23Z,64.3,33.6,4.559,5.833,20.025
2026-09-10T13:40:23Z,2026-09-10T08:40:23Z,63.8,33.7,4.546,5.856,24.11
2026-09-10T13:41:23Z,2026-09-10T08:41:23Z,63.4,33.8,4.752,5.953,30.032
2026-09-10T13:42:23Z,2026-09-10T08:42:23Z,63.2,34.0,4.952,6.115,27.754
2026-09-10T13:43:23Z,2026-09-10T08:43:23Z,63.2,34.1,4.49,5.719,26.76
2026-09-10T13:44:23Z,2026-09-10T08:44:23Z,62.7,34.2,4.371,5.586,13.872
2026-09-10T13:45:23Z,2026-09-10T08:45:23Z,61.9,34.3,4.082,5.29,23.198
2026-09-10T13:46:24Z,2026-09-10T08:46:24Z,61.1,34.5,4.408,5.598,25.083
2026-09-10T13:47:24Z,2026-09-10T08:47:24Z,61.3,34.6,4.308,5.698,30.459
2026-09-10T13:48:24Z,2026-09-10T08:48:24Z,60.8,34.7,4.198,5.594,22.444
2026-09-10T13:49:24Z,2026-09-10T08:49:24Z,60.4,34.8,4.591,5.688,24.132
2026-09-10T13:50:24Z,2026-09-10T08:50:24Z,60.5,34.9,4.32,5.568,25.522
2026-09-10T13:51:24Z,2026-09-10T08:51:24Z,59.8,35.0,4.64,6.016,25.526
2026-09-10T13:52:24Z,2026-09-10T08:52:24Z,59.8,35.1,4.475,5.892,12.872
2026-09-10T13:53:24Z,2026-09-10T08:53:24Z,58.9,35.2,4.349,5.811,19.783
2026-09-10T13:54:24Z,2026-09-10T08:54:24Z,58.6,35.3,4.622,5.966,13.835
2026-09-10T13:55:24Z,2026-09-10T08:55:24Z,58.2,35.4,4.625,5.633,24.047
2026-09-10T13:56:24Z,2026-09-10T08:56:24Z,57.7,35.6,4.655,5.818,21.502
2026-09-10T13:57:24Z,2026-09-10T08:57:24Z,57.5,35.7,4.405,5.495,12.01
2026-09-10T13:58:24Z,2026-09-10T08:58:24Z,57.4,35.7,4.675,6.06,24.464
2026-09-10T13:59:24Z,2026-09-10T08:59:24Z,57.1,35.9,4.31,5.51,15.979
2026-09-10T14:00:24Z,2026-09-10T09:00:24Z,57.0,35.9,4.281,5.272,11.807
2026-09-10T14:01:24Z,2026-09-10T09:01:24Z,57.3,36.0,4.388,5.414,20.011
2026-09-10T14:02:24Z,2026-09-10T09:02:24Z,56.3,36.1,4.369,5.485,16.239
2026-09-10T14:03:24Z,2026-09-10T09:03:24Z,54.4,36.2,3.952,5.145,21.58
2026-09-10T14:04:24Z,2026-09-10T09:04:24Z,53.7,36.3,4.345,5.364,29.09
2026-09-10T14:05:24Z,2026-09-10T09:05:24Z,53.7,36.4,4.265,5.279,15.089
2026-09-10T14:06:24Z,2026-09-10T09:06:24Z,53.8,36.5,4.333,5.533,34.931
2026-09-10T14:07:24Z,2026-09-10T09:07:24Z,53.5,36.6,4.355,5.657,20.364
2026-09-10T14:08:24Z,2026-09-10T09:08:24Z,53.7,36.7,4.245,5.345,20.889
2026-09-10T14:09:24Z,2026-09-10T09:09:24Z,54.6,36.8,4.437,5.584,14.401
2026-09-10T14:10:25Z,2026-09-10T09:10:25Z,54.3,36.9,3.838,5.185,20.044
2026-09-10T14:11:25Z,2026-09-10T09:11:25Z,54.3,37.0,4.351,5.38,8.457
2026-09-10T14:12:25Z,2026-09-10T09:12:25Z,53.7,37.1,4.424,5.603,9.513
2026-09-10T14:13:25Z,2026-09-10T09:13:25Z,53.1,37.2,4.372,5.571,14.299
2026-09-10T14:14:25Z,2026-09-10T09:14:25Z,53.8,37.3,4.276,5.489,44.362
2026-09-10T14:15:25Z,2026-09-10T09:15:25Z,53.2,37.3,4.39,5.662,40.116
2026-09-10T14:16:25Z,2026-09-10T09:16:25Z,53.5,37.4,4.19,5.396,22.603
2026-09-10T14:17:25Z,2026-09-10T09:17:25Z,53.3,37.5,4.313,5.634,16.435
2026-09-10T14:18:25Z,2026-09-10T09:18:25Z,53.2,37.6,4.295,5.498,11.412
2026-09-10T14:19:25Z,2026-09-10T09:19:25Z,52.0,37.7,4.102,5.28,15.608
2026-09-10T14:20:25Z,2026-09-10T09:20:25Z,52.2,37.7,4.52,5.887,8.849
2026-09-10T14:21:25Z,2026-09-10T09:21:25Z,52.7,37.8,4.599,6.341,13.954
2026-09-10T14:22:25Z,2026-09-10T09:22:25Z,52.4,37.9,4.645,5.993,27.483
2026-09-10T14:23:25Z,2026-09-10T09:23:25Z,51.2,38.0,4.296,5.677,10.856
2026-09-10T14:24:25Z,2026-09-10T09:24:25Z,51.4,38.1,4.1,5.237,18.874
2026-09-10T14:25:25Z,2026-09-10T09:25:25Z,51.1,38.2,4.273,5.298,8.638
2026-09-10T14:26:25Z,2026-09-10T09:26:25Z,50.9,38.2,4.131,5.455,23.836
2026-09-10T14:27:25Z,2026-09-10T09:27:25Z,51.2,38.2,4.408,5.542,20.605
2026-09-10T14:28:25Z,2026-09-10T09:28:25Z,51.0,38.3,4.22,5.161,9.458
2026-09-10T14:29:25Z,2026-09-10T09:29:25Z,51.4,38.3,4.453,5.462,11.401
2026-09-10T14:30:25Z,2026-09-10T09:30:25Z,50.9,38.4,4.158,5.271,10.961
2026-09-10T14:31:25Z,2026-09-10T09:31:25Z,50.1,38.5,4.119,5.23,16.945
2026-09-10T14:32:25Z,2026-09-10T09:32:25Z,49.4,38.5,4.261,5.499,10.492
2026-09-10T14:33:25Z,2026-09-10T09:33:25Z,49.4,38.6,4.078,5.186,10.227
2026-09-10T14:34:25Z,2026-09-10T09:34:25Z,50.2,38.6,3.967,5.067,23.362
2026-09-10T14:35:25Z,2026-09-10T09:35:25Z,49.8,38.7,4.088,5.123,23.671
2026-09-10T14:36:26Z,2026-09-10T09:36:26Z,49.7,38.7,4.361,5.629,19.283
2026-09-10T14:37:26Z,2026-09-10T09:37:26Z,49.3,38.8,4.149,5.063,34.673
2026-09-10T14:38:26Z,2026-09-10T09:38:26Z,49.5,38.8,3.935,4.834,29.368
2026-09-10T14:39:26Z,2026-09-10T09:39:26Z,49.7,38.8,3.968,5.382,17.094
2026-09-10T14:40:26Z,2026-09-10T09:40:26Z,49.4,38.7,4.186,5.733,68.852
2026-09-10T14:41:26Z,2026-09-10T09:41:26Z,49.1,38.7,3.868,5.128,16.615
2026-09-10T14:42:26Z,2026-09-10T09:42:26Z,49.6,38.8,3.994,5.294,40.733
2026-09-10T14:43:26Z,2026-09-10T09:43:26Z,49.2,38.8,4.046,5.38,35.991
2026-09-10T14:44:26Z,2026-09-10T09:44:26Z,48.3,38.8,3.78,4.972,17.284
2026-09-10T14:45:26Z,2026-09-10T09:45:26Z,48.6,38.9,3.736,4.797,12.389
2026-09-10T14:46:26Z,2026-09-10T09:46:26Z,47.3,38.9,3.631,4.585,11.498
2026-09-10T14:47:26Z,2026-09-10T09:47:26Z,48.2,38.9,3.961,5.292,16.22
2026-09-10T14:48:26Z,2026-09-10T09:48:26Z,48.6,38.9,4.036,4.98,8.999
2026-09-10T14:49:26Z,2026-09-10T09:49:26Z,48.8,39.0,3.899,4.947,9.079
2026-09-10T14:50:26Z,2026-09-10T09:50:26Z,48.9,39.0,4.197,5.282,12.237
2026-09-10T14:51:26Z,2026-09-10T09:51:26Z,48.2,39.1,4.067,5.165,10.82
2026-09-10T14:52:26Z,2026-09-10T09:52:26Z,47.5,39.2,3.91,4.947,14.833
2026-09-10T14:53:26Z,2026-09-10T09:53:26Z,46.8,39.2,3.666,4.69,27.176
2026-09-10T14:54:26Z,2026-09-10T09:54:26Z,47.2,39.3,4.121,5.229,7.323
2026-09-10T14:55:26Z,2026-09-10T09:55:26Z,47.3,39.3,3.826,4.693,19.365
2026-09-10T14:56:26Z,2026-09-10T09:56:26Z,47.0,39.3,3.492,4.734,8.62
2026-09-10T14:57:26Z,2026-09-10T09:57:26Z,47.3,39.2,3.974,4.929,21.334
2026-09-10T14:58:26Z,2026-09-10T09:58:26Z,47.3,39.2,4.093,5.05,15.612
2026-09-10T14:59:26Z,2026-09-10T09:59:26Z,46.8,39.2,3.963,5.006,14.327
2026-09-10T15:00:26Z,2026-09-10T10:00:26Z,47.0,39.2,3.958,5.021,20.497
2026-09-10T15:01:27Z,2026-09-10T10:01:27Z,46.7,39.3,4.061,4.995,19.743
2026-09-10T15:02:27Z,2026-09-10T10:02:27Z,46.9,39.3,3.809,4.893,17.415
2026-09-10T15:03:27Z,2026-09-10T10:03:27Z,46.9,39.2,4.251,5.137,17.431
2026-09-10T15:04:27Z,2026-09-10T10:04:27Z,48.1,39.2,4.607,5.71,13.855
2026-09-10T15:05:27Z,2026-09-10T10:05:27Z,48.8,39.1,4.027,5.401,21.557
2026-09-10T15:06:27Z,2026-09-10T10:06:27Z,48.6,39.1,4.178,5.236,32.691
2026-09-10T15:07:27Z,2026-09-10T10:07:27Z,48.7,39.0,4.193,5.326,20.321
2026-09-10T15:08:27Z,2026-09-10T10:08:27Z,48.4,39.0,4.348,5.781,11.916
2026-09-10T15:09:27Z,2026-09-10T10:09:27Z,49.3,39.0,4.111,4.901,27.852
2026-09-10T15:10:27Z,2026-09-10T10:10:27Z,48.4,39.0,4.315,5.249,24.309
2026-09-10T15:11:27Z,2026-09-10T10:11:27Z,48.6,39.0,4.087,5.046,16.578
2026-09-10T15:12:27Z,2026-09-10T10:12:27Z,48.1,39.1,4.457,5.684,21.009
2026-09-10T15:13:27Z,2026-09-10T10:13:27Z,48.5,39.1,4.185,5.425,28.747
2026-09-10T15:14:27Z,2026-09-10T10:14:27Z,47.0,39.2,3.889,4.733,9.357
2026-09-10T15:15:27Z,2026-09-10T10:15:27Z,45.8,39.3,4.09,5.107,10.067
2026-09-10T15:16:27Z,2026-09-10T10:16:27Z,45.5,39.4,3.8,4.943,9.269
2026-09-10T15:17:27Z,2026-09-10T10:17:27Z,45.9,39.5,3.84,4.766,12.345
2026-09-10T15:18:27Z,2026-09-10T10:18:27Z,46.8,39.6,3.894,5.028,7.781
2026-09-10T15:19:27Z,2026-09-10T10:19:27Z,47.6,39.7,4.3,5.948,18.772
2026-09-10T15:20:27Z,2026-09-10T10:20:27Z,47.0,39.9,4.437,5.669,32.529
2026-09-10T15:21:27Z,2026-09-10T10:21:27Z,45.5,40.0,4.465,5.583,27.616
2026-09-10T15:22:27Z,2026-09-10T10:22:27Z,43.9,40.1,3.633,4.582,32.138
2026-09-10T15:23:27Z,2026-09-10T10:23:27Z,43.5,40.1,4.163,5.433,11.183
2026-09-10T15:24:27Z,2026-09-10T10:24:27Z,43.7,40.1,3.795,4.716,10.483
2026-09-10T15:25:27Z,2026-09-10T10:25:27Z,44.4,40.1,4.286,5.184,7.634
2026-09-10T15:26:28Z,2026-09-10T10:26:28Z,44.5,40.0,4.143,4.889,30.733
2026-09-10T15:27:28Z,2026-09-10T10:27:28Z,44.1,40.0,3.843,5.024,7.807
2026-09-10T15:28:28Z,2026-09-10T10:28:28Z,43.2,40.1,3.4,4.425,17.723
2026-09-10T15:29:28Z,2026-09-10T10:29:28Z,44.0,40.1,3.828,5.07,21.661
2026-09-10T15:30:28Z,2026-09-10T10:30:28Z,43.3,40.2,4.097,5.144,10.509
2026-09-10T15:31:28Z,2026-09-10T10:31:28Z,42.9,40.3,4.218,5.304,19.949
2026-09-10T15:32:28Z,2026-09-10T10:32:28Z,43.6,40.3,3.993,4.865,12.032
2026-09-10T15:33:28Z,2026-09-10T10:33:28Z,42.9,40.4,4.245,5.533,12.815
2026-09-10T15:34:28Z,2026-09-10T10:34:28Z,43.0,40.5,4.328,5.256,12.068
2026-09-10T15:35:28Z,2026-09-10T10:35:28Z,42.8,40.6,3.918,4.895,8.534
2026-09-10T15:36:28Z,2026-09-10T10:36:28Z,43.2,40.6,4.132,5.274,11.006
2026-09-10T15:37:28Z,2026-09-10T10:37:28Z,43.2,40.7,4.287,5.282,14.633
2026-09-10T15:38:28Z,2026-09-10T10:38:28Z,43.5,40.8,4.143,5.14,7.653
2026-09-10T15:39:28Z,2026-09-10T10:39:28Z,42.6,40.9,4.46,5.49,9.494
2026-09-10T15:40:28Z,2026-09-10T10:40:28Z,41.8,41.0,3.934,4.955,23.914
2026-09-10T15:41:28Z,2026-09-10T10:41:28Z,41.8,41.1,4.03,4.665,13.296
2026-09-10T15:42:28Z,2026-09-10T10:42:28Z,41.4,41.2,3.739,4.618,20.215
2026-09-10T15:43:28Z,2026-09-10T10:43:28Z,40.2,41.3,4.127,5.187,7.978
2026-09-10T15:44:28Z,2026-09-10T10:44:28Z,40.1,41.4,3.974,5.151,8.06
2026-09-10T15:45:28Z,2026-09-10T10:45:28Z,39.7,41.5,4.09,4.889,7.663
2026-09-10T15:46:28Z,2026-09-10T10:46:28Z,40.5,41.5,3.881,4.579,10.699
2026-09-10T15:47:28Z,2026-09-10T10:47:28Z,39.8,41.6,3.676,4.434,6.299
2026-09-10T15:48:28Z,2026-09-10T10:48:28Z,40.1,41.6,4.121,5.364,6.959
2026-09-10T15:49:24Z,2026-09-10T10:49:24Z,39.8,41.5,4.08,5.021,18.035
2026-09-10T15:50:25Z,2026-09-10T10:50:25Z,40.0,41.5,4.066,4.622,11.849
