timestamp,timestamp_local,sample_rh,sample_temp,wx_ws,wx_wd,wx_ws_scalar,pm1,pm25,pm10
2025-09-28T02:02:43Z,2025-09-27T22:02:43Z,45.1,24.4,0.0,0.0,0.0,6.465,6.771,14.612
2025-09-28T02:03:43Z,2025-09-27T22:03:43Z,44.9,24.5,0.0,0.0,0.0,6.136,6.589,17.105
2025-09-28T02:04:43Z,2025-09-27T22:04:43Z,44.6,24.5,0.0,0.0,0.0,6.386,6.781,28.157
2025-09-28T02:05:43Z,2025-09-27T22:05:43Z,44.2,24.6,0.0,0.0,0.0,6.675,6.948,24.359
2025-09-28T02:06:43Z,2025-09-27T22:06:43Z,43.7,24.6,0.0,0.0,0.0,6.547,6.886,11.751
2025-09-28T02:07:43Z,2025-09-27T22:07:43Z,43.3,24.7,0.0,0.0,0.0,6.685,6.938,11.496
2025-09-28T02:08:43Z,2025-09-27T22:08:43Z,43.1,24.7,0.0,0.0,0.0,6.617,6.955,9.249
2025-09-28T02:09:43Z,2025-09-27T22:09:43Z,42.9,24.7,0.0,0.0,0.0,6.625,6.947,18.217
2025-09-28T02:10:43Z,2025-09-27T22:10:43Z,42.8,24.8,0.0,0.0,0.0,6.006,6.299,20.427
2025-09-28T02:11:43Z,2025-09-27T22:11:43Z,42.9,24.8,0.0,0.0,0.0,6.092,6.322,19.658
2025-09-28T02:12:43Z,2025-09-27T22:12:43Z,42.6,24.8,0.0,0.0,0.0,5.797,6.048,11.45
2025-09-28T02:13:43Z,2025-09-27T22:13:43Z,43.1,24.9,0.0,0.0,0.0,6.161,6.383,8.871
2025-09-28T02:14:43Z,2025-09-27T22:14:43Z,43.3,24.9,0.0,0.0,0.0,5.802,6.061,17.966
2025-09-28T02:15:43Z,2025-09-27T22:15:43Z,43.4,24.9,0.0,0.0,0.0,5.538,5.9,35.485
2025-09-28T02:16:43Z,2025-09-27T22:16:43Z,43.5,25.0,0.0,0.0,0.0,5.363,5.823,29.712
2025-09-28T02:17:43Z,2025-09-27T22:17:43Z,43.7,25.0,0.0,0.0,0.0,5.611,5.938,19.187
2025-09-28T02:18:43Z,2025-09-27T22:18:43Z,43.9,25.0,0.0,0.0,0.0,5.652,6.111,27.62
2025-09-28T02:19:43Z,2025-09-27T22:19:43Z,43.9,25.0,0.0,0.0,0.0,5.472,5.753,27.193
2025-09-28T02:20:43Z,2025-09-27T22:20:43Z,43.8,25.0,0.0,0.0,0.0,5.184,5.512,32.751
2025-09-28T02:21:43Z,2025-09-27T22:21:43Z,43.8,25.0,0.0,0.0,0.0,5.475,5.752,32.649
2025-09-28T02:22:43Z,2025-09-27T22:22:43Z,43.4,25.1,0.0,0.0,0.0,5.536,5.952,17.848
2025-09-28T02:23:44Z,2025-09-27T22:23:44Z,43.4,25.1,0.0,0.0,0.0,5.6,5.951,22.305
2025-09-28T02:24:44Z,2025-09-27T22:24:44Z,42.8,25.1,0.0,0.0,0.0,5.714,6.065,21.595
2025-09-28T02:25:44Z,2025-09-27T22:25:44Z,42.8,25.1,0.0,0.0,0.0,5.508,5.964,21.441
2025-09-28T02:26:44Z,2025-09-27T22:26:44Z,42.5,25.1,0.0,0.0,0.0,5.392,5.769,32.974
2025-09-28T02:27:44Z,2025-09-27T22:27:44Z,42.4,25.1,0.0,0.0,0.0,5.259,5.593,13.191
2025-09-28T02:28:44Z,2025-09-27T22:28:44Z,42.6,25.1,0.0,0.0,0.0,5.59,5.809,18.932
2025-09-28T02:29:44Z,2025-09-27T22:29:44Z,42.2,25.1,0.0,0.0,0.0,5.188,5.52,21.304
2025-09-28T02:30:44Z,2025-09-27T22:30:44Z,42.5,25.1,0.0,0.0,0.0,4.823,5.132,22.655
2025-09-28T02:31:44Z,2025-09-27T22:31:44Z,43.1,25.1,0.0,0.0,0.0,4.885,5.221,25.531
2025-09-28T02:32:44Z,2025-09-27T22:32:44Z,43.3,25.1,0.0,0.0,0.0,5.224,5.439,35.118
2025-09-28T02:33:44Z,2025-09-27T22:33:44Z,43.8,25.1,0.0,0.0,0.0,5.347,5.661,26.627
2025-09-28T02:34:44Z,2025-09-27T22:34:44Z,43.8,25.1,0.0,0.0,0.0,5.579,5.831,14.301
2025-09-28T02:35:44Z,2025-09-27T22:35:44Z,43.8,25.2,0.0,0.0,0.0,5.795,6.078,11.354
2025-09-28T02:36:44Z,2025-09-27T22:36:44Z,43.6,25.2,0.0,0.0,0.0,5.916,6.167,27.392
2025-09-28T02:37:44Z,2025-09-27T22:37:44Z,43.3,25.2,0.0,0.0,0.0,5.672,6.024,8.276
2025-09-28T02:38:44Z,2025-09-27T22:38:44Z,43.0,25.2,0.0,0.0,0.0,5.483,5.715,22.457
2025-09-28T02:39:44Z,2025-09-27T22:39:44Z,42.7,25.2,0.0,0.0,0.0,5.612,5.82,21.545
2025-09-28T02:40:44Z,2025-09-27T22:40:44Z,42.7,25.2,0.0,0.0,0.0,5.771,5.971,11.235
2025-09-28T02:41:44Z,2025-09-27T22:41:44Z,42.9,25.2,0.0,0.0,0.0,5.445,5.766,19.193
2025-09-28T02:42:44Z,2025-09-27T22:42:44Z,44.0,25.2,0.0,0.0,0.0,5.446,6.046,27.124
2025-09-28T02:43:44Z,2025-09-27T22:43:44Z,43.1,25.2,0.0,0.0,0.0,5.255,5.717,16.759
2025-09-28T02:44:44Z,2025-09-27T22:44:44Z,43.2,25.2,0.0,0.0,0.0,5.259,5.578,15.476
2025-09-28T02:45:44Z,2025-09-27T22:45:44Z,43.0,25.1,0.0,0.0,0.0,5.294,5.61,11.619
2025-09-28T02:46:44Z,2025-09-27T22:46:44Z,43.3,25.1,0.0,0.0,0.0,5.336,5.743,19.716
2025-09-28T02:47:44Z,2025-09-27T22:47:44Z,42.9,25.1,0.0,0.0,0.0,5.111,5.358,29.824
2025-09-28T02:48:44Z,2025-09-27T22:48:44Z,43.1,25.1,0.0,0.0,0.0,5.164,5.573,18.818
2025-09-28T02:49:44Z,2025-09-27T22:49:44Z,42.8,25.1,0.0,0.0,0.0,5.012,5.189,15.005
2025-09-28T02:50:44Z,2025-09-27T22:50:44Z,44.1,25.1,0.0,0.0,0.0,5.187,5.593,12.561
2025-09-28T02:51:44Z,2025-09-27T22:51:44Z,45.3,25.2,0.0,0.0,0.0,4.649,4.925,13.46
2025-09-28T02:52:44Z,2025-09-27T22:52:44Z,44.6,25.2,0.0,0.0,0.0,5.587,5.8,8.288
2025-09-28T02:53:44Z,2025-09-27T22:53:44Z,44.0,25.2,0.0,0.0,0.0,5.134,5.744,20.465
2025-09-28T02:54:44Z,2025-09-27T22:54:44Z,45.4,25.2,0.0,0.0,0.0,4.675,5.352,27.692
2025-09-28T02:55:45Z,2025-09-27T22:55:45Z,45.7,25.2,0.0,0.0,0.0,5.21,5.441,10.681
2025-09-28T02:56:45Z,2025-09-27T22:56:45Z,44.7,25.2,0.0,0.0,0.0,5.141,5.568,15.304
2025-09-28T02:57:45Z,2025-09-27T22:57:45Z,44.6,25.2,0.0,0.0,0.0,5.445,5.614,27.665
2025-09-28T02:58:45Z,2025-09-27T22:58:45Z,44.2,25.2,0.0,0.0,0.0,5.139,5.405,25.677
2025-09-28T02:59:45Z,2025-09-27T22:59:45Z,43.9,25.2,0.0,0.0,0.0,4.78,5.171,22.932
2025-09-28T03:00:45Z,2025-09-27T23:00:45Z,44.0,25.2,0.0,0.0,0.0,4.984,5.351,17.859
2025-09-28T03:01:45Z,2025-09-27T23:01:45Z,43.6,25.2,0.0,0.0,0.0,5.105,5.56,14.575
2025-09-28T03:02:45Z,2025-09-27T23:02:45Z,43.3,25.2,0.0,0.0,0.0,4.951,5.301,16.118
2025-09-28T03:03:45Z,2025-09-27T23:03:45Z,43.4,25.2,0.0,0.0,0.0,4.81,5.071,20.968
2025-09-28T03:04:45Z,2025-09-27T23:04:45Z,42.9,25.2,0.0,0.0,0.0,4.572,4.851,19.225
2025-09-28T03:05:45Z,2025-09-27T23:05:45Z,43.7,25.2,0.0,0.0,0.0,4.986,5.366,15.592
2025-09-28T03:06:45Z,2025-09-27T23:06:45Z,43.8,25.2,0.0,0.0,0.0,4.917,5.2,18.117
2025-09-28T03:07:45Z,2025-09-27T23:07:45Z,43.0,25.2,0.0,0.0,0.0,4.876,5.226,14.671
2025-09-28T03:08:45Z,2025-09-27T23:08:45Z,43.7,25.2,0.0,0.0,0.0,5.444,6.03,15.502
2025-09-28T03:09:45Z,2025-09-27T23:09:45Z,44.2,25.2,0.0,0.0,0.0,5.691,6.739,25.524
2025-09-28T03:10:45Z,2025-09-27T23:10:45Z,43.6,25.2,0.0,0.0,0.0,5.499,5.821,21.484
2025-09-28T03:11:45Z,2025-09-27T23:11:45Z,44.0,25.2,0.0,0.0,0.0,5.914,6.297,12.348
2025-09-28T03:12:45Z,2025-09-27T23:12:45Z,43.3,25.2,0.0,0.0,0.0,5.586,5.977,28.903
2025-09-28T03:13:45Z,2025-09-27T23:13:45Z,43.6,25.2,0.0,0.0,0.0,5.397,6.049,17.228
2025-09-28T03:14:45Z,2025-09-27T23:14:45Z,43.9,25.2,0.0,0.0,0.0,5.618,6.103,29.065
2025-09-28T03:15:45Z,2025-09-27T23:15:45Z,44.7,25.2,0.0,0.0,0.0,5.864,6.376,27.606
2025-09-28T03:16:45Z,2025-09-27T23:16:45Z,44.8,25.2,0.0,0.0,0.0,5.598,6.217,18.705
2025-09-28T03:17:45Z,2025-09-27T23:17:45Z,44.0,25.2,0.0,0.0,0.0,4.951,5.436,42.194
2025-09-28T03:18:45Z,2025-09-27T23:18:45Z,44.5,25.2,0.0,0.0,0.0,5.432,5.85,37.653
2025-09-28T03:19:45Z,2025-09-27T23:19:45Z,44.9,25.2,0.0,0.0,0.0,4.616,5.04,33.92
2025-09-28T03:20:45Z,2025-09-27T23:20:45Z,43.5,25.2,0.0,0.0,0.0,5.007,5.438,21.399
2025-09-28T03:21:45Z,2025-09-27T23:21:45Z,43.9,25.2,0.0,0.0,0.0,5.047,5.635,14.355
2025-09-28T03:22:45Z,2025-09-27T23:22:45Z,43.5,25.2,0.0,0.0,0.0,4.916,5.345,12.3
2025-09-28T03:23:45Z,2025-09-27T23:23:45Z,43.3,25.2,0.0,0.0,0.0,5.387,5.743,8.557
2025-09-28T03:24:46Z,2025-09-27T23:24:46Z,43.5,25.2,0.0,0.0,0.0,4.605,4.949,6.654
2025-09-28T03:25:46Z,2025-09-27T23:25:46Z,43.3,25.2,0.0,0.0,0.0,4.607,5.131,6.473
2025-09-28T03:26:46Z,2025-09-27T23:26:46Z,42.4,25.2,0.0,0.0,0.0,4.671,4.967,12.042
2025-09-28T03:27:46Z,2025-09-27T23:27:46Z,45.0,25.2,0.0,0.0,0.0,4.899,5.265,14.806
2025-09-28T03:28:46Z,2025-09-27T23:28:46Z,44.4,25.3,0.0,0.0,0.0,5.343,5.726,19.916
2025-09-28T03:29:46Z,2025-09-27T23:29:46Z,44.6,25.3,0.0,0.0,0.0,5.15,5.714,39.137
2025-09-28T03:30:46Z,2025-09-27T23:30:46Z,43.6,25.3,0.0,0.0,0.0,4.73,5.302,35.096
2025-09-28T03:31:46Z,2025-09-27T23:31:46Z,44.0,25.3,0.0,0.0,0.0,4.946,5.568,38.16
2025-09-28T03:32:46Z,2025-09-27T23:32:46Z,44.2,25.3,0.0,0.0,0.0,4.961,5.552,12.984
2025-09-28T03:33:46Z,2025-09-27T23:33:46Z,44.9,25.3,0.0,0.0,0.0,5.303,5.632,23.876
2025-09-28T03:34:46Z,2025-09-27T23:34:46Z,44.4,25.3,0.0,0.0,0.0,4.586,4.931,6.489
2025-09-28T03:35:46Z,2025-09-27T23:35:46Z,44.8,25.3,0.0,0.0,0.0,5.252,5.762,17.361
2025-09-28T03:36:46Z,2025-09-27T23:36:46Z,44.1,25.3,0.0,0.0,0.0,4.832,5.28,19.491
2025-09-28T03:37:46Z,2025-09-27T23:37:46Z,43.7,25.3,0.0,0.0,0.0,4.749,5.393,18.401
2025-09-28T03:38:46Z,2025-09-27T23:38:46Z,43.8,25.3,0.0,0.0,0.0,4.515,4.929,13.68
2025-09-28T03:39:46Z,2025-09-27T23:39:46Z,43.5,25.3,0.0,0.0,0.0,4.302,4.719,26.556
2025-09-28T03:40:46Z,2025-09-27T23:40:46Z,43.8,25.3,0.0,0.0,0.0,4.957,5.333,41.771
2025-09-28T03:41:46Z,2025-09-27T23:41:46Z,43.1,25.3,0.0,0.0,0.0,4.416,4.864,9.022
2025-09-28T03:42:46Z,2025-09-27T23:42:46Z,43.6,25.3,0.0,0.0,0.0,4.802,5.119,7.555
2025-09-28T03:43:46Z,2025-09-27T23:43:46Z,43.8,25.3,0.0,0.0,0.0,4.934,5.304,15.464
2025-09-28T03:44:46Z,2025-09-27T23:44:46Z,43.8,25.3,0.0,0.0,0.0,4.537,5.012,11.443
2025-09-28T03:45:46Z,2025-09-27T23:45:46Z,43.8,25.3,0.0,0.0,0.0,4.725,5.155,11.683
2025-09-28T03:46:46Z,2025-09-27T23:46:46Z,43.7,25.3,0.0,0.0,0.0,4.961,5.356,21.825
2025-09-28T03:47:46Z,2025-09-27T23:47:46Z,43.7,25.3,0.0,0.0,0.0,5.197,5.644,21.696
2025-09-28T03:48:46Z,2025-09-27T23:48:46Z,43.7,25.3,0.0,0.0,0.0,5.374,5.812,25.898
2025-09-28T03:49:46Z,2025-09-27T23:49:46Z,44.9,25.3,0.0,0.0,0.0,5.697,6.14,8.723
2025-09-28T03:50:46Z,2025-09-27T23:50:46Z,44.1,25.3,0.0,0.0,0.0,5.34,5.686,19.848
2025-09-28T03:51:46Z,2025-09-27T23:51:46Z,43.9,25.3,0.0,0.0,0.0,5.624,5.878,9.611
2025-09-28T03:52:46Z,2025-09-27T23:52:46Z,45.4,25.3,0.0,0.0,0.0,5.845,6.113,17.449
2025-09-28T03:53:46Z,2025-09-27T23:53:46Z,43.6,25.3,0.0,0.0,0.0,5.646,5.891,15.717
2025-09-28T03:54:46Z,2025-09-27T23:54:46Z,43.5,25.3,0.0,0.0,0.0,5.045,5.352,19.108
2025-09-28T03:55:46Z,2025-09-27T23:55:46Z,43.9,25.3,0.0,0.0,0.0,5.531,5.818,19.386
2025-09-28T03:56:46Z,2025-09-27T23:56:46Z,43.2,25.3,0.0,0.0,0.0,5.151,5.487,14.807
2025-09-28T03:57:46Z,2025-09-27T23:57:46Z,42.9,25.3,0.0,0.0,0.0,5.115,5.495,28.674
2025-09-28T03:58:47Z,2025-09-27T23:58:47Z,42.9,25.3,0.0,0.0,0.0,4.941,5.171,23.733
2025-09-28T03:59:47Z,2025-09-27T23:59:47Z,42.7,25.3,0.0,0.0,0.0,5.292,5.586,13.861
2025-09-28T04:00:47Z,2025-09-28T00:00:47Z,42.4,25.3,0.0,0.0,0.0,5.328,5.528,33.394
2025-09-28T04:01:47Z,2025-09-28T00:01:47Z,42.4,25.3,0.0,0.0,0.0,5.138,5.38,7.97
2025-09-28T04:02:47Z,2025-09-28T00:02:47Z,43.0,25.3,0.0,0.0,0.0,5.274,5.645,9.64
2025-09-28T04:03:47Z,2025-09-28T00:03:47Z,42.4,25.3,0.0,0.0,0.0,4.854,5.259,6.216
2025-09-28T04:04:47Z,2025-09-28T00:04:47Z,43.5,25.3,0.0,0.0,0.0,5.127,5.468,15.891
2025-09-28T04:05:47Z,2025-09-28T00:05:47Z,41.8,25.3,0.0,0.0,0.0,4.603,4.899,5.168
2025-09-28T04:06:47Z,2025-09-28T00:06:47Z,41.4,25.3,0.0,0.0,0.0,5.523,5.68,11.558
2025-09-28T04:07:47Z,2025-09-28T00:07:47Z,41.7,25.3,0.0,0.0,0.0,4.858,5.068,5.592
2025-09-28T04:08:47Z,2025-09-28T00:08:47Z,41.8,25.3,0.0,0.0,0.0,4.857,5.135,5.729
2025-09-28T04:09:47Z,2025-09-28T00:09:47Z,42.0,25.3,0.0,0.0,0.0,5.349,5.62,11.231
2025-09-28T04:10:47Z,2025-09-28T00:10:47Z,42.3,25.3,0.0,0.0,0.0,4.999,5.245,9.781
2025-09-28T04:11:47Z,2025-09-28T00:11:47Z,42.5,25.3,0.0,0.0,0.0,5.161,5.575,18.152
2025-09-28T04:12:47Z,2025-09-28T00:12:47Z,42.9,25.3,0.0,0.0,0.0,5.088,5.43,7.625
2025-09-28T04:13:47Z,2025-09-28T00:13:47Z,43.0,25.3,0.0,0.0,0.0,4.911,5.195,13.253
2025-09-28T04:14:47Z,2025-09-28T00:14:47Z,43.8,25.3,0.0,0.0,0.0,4.916,5.242,10.096
2025-09-28T04:15:47Z,2025-09-28T00:15:47Z,43.4,25.3,0.0,0.0,0.0,5.429,5.763,7.767
2025-09-28T04:16:47Z,2025-09-28T00:16:47Z,43.4,25.3,0.0,0.0,0.0,4.961,5.22,14.042
2025-09-28T04:17:47Z,2025-09-28T00:17:47Z,42.9,25.4,0.0,0.0,0.0,5.331,5.623,17.409
2025-09-28T04:18:47Z,2025-09-28T00:18:47Z,43.0,25.3,0.0,0.0,0.0,5.614,5.88,6.868
2025-09-28T04:19:47Z,2025-09-28T00:19:47Z,42.6,25.3,0.0,0.0,0.0,5.063,5.338,6.141
2025-09-28T04:20:47Z,2025-09-28T00:20:47Z,42.3,25.3,0.0,0.0,0.0,4.877,5.123,9.705
2025-09-28T04:21:47Z,2025-09-28T00:21:47Z,42.1,25.3,0.0,0.0,0.0,5.009,5.333,14.51
2025-09-28T04:22:47Z,2025-09-28T00:22:47Z,43.3,25.3,0.0,0.0,0.0,5.004,5.288,9.473
2025-09-28T04:23:47Z,2025-09-28T00:23:47Z,42.5,25.3,0.0,0.0,0.0,5.052,5.221,12.848
2025-09-28T04:24:47Z,2025-09-28T00:24:47Z,41.9,25.3,0.0,0.0,0.0,4.685,4.999,15.979
2025-09-28T04:25:43Z,2025-09-28T00:25:43Z,41.5,25.3,0.0,0.0,0.0,4.879,5.234,5.908
2025-09-28T04:26:43Z,2025-09-28T00:26:43Z,41.4,25.3,0.0,0.0,0.0,5.134,5.343,5.373
2025-09-28T04:27:43Z,2025-09-28T00:27:43Z,41.4,25.3,0.0,0.0,0.0,4.806,5.067,5.855
2025-09-28T04:28:43Z,2025-09-28T00:28:43Z,41.6,25.3,0.0,0.0,0.0,4.711,4.955,9.411
2025-09-28T04:29:43Z,2025-09-28T00:29:43Z,41.6,25.3,0.0,0.0,0.0,5.047,5.374,8.406
2025-09-28T04:30:43Z,2025-09-28T00:30:43Z,42.0,25.3,0.0,0.0,0.0,5.203,5.465,9.994
2025-09-28T04:31:43Z,2025-09-28T00:31:43Z,42.2,25.3,0.0,0.0,0.0,5.19,5.444,6.572
2025-09-28T04:32:43Z,2025-09-28T00:32:43Z,42.4,25.3,0.0,0.0,0.0,4.833,5.226,16.954
2025-09-28T04:33:43Z,2025-09-28T00:33:43Z,42.7,25.3,0.0,0.0,0.0,4.787,5.145,14.566
2025-09-28T04:34:43Z,2025-09-28T00:34:43Z,43.0,25.3,0.0,0.0,0.0,4.785,5.029,5.665
2025-09-28T04:35:43Z,2025-09-28T00:35:43Z,43.1,25.3,0.0,0.0,0.0,4.687,5.022,7.15
2025-09-28T04:36:43Z,2025-09-28T00:36:43Z,43.6,25.3,0.0,0.0,0.0,4.989,5.393,18.184
2025-09-28T04:37:43Z,2025-09-28T00:37:43Z,43.3,25.3,0.0,0.0,0.0,4.955,5.376,20.843
2025-09-28T04:38:43Z,2025-09-28T00:38:43Z,43.4,25.3,0.0,0.0,0.0,5.49,5.915,28.15
2025-09-28T04:39:43Z,2025-09-28T00:39:43Z,43.8,25.3,0.0,0.0,0.0,5.144,5.617,9.094
2025-09-28T04:40:43Z,2025-09-28T00:40:43Z,43.2,25.3,0.0,0.0,0.0,5.595,6.208,12.231
2025-09-28T04:41:43Z,2025-09-28T00:41:43Z,42.9,25.3,0.0,0.0,0.0,5.302,5.833,9.679
2025-09-28T04:42:43Z,2025-09-28T00:42:43Z,42.9,25.3,0.0,0.0,0.0,5.469,5.893,21.5
2025-09-28T04:43:43Z,2025-09-28T00:43:43Z,42.5,25.3,0.0,0.0,0.0,5.065,5.499,15.769
2025-09-28T04:44:43Z,2025-09-28T00:44:43Z,42.3,25.3,0.0,0.0,0.0,5.4,5.803,6.708
2025-09-28T04:45:43Z,2025-09-28T00:45:43Z,42.0,25.3,0.0,0.0,0.0,5.57,5.997,8.063
2025-09-28T04:46:43Z,2025-09-28T00:46:43Z,42.1,25.3,0.0,0.0,0.0,4.891,5.298,10.385
2025-09-28T04:47:43Z,2025-09-28T00:47:43Z,42.4,25.3,0.0,0.0,0.0,5.119,5.523,6.208
2025-09-28T04:48:43Z,2025-09-28T00:48:43Z,41.8,25.3,0.0,0.0,0.0,5.596,5.976,6.123
2025-09-28T04:49:43Z,2025-09-28T00:49:43Z,41.9,25.3,0.0,0.0,0.0,5.246,5.599,5.847
2025-09-28T04:50:43Z,2025-09-28T00:50:43Z,41.6,25.3,0.0,0.0,0.0,5.45,5.847,6.184
2025-09-28T04:51:43Z,2025-09-28T00:51:43Z,41.6,25.2,0.0,0.0,0.0,5.311,5.586,16.078
2025-09-28T04:52:43Z,2025-09-28T00:52:43Z,42.2,25.2,0.0,0.0,0.0,5.258,5.557,9.445
2025-09-28T04:53:43Z,2025-09-28T00:53:43Z,42.1,25.2,0.0,0.0,0.0,5.056,5.415,7.532
2025-09-28T04:54:43Z,2025-09-28T00:54:43Z,42.1,25.2,0.0,0.0,0.0,5.579,5.954,6.474
2025-09-28T04:55:43Z,2025-09-28T00:55:43Z,42.0,25.2,0.0,0.0,0.0,5.48,5.888,6.566
2025-09-28T04:56:43Z,2025-09-28T00:56:43Z,42.5,25.2,0.0,0.0,0.0,5.437,5.831,7.188
2025-09-28T04:57:44Z,2025-09-28T00:57:44Z,42.9,25.3,0.0,0.0,0.0,5.589,5.954,9.968
2025-09-28T04:58:44Z,2025-09-28T00:58:44Z,43.1,25.2,0.0,0.0,0.0,5.794,6.098,15.513
2025-09-28T04:59:44Z,2025-09-28T00:59:44Z,43.2,25.3,0.0,0.0,0.0,5.5,5.821,7.7
2025-09-28T05:00:44Z,2025-09-28T01:00:44Z,43.8,25.3,0.0,0.0,0.0,5.775,6.054,7.522
2025-09-28T05:01:44Z,2025-09-28T01:01:44Z,43.7,25.3,0.0,0.0,0.0,5.474,5.701,6.488
2025-09-28T05:02:44Z,2025-09-28T01:02:44Z,44.0,25.3,0.0,0.0,0.0,6.119,6.494,7.111
2025-09-28T05:03:44Z,2025-09-28T01:03:44Z,43.9,25.3,0.0,0.0,0.0,6.237,6.666,7.468
2025-09-28T05:04:44Z,2025-09-28T01:04:44Z,43.7,25.3,0.0,0.0,0.0,6.051,6.398,7.913
2025-09-28T05:05:44Z,2025-09-28T01:05:44Z,43.8,25.3,0.0,0.0,0.0,5.922,6.259,7.829
2025-09-28T05:06:44Z,2025-09-28T01:06:44Z,44.0,25.3,0.0,0.0,0.0,5.721,6.083,6.703
2025-09-28T05:07:44Z,2025-09-28T01:07:44Z,44.7,25.3,0.0,0.0,0.0,6.144,6.525,18.165
2025-09-28T05:08:44Z,2025-09-28T01:08:44Z,43.9,25.3,0.0,0.0,0.0,5.663,5.939,5.97
2025-09-28T05:09:44Z,2025-09-28T01:09:44Z,43.1,25.3,0.0,0.0,0.0,6.02,6.359,6.752
2025-09-28T05:10:44Z,2025-09-28T01:10:44Z,43.8,25.3,0.0,0.0,0.0,5.708,6.034,10.385
2025-09-28T05:11:44Z,2025-09-28T01:11:44Z,43.4,25.3,0.0,0.0,0.0,5.882,6.17,14.226
2025-09-28T05:12:44Z,2025-09-28T01:12:44Z,42.8,25.3,0.0,0.0,0.0,5.876,6.134,9.078
2025-09-28T05:13:44Z,2025-09-28T01:13:44Z,42.7,25.3,0.0,0.0,0.0,6.188,6.393,6.393
2025-09-28T05:14:44Z,2025-09-28T01:14:44Z,41.8,25.3,0.0,0.0,0.0,5.286,5.621,5.84
2025-09-28T05:15:44Z,2025-09-28T01:15:44Z,42.1,25.3,0.0,0.0,0.0,5.928,6.236,6.296
2025-09-28T05:16:44Z,2025-09-28T01:16:44Z,41.9,25.3,0.0,0.0,0.0,5.75,5.975,6.398
2025-09-28T05:17:44Z,2025-09-28T01:17:44Z,41.5,25.3,0.0,0.0,0.0,6.056,6.338,6.429
2025-09-28T05:18:44Z,2025-09-28T01:18:44Z,41.3,25.3,0.0,0.0,0.0,5.587,5.818,5.849
2025-09-28T05:19:44Z,2025-09-28T01:19:44Z,41.1,25.3,0.0,0.0,0.0,5.705,5.991,6.156
2025-09-28T05:20:44Z,2025-09-28T01:20:44Z,41.9,25.2,0.0,0.0,0.0,5.553,5.793,6.235
2025-09-28T05:21:44Z,2025-09-28T01:21:44Z,41.8,25.2,0.0,0.0,0.0,5.79,5.975,6.007
2025-09-28T05:22:44Z,2025-09-28T01:22:44Z,41.6,25.2,0.0,0.0,0.0,5.792,6.016,6.332
2025-09-28T05:23:44Z,2025-09-28T01:23:44Z,42.2,25.2,0.0,0.0,0.0,5.23,5.434,6.207
2025-09-28T05:24:44Z,2025-09-28T01:24:44Z,42.3,25.2,0.0,0.0,0.0,5.653,5.853,6.276
2025-09-28T05:25:45Z,2025-09-28T01:25:45Z,42.8,25.2,0.0,0.0,0.0,5.46,5.683,6.213
2025-09-28T05:26:45Z,2025-09-28T01:26:45Z,42.3,25.2,0.0,0.0,0.0,5.569,5.77,5.863
2025-09-28T05:27:45Z,2025-09-28T01:27:45Z,42.3,25.2,0.0,0.0,0.0,5.603,5.794,5.957
2025-09-28T05:28:45Z,2025-09-28T01:28:45Z,43.0,25.2,0.0,0.0,0.0,5.486,5.732,6.143
2025-09-28T05:29:45Z,2025-09-28T01:29:45Z,41.6,25.2,0.0,0.0,0.0,6.118,6.372,6.955
2025-09-28T05:30:45Z,2025-09-28T01:30:45Z,41.4,25.2,0.0,0.0,0.0,5.646,5.795,5.795
2025-09-28T05:31:45Z,2025-09-28T01:31:45Z,41.0,25.2,0.0,0.0,0.0,5.992,6.204,6.265
2025-09-28T05:32:45Z,2025-09-28T01:32:45Z,40.9,25.2,0.0,0.0,0.0,5.675,5.944,6.762
2025-09-28T05:33:45Z,2025-09-28T01:33:45Z,40.9,25.2,0.0,0.0,0.0,6.35,6.523,6.681
2025-09-28T05:34:45Z,2025-09-28T01:34:45Z,40.8,25.2,0.0,0.0,0.0,6.064,6.309,6.705
2025-09-28T05:35:45Z,2025-09-28T01:35:45Z,40.9,25.2,0.0,0.0,0.0,6.293,6.532,6.741
2025-09-28T05:36:45Z,2025-09-28T01:36:45Z,40.7,25.2,0.0,0.0,0.0,6.053,6.298,12.884
2025-09-28T05:37:45Z,2025-09-28T01:37:45Z,40.9,25.2,0.0,0.0,0.0,6.027,6.193,6.22
2025-09-28T05:38:45Z,2025-09-28T01:38:45Z,40.7,25.2,0.0,0.0,0.0,6.14,6.302,6.389
2025-09-28T05:39:45Z,2025-09-28T01:39:45Z,40.8,25.2,0.0,0.0,0.0,6.133,6.369,6.458
2025-09-28T05:40:45Z,2025-09-28T01:40:45Z,40.7,25.2,0.0,0.0,0.0,6.12,6.326,6.355
2025-09-28T05:41:45Z,2025-09-28T01:41:45Z,40.7,25.2,0.0,0.0,0.0,6.308,6.494,6.523
2025-09-28T05:42:45Z,2025-09-28T01:42:45Z,40.8,25.2,0.0,0.0,0.0,6.136,6.275,6.336
2025-09-28T05:43:45Z,2025-09-28T01:43:45Z,41.0,25.2,0.0,0.0,0.0,5.845,6.051,6.141
2025-09-28T05:44:45Z,2025-09-28T01:44:45Z,41.0,25.2,0.0,0.0,0.0,6.149,6.331,6.475
2025-09-28T05:45:45Z,2025-09-28T01:45:45Z,41.1,25.2,0.0,0.0,0.0,6.258,6.403,6.719
2025-09-28T05:46:45Z,2025-09-28T01:46:45Z,42.3,25.2,0.0,0.0,0.0,6.427,6.672,7.944
2025-09-28T05:47:45Z,2025-09-28T01:47:45Z,43.1,25.2,0.0,0.0,0.0,5.992,6.213,6.306
2025-09-28T05:48:45Z,2025-09-28T01:48:45Z,42.5,25.3,0.0,0.0,0.0,6.149,6.368,6.398
2025-09-28T05:49:45Z,2025-09-28T01:49:45Z,41.9,25.3,0.0,0.0,0.0,5.955,6.16,6.367
2025-09-28T05:50:45Z,2025-09-28T01:50:45Z,41.8,25.3,0.0,0.0,0.0,6.422,6.558,7.412
2025-09-28T05:51:45Z,2025-09-28T01:51:45Z,41.4,25.3,0.0,0.0,0.0,5.884,6.059,6.437
2025-09-28T05:52:45Z,2025-09-28T01:52:45Z,41.2,25.3,0.0,0.0,0.0,6.484,6.589,6.589
2025-09-28T05:53:45Z,2025-09-28T01:53:45Z,41.1,25.3,0.0,0.0,0.0,5.963,6.15,6.332
2025-09-28T05:54:45Z,2025-09-28T01:54:45Z,41.1,25.3,0.0,0.0,0.0,6.139,6.338,6.46
2025-09-28T05:55:45Z,2025-09-28T01:55:45Z,41.1,25.3,0.0,0.0,0.0,5.901,6.098,6.098
2025-09-28T05:56:46Z,2025-09-28T01:56:46Z,41.1,25.3,0.0,0.0,0.0,6.044,6.243,6.364
2025-09-28T05:57:46Z,2025-09-28T01:57:46Z,41.0,25.3,0.0,0.0,0.0,6.176,6.308,6.701
2025-09-28T05:58:46Z,2025-09-28T01:58:46Z,41.0,25.3,0.0,0.0,0.0,5.977,6.153,6.66
2025-09-28T05:59:46Z,2025-09-28T01:59:46Z,41.0,25.3,0.0,0.0,0.0,6.126,6.305,6.7
2025-09-28T06:00:46Z,2025-09-28T02:00:46Z,41.0,25.3,0.0,0.0,0.0,5.918,6.065,7.452
2025-09-28T06:01:46Z,2025-09-28T02:01:46Z,41.0,25.3,0.0,0.0,0.0,6.412,6.617,6.775
2025-09-28T06:02:46Z,2025-09-28T02:02:46Z,41.0,25.3,0.0,0.0,0.0,6.341,6.469,6.5
2025-09-28T06:03:46Z,2025-09-28T02:03:46Z,41.1,25.3,0.0,0.0,0.0,6.04,6.211,8.061
2025-09-28T06:04:46Z,2025-09-28T02:04:46Z,41.0,25.3,0.0,0.0,0.0,6.359,6.495,6.679
2025-09-28T06:05:46Z,2025-09-28T02:05:46Z,41.0,25.3,0.0,0.0,0.0,5.884,5.972,6.03
2025-09-28T06:06:46Z,2025-09-28T02:06:46Z,41.0,25.3,0.0,0.0,0.0,6.166,6.255,6.255
2025-09-28T06:07:46Z,2025-09-28T02:07:46Z,41.0,25.3,0.0,0.0,0.0,6.225,6.308,7.703
2025-09-28T06:08:46Z,2025-09-28T02:08:46Z,41.3,25.3,0.0,0.0,0.0,6.035,6.158,6.311
2025-09-28T06:09:46Z,2025-09-28T02:09:46Z,41.1,25.3,0.0,0.0,0.0,5.99,6.139,6.139
2025-09-28T06:10:46Z,2025-09-28T02:10:46Z,41.5,25.3,0.0,0.0,0.0,5.951,6.097,6.473
2025-09-28T06:11:46Z,2025-09-28T02:11:46Z,41.7,25.3,0.0,0.0,0.0,6.006,6.145,6.145
2025-09-28T06:12:46Z,2025-09-28T02:12:46Z,41.4,25.3,0.0,0.0,0.0,5.892,6.008,7.613
2025-09-28T06:13:46Z,2025-09-28T02:13:46Z,41.3,25.3,0.0,0.0,0.0,5.791,5.936,5.965
2025-09-28T06:14:46Z,2025-09-28T02:14:46Z,41.6,25.3,0.0,0.0,0.0,6.21,6.323,6.35
2025-09-28T06:15:46Z,2025-09-28T02:15:46Z,41.8,25.3,0.0,0.0,0.0,6.07,6.246,7.668
2025-09-28T06:16:46Z,2025-09-28T02:16:46Z,41.8,25.2,0.0,0.0,0.0,6.205,6.292,6.292
2025-09-28T06:17:46Z,2025-09-28T02:17:46Z,42.2,25.2,0.0,0.0,0.0,6.091,6.222,6.642
2025-09-28T06:18:46Z,2025-09-28T02:18:46Z,41.4,25.2,0.0,0.0,0.0,6.208,6.368,6.776
2025-09-28T06:19:46Z,2025-09-28T02:19:46Z,42.2,25.2,0.0,0.0,0.0,5.887,6.012,9.711
2025-09-28T06:20:46Z,2025-09-28T02:20:46Z,41.7,25.2,0.0,0.0,0.0,5.984,6.164,6.346
2025-09-28T06:21:46Z,2025-09-28T02:21:46Z,41.1,25.2,0.0,0.0,0.0,6.112,6.2,6.2
2025-09-28T06:22:46Z,2025-09-28T02:22:46Z,41.0,25.2,0.0,0.0,0.0,6.006,6.189,6.22
2025-09-28T06:23:47Z,2025-09-28T02:23:47Z,40.9,25.2,0.0,0.0,0.0,5.848,5.894,6.022
2025-09-28T06:24:47Z,2025-09-28T02:24:47Z,40.9,25.2,0.0,0.0,0.0,6.125,6.22,6.411
2025-09-28T06:25:47Z,2025-09-28T02:25:47Z,40.8,25.2,0.0,0.0,0.0,6.498,6.601,6.601
2025-09-28T06:26:47Z,2025-09-28T02:26:47Z,40.9,25.2,0.0,0.0,0.0,6.145,6.279,6.279
2025-09-28T06:27:47Z,2025-09-28T02:27:47Z,40.8,25.2,0.0,0.0,0.0,6.48,6.556,6.586
2025-09-28T06:28:47Z,2025-09-28T02:28:47Z,41.0,25.2,0.0,0.0,0.0,6.052,6.175,7.575
2025-09-28T06:29:47Z,2025-09-28T02:29:47Z,41.0,25.2,0.0,0.0,0.0,6.068,6.196,6.348
2025-09-28T06:30:47Z,2025-09-28T02:30:47Z,40.9,25.2,0.0,0.0,0.0,6.463,6.56,6.955
2025-09-28T06:31:47Z,2025-09-28T02:31:47Z,40.9,25.2,0.0,0.0,0.0,6.053,6.194,6.558
2025-09-28T06:32:47Z,2025-09-28T02:32:47Z,40.9,25.2,0.0,0.0,0.0,6.19,6.396,6.457
2025-09-28T06:33:47Z,2025-09-28T02:33:47Z,41.0,25.2,0.0,0.0,0.0,6.082,6.17,6.2
2025-09-28T06:34:47Z,2025-09-28T02:34:47Z,41.0,25.2,0.0,0.0,0.0,6.144,6.285,6.314
2025-09-28T06:35:47Z,2025-09-28T02:35:47Z,41.0,25.2,0.0,0.0,0.0,6.127,6.265,6.294
2025-09-28T06:36:47Z,2025-09-28T02:36:47Z,41.0,25.2,0.0,0.0,0.0,6.317,6.437,6.437
2025-09-28T06:37:47Z,2025-09-28T02:37:47Z,41.1,25.2,0.0,0.0,0.0,6.321,6.423,6.452
2025-09-28T06:38:47Z,2025-09-28T02:38:47Z,41.4,25.2,0.0,0.0,0.0,6.302,6.388,6.54
2025-09-28T06:39:47Z,2025-09-28T02:39:47Z,41.5,25.2,0.0,0.0,0.0,5.972,6.079,6.442
2025-09-28T06:40:47Z,2025-09-28T02:40:47Z,41.3,25.2,0.0,0.0,0.0,5.929,6.057,6.216
2025-09-28T06:41:47Z,2025-09-28T02:41:47Z,41.4,25.2,0.0,0.0,0.0,6.644,6.754,6.882
2025-09-28T06:42:47Z,2025-09-28T02:42:47Z,43.0,25.2,0.0,0.0,0.0,6.198,6.296,6.325
2025-09-28T06:43:47Z,2025-09-28T02:43:47Z,42.6,25.2,0.0,0.0,0.0,6.133,6.186,6.216
2025-09-28T06:44:47Z,2025-09-28T02:44:47Z,41.6,25.2,0.0,0.0,0.0,6.346,6.488,7.816
2025-09-28T06:45:47Z,2025-09-28T02:45:47Z,41.4,25.2,0.0,0.0,0.0,6.262,6.371,6.432
2025-09-28T06:46:47Z,2025-09-28T02:46:47Z,41.4,25.2,0.0,0.0,0.0,5.715,5.76,5.888
2025-09-28T06:47:47Z,2025-09-28T02:47:47Z,41.2,25.2,0.0,0.0,0.0,6.432,6.581,6.581
2025-09-28T06:48:47Z,2025-09-28T02:48:47Z,41.2,25.2,0.0,0.0,0.0,6.335,6.406,6.406
2025-09-28T06:49:47Z,2025-09-28T02:49:47Z,41.2,25.2,0.0,0.0,0.0,6.465,6.605,6.637
2025-09-28T06:50:47Z,2025-09-28T02:50:47Z,41.1,25.2,0.0,0.0,0.0,6.726,6.842,7.0
2025-09-28T06:51:47Z,2025-09-28T02:51:47Z,41.1,25.2,0.0,0.0,0.0,6.149,6.299,6.722
2025-09-28T06:52:47Z,2025-09-28T02:52:47Z,41.1,25.2,0.0,0.0,0.0,6.498,6.603,6.632
2025-09-28T06:53:47Z,2025-09-28T02:53:47Z,41.0,25.2,0.0,0.0,0.0,6.308,6.41,7.795
2025-09-28T06:54:47Z,2025-09-28T02:54:47Z,41.0,25.2,0.0,0.0,0.0,6.372,6.51,6.804
2025-09-28T06:55:47Z,2025-09-28T02:55:47Z,41.0,25.2,0.0,0.0,0.0,6.545,6.655,6.716
2025-09-28T06:56:48Z,2025-09-28T02:56:48Z,41.1,25.2,0.0,0.0,0.0,6.54,6.636,6.788
2025-09-28T06:57:48Z,2025-09-28T02:57:48Z,41.1,25.2,0.0,0.0,0.0,6.478,6.584,7.948
2025-09-28T06:58:48Z,2025-09-28T02:58:48Z,41.8,25.2,0.0,0.0,0.0,6.179,6.228,6.228
2025-09-28T06:59:48Z,2025-09-28T02:59:48Z,41.8,25.2,0.0,0.0,0.0,6.917,7.029,7.376
2025-09-28T07:00:48Z,2025-09-28T03:00:48Z,41.4,25.2,0.0,0.0,0.0,6.354,6.512,6.966
2025-09-28T07:01:48Z,2025-09-28T03:01:48Z,41.6,25.2,0.0,0.0,0.0,6.544,6.673,7.164
2025-09-28T07:02:48Z,2025-09-28T03:02:48Z,41.8,25.2,0.0,0.0,0.0,5.993,6.096,6.154
2025-09-28T07:03:48Z,2025-09-28T03:03:48Z,41.4,25.2,0.0,0.0,0.0,6.495,6.64,9.482
2025-09-28T07:04:48Z,2025-09-28T03:04:48Z,41.9,25.3,0.0,0.0,0.0,6.627,6.744,6.744
2025-09-28T07:05:48Z,2025-09-28T03:05:48Z,41.5,25.2,0.0,0.0,0.0,5.935,5.975,6.322
2025-09-28T07:06:48Z,2025-09-28T03:06:48Z,42.0,25.2,0.0,0.0,0.0,6.299,6.39,6.419
2025-09-28T07:07:48Z,2025-09-28T03:07:48Z,41.6,25.2,0.0,0.0,0.0,6.343,6.509,7.101
2025-09-28T07:08:48Z,2025-09-28T03:08:48Z,41.7,25.2,0.0,0.0,0.0,6.566,6.653,6.653
2025-09-28T07:09:48Z,2025-09-28T03:09:48Z,42.1,25.2,0.0,0.0,0.0,5.978,6.027,6.149
2025-09-28T07:10:48Z,2025-09-28T03:10:48Z,41.6,25.2,0.0,0.0,0.0,6.582,6.832,12.467
2025-09-28T07:11:48Z,2025-09-28T03:11:48Z,41.9,25.3,0.0,0.0,0.0,6.77,6.886,6.886
2025-09-28T07:12:48Z,2025-09-28T03:12:48Z,41.7,25.2,0.0,0.0,0.0,6.51,6.639,7.083
2025-09-28T07:13:48Z,2025-09-28T03:13:48Z,41.5,25.2,0.0,0.0,0.0,6.629,6.771,6.951
2025-09-28T07:14:48Z,2025-09-28T03:14:48Z,41.5,25.3,0.0,0.0,0.0,7.032,7.154,9.663
2025-09-28T07:15:48Z,2025-09-28T03:15:48Z,41.5,25.2,0.0,0.0,0.0,6.814,6.938,6.996
2025-09-28T07:16:48Z,2025-09-28T03:16:48Z,41.6,25.2,0.0,0.0,0.0,6.78,6.842,8.083
2025-09-28T07:17:48Z,2025-09-28T03:17:48Z,41.7,25.2,0.0,0.0,0.0,6.973,7.089,7.481
2025-09-28T07:18:48Z,2025-09-28T03:18:48Z,41.9,25.2,0.0,0.0,0.0,6.831,6.958,8.199
2025-09-28T07:19:48Z,2025-09-28T03:19:48Z,41.3,25.2,0.0,0.0,0.0,6.539,6.711,6.739
2025-09-28T07:20:48Z,2025-09-28T03:20:48Z,41.3,25.2,0.0,0.0,0.0,7.245,7.352,9.377
2025-09-28T07:21:48Z,2025-09-28T03:21:48Z,41.3,25.2,0.0,0.0,0.0,6.768,6.842,6.842
2025-09-28T07:22:48Z,2025-09-28T03:22:48Z,41.4,25.2,0.0,0.0,0.0,6.625,6.773,6.896
2025-09-28T07:23:48Z,2025-09-28T03:23:48Z,41.4,25.2,0.0,0.0,0.0,7.031,7.209,7.267
2025-09-28T07:24:48Z,2025-09-28T03:24:48Z,41.5,25.2,0.0,0.0,0.0,6.372,6.449,6.478
2025-09-28T07:25:48Z,2025-09-28T03:25:48Z,41.5,25.2,0.0,0.0,0.0,6.831,6.957,13.729
2025-09-28T07:26:48Z,2025-09-28T03:26:48Z,41.8,25.2,0.0,0.0,0.0,6.56,6.67,6.727
2025-09-28T07:27:48Z,2025-09-28T03:27:48Z,41.6,25.2,0.0,0.0,0.0,6.817,6.928,8.141
2025-09-28T07:28:48Z,2025-09-28T03:28:48Z,41.7,25.2,0.0,0.0,0.0,6.844,6.968,17.372
2025-09-28T07:29:48Z,2025-09-28T03:29:48Z,41.8,25.2,0.0,0.0,0.0,6.77,6.909,18.16
2025-09-28T07:30:48Z,2025-09-28T03:30:48Z,41.8,25.2,0.0,0.0,0.0,6.496,6.588,8.23
2025-09-28T07:31:49Z,2025-09-28T03:31:49Z,41.9,25.2,0.0,0.0,0.0,6.656,6.77,6.802
2025-09-28T07:32:44Z,2025-09-28T03:32:44Z,42.1,25.2,0.0,0.0,0.0,6.644,6.764,9.667
2025-09-28T07:33:44Z,2025-09-28T03:33:44Z,42.1,25.2,0.0,0.0,0.0,6.34,6.491,15.328
2025-09-28T07:34:44Z,2025-09-28T03:34:44Z,42.4,25.2,0.0,0.0,0.0,6.626,6.717,8.545
2025-09-28T07:35:44Z,2025-09-28T03:35:44Z,42.0,25.2,0.0,0.0,0.0,6.581,6.68,6.889
2025-09-28T07:36:44Z,2025-09-28T03:36:44Z,42.1,25.2,0.0,0.0,0.0,5.986,6.168,14.394
2025-09-28T07:37:44Z,2025-09-28T03:37:44Z,42.6,25.2,0.0,0.0,0.0,6.522,6.69,6.719
2025-09-28T07:38:44Z,2025-09-28T03:38:44Z,42.3,25.2,0.0,0.0,0.0,6.604,6.723,8.593
2025-09-28T07:39:44Z,2025-09-28T03:39:44Z,42.3,25.2,0.0,0.0,0.0,6.394,6.497,8.432
2025-09-28T07:40:44Z,2025-09-28T03:40:44Z,42.4,25.2,0.0,0.0,0.0,6.248,6.458,25.482
2025-09-28T07:41:44Z,2025-09-28T03:41:44Z,42.3,25.2,0.0,0.0,0.0,6.975,7.099,8.005
2025-09-28T07:42:44Z,2025-09-28T03:42:44Z,42.2,25.2,0.0,0.0,0.0,6.688,6.786,7.481
2025-09-28T07:43:44Z,2025-09-28T03:43:44Z,42.2,25.2,0.0,0.0,0.0,6.414,6.571,7.215
2025-09-28T07:44:44Z,2025-09-28T03:44:44Z,42.1,25.2,0.0,0.0,0.0,6.713,6.874,11.184
2025-09-28T07:45:44Z,2025-09-28T03:45:44Z,42.0,25.2,0.0,0.0,0.0,6.881,7.063,7.455
2025-09-28T07:46:44Z,2025-09-28T03:46:44Z,41.9,25.2,0.0,0.0,0.0,7.259,7.419,7.949
2025-09-28T07:47:44Z,2025-09-28T03:47:44Z,41.8,25.2,0.0,0.0,0.0,6.354,6.493,20.713
2025-09-28T07:48:44Z,2025-09-28T03:48:44Z,41.9,25.2,0.0,0.0,0.0,6.465,6.61,8.357
2025-09-28T07:49:44Z,2025-09-28T03:49:44Z,41.9,25.2,0.0,0.0,0.0,6.517,6.607,10.146
2025-09-28T07:50:44Z,2025-09-28T03:50:44Z,42.0,25.2,0.0,0.0,0.0,6.823,6.914,7.309
2025-09-28T07:51:44Z,2025-09-28T03:51:44Z,42.2,25.2,0.0,0.0,0.0,6.326,6.448,6.81
2025-09-28T07:52:44Z,2025-09-28T03:52:44Z,42.3,25.2,0.0,0.0,0.0,6.492,6.697,13.552
2025-09-28T07:53:45Z,2025-09-28T03:53:45Z,42.3,25.2,0.0,0.0,0.0,6.655,6.816,15.162
2025-09-28T07:54:45Z,2025-09-28T03:54:45Z,42.4,25.2,0.0,0.0,0.0,6.638,6.721,8.17
2025-09-28T07:55:45Z,2025-09-28T03:55:45Z,42.3,25.2,0.0,0.0,0.0,6.406,6.538,8.518
2025-09-28T07:56:45Z,2025-09-28T03:56:45Z,42.5,25.2,0.0,0.0,0.0,6.372,6.525,10.093
2025-09-28T07:57:45Z,2025-09-28T03:57:45Z,42.4,25.2,0.0,0.0,0.0,6.449,6.604,15.259
2025-09-28T07:58:45Z,2025-09-28T03:58:45Z,42.5,25.2,0.0,0.0,0.0,6.484,6.603,6.662
2025-09-28T07:59:45Z,2025-09-28T03:59:45Z,42.4,25.2,0.0,0.0,0.0,6.279,6.403,6.432
2025-09-28T08:00:45Z,2025-09-28T04:00:45Z,42.5,25.2,0.0,0.0,0.0,6.722,6.836,13.895
2025-09-28T08:01:45Z,2025-09-28T04:01:45Z,42.5,25.2,0.0,0.0,0.0,6.712,6.844,13.822
2025-09-28T08:02:45Z,2025-09-28T04:02:45Z,42.5,25.2,0.0,0.0,0.0,6.622,6.758,6.969
2025-09-28T08:03:45Z,2025-09-28T04:03:45Z,42.7,25.2,0.0,0.0,0.0,6.408,6.509,7.879
2025-09-28T08:04:45Z,2025-09-28T04:04:45Z,42.6,25.2,0.0,0.0,0.0,6.286,6.412,10.345
2025-09-28T08:05:45Z,2025-09-28T04:05:45Z,42.6,25.2,0.0,0.0,0.0,6.426,6.514,7.998
2025-09-28T08:06:45Z,2025-09-28T04:06:45Z,42.7,25.2,0.0,0.0,0.0,6.007,6.148,13.738
2025-09-28T08:07:45Z,2025-09-28T04:07:45Z,42.7,25.2,0.0,0.0,0.0,6.451,6.59,11.929
2025-09-28T08:08:45Z,2025-09-28T04:08:45Z,42.9,25.2,0.0,0.0,0.0,6.687,6.877,16.546
2025-09-28T08:09:45Z,2025-09-28T04:09:45Z,43.6,25.2,0.0,0.0,0.0,6.716,6.81,8.133
2025-09-28T08:10:45Z,2025-09-28T04:10:45Z,42.8,25.2,0.0,0.0,0.0,6.39,6.565,11.661
2025-09-28T08:11:45Z,2025-09-28T04:11:45Z,43.8,25.2,0.0,0.0,0.0,6.349,6.46,6.669
2025-09-28T08:12:45Z,2025-09-28T04:12:45Z,42.9,25.2,0.0,0.0,0.0,6.458,6.55,10.367
2025-09-28T08:13:45Z,2025-09-28T04:13:45Z,42.6,25.2,0.0,0.0,0.0,6.814,6.893,6.893
2025-09-28T08:14:45Z,2025-09-28T04:14:45Z,42.6,25.2,0.0,0.0,0.0,6.815,6.901,6.957
2025-09-28T08:15:45Z,2025-09-28T04:15:45Z,42.6,25.2,0.0,0.0,0.0,6.684,6.792,8.239
2025-09-28T08:16:45Z,2025-09-28T04:16:45Z,42.6,25.2,0.0,0.0,0.0,6.813,7.016,8.857
2025-09-28T08:17:45Z,2025-09-28T04:17:45Z,42.7,25.2,0.0,0.0,0.0,6.413,6.577,7.932
2025-09-28T08:18:45Z,2025-09-28T04:18:45Z,42.4,25.2,0.0,0.0,0.0,6.553,6.643,7.818
2025-09-28T08:19:45Z,2025-09-28T04:19:45Z,42.3,25.2,0.0,0.0,0.0,6.583,6.808,8.249
2025-09-28T08:20:45Z,2025-09-28T04:20:45Z,42.3,25.2,0.0,0.0,0.0,6.669,6.771,6.828
2025-09-28T08:21:45Z,2025-09-28T04:21:45Z,42.8,25.2,0.0,0.0,0.0,6.324,6.399,7.986
2025-09-28T08:22:45Z,2025-09-28T04:22:45Z,42.4,25.2,0.0,0.0,0.0,6.487,6.604,7.132
2025-09-28T08:23:46Z,2025-09-28T04:23:46Z,42.4,25.2,0.0,0.0,0.0,6.869,7.036,7.829
2025-09-28T08:24:46Z,2025-09-28T04:24:46Z,42.5,25.2,0.0,0.0,0.0,6.528,6.671,6.853
2025-09-28T08:25:46Z,2025-09-28T04:25:46Z,42.6,25.2,0.0,0.0,0.0,6.366,6.515,6.666
2025-09-28T08:26:46Z,2025-09-28T04:26:46Z,42.6,25.2,0.0,0.0,0.0,6.721,6.845,7.315
2025-09-28T08:27:46Z,2025-09-28T04:27:46Z,42.6,25.2,0.0,0.0,0.0,6.436,6.517,10.552
2025-09-28T08:28:46Z,2025-09-28T04:28:46Z,42.6,25.2,0.0,0.0,0.0,6.423,6.597,6.626
2025-09-28T08:29:46Z,2025-09-28T04:29:46Z,42.7,25.2,0.0,0.0,0.0,6.48,6.586,6.615
2025-09-28T08:30:46Z,2025-09-28T04:30:46Z,42.6,25.2,0.0,0.0,0.0,6.694,6.865,8.252
2025-09-28T08:31:46Z,2025-09-28T04:31:46Z,42.7,25.2,0.0,0.0,0.0,6.674,6.792,6.851
2025-09-28T08:32:46Z,2025-09-28T04:32:46Z,42.8,25.2,0.0,0.0,0.0,6.53,6.649,7.072
2025-09-28T08:33:46Z,2025-09-28T04:33:46Z,42.9,25.2,0.0,0.0,0.0,6.697,6.851,17.613
2025-09-28T08:34:46Z,2025-09-28T04:34:46Z,43.0,25.2,0.0,0.0,0.0,6.348,6.529,10.563
2025-09-28T08:35:46Z,2025-09-28T04:35:46Z,42.8,25.2,0.0,0.0,0.0,6.634,6.767,13.564
2025-09-28T08:36:46Z,2025-09-28T04:36:46Z,42.9,25.2,0.0,0.0,0.0,6.51,6.573,6.729
2025-09-28T08:37:46Z,2025-09-28T04:37:46Z,42.8,25.2,0.0,0.0,0.0,6.561,6.637,10.173
2025-09-28T08:38:46Z,2025-09-28T04:38:46Z,42.9,25.2,0.0,0.0,0.0,6.229,6.289,6.665
2025-09-28T08:39:46Z,2025-09-28T04:39:46Z,42.8,25.2,0.0,0.0,0.0,6.126,6.223,6.412
2025-09-28T08:40:46Z,2025-09-28T04:40:46Z,42.9,25.2,0.0,0.0,0.0,6.694,6.818,14.517
2025-09-28T08:41:46Z,2025-09-28T04:41:46Z,42.9,25.2,0.0,0.0,0.0,6.543,6.692,6.751
2025-09-28T08:42:46Z,2025-09-28T04:42:46Z,43.5,25.2,0.0,0.0,0.0,6.256,6.341,8.387
2025-09-28T08:43:46Z,2025-09-28T04:43:46Z,43.5,25.2,0.0,0.0,0.0,6.08,6.142,14.585
2025-09-28T08:44:46Z,2025-09-28T04:44:46Z,43.3,25.2,0.0,0.0,0.0,6.558,6.726,21.658
2025-09-28T08:45:46Z,2025-09-28T04:45:46Z,44.0,25.2,0.0,0.0,0.0,6.762,6.927,7.223
2025-09-28T08:46:46Z,2025-09-28T04:46:46Z,44.1,25.2,0.0,0.0,0.0,6.552,6.734,8.435
2025-09-28T08:47:46Z,2025-09-28T04:47:46Z,44.1,25.2,0.0,0.0,0.0,6.653,6.769,8.279
2025-09-28T08:48:46Z,2025-09-28T04:48:46Z,43.7,25.2,0.0,0.0,0.0,6.485,6.57,13.818
2025-09-28T08:49:46Z,2025-09-28T04:49:46Z,43.2,25.2,0.0,0.0,0.0,6.804,6.892,11.57
2025-09-28T08:50:46Z,2025-09-28T04:50:46Z,43.1,25.2,0.0,0.0,0.0,6.157,6.228,9.894
2025-09-28T08:51:46Z,2025-09-28T04:51:46Z,43.5,25.2,0.0,0.0,0.0,6.648,6.836,7.213
2025-09-28T08:52:47Z,2025-09-28T04:52:47Z,43.1,25.2,0.0,0.0,0.0,6.365,6.592,7.052
2025-09-28T08:53:47Z,2025-09-28T04:53:47Z,42.9,25.2,0.0,0.0,0.0,6.512,6.59,6.619
2025-09-28T08:54:47Z,2025-09-28T04:54:47Z,42.7,25.2,0.0,0.0,0.0,7.051,7.142,14.316
2025-09-28T08:55:47Z,2025-09-28T04:55:47Z,42.9,25.2,0.0,0.0,0.0,6.698,6.804,7.453
2025-09-28T08:56:47Z,2025-09-28T04:56:47Z,42.9,25.2,0.0,0.0,0.0,6.646,6.741,14.036
2025-09-28T08:57:47Z,2025-09-28T04:57:47Z,42.9,25.2,0.0,0.0,0.0,6.941,7.035,8.228
2025-09-28T08:58:47Z,2025-09-28T04:58:47Z,42.9,25.2,0.0,0.0,0.0,6.637,6.762,8.152
2025-09-28T08:59:47Z,2025-09-28T04:59:47Z,43.1,25.2,0.0,0.0,0.0,6.55,6.654,6.863
2025-09-28T09:00:47Z,2025-09-28T05:00:47Z,43.1,25.2,0.0,0.0,0.0,6.441,6.622,6.825
2025-09-28T09:01:47Z,2025-09-28T05:01:47Z,43.2,25.2,0.0,0.0,0.0,6.185,6.281,6.438
2025-09-28T09:02:47Z,2025-09-28T05:02:47Z,43.1,25.2,0.0,0.0,0.0,6.607,6.71,10.246
2025-09-28T09:03:47Z,2025-09-28T05:03:47Z,43.3,25.2,0.0,0.0,0.0,6.544,6.653,7.159
2025-09-28T09:04:47Z,2025-09-28T05:04:47Z,43.2,25.2,0.0,0.0,0.0,6.348,6.457,7.818
2025-09-28T09:05:47Z,2025-09-28T05:05:47Z,43.1,25.2,0.0,0.0,0.0,6.457,6.627,8.04
2025-09-28T09:06:47Z,2025-09-28T05:06:47Z,43.1,25.2,0.0,0.0,0.0,6.424,6.5,8.745
2025-09-28T09:07:47Z,2025-09-28T05:07:47Z,43.3,25.2,0.0,0.0,0.0,6.523,6.649,10.08
2025-09-28T09:08:47Z,2025-09-28T05:08:47Z,43.7,25.2,0.0,0.0,0.0,6.085,6.199,10.214
2025-09-28T09:09:47Z,2025-09-28T05:09:47Z,43.5,25.2,0.0,0.0,0.0,6.164,6.271,10.152
2025-09-28T09:10:47Z,2025-09-28T05:10:47Z,43.6,25.2,0.0,0.0,0.0,6.01,6.138,6.666
2025-09-28T09:11:47Z,2025-09-28T05:11:47Z,43.6,25.2,0.0,0.0,0.0,6.371,6.503,14.563
2025-09-28T09:12:47Z,2025-09-28T05:12:47Z,43.8,25.2,0.0,0.0,0.0,6.162,6.318,11.429
2025-09-28T09:13:47Z,2025-09-28T05:13:47Z,44.0,25.2,0.0,0.0,0.0,6.232,6.377,18.615
2025-09-28T09:14:47Z,2025-09-28T05:14:47Z,43.3,25.2,0.0,0.0,0.0,5.967,6.083,12.875
2025-09-28T09:15:47Z,2025-09-28T05:15:47Z,43.5,25.2,0.0,0.0,0.0,6.312,6.494,18.126
2025-09-28T09:16:47Z,2025-09-28T05:16:47Z,43.7,25.2,0.0,0.0,0.0,6.09,6.234,7.529
2025-09-28T09:17:47Z,2025-09-28T05:17:47Z,44.0,25.2,0.0,0.0,0.0,6.292,6.333,7.141
2025-09-28T09:18:47Z,2025-09-28T05:18:47Z,43.7,25.2,0.0,0.0,0.0,6.493,6.65,12.05
2025-09-28T09:19:47Z,2025-09-28T05:19:47Z,43.6,25.2,0.0,0.0,0.0,5.516,5.634,9.534
2025-09-28T09:20:48Z,2025-09-28T05:20:48Z,43.6,25.2,0.0,0.0,0.0,6.251,6.328,11.418
2025-09-28T09:21:48Z,2025-09-28T05:21:48Z,43.5,25.2,0.0,0.0,0.0,6.162,6.334,14.506
2025-09-28T09:22:48Z,2025-09-28T05:22:48Z,43.9,25.2,0.0,0.0,0.0,6.062,6.138,13.498
2025-09-28T09:23:48Z,2025-09-28T05:23:48Z,43.8,25.2,0.0,0.0,0.0,5.859,6.083,6.848
2025-09-28T09:24:48Z,2025-09-28T05:24:48Z,43.7,25.2,0.0,0.0,0.0,6.351,6.476,24.677
2025-09-28T09:25:48Z,2025-09-28T05:25:48Z,43.9,25.2,0.0,0.0,0.0,6.419,6.511,15.065
2025-09-28T09:26:48Z,2025-09-28T05:26:48Z,44.7,25.2,0.0,0.0,0.0,5.842,5.93,11.238
2025-09-28T09:27:48Z,2025-09-28T05:27:48Z,45.8,25.2,0.0,0.0,0.0,6.024,6.137,10.16
2025-09-28T09:28:48Z,2025-09-28T05:28:48Z,45.0,25.2,0.0,0.0,0.0,6.283,6.36,8.185
2025-09-28T09:29:48Z,2025-09-28T05:29:48Z,44.9,25.2,0.0,0.0,0.0,6.181,6.359,6.764
2025-09-28T09:30:48Z,2025-09-28T05:30:48Z,44.5,25.2,0.0,0.0,0.0,6.082,6.217,19.766
2025-09-28T09:31:48Z,2025-09-28T05:31:48Z,43.5,25.2,0.0,0.0,0.0,6.763,6.906,8.322
2025-09-28T09:32:48Z,2025-09-28T05:32:48Z,44.1,25.2,0.0,0.0,0.0,6.309,6.438,12.212
2025-09-28T09:33:48Z,2025-09-28T05:33:48Z,43.8,25.2,0.0,0.0,0.0,6.539,6.628,6.685
2025-09-28T09:34:48Z,2025-09-28T05:34:48Z,43.9,25.2,0.0,0.0,0.0,6.646,6.747,10.402
2025-09-28T09:35:48Z,2025-09-28T05:35:48Z,43.6,25.2,0.0,0.0,0.0,6.705,6.848,8.548
2025-09-28T09:36:48Z,2025-09-28T05:36:48Z,43.4,25.2,0.0,0.0,0.0,6.919,7.098,11.863
2025-09-28T09:37:48Z,2025-09-28T05:37:48Z,43.4,25.2,0.0,0.0,0.0,6.686,6.821,17.56
2025-09-28T09:38:48Z,2025-09-28T05:38:48Z,43.8,25.2,0.0,0.0,0.0,6.486,6.536,7.101
2025-09-28T09:39:48Z,2025-09-28T05:39:48Z,44.0,25.2,0.0,0.0,0.0,6.548,6.719,11.482
2025-09-28T09:40:49Z,2025-09-28T05:40:49Z,44.2,25.2,0.0,0.0,0.0,6.095,6.275,6.619
2025-09-28T09:41:49Z,2025-09-28T05:41:49Z,44.5,25.2,0.0,0.0,0.0,6.652,6.82,6.983
2025-09-28T09:42:49Z,2025-09-28T05:42:49Z,44.3,25.2,0.0,0.0,0.0,6.074,6.131,9.663
2025-09-28T09:43:49Z,2025-09-28T05:43:49Z,43.6,25.2,0.0,0.0,0.0,6.329,6.524,8.317
2025-09-28T09:44:49Z,2025-09-28T05:44:49Z,43.4,25.2,0.0,0.0,0.0,6.339,6.505,10.007
2025-09-28T09:45:49Z,2025-09-28T05:45:49Z,43.7,25.2,0.0,0.0,0.0,6.168,6.299,6.356
2025-09-28T09:46:49Z,2025-09-28T05:46:49Z,44.2,25.2,0.0,0.0,0.0,6.489,6.609,7.509
2025-09-28T09:47:49Z,2025-09-28T05:47:49Z,44.2,25.2,0.0,0.0,0.0,6.389,6.495,8.286
2025-09-28T09:48:49Z,2025-09-28T05:48:49Z,43.8,25.2,0.0,0.0,0.0,5.936,6.101,8.433
2025-09-28T09:49:49Z,2025-09-28T05:49:49Z,43.5,25.2,0.0,0.0,0.0,6.553,6.637,7.0
2025-09-28T09:50:49Z,2025-09-28T05:50:49Z,43.7,25.2,0.0,0.0,0.0,6.256,6.421,6.89
2025-09-28T09:51:49Z,2025-09-28T05:51:49Z,43.7,25.2,0.0,0.0,0.0,6.155,6.259,6.41
2025-09-28T09:52:49Z,2025-09-28T05:52:49Z,43.5,25.2,0.0,0.0,0.0,6.472,6.578,7.047
2025-09-28T09:53:49Z,2025-09-28T05:53:49Z,43.5,25.2,0.0,0.0,0.0,6.505,6.658,7.284
2025-09-28T09:54:49Z,2025-09-28T05:54:49Z,43.6,25.2,0.0,0.0,0.0,6.391,6.566,14.194
2025-09-28T09:55:49Z,2025-09-28T05:55:49Z,43.6,25.2,0.0,0.0,0.0,6.286,6.436,9.24
2025-09-28T09:56:49Z,2025-09-28T05:56:49Z,43.8,25.2,0.0,0.0,0.0,6.327,6.428,13.342
2025-09-28T09:57:49Z,2025-09-28T05:57:49Z,43.6,25.2,0.0,0.0,0.0,6.675,6.739,7.113
2025-09-28T09:58:49Z,2025-09-28T05:58:49Z,43.7,25.2,0.0,0.0,0.0,6.364,6.505,10.095
2025-09-28T09:59:49Z,2025-09-28T05:59:49Z,43.7,25.2,0.0,0.0,0.0,6.367,6.443,8.972
2025-09-28T10:00:49Z,2025-09-28T06:00:49Z,43.7,25.2,0.0,0.0,0.0,6.259,6.386,24.177
2025-09-28T10:01:49Z,2025-09-28T06:01:49Z,43.8,25.2,0.0,0.0,0.0,6.18,6.347,6.434
2025-09-28T10:02:49Z,2025-09-28T06:02:49Z,43.8,25.2,0.0,0.0,0.0,6.679,6.752,7.653
2025-09-28T10:03:49Z,2025-09-28T06:03:49Z,43.7,25.2,0.0,0.0,0.0,6.088,6.219,7.084
2025-09-28T10:04:49Z,2025-09-28T06:04:49Z,43.7,25.2,0.0,0.0,0.0,6.472,6.618,7.139
2025-09-28T10:05:49Z,2025-09-28T06:05:49Z,43.8,25.2,0.0,0.0,0.0,6.285,6.368,14.442
2025-09-28T10:06:49Z,2025-09-28T06:06:49Z,44.1,25.2,0.0,0.0,0.0,6.458,6.589,7.541
2025-09-28T10:07:50Z,2025-09-28T06:07:50Z,44.2,25.2,0.0,0.0,0.0,6.21,6.313,7.999
2025-09-28T10:08:50Z,2025-09-28T06:08:50Z,44.2,25.2,0.0,0.0,0.0,6.02,6.151,13.505
2025-09-28T10:09:50Z,2025-09-28T06:09:50Z,43.9,25.2,0.0,0.0,0.0,6.152,6.265,10.27
2025-09-28T10:10:50Z,2025-09-28T06:10:50Z,43.9,25.2,0.0,0.0,0.0,6.519,6.618,6.965
2025-09-28T10:11:50Z,2025-09-28T06:11:50Z,43.9,25.2,0.0,0.0,0.0,6.028,6.155,6.923
2025-09-28T10:12:50Z,2025-09-28T06:12:50Z,43.9,25.2,0.0,0.0,0.0,6.061,6.214,6.43
2025-09-28T10:13:50Z,2025-09-28T06:13:50Z,44.2,25.2,0.0,0.0,0.0,6.002,6.141,6.594
2025-09-28T10:14:50Z,2025-09-28T06:14:50Z,45.2,25.2,0.0,0.0,0.0,5.993,6.046,7.673
2025-09-28T10:15:50Z,2025-09-28T06:15:50Z,46.2,25.2,0.0,0.0,0.0,6.294,6.412,8.746
2025-09-28T10:16:50Z,2025-09-28T06:16:50Z,45.9,25.2,0.0,0.0,0.0,6.23,6.333,6.361
2025-09-28T10:17:50Z,2025-09-28T06:17:50Z,45.3,25.2,0.0,0.0,0.0,6.541,6.62,18.638
2025-09-28T10:18:50Z,2025-09-28T06:18:50Z,45.3,25.2,0.0,0.0,0.0,6.166,6.285,6.563
2025-09-28T10:19:50Z,2025-09-28T06:19:50Z,44.7,25.2,0.0,0.0,0.0,6.53,6.669,6.905
2025-09-28T10:20:50Z,2025-09-28T06:20:50Z,44.6,25.2,0.0,0.0,0.0,6.064,6.194,8.905
2025-09-28T10:21:50Z,2025-09-28T06:21:50Z,44.6,25.2,0.0,0.0,0.0,6.151,6.227,6.709
2025-09-28T10:22:50Z,2025-09-28T06:22:50Z,44.7,25.2,0.0,0.0,0.0,6.748,6.84,7.388
2025-09-28T10:23:50Z,2025-09-28T06:23:50Z,44.6,25.2,0.0,0.0,0.0,6.21,6.283,9.812
2025-09-28T10:24:50Z,2025-09-28T06:24:50Z,44.5,25.2,0.0,0.0,0.0,6.543,6.732,6.873
2025-09-28T10:25:50Z,2025-09-28T06:25:50Z,43.9,25.2,0.0,0.0,0.0,6.451,6.524,6.553
2025-09-28T10:26:50Z,2025-09-28T06:26:50Z,43.8,25.2,0.0,0.0,0.0,6.407,6.469,6.499
2025-09-28T10:27:50Z,2025-09-28T06:27:50Z,44.0,25.2,0.0,0.0,0.0,5.988,6.13,7.192
2025-09-28T10:28:50Z,2025-09-28T06:28:50Z,44.1,25.2,0.0,0.0,0.0,6.28,6.364,6.522
2025-09-28T10:29:50Z,2025-09-28T06:29:50Z,43.9,25.2,0.0,0.0,0.0,5.922,5.999,11.291
2025-09-28T10:30:50Z,2025-09-28T06:30:50Z,43.9,25.2,0.0,0.0,0.0,6.102,6.226,8.961
2025-09-28T10:31:50Z,2025-09-28T06:31:50Z,44.0,25.2,0.0,0.0,0.0,6.388,6.547,7.907
2025-09-28T10:32:50Z,2025-09-28T06:32:50Z,43.9,25.2,0.0,0.0,0.0,6.208,6.306,6.606
2025-09-28T10:33:50Z,2025-09-28T06:33:50Z,44.0,25.2,0.0,0.0,0.0,6.371,6.446,6.474
2025-09-28T10:34:50Z,2025-09-28T06:34:50Z,44.0,25.2,0.0,0.0,0.0,6.427,6.544,7.866
2025-09-28T10:35:50Z,2025-09-28T06:35:50Z,44.1,25.2,0.0,0.0,0.0,6.454,6.673,8.053
2025-09-28T10:36:50Z,2025-09-28T06:36:50Z,44.0,25.2,0.0,0.0,0.0,6.055,6.143,6.323
2025-09-28T10:37:50Z,2025-09-28T06:37:50Z,44.1,25.2,0.0,0.0,0.0,6.154,6.228,11.679
2025-09-28T10:38:50Z,2025-09-28T06:38:50Z,44.5,25.2,0.0,0.0,0.0,6.017,6.142,6.897
2025-09-28T10:39:50Z,2025-09-28T06:39:50Z,44.1,25.2,0.0,0.0,0.0,6.393,6.498,6.62
2025-09-28T10:40:51Z,2025-09-28T06:40:51Z,44.1,25.2,0.0,0.0,0.0,6.174,6.266,7.503
2025-09-28T10:41:51Z,2025-09-28T06:41:51Z,44.3,25.2,0.0,0.0,0.0,6.365,6.461,7.196
2025-09-28T10:42:51Z,2025-09-28T06:42:51Z,44.2,25.2,0.0,0.0,0.0,6.395,6.559,6.653
2025-09-28T10:43:46Z,2025-09-28T06:43:46Z,44.3,25.2,0.0,0.0,0.0,6.329,6.414,6.442
2025-09-28T10:44:46Z,2025-09-28T06:44:46Z,44.5,25.2,0.0,0.0,0.0,5.859,5.999,6.553
2025-09-28T10:45:46Z,2025-09-28T06:45:46Z,44.2,25.2,0.0,0.0,0.0,6.3,6.445,7.0
2025-09-28T10:46:46Z,2025-09-28T06:46:46Z,44.4,25.2,0.0,0.0,0.0,5.925,6.137,7.391
2025-09-28T10:47:46Z,2025-09-28T06:47:46Z,44.3,25.2,0.0,0.0,0.0,6.184,6.261,6.638
2025-09-28T10:48:46Z,2025-09-28T06:48:46Z,44.5,25.2,0.0,0.0,0.0,6.267,6.375,7.141
2025-09-28T10:49:46Z,2025-09-28T06:49:46Z,44.6,25.2,0.0,0.0,0.0,6.13,6.256,6.633
2025-09-28T10:50:46Z,2025-09-28T06:50:46Z,45.0,25.2,0.0,0.0,0.0,6.281,6.414,8.219
2025-09-28T10:51:46Z,2025-09-28T06:51:46Z,45.3,25.2,0.0,0.0,0.0,6.172,6.293,14.38
2025-09-28T10:52:46Z,2025-09-28T06:52:46Z,45.6,25.2,0.0,0.0,0.0,6.354,6.494,7.087
2025-09-28T10:53:46Z,2025-09-28T06:53:46Z,45.3,25.2,0.0,0.0,0.0,6.402,6.47,8.969
2025-09-28T10:54:46Z,2025-09-28T06:54:46Z,45.4,25.2,0.0,0.0,0.0,6.193,6.361,6.963
2025-09-28T10:55:46Z,2025-09-28T06:55:46Z,45.4,25.2,0.0,0.0,0.0,6.121,6.194,6.254
2025-09-28T10:56:46Z,2025-09-28T06:56:46Z,45.5,25.2,0.0,0.0,0.0,6.426,6.544,6.759
2025-09-28T10:57:46Z,2025-09-28T06:57:46Z,45.9,25.2,0.0,0.0,0.0,6.441,6.539,10.227
2025-09-28T10:58:46Z,2025-09-28T06:58:46Z,45.4,25.2,0.0,0.0,0.0,5.956,6.037,6.527
2025-09-28T10:59:46Z,2025-09-28T06:59:46Z,45.5,25.2,0.0,0.0,0.0,6.314,6.371,7.093
2025-09-28T11:00:46Z,2025-09-28T07:00:46Z,45.3,25.2,0.0,0.0,0.0,6.316,6.419,9.875
2025-09-28T11:01:46Z,2025-09-28T07:01:46Z,45.5,25.2,0.0,0.0,0.0,6.18,6.314,8.135
2025-09-28T11:02:46Z,2025-09-28T07:02:46Z,45.9,25.2,0.0,0.0,0.0,6.019,6.163,10.212
2025-09-28T11:03:46Z,2025-09-28T07:03:46Z,46.1,25.2,0.0,0.0,0.0,5.816,5.997,6.083
2025-09-28T11:04:46Z,2025-09-28T07:04:46Z,45.6,25.2,0.0,0.0,0.0,6.338,6.43,7.751
2025-09-28T11:05:46Z,2025-09-28T07:05:46Z,46.0,25.2,0.0,0.0,0.0,5.929,6.051,7.803
2025-09-28T11:06:46Z,2025-09-28T07:06:46Z,46.6,25.2,0.0,0.0,0.0,5.743,5.828,5.856
2025-09-28T11:07:46Z,2025-09-28T07:07:46Z,45.8,25.2,0.0,0.0,0.0,6.46,6.562,7.882
2025-09-28T11:08:46Z,2025-09-28T07:08:46Z,45.7,25.1,0.0,0.0,0.0,5.576,5.679,7.028
2025-09-28T11:09:46Z,2025-09-28T07:09:46Z,45.3,25.2,0.0,0.0,0.0,5.992,6.078,9.948
2025-09-28T11:10:46Z,2025-09-28T07:10:46Z,45.5,25.1,0.0,0.0,0.0,6.32,6.409,8.169
2025-09-28T11:11:47Z,2025-09-28T07:11:47Z,45.2,25.2,0.0,0.0,0.0,6.267,6.379,6.594
2025-09-28T11:12:47Z,2025-09-28T07:12:47Z,45.1,25.2,0.0,0.0,0.0,6.018,6.231,7.779
2025-09-28T11:13:47Z,2025-09-28T07:13:47Z,45.8,25.1,0.0,0.0,0.0,6.155,6.316,8.226
2025-09-28T11:14:47Z,2025-09-28T07:14:47Z,46.0,25.1,0.0,0.0,0.0,6.496,6.638,13.728
2025-09-28T11:15:47Z,2025-09-28T07:15:47Z,45.2,25.1,0.0,0.0,0.0,6.172,6.293,13.619
2025-09-28T11:16:47Z,2025-09-28T07:16:47Z,45.4,25.1,0.0,0.0,0.0,6.528,6.676,13.302
2025-09-28T11:17:47Z,2025-09-28T07:17:47Z,44.9,25.1,0.0,0.0,0.0,6.602,6.671,8.744
2025-09-28T11:18:47Z,2025-09-28T07:18:47Z,45.1,25.1,0.0,0.0,0.0,6.656,6.729,13.971
2025-09-28T11:19:47Z,2025-09-28T07:19:47Z,45.2,25.1,0.0,0.0,0.0,6.218,6.311,13.443
2025-09-28T11:20:47Z,2025-09-28T07:20:47Z,45.4,25.1,0.0,0.0,0.0,6.403,6.482,6.66
2025-09-28T11:21:47Z,2025-09-28T07:21:47Z,45.8,25.1,0.0,0.0,0.0,6.581,6.65,13.549
2025-09-28T11:22:47Z,2025-09-28T07:22:47Z,45.4,25.1,0.0,0.0,0.0,6.606,6.727,8.229
2025-09-28T11:23:47Z,2025-09-28T07:23:47Z,45.2,25.1,0.0,0.0,0.0,6.239,6.35,6.753
2025-09-28T11:24:47Z,2025-09-28T07:24:47Z,45.6,25.1,0.0,0.0,0.0,6.298,6.533,10.095
2025-09-28T11:25:47Z,2025-09-28T07:25:47Z,45.2,25.1,0.0,0.0,0.0,6.027,6.105,11.707
2025-09-28T11:26:47Z,2025-09-28T07:26:47Z,44.7,25.1,0.0,0.0,0.0,6.39,6.487,17.234
2025-09-28T11:27:47Z,2025-09-28T07:27:47Z,45.2,25.1,0.0,0.0,0.0,6.7,6.813,6.871
2025-09-28T11:28:47Z,2025-09-28T07:28:47Z,45.2,25.1,0.0,0.0,0.0,6.315,6.493,10.571
2025-09-28T11:29:47Z,2025-09-28T07:29:47Z,44.8,25.1,0.0,0.0,0.0,6.463,6.608,7.089
2025-09-28T11:30:47Z,2025-09-28T07:30:47Z,45.0,25.1,0.0,0.0,0.0,6.453,6.606,11.255
2025-09-28T11:31:47Z,2025-09-28T07:31:47Z,44.8,25.1,0.0,0.0,0.0,6.585,6.743,13.718
2025-09-28T11:32:47Z,2025-09-28T07:32:47Z,45.0,25.1,0.0,0.0,0.0,6.044,6.167,10.33
2025-09-28T11:33:47Z,2025-09-28T07:33:47Z,44.9,25.1,0.0,0.0,0.0,6.412,6.503,10.425
2025-09-28T11:34:47Z,2025-09-28T07:34:47Z,44.8,25.1,0.0,0.0,0.0,6.443,6.628,6.744
2025-09-28T11:35:47Z,2025-09-28T07:35:47Z,44.8,25.1,0.0,0.0,0.0,6.628,6.74,8.786
2025-09-28T11:36:47Z,2025-09-28T07:36:47Z,44.8,25.1,0.0,0.0,0.0,6.838,6.927,8.56
2025-09-28T11:37:47Z,2025-09-28T07:37:47Z,44.9,25.1,0.0,0.0,0.0,6.955,7.08,10.479
2025-09-28T11:38:47Z,2025-09-28T07:38:47Z,44.8,25.1,0.0,0.0,0.0,6.311,6.436,10.173
2025-09-28T11:39:47Z,2025-09-28T07:39:47Z,45.0,25.1,0.0,0.0,0.0,6.412,6.608,7.991
2025-09-28T11:40:47Z,2025-09-28T07:40:47Z,45.0,25.1,0.0,0.0,0.0,6.465,6.541,6.569
2025-09-28T11:41:47Z,2025-09-28T07:41:47Z,44.9,25.1,0.0,0.0,0.0,6.422,6.499,7.09
2025-09-28T11:42:47Z,2025-09-28T07:42:47Z,44.9,25.1,0.0,0.0,0.0,6.009,6.159,6.339
2025-09-28T11:43:47Z,2025-09-28T07:43:47Z,44.9,25.1,0.0,0.0,0.0,6.235,6.332,14.383
2025-09-28T11:44:47Z,2025-09-28T07:44:47Z,45.0,25.1,0.0,0.0,0.0,6.272,6.454,7.772
2025-09-28T11:45:47Z,2025-09-28T07:45:47Z,45.0,25.1,0.0,0.0,0.0,6.164,6.278,10.288
2025-09-28T11:46:47Z,2025-09-28T07:46:47Z,45.0,25.1,0.0,0.0,0.0,6.504,6.661,7.022
2025-09-28T11:47:47Z,2025-09-28T07:47:47Z,45.1,25.1,0.0,0.0,0.0,6.206,6.272,20.886
2025-09-28T11:48:47Z,2025-09-28T07:48:47Z,45.3,25.1,0.0,0.0,0.0,6.15,6.276,6.848
2025-09-28T11:49:47Z,2025-09-28T07:49:47Z,45.3,25.1,0.0,0.0,0.0,6.256,6.428,6.779
2025-09-28T11:50:47Z,2025-09-28T07:50:47Z,45.5,25.1,0.0,0.0,0.0,5.982,6.086,6.705
2025-09-28T11:51:47Z,2025-09-28T07:51:47Z,45.5,25.1,0.0,0.0,0.0,6.167,6.371,6.597
2025-09-28T11:52:48Z,2025-09-28T07:52:48Z,46.3,25.1,0.0,0.0,0.0,6.48,6.556,14.693
2025-09-28T11:53:48Z,2025-09-28T07:53:48Z,46.9,25.1,0.0,0.0,0.0,6.07,6.127,7.011
2025-09-28T11:54:48Z,2025-09-28T07:54:48Z,46.7,25.1,0.0,0.0,0.0,6.21,6.351,6.529
2025-09-28T11:55:48Z,2025-09-28T07:55:48Z,46.3,25.1,0.0,0.0,0.0,5.983,6.049,16.823
2025-09-28T11:56:48Z,2025-09-28T07:56:48Z,46.6,25.1,0.0,0.0,0.0,6.245,6.336,6.832
2025-09-28T11:57:48Z,2025-09-28T07:57:48Z,46.1,25.1,0.0,0.0,0.0,6.091,6.233,13.417
2025-09-28T11:58:48Z,2025-09-28T07:58:48Z,46.5,25.1,0.0,0.0,0.0,6.823,6.961,7.109
2025-09-28T11:59:48Z,2025-09-28T07:59:48Z,46.3,25.1,0.0,0.0,0.0,6.021,6.117,7.379
2025-09-28T12:00:48Z,2025-09-28T08:00:48Z,46.4,25.1,0.0,0.0,0.0,6.194,6.325,7.031
2025-09-28T12:01:48Z,2025-09-28T08:01:48Z,46.8,25.1,0.0,0.0,0.0,5.938,6.08,7.776
2025-09-28T12:02:48Z,2025-09-28T08:02:48Z,47.6,25.1,0.0,0.0,0.0,6.195,6.402,11.876
2025-09-28T12:03:48Z,2025-09-28T08:03:48Z,47.2,25.1,0.0,0.0,0.0,6.262,6.591,17.507
2025-09-28T12:04:48Z,2025-09-28T08:04:48Z,48.0,25.1,0.0,0.0,0.0,6.231,6.702,7.608
2025-09-28T12:05:48Z,2025-09-28T08:05:48Z,48.1,25.1,0.0,0.0,0.0,6.59,7.191,24.082
2025-09-28T12:06:48Z,2025-09-28T08:06:48Z,47.7,25.1,0.0,0.0,0.0,6.989,7.915,12.357
2025-09-28T12:07:48Z,2025-09-28T08:07:48Z,46.8,25.1,0.0,0.0,0.0,6.33,6.958,9.23
2025-09-28T12:08:48Z,2025-09-28T08:08:48Z,47.2,25.1,0.0,0.0,0.0,6.707,8.279,14.423
2025-09-28T12:09:48Z,2025-09-28T08:09:48Z,47.0,25.1,0.0,0.0,0.0,6.39,7.855,28.416
2025-09-28T12:10:48Z,2025-09-28T08:10:48Z,47.4,25.1,0.0,0.0,0.0,6.65,7.889,12.414
2025-09-28T12:11:48Z,2025-09-28T08:11:48Z,48.2,25.1,0.0,0.0,0.0,6.504,8.198,26.793
2025-09-28T12:12:48Z,2025-09-28T08:12:48Z,48.5,25.1,0.0,0.0,0.0,6.977,8.844,28.883
2025-09-28T12:13:48Z,2025-09-28T08:13:48Z,48.7,25.1,0.0,0.0,0.0,6.742,8.63,36.958
2025-09-28T12:14:48Z,2025-09-28T08:14:48Z,47.8,25.1,0.0,0.0,0.0,7.055,8.572,35.097
2025-09-28T12:15:48Z,2025-09-28T08:15:48Z,48.4,25.1,0.0,0.0,0.0,6.686,8.732,19.464
2025-09-28T12:16:48Z,2025-09-28T08:16:48Z,48.8,25.1,0.0,0.0,0.0,6.907,8.986,19.378
2025-09-28T12:17:48Z,2025-09-28T08:17:48Z,48.2,25.1,0.0,0.0,0.0,6.978,8.963,31.723
2025-09-28T12:18:49Z,2025-09-28T08:18:49Z,49.1,25.1,0.0,0.0,0.0,6.717,8.612,18.15
2025-09-28T12:19:49Z,2025-09-28T08:19:49Z,49.7,25.1,0.0,0.0,0.0,7.355,9.374,22.259
2025-09-28T12:20:49Z,2025-09-28T08:20:49Z,49.6,25.1,0.0,0.0,0.0,7.171,9.458,25.731
2025-09-28T12:21:49Z,2025-09-28T08:21:49Z,48.9,25.1,0.0,0.0,0.0,7.305,9.332,18.695
2025-09-28T12:22:49Z,2025-09-28T08:22:49Z,49.0,25.1,0.0,0.0,0.0,6.954,8.914,14.667
2025-09-28T12:23:49Z,2025-09-28T08:23:49Z,49.2,25.1,0.0,0.0,0.0,6.711,8.761,37.041
2025-09-28T12:24:49Z,2025-09-28T08:24:49Z,49.4,25.1,0.0,0.0,0.0,7.188,9.098,16.587
2025-09-28T12:25:49Z,2025-09-28T08:25:49Z,49.8,25.1,0.0,0.0,0.0,7.056,9.074,16.785
2025-09-28T12:26:49Z,2025-09-28T08:26:49Z,49.7,25.1,0.0,0.0,0.0,6.765,8.612,16.238
2025-09-28T12:27:49Z,2025-09-28T08:27:49Z,50.1,25.1,0.0,0.0,0.0,7.074,8.795,17.732
2025-09-28T12:28:49Z,2025-09-28T08:28:49Z,50.5,25.1,0.0,0.0,0.0,6.774,8.451,19.255
2025-09-28T12:29:49Z,2025-09-28T08:29:49Z,50.4,25.1,0.0,0.0,0.0,7.487,9.214,27.027
2025-09-28T12:30:49Z,2025-09-28T08:30:49Z,50.7,25.1,0.0,0.0,0.0,7.093,8.95,27.264
2025-09-28T12:31:49Z,2025-09-28T08:31:49Z,51.0,25.1,0.0,0.0,0.0,6.993,8.558,24.984
2025-09-28T12:32:49Z,2025-09-28T08:32:49Z,50.3,25.1,0.0,0.0,0.0,7.276,9.036,24.186
2025-09-28T12:33:49Z,2025-09-28T08:33:49Z,50.2,25.1,0.0,0.0,0.0,7.07,8.989,19.903
2025-09-28T12:34:49Z,2025-09-28T08:34:49Z,51.1,25.1,0.0,0.0,0.0,7.04,8.773,19.638
2025-09-28T12:35:49Z,2025-09-28T08:35:49Z,50.9,25.1,0.0,0.0,0.0,7.107,8.705,18.003
2025-09-28T12:36:49Z,2025-09-28T08:36:49Z,50.6,25.1,0.0,0.0,0.0,7.136,8.596,13.488
2025-09-28T12:37:49Z,2025-09-28T08:37:49Z,50.2,25.1,0.0,0.0,0.0,7.351,8.891,17.88
2025-09-28T12:38:49Z,2025-09-28T08:38:49Z,50.2,25.1,0.0,0.0,0.0,6.887,8.828,19.285
2025-09-28T12:39:49Z,2025-09-28T08:39:49Z,49.7,25.1,0.0,0.0,0.0,7.161,8.946,15.34
2025-09-28T12:40:49Z,2025-09-28T08:40:49Z,50.2,25.1,0.0,0.0,0.0,7.049,9.197,20.12
2025-09-28T12:41:49Z,2025-09-28T08:41:49Z,50.3,25.1,0.0,0.0,0.0,7.382,9.071,25.459
2025-09-28T12:42:49Z,2025-09-28T08:42:49Z,49.7,25.1,0.0,0.0,0.0,7.222,9.038,26.974
2025-09-28T12:43:49Z,2025-09-28T08:43:49Z,50.2,25.1,0.0,0.0,0.0,7.1,8.944,13.512
2025-09-28T12:44:49Z,2025-09-28T08:44:49Z,49.8,25.1,0.0,0.0,0.0,7.173,9.042,13.18
2025-09-28T12:45:49Z,2025-09-28T08:45:49Z,49.8,25.1,0.0,0.0,0.0,7.281,9.049,23.27
2025-09-28T12:46:49Z,2025-09-28T08:46:49Z,49.9,25.1,0.0,0.0,0.0,7.481,9.477,17.31
2025-09-28T12:47:50Z,2025-09-28T08:47:50Z,50.0,25.1,0.0,0.0,0.0,7.181,8.971,11.709
2025-09-28T12:48:50Z,2025-09-28T08:48:50Z,50.9,25.1,0.0,0.0,0.0,7.159,8.862,21.819
2025-09-28T12:49:50Z,2025-09-28T08:49:50Z,50.6,25.1,0.0,0.0,0.0,6.73,8.241,12.78
2025-09-28T12:50:50Z,2025-09-28T08:50:50Z,50.2,25.1,0.0,0.0,0.0,6.954,8.473,18.1
2025-09-28T12:51:50Z,2025-09-28T08:51:50Z,50.3,25.1,0.0,0.0,0.0,7.362,9.016,14.554
2025-09-28T12:52:50Z,2025-09-28T08:52:50Z,50.5,25.1,0.0,0.0,0.0,6.731,8.296,14.496
2025-09-28T12:53:50Z,2025-09-28T08:53:50Z,50.1,25.1,0.0,0.0,0.0,7.22,8.921,14.834
2025-09-28T12:54:50Z,2025-09-28T08:54:50Z,49.9,25.1,0.0,0.0,0.0,6.89,8.495,16.543
2025-09-28T12:55:50Z,2025-09-28T08:55:50Z,50.0,25.1,0.0,0.0,0.0,6.77,8.455,17.813
2025-09-28T12:56:50Z,2025-09-28T08:56:50Z,49.8,25.1,0.0,0.0,0.0,6.963,8.728,11.876
2025-09-28T12:57:50Z,2025-09-28T08:57:50Z,49.2,25.1,0.0,0.0,0.0,7.175,8.839,25.043
2025-09-28T12:58:50Z,2025-09-28T08:58:50Z,49.6,25.1,0.0,0.0,0.0,6.995,8.492,15.938
2025-09-28T12:59:50Z,2025-09-28T08:59:50Z,49.1,25.1,0.0,0.0,0.0,7.011,8.765,15.459
2025-09-28T13:00:50Z,2025-09-28T09:00:50Z,49.8,25.1,0.0,0.0,0.0,7.385,8.755,24.044
2025-09-28T13:01:50Z,2025-09-28T09:01:50Z,49.4,25.1,0.0,0.0,0.0,7.083,8.639,18.379
2025-09-28T13:02:50Z,2025-09-28T09:02:50Z,49.6,25.1,0.0,0.0,0.0,6.871,8.397,17.296
2025-09-28T13:03:50Z,2025-09-28T09:03:50Z,49.6,25.1,0.0,0.0,0.0,7.021,8.624,21.462
2025-09-28T13:04:50Z,2025-09-28T09:04:50Z,49.6,25.1,0.0,0.0,0.0,6.871,8.318,46.026
2025-09-28T13:05:50Z,2025-09-28T09:05:50Z,49.1,25.1,0.0,0.0,0.0,6.865,8.103,23.866
2025-09-28T13:06:50Z,2025-09-28T09:06:50Z,48.7,25.1,0.0,0.0,0.0,6.877,8.285,18.081
2025-09-28T13:07:50Z,2025-09-28T09:07:50Z,48.3,25.1,0.0,0.0,0.0,6.769,7.881,21.083
2025-09-28T13:08:50Z,2025-09-28T09:08:50Z,47.8,25.1,0.0,0.0,0.0,6.744,7.774,25.751
2025-09-28T13:09:50Z,2025-09-28T09:09:50Z,47.8,25.1,0.0,0.0,0.0,7.129,8.261,22.804
2025-09-28T13:10:50Z,2025-09-28T09:10:50Z,48.1,25.1,0.0,0.0,0.0,6.991,8.165,13.608
2025-09-28T13:11:50Z,2025-09-28T09:11:50Z,47.2,25.1,0.0,0.0,0.0,7.273,8.286,18.44
2025-09-28T13:12:50Z,2025-09-28T09:12:50Z,46.7,25.1,0.0,0.0,0.0,7.136,8.052,30.354
2025-09-28T13:13:50Z,2025-09-28T09:13:50Z,48.2,25.1,0.0,0.0,0.0,7.595,8.871,32.032
2025-09-28T13:14:50Z,2025-09-28T09:14:50Z,49.1,25.1,0.0,0.0,0.0,8.466,9.728,37.021
2025-09-28T13:15:50Z,2025-09-28T09:15:50Z,47.7,25.1,0.0,0.0,0.0,8.472,9.403,25.0
2025-09-28T13:16:50Z,2025-09-28T09:16:50Z,49.0,25.1,0.0,0.0,0.0,8.907,10.159,24.094
2025-09-28T13:17:50Z,2025-09-28T09:17:50Z,48.3,25.1,0.0,0.0,0.0,8.615,9.579,11.466
2025-09-28T13:18:50Z,2025-09-28T09:18:50Z,48.7,25.1,0.0,0.0,0.0,9.315,10.102,27.049
2025-09-28T13:19:50Z,2025-09-28T09:19:50Z,50.2,25.1,0.0,0.0,0.0,9.879,10.908,19.126
2025-09-28T13:20:50Z,2025-09-28T09:20:50Z,48.9,25.1,0.0,0.0,0.0,9.364,10.225,21.09
2025-09-28T13:21:51Z,2025-09-28T09:21:51Z,49.7,25.1,0.0,0.0,0.0,9.488,10.394,13.852
2025-09-28T13:22:51Z,2025-09-28T09:22:51Z,49.4,25.1,0.0,0.0,0.0,8.948,9.758,40.72
2025-09-28T13:23:51Z,2025-09-28T09:23:51Z,49.5,25.2,0.0,0.0,0.0,9.252,10.306,27.972
2025-09-28T13:24:51Z,2025-09-28T09:24:51Z,49.8,25.2,0.0,0.0,0.0,9.396,10.443,39.948
2025-09-28T13:25:51Z,2025-09-28T09:25:51Z,49.9,25.2,0.0,0.0,0.0,9.022,10.113,31.344
2025-09-28T13:26:51Z,2025-09-28T09:26:51Z,49.9,25.2,0.0,0.0,0.0,9.348,10.276,15.353
2025-09-28T13:27:51Z,2025-09-28T09:27:51Z,49.7,25.2,0.0,0.0,0.0,9.429,10.138,12.544
2025-09-28T13:28:51Z,2025-09-28T09:28:51Z,49.5,25.2,0.0,0.0,0.0,8.899,9.655,16.728
2025-09-28T13:29:51Z,2025-09-28T09:29:51Z,49.5,25.2,0.0,0.0,0.0,8.806,9.783,21.721
2025-09-28T13:30:51Z,2025-09-28T09:30:51Z,50.4,25.2,0.0,0.0,0.0,9.533,10.38,20.013
2025-09-28T13:31:51Z,2025-09-28T09:31:51Z,50.5,25.2,0.0,0.0,0.0,9.495,10.444,19.472
2025-09-28T13:32:51Z,2025-09-28T09:32:51Z,50.0,25.2,0.0,0.0,0.0,9.078,9.876,32.676
2025-09-28T13:33:51Z,2025-09-28T09:33:51Z,50.2,25.2,0.0,0.0,0.0,9.475,10.642,45.105
2025-09-28T13:34:51Z,2025-09-28T09:34:51Z,49.6,25.2,0.0,0.0,0.0,9.004,10.007,49.256
2025-09-28T13:35:51Z,2025-09-28T09:35:51Z,49.6,25.2,0.0,0.0,0.0,8.863,10.234,14.784
2025-09-28T13:36:51Z,2025-09-28T09:36:51Z,50.1,25.2,0.0,0.0,0.0,9.324,10.225,34.219
2025-09-28T13:37:51Z,2025-09-28T09:37:51Z,49.9,25.2,0.0,0.0,0.0,9.109,10.364,40.19
2025-09-28T13:38:51Z,2025-09-28T09:38:51Z,49.6,25.2,0.0,0.0,0.0,8.993,9.944,39.769
2025-09-28T13:39:51Z,2025-09-28T09:39:51Z,49.3,25.2,0.0,0.0,0.0,9.389,10.425,42.675
2025-09-28T13:40:51Z,2025-09-28T09:40:51Z,49.5,25.3,0.0,0.0,0.0,8.409,9.34,18.246
2025-09-28T13:41:51Z,2025-09-28T09:41:51Z,49.2,25.3,0.0,0.0,0.0,8.799,9.844,20.461
2025-09-28T13:42:51Z,2025-09-28T09:42:51Z,48.9,25.3,0.0,0.0,0.0,8.642,9.519,18.668
2025-09-28T13:43:51Z,2025-09-28T09:43:51Z,48.9,25.3,0.0,0.0,0.0,9.484,10.326,24.961
2025-09-28T13:44:51Z,2025-09-28T09:44:51Z,48.6,25.3,0.0,0.0,0.0,9.074,10.006,26.698
2025-09-28T13:45:51Z,2025-09-28T09:45:51Z,48.4,25.3,0.0,0.0,0.0,8.929,10.025,26.345
2025-09-28T13:46:51Z,2025-09-28T09:46:51Z,48.7,25.3,0.0,0.0,0.0,9.121,10.175,20.346
2025-09-28T13:47:51Z,2025-09-28T09:47:51Z,49.1,25.3,0.0,0.0,0.0,8.915,10.104,28.43
2025-09-28T13:48:51Z,2025-09-28T09:48:51Z,48.5,25.3,0.0,0.0,0.0,8.99,10.008,32.607
2025-09-28T13:49:51Z,2025-09-28T09:49:51Z,48.7,25.3,0.0,0.0,0.0,8.845,9.573,23.018
2025-09-28T13:50:51Z,2025-09-28T09:50:51Z,48.6,25.4,0.0,0.0,0.0,8.487,9.527,28.058
2025-09-28T13:51:51Z,2025-09-28T09:51:51Z,48.9,25.4,0.0,0.0,0.0,9.224,10.181,19.964
2025-09-28T13:52:52Z,2025-09-28T09:52:52Z,48.9,25.4,0.0,0.0,0.0,8.887,9.734,20.116
2025-09-28T13:53:52Z,2025-09-28T09:53:52Z,48.6,25.4,0.0,0.0,0.0,9.187,10.152,14.41
2025-09-28T13:54:52Z,2025-09-28T09:54:52Z,48.6,25.4,0.0,0.0,0.0,8.882,9.565,27.521
2025-09-28T13:55:52Z,2025-09-28T09:55:52Z,49.0,25.4,0.0,0.0,0.0,9.052,9.992,25.474
2025-09-28T13:56:52Z,2025-09-28T09:56:52Z,48.8,25.4,0.0,0.0,0.0,8.812,9.743,17.656
2025-09-28T13:57:52Z,2025-09-28T09:57:52Z,48.4,25.5,0.0,0.0,0.0,9.08,9.947,22.913
2025-09-28T13:58:52Z,2025-09-28T09:58:52Z,48.4,25.5,0.0,0.0,0.0,8.822,9.533,19.938
2025-09-28T13:59:52Z,2025-09-28T09:59:52Z,48.4,25.5,0.0,0.0,0.0,8.965,9.673,10.784
2025-09-28T14:00:47Z,2025-09-28T10:00:47Z,48.4,25.5,0.0,0.0,0.0,8.943,9.751,19.487
2025-09-28T14:01:47Z,2025-09-28T10:01:47Z,48.4,25.5,0.0,0.0,0.0,9.407,10.259,26.458
2025-09-28T14:02:47Z,2025-09-28T10:02:47Z,48.3,25.5,0.0,0.0,0.0,8.955,9.723,20.687
2025-09-28T14:03:47Z,2025-09-28T10:03:47Z,48.3,25.5,0.0,0.0,0.0,8.998,10.013,16.561
2025-09-28T14:04:47Z,2025-09-28T10:04:47Z,48.2,25.5,0.0,0.0,0.0,8.535,9.443,17.002
2025-09-28T14:05:47Z,2025-09-28T10:05:47Z,48.2,25.5,0.0,0.0,0.0,9.084,9.867,16.891
2025-09-28T14:06:47Z,2025-09-28T10:06:47Z,48.2,25.6,0.0,0.0,0.0,8.895,9.637,14.214
2025-09-28T14:07:47Z,2025-09-28T10:07:47Z,48.2,25.6,0.0,0.0,0.0,8.799,9.737,25.773
2025-09-28T14:08:47Z,2025-09-28T10:08:47Z,48.2,25.6,0.0,0.0,0.0,9.087,9.913,14.545
2025-09-28T14:09:47Z,2025-09-28T10:09:47Z,48.3,25.6,0.0,0.0,0.0,8.799,9.354,23.485
2025-09-28T14:10:47Z,2025-09-28T10:10:47Z,48.5,25.6,0.0,0.0,0.0,8.741,9.492,15.906
2025-09-28T14:11:47Z,2025-09-28T10:11:47Z,48.3,25.6,0.0,0.0,0.0,8.839,9.594,18.584
2025-09-28T14:12:47Z,2025-09-28T10:12:47Z,48.1,25.6,0.0,0.0,0.0,9.062,9.806,23.935
2025-09-28T14:13:47Z,2025-09-28T10:13:47Z,47.9,25.6,0.0,0.0,0.0,8.717,9.361,15.095
2025-09-28T14:14:47Z,2025-09-28T10:14:47Z,47.3,25.6,0.0,0.0,0.0,8.899,9.531,12.908
2025-09-28T14:15:47Z,2025-09-28T10:15:47Z,46.8,25.7,0.0,0.0,0.0,8.89,9.539,19.539
2025-09-28T14:16:47Z,2025-09-28T10:16:47Z,46.2,25.7,0.0,0.0,0.0,8.8,9.481,16.01
2025-09-28T14:17:48Z,2025-09-28T10:17:48Z,46.2,25.7,0.0,0.0,0.0,9.132,9.797,12.6
2025-09-28T14:18:48Z,2025-09-28T10:18:48Z,45.8,25.7,0.0,0.0,0.0,8.599,9.117,17.511
2025-09-28T14:19:48Z,2025-09-28T10:19:48Z,45.7,25.7,0.0,0.0,0.0,9.406,10.019,11.685
2025-09-28T14:20:48Z,2025-09-28T10:20:48Z,45.6,25.7,0.0,0.0,0.0,9.313,9.843,15.431
2025-09-28T14:21:48Z,2025-09-28T10:21:48Z,45.6,25.7,0.0,0.0,0.0,8.673,9.214,11.065
2025-09-28T14:22:48Z,2025-09-28T10:22:48Z,45.5,25.7,0.0,0.0,0.0,9.321,9.83,12.516
2025-09-28T14:23:48Z,2025-09-28T10:23:48Z,45.7,25.7,0.0,0.0,0.0,8.959,9.415,16.963
2025-09-28T14:24:48Z,2025-09-28T10:24:48Z,45.6,25.7,0.0,0.0,0.0,8.581,9.139,34.002
2025-09-28T14:25:48Z,2025-09-28T10:25:48Z,45.7,25.7,0.0,0.0,0.0,8.793,9.252,12.58
2025-09-28T14:26:48Z,2025-09-28T10:26:48Z,45.8,25.8,0.0,0.0,0.0,8.516,8.954,16.701
2025-09-28T14:27:48Z,2025-09-28T10:27:48Z,45.9,25.8,0.0,0.0,0.0,9.031,9.564,15.66
2025-09-28T14:28:48Z,2025-09-28T10:28:48Z,45.9,25.8,0.0,0.0,0.0,8.679,9.205,15.248
2025-09-28T14:29:48Z,2025-09-28T10:29:48Z,46.0,25.8,0.0,0.0,0.0,9.131,9.516,12.164
2025-09-28T14:30:48Z,2025-09-28T10:30:48Z,46.1,25.8,0.0,0.0,0.0,8.547,9.135,14.049
2025-09-28T14:31:48Z,2025-09-28T10:31:48Z,46.2,25.8,0.0,0.0,0.0,8.496,9.176,19.278
2025-09-28T14:32:48Z,2025-09-28T10:32:48Z,46.2,25.8,0.0,0.0,0.0,9.215,9.645,20.786
2025-09-28T14:33:48Z,2025-09-28T10:33:48Z,46.4,25.8,0.0,0.0,0.0,8.9,9.528,18.775
2025-09-28T14:34:48Z,2025-09-28T10:34:48Z,46.4,25.8,0.0,0.0,0.0,9.068,9.546,21.345
2025-09-28T14:35:48Z,2025-09-28T10:35:48Z,46.5,25.8,0.0,0.0,0.0,9.169,9.715,12.104
2025-09-28T14:36:48Z,2025-09-28T10:36:48Z,46.5,25.9,0.0,0.0,0.0,8.833,9.343,26.021
2025-09-28T14:37:48Z,2025-09-28T10:37:48Z,46.5,25.9,0.0,0.0,0.0,8.804,9.43,11.526
2025-09-28T14:38:48Z,2025-09-28T10:38:48Z,46.6,25.9,0.0,0.0,0.0,8.969,9.374,10.021
2025-09-28T14:39:48Z,2025-09-28T10:39:48Z,46.6,25.9,0.0,0.0,0.0,8.541,9.209,15.675
2025-09-28T14:40:48Z,2025-09-28T10:40:48Z,46.7,25.9,0.0,0.0,0.0,9.486,10.152,12.139
2025-09-28T14:41:48Z,2025-09-28T10:41:48Z,46.7,25.9,0.0,0.0,0.0,9.096,9.494,11.525
2025-09-28T14:42:48Z,2025-09-28T10:42:48Z,46.7,25.9,0.0,0.0,0.0,8.815,9.255,18.516
2025-09-28T14:43:48Z,2025-09-28T10:43:48Z,46.7,25.9,0.0,0.0,0.0,9.349,9.812,13.102
2025-09-28T14:44:48Z,2025-09-28T10:44:48Z,46.7,25.9,0.0,0.0,0.0,8.624,9.073,14.388
2025-09-28T14:45:48Z,2025-09-28T10:45:48Z,46.9,25.9,0.0,0.0,0.0,8.666,9.192,10.026
2025-09-28T14:46:48Z,2025-09-28T10:46:48Z,47.1,26.0,0.0,0.0,0.0,9.375,9.957,19.33
2025-09-28T14:47:48Z,2025-09-28T10:47:48Z,47.5,26.0,0.0,0.0,0.0,9.135,9.893,26.321
2025-09-28T14:48:48Z,2025-09-28T10:48:48Z,47.8,26.0,0.0,0.0,0.0,8.859,9.437,13.8
2025-09-28T14:49:48Z,2025-09-28T10:49:48Z,47.9,26.0,0.0,0.0,0.0,8.597,9.153,10.177
2025-09-28T14:50:48Z,2025-09-28T10:50:48Z,47.7,26.0,0.0,0.0,0.0,8.898,9.349,14.985
2025-09-28T14:51:49Z,2025-09-28T10:51:49Z,47.5,26.0,0.0,0.0,0.0,8.927,9.538,10.89
2025-09-28T14:52:49Z,2025-09-28T10:52:49Z,47.4,26.0,0.0,0.0,0.0,8.803,9.201,18.098
2025-09-28T14:53:49Z,2025-09-28T10:53:49Z,46.9,26.0,0.0,0.0,0.0,9.058,9.513,11.476
2025-09-28T14:54:49Z,2025-09-28T10:54:49Z,46.5,26.0,0.0,0.0,0.0,9.093,9.574,18.522
2025-09-28T14:55:49Z,2025-09-28T10:55:49Z,46.6,26.0,0.0,0.0,0.0,8.886,9.341,19.739
2025-09-28T14:56:49Z,2025-09-28T10:56:49Z,46.3,26.0,0.0,0.0,0.0,8.354,8.818,9.152
2025-09-28T14:57:49Z,2025-09-28T10:57:49Z,46.1,26.0,0.0,0.0,0.0,8.921,9.362,10.827
2025-09-28T14:58:49Z,2025-09-28T10:58:49Z,45.7,26.0,0.0,0.0,0.0,9.125,9.545,11.073
2025-09-28T14:59:49Z,2025-09-28T10:59:49Z,45.3,26.0,0.0,0.0,0.0,9.16,9.504,9.891
2025-09-28T15:00:49Z,2025-09-28T11:00:49Z,45.2,26.0,0.0,0.0,0.0,8.952,9.324,12.887
2025-09-28T15:01:49Z,2025-09-28T11:01:49Z,45.2,26.0,0.0,0.0,0.0,8.905,9.27,16.922
2025-09-28T15:02:49Z,2025-09-28T11:02:49Z,45.1,26.0,0.0,0.0,0.0,9.256,9.57,13.146
2025-09-28T15:03:49Z,2025-09-28T11:03:49Z,45.1,26.0,0.0,0.0,0.0,8.699,9.075,24.165
2025-09-28T15:04:49Z,2025-09-28T11:04:49Z,45.3,26.0,0.0,0.0,0.0,8.312,8.628,44.932
2025-09-28T15:05:49Z,2025-09-28T11:05:49Z,45.2,26.0,0.0,0.0,0.0,9.047,9.38,25.942
2025-09-28T15:06:49Z,2025-09-28T11:06:49Z,45.2,26.0,0.0,0.0,0.0,8.848,9.251,38.14
2025-09-28T15:07:49Z,2025-09-28T11:07:49Z,45.6,26.0,0.0,0.0,0.0,8.708,9.16,46.105
2025-09-28T15:08:49Z,2025-09-28T11:08:49Z,45.7,26.1,0.0,0.0,0.0,8.751,9.201,23.572
2025-09-28T15:09:49Z,2025-09-28T11:09:49Z,46.0,26.1,0.0,0.0,0.0,8.068,8.408,19.351
2025-09-28T15:10:49Z,2025-09-28T11:10:49Z,46.3,26.1,0.0,0.0,0.0,9.043,9.412,48.346
2025-09-28T15:11:49Z,2025-09-28T11:11:49Z,46.3,26.1,0.0,0.0,0.0,9.039,9.395,20.665
2025-09-28T15:12:49Z,2025-09-28T11:12:49Z,46.6,26.1,0.0,0.0,0.0,9.06,9.495,38.2
2025-09-28T15:13:49Z,2025-09-28T11:13:49Z,46.0,26.1,0.0,0.0,0.0,9.182,9.556,34.883
2025-09-28T15:14:49Z,2025-09-28T11:14:49Z,46.4,26.1,0.0,0.0,0.0,9.329,9.833,28.152
2025-09-28T15:15:49Z,2025-09-28T11:15:49Z,46.6,26.1,0.0,0.0,0.0,9.27,9.81,27.019
2025-09-28T15:16:49Z,2025-09-28T11:16:49Z,46.2,26.1,0.0,0.0,0.0,9.045,9.542,29.432
2025-09-28T15:17:50Z,2025-09-28T11:17:50Z,46.3,26.1,0.0,0.0,0.0,8.519,9.273,40.768
2025-09-28T15:18:50Z,2025-09-28T11:18:50Z,46.7,26.1,0.0,0.0,0.0,8.91,9.531,36.128
2025-09-28T15:19:50Z,2025-09-28T11:19:50Z,46.8,26.1,0.0,0.0,0.0,9.225,9.707,42.085
2025-09-28T15:20:50Z,2025-09-28T11:20:50Z,46.6,26.1,0.0,0.0,0.0,9.197,9.815,47.448
2025-09-28T15:21:50Z,2025-09-28T11:21:50Z,46.5,26.2,0.0,0.0,0.0,8.868,9.443,28.001
2025-09-28T15:22:50Z,2025-09-28T11:22:50Z,46.2,26.2,0.0,0.0,0.0,8.74,9.101,13.615
2025-09-28T15:23:50Z,2025-09-28T11:23:50Z,46.1,26.2,0.0,0.0,0.0,8.628,9.04,12.56
2025-09-28T15:24:50Z,2025-09-28T11:24:50Z,46.0,26.2,0.0,0.0,0.0,8.843,9.333,28.665
2025-09-28T15:25:50Z,2025-09-28T11:25:50Z,45.6,26.2,0.0,0.0,0.0,8.879,9.292,23.842
2025-09-28T15:26:50Z,2025-09-28T11:26:50Z,45.1,26.2,0.0,0.0,0.0,9.036,9.37,24.312
2025-09-28T15:27:50Z,2025-09-28T11:27:50Z,44.7,26.1,0.0,0.0,0.0,33.028,39.71,2713.943
2025-09-28T15:28:50Z,2025-09-28T11:28:50Z,44.6,26.1,0.0,0.0,0.0,175.506,302.326,7868.327
2025-09-28T15:29:50Z,2025-09-28T11:29:50Z,44.3,26.1,0.0,0.0,0.0,56.774,120.933,1472.315
2025-09-28T15:30:50Z,2025-09-28T11:30:50Z,44.2,26.1,0.0,0.0,0.0,40.163,84.993,1018.02
2025-09-28T15:31:50Z,2025-09-28T11:31:50Z,44.3,26.1,0.0,0.0,0.0,27.45,51.05,483.381
2025-09-28T15:32:50Z,2025-09-28T11:32:50Z,44.1,26.1,0.0,0.0,0.0,25.733,48.81,351.204
2025-09-28T15:33:50Z,2025-09-28T11:33:50Z,44.2,26.1,0.0,0.0,0.0,21.739,39.108,322.06
2025-09-28T15:34:50Z,2025-09-28T11:34:50Z,44.0,26.1,0.0,0.0,0.0,20.633,35.168,279.02
2025-09-28T15:35:50Z,2025-09-28T11:35:50Z,43.7,26.1,0.0,0.0,0.0,17.142,29.227,208.036
2025-09-28T15:36:50Z,2025-09-28T11:36:50Z,43.7,26.1,0.0,0.0,0.0,16.832,26.756,166.203
2025-09-28T15:37:50Z,2025-09-28T11:37:50Z,43.6,26.1,0.0,0.0,0.0,15.694,25.281,186.668
2025-09-28T15:38:50Z,2025-09-28T11:38:50Z,44.0,26.1,0.0,0.0,0.0,15.685,24.365,90.406
2025-09-28T15:39:50Z,2025-09-28T11:39:50Z,44.4,26.1,0.0,0.0,0.0,15.207,23.371,132.209
2025-09-28T15:40:51Z,2025-09-28T11:40:51Z,44.5,26.1,0.0,0.0,0.0,15.367,23.582,108.795
2025-09-28T15:41:51Z,2025-09-28T11:41:51Z,44.4,26.1,0.0,0.0,0.0,15.172,22.952,102.083
2025-09-28T15:42:51Z,2025-09-28T11:42:51Z,44.3,26.1,0.0,0.0,0.0,14.797,22.461,88.576
2025-09-28T15:43:51Z,2025-09-28T11:43:51Z,44.1,26.1,0.0,0.0,0.0,15.094,22.742,52.322
2025-09-28T15:44:51Z,2025-09-28T11:44:51Z,43.9,26.1,0.0,0.0,0.0,13.766,20.836,70.78
2025-09-28T15:45:51Z,2025-09-28T11:45:51Z,43.8,26.1,0.0,0.0,0.0,14.303,21.853,68.541
2025-09-28T15:46:51Z,2025-09-28T11:46:51Z,43.6,26.1,0.0,0.0,0.0,13.951,20.413,40.861
2025-09-28T15:47:51Z,2025-09-28T11:47:51Z,43.3,26.1,0.0,0.0,0.0,13.632,19.929,41.482
2025-09-28T15:48:51Z,2025-09-28T11:48:51Z,43.1,26.1,0.0,0.0,0.0,13.59,19.426,44.423
2025-09-28T15:49:51Z,2025-09-28T11:49:51Z,43.5,26.1,0.0,0.0,0.0,13.652,19.479,45.022
2025-09-28T15:50:51Z,2025-09-28T11:50:51Z,43.4,26.1,0.0,0.0,0.0,13.346,19.036,48.46
2025-09-28T15:51:51Z,2025-09-28T11:51:51Z,43.8,26.1,0.0,0.0,0.0,13.448,19.454,47.335
2025-09-28T15:52:51Z,2025-09-28T11:52:51Z,44.0,26.1,0.0,0.0,0.0,13.662,19.198,43.73
2025-09-28T15:53:51Z,2025-09-28T11:53:51Z,44.1,26.1,0.0,0.0,0.0,13.627,19.079,49.06
2025-09-28T15:54:51Z,2025-09-28T11:54:51Z,44.1,26.1,0.0,0.0,0.0,12.644,18.041,31.205
2025-09-28T15:55:51Z,2025-09-28T11:55:51Z,44.1,26.1,0.0,0.0,0.0,13.141,18.93,48.071
2025-09-28T15:56:51Z,2025-09-28T11:56:51Z,43.8,26.1,0.0,0.0,0.0,12.979,17.845,40.492
2025-09-28T15:57:51Z,2025-09-28T11:57:51Z,43.7,26.1,0.0,0.0,0.0,13.068,17.412,34.952
2025-09-28T15:58:51Z,2025-09-28T11:58:51Z,43.4,26.1,0.0,0.0,0.0,12.172,16.774,30.644
2025-09-28T15:59:51Z,2025-09-28T11:59:51Z,43.2,26.1,0.0,0.0,0.0,11.5,16.252,34.222
2025-09-28T16:00:51Z,2025-09-28T12:00:51Z,43.1,26.1,0.0,0.0,0.0,11.963,16.115,37.868
2025-09-28T16:01:51Z,2025-09-28T12:01:51Z,43.1,26.1,0.0,0.0,0.0,12.156,16.459,35.269
2025-09-28T16:02:51Z,2025-09-28T12:02:51Z,43.1,26.1,0.0,0.0,0.0,11.985,15.996,32.653
2025-09-28T16:03:51Z,2025-09-28T12:03:51Z,42.9,26.1,0.0,0.0,0.0,12.179,15.775,24.143
2025-09-28T16:04:51Z,2025-09-28T12:04:51Z,42.8,26.1,0.0,0.0,0.0,11.546,14.844,27.271
2025-09-28T16:05:51Z,2025-09-28T12:05:51Z,42.8,26.1,0.0,0.0,0.0,11.49,14.59,32.737
2025-09-28T16:06:51Z,2025-09-28T12:06:51Z,42.5,26.1,0.0,0.0,0.0,11.671,15.122,27.226
2025-09-28T16:07:51Z,2025-09-28T12:07:51Z,42.5,26.1,0.0,0.0,0.0,11.831,15.486,23.838
2025-09-28T16:08:51Z,2025-09-28T12:08:51Z,42.5,26.1,0.0,0.0,0.0,11.354,14.332,29.449
2025-09-28T16:09:51Z,2025-09-28T12:09:51Z,42.7,26.1,0.0,0.0,0.0,11.205,14.662,18.529
2025-09-28T16:10:51Z,2025-09-28T12:10:51Z,42.6,26.1,0.0,0.0,0.0,10.973,14.092,21.779
2025-09-28T16:11:51Z,2025-09-28T11:11:51Z,42.6,26.1,0.0,0.0,0.0,11.527,14.586,28.176
2025-09-28T16:12:52Z,2025-09-28T11:12:52Z,43.0,26.1,0.0,0.0,0.0,11.557,14.381,27.568
2025-09-28T16:13:52Z,2025-09-28T11:13:52Z,43.3,26.1,0.0,0.0,0.0,11.186,14.116,17.458
2025-09-28T16:14:52Z,2025-09-28T11:14:52Z,43.2,26.1,0.0,0.0,0.0,11.477,14.563,33.449
2025-09-28T16:15:52Z,2025-09-28T11:15:52Z,43.6,26.1,0.0,0.0,0.0,11.342,14.185,19.935
2025-09-28T16:16:52Z,2025-09-28T11:16:52Z,43.6,26.1,0.0,0.0,0.0,10.964,13.826,26.677
2025-09-28T16:17:52Z,2025-09-28T11:17:52Z,43.4,26.2,0.0,0.0,0.0,11.159,13.968,24.64
2025-09-28T16:18:52Z,2025-09-28T11:18:52Z,43.2,26.2,0.0,0.0,0.0,10.842,13.343,16.141
2025-09-28T16:19:52Z,2025-09-28T11:19:52Z,42.9,26.2,0.0,0.0,0.0,10.68,13.133,30.705
2025-09-28T16:20:52Z,2025-09-28T11:20:52Z,42.8,26.2,0.0,0.0,0.0,10.925,13.5,17.234
2025-09-28T16:21:52Z,2025-09-28T11:21:52Z,42.6,26.1,0.0,0.0,0.0,10.408,12.223,22.296
2025-09-28T16:22:52Z,2025-09-28T11:22:52Z,42.6,26.1,0.0,0.0,0.0,10.702,12.835,24.708
2025-09-28T16:23:52Z,2025-09-28T11:23:52Z,42.8,26.1,0.0,0.0,0.0,10.541,12.7,23.073
2025-09-28T16:24:52Z,2025-09-28T11:24:52Z,42.8,26.1,0.0,0.0,0.0,10.036,12.123,23.515
2025-09-28T16:25:52Z,2025-09-28T11:25:52Z,42.7,26.2,0.0,0.0,0.0,9.952,11.743,13.77
2025-09-28T16:26:52Z,2025-09-28T11:26:52Z,42.7,26.2,0.0,0.0,0.0,9.813,11.637,13.027
2025-09-28T16:27:52Z,2025-09-28T11:27:52Z,42.6,26.2,0.0,0.0,0.0,9.965,11.503,12.637
2025-09-28T16:28:52Z,2025-09-28T11:28:52Z,42.4,26.2,0.0,0.0,0.0,9.644,11.1,14.438
2025-09-28T16:29:52Z,2025-09-28T11:29:52Z,42.4,26.2,0.0,0.0,0.0,9.848,11.536,14.063
2025-09-28T16:30:52Z,2025-09-28T11:30:52Z,42.5,26.2,0.0,0.0,0.0,9.946,11.765,12.542
2025-09-28T16:31:52Z,2025-09-28T11:31:52Z,42.6,26.2,0.0,0.0,0.0,9.417,11.065,16.189
2025-09-28T16:32:52Z,2025-09-28T11:32:52Z,42.3,26.2,0.0,0.0,0.0,9.604,11.118,11.847
2025-09-28T16:33:52Z,2025-09-28T11:33:52Z,42.5,26.2,0.0,0.0,0.0,9.798,11.571,24.651
2025-09-28T16:34:52Z,2025-09-28T11:34:52Z,42.8,26.2,0.0,0.0,0.0,10.092,11.955,20.419
2025-09-28T16:35:52Z,2025-09-28T11:35:52Z,43.1,26.2,0.0,0.0,0.0,9.573,11.229,29.233
2025-09-28T16:36:52Z,2025-09-28T11:36:52Z,42.9,26.2,0.0,0.0,0.0,9.39,11.034,18.347
2025-09-28T16:37:52Z,2025-09-28T11:37:52Z,43.3,26.3,0.0,0.0,0.0,9.654,11.505,13.579
2025-09-28T16:38:52Z,2025-09-28T11:38:52Z,43.3,26.3,0.0,0.0,0.0,9.519,10.999,13.045
2025-09-28T16:39:52Z,2025-09-28T11:39:52Z,43.1,26.3,0.0,0.0,0.0,9.842,11.17,13.167
2025-09-28T16:40:52Z,2025-09-28T11:40:52Z,43.2,26.3,0.0,0.0,0.0,9.755,11.119,12.581
2025-09-28T16:41:53Z,2025-09-28T11:41:53Z,43.4,26.3,0.0,0.0,0.0,9.464,10.774,11.665
2025-09-28T16:42:53Z,2025-09-28T11:42:53Z,43.2,26.3,0.0,0.0,0.0,9.119,10.378,11.471
2025-09-28T16:43:53Z,2025-09-28T11:43:53Z,43.1,26.3,0.0,0.0,0.0,9.327,10.76,27.567
2025-09-28T16:44:53Z,2025-09-28T11:44:53Z,43.6,26.3,0.0,0.0,0.0,9.519,10.666,20.41
2025-09-28T16:45:53Z,2025-09-28T11:45:53Z,43.2,26.3,0.0,0.0,0.0,9.497,10.719,11.338
2025-09-28T16:46:53Z,2025-09-28T11:46:53Z,42.7,26.3,0.0,0.0,0.0,9.192,10.337,13.177
2025-09-28T16:47:53Z,2025-09-28T11:47:53Z,42.6,26.3,0.0,0.0,0.0,9.7,10.851,13.316
2025-09-28T16:48:53Z,2025-09-28T11:48:53Z,42.6,26.3,0.0,0.0,0.0,8.931,9.902,10.326
2025-09-28T16:49:53Z,2025-09-28T11:49:53Z,42.4,26.3,0.0,0.0,0.0,8.517,9.497,11.442
2025-09-28T16:50:53Z,2025-09-28T11:50:53Z,42.4,26.3,0.0,0.0,0.0,8.288,9.116,9.666
2025-09-28T16:51:53Z,2025-09-28T11:51:53Z,42.1,26.3,0.0,0.0,0.0,8.122,9.029,13.282
2025-09-28T16:52:53Z,2025-09-28T11:52:53Z,41.9,26.4,0.0,0.0,0.0,8.34,9.191,10.431
2025-09-28T16:53:53Z,2025-09-28T11:53:53Z,42.0,26.4,0.0,0.0,0.0,8.127,8.912,16.687
2025-09-28T16:54:53Z,2025-09-28T11:54:53Z,42.0,26.4,0.0,0.0,0.0,8.617,9.529,16.913
2025-09-28T16:55:53Z,2025-09-28T11:55:53Z,42.2,26.4,0.0,0.0,0.0,8.136,8.869,17.116
2025-09-28T16:56:53Z,2025-09-28T11:56:53Z,42.0,26.4,0.0,0.0,0.0,8.366,9.175,9.394
2025-09-28T16:57:53Z,2025-09-28T11:57:53Z,42.2,26.4,0.0,0.0,0.0,8.701,9.669,10.688
2025-09-28T16:58:53Z,2025-09-28T11:58:53Z,42.4,26.4,0.0,0.0,0.0,8.708,9.564,10.019
2025-09-28T16:59:53Z,2025-09-28T11:59:53Z,42.4,26.4,0.0,0.0,0.0,8.303,9.132,10.18
2025-09-28T17:00:53Z,2025-09-28T12:00:53Z,42.5,26.4,0.0,0.0,0.0,8.547,9.496,10.128
2025-09-28T17:01:53Z,2025-09-28T12:01:53Z,42.8,26.4,0.0,0.0,0.0,8.241,9.054,9.606
2025-09-28T17:02:53Z,2025-09-28T12:02:53Z,43.0,26.4,0.0,0.0,0.0,8.588,9.651,14.362
2025-09-28T17:03:53Z,2025-09-28T12:03:53Z,43.0,26.4,0.0,0.0,0.0,7.943,8.855,9.601
2025-09-28T17:04:53Z,2025-09-28T12:04:53Z,42.9,26.4,0.0,0.0,0.0,8.204,9.105,9.686
2025-09-28T17:05:53Z,2025-09-28T12:05:53Z,42.7,26.4,0.0,0.0,0.0,7.865,8.623,16.44
2025-09-28T17:06:53Z,2025-09-28T12:06:53Z,42.7,26.4,0.0,0.0,0.0,8.378,9.207,16.941
2025-09-28T17:07:53Z,2025-09-28T12:07:53Z,42.4,26.4,0.0,0.0,0.0,8.499,9.31,10.054
2025-09-28T17:08:53Z,2025-09-28T12:08:53Z,42.3,26.4,0.0,0.0,0.0,8.294,9.011,9.398
2025-09-28T17:09:53Z,2025-09-28T12:09:53Z,42.1,26.4,0.0,0.0,0.0,8.302,9.032,9.897
2025-09-28T17:10:53Z,2025-09-28T12:10:53Z,41.9,26.4,0.0,0.0,0.0,7.678,8.271,15.838
2025-09-28T17:11:53Z,2025-09-28T12:11:53Z,41.7,26.4,0.0,0.0,0.0,8.008,8.391,8.896
2025-09-28T17:12:53Z,2025-09-28T12:12:53Z,41.6,26.4,0.0,0.0,0.0,7.505,8.153,8.74
2025-09-28T17:13:53Z,2025-09-28T12:13:53Z,41.4,26.4,0.0,0.0,0.0,7.692,8.263,10.176
2025-09-28T17:14:53Z,2025-09-28T12:14:53Z,41.3,26.4,0.0,0.0,0.0,7.33,7.828,8.931
2025-09-28T17:15:53Z,2025-09-28T12:15:53Z,41.3,26.4,0.0,0.0,0.0,7.832,8.347,8.565
2025-09-28T17:16:54Z,2025-09-28T12:16:54Z,41.5,26.4,0.0,0.0,0.0,7.63,8.099,8.099
2025-09-28T17:17:54Z,2025-09-28T12:17:54Z,41.6,26.4,0.0,0.0,0.0,7.812,8.253,8.312
2025-09-28T17:18:54Z,2025-09-28T12:18:54Z,41.5,26.4,0.0,0.0,0.0,7.229,7.646,11.665
2025-09-28T17:19:54Z,2025-09-28T12:19:54Z,41.3,26.4,0.0,0.0,0.0,6.763,7.259,8.693
2025-09-28T17:20:54Z,2025-09-28T12:20:54Z,41.2,26.4,0.0,0.0,0.0,6.886,7.381,7.777
2025-09-28T17:21:54Z,2025-09-28T12:21:54Z,40.9,26.4,0.0,0.0,0.0,7.061,7.513,11.476
2025-09-28T17:22:54Z,2025-09-28T12:22:54Z,41.0,26.4,0.0,0.0,0.0,7.247,7.672,11.752
2025-09-28T17:23:54Z,2025-09-28T12:23:54Z,41.0,26.3,0.0,0.0,0.0,6.829,7.478,28.292
2025-09-28T17:24:54Z,2025-09-28T12:24:54Z,41.3,26.3,0.0,0.0,0.0,6.961,7.701,39.165
2025-09-28T17:25:54Z,2025-09-28T12:25:54Z,41.6,26.4,0.0,0.0,0.0,7.047,8.052,23.706
2025-09-28T17:26:54Z,2025-09-28T12:26:54Z,41.6,26.3,0.0,0.0,0.0,7.191,8.151,19.197
2025-09-28T17:27:54Z,2025-09-28T12:27:54Z,41.7,26.3,0.0,0.0,0.0,7.281,8.107,43.048
2025-09-28T17:28:54Z,2025-09-28T12:28:54Z,41.6,26.3,0.0,0.0,0.0,7.293,8.095,30.948
2025-09-28T17:29:54Z,2025-09-28T12:29:54Z,41.5,26.3,0.0,0.0,0.0,7.206,8.082,20.013
2025-09-28T17:30:54Z,2025-09-28T12:30:54Z,41.5,26.3,0.0,0.0,0.0,6.88,7.534,26.73
2025-09-28T17:31:54Z,2025-09-28T12:31:54Z,41.2,26.3,0.0,0.0,0.0,7.013,7.669,17.982
2025-09-28T17:32:54Z,2025-09-28T12:32:54Z,41.3,26.3,0.0,0.0,0.0,6.948,7.618,16.668
2025-09-28T17:33:54Z,2025-09-28T12:33:54Z,41.2,26.3,0.0,0.0,0.0,6.586,7.17,9.289
2025-09-28T17:34:54Z,2025-09-28T12:34:54Z,41.8,26.3,0.0,0.0,0.0,7.316,7.871,8.36
2025-09-28T17:35:54Z,2025-09-28T12:35:54Z,41.7,26.3,0.0,0.0,0.0,7.012,7.476,9.136
2025-09-28T17:36:54Z,2025-09-28T12:36:54Z,41.7,26.3,0.0,0.0,0.0,6.787,7.335,11.15
2025-09-28T17:37:49Z,2025-09-28T12:37:49Z,42.1,26.3,0.0,0.0,0.0,6.943,7.339,9.442
2025-09-28T17:38:49Z,2025-09-28T12:38:49Z,42.1,26.3,0.0,0.0,0.0,6.797,7.151,9.937
2025-09-28T17:39:49Z,2025-09-28T12:39:49Z,41.9,26.3,0.0,0.0,0.0,7.171,7.431,20.58
2025-09-28T17:40:49Z,2025-09-28T12:40:49Z,41.8,26.3,0.0,0.0,0.0,7.259,7.585,9.631
2025-09-28T17:41:49Z,2025-09-28T12:41:49Z,41.6,26.3,0.0,0.0,0.0,6.832,7.048,9.189
2025-09-28T17:42:49Z,2025-09-28T12:42:49Z,41.5,26.3,0.0,0.0,0.0,6.8,7.076,8.434
2025-09-28T17:43:49Z,2025-09-28T12:43:49Z,41.3,26.3,0.0,0.0,0.0,6.551,6.749,15.244
2025-09-28T17:44:49Z,2025-09-28T12:44:49Z,41.2,26.3,0.0,0.0,0.0,6.781,7.08,16.122
2025-09-28T17:45:49Z,2025-09-28T12:45:49Z,41.0,26.3,0.0,0.0,0.0,6.612,6.849,7.371
2025-09-28T17:46:49Z,2025-09-28T12:46:49Z,40.9,26.2,0.0,0.0,0.0,6.916,7.115,8.734
2025-09-28T17:47:49Z,2025-09-28T12:47:49Z,40.7,26.2,0.0,0.0,0.0,6.81,7.004,21.284
2025-09-28T17:48:50Z,2025-09-28T12:48:50Z,40.6,26.2,0.0,0.0,0.0,6.556,6.859,7.214
2025-09-28T17:49:50Z,2025-09-28T12:49:50Z,40.7,26.2,0.0,0.0,0.0,6.161,6.344,6.831
2025-09-28T17:50:50Z,2025-09-28T12:50:50Z,40.7,26.2,0.0,0.0,0.0,6.552,6.715,15.953
2025-09-28T17:51:50Z,2025-09-28T12:51:50Z,40.3,26.2,0.0,0.0,0.0,6.987,7.151,9.172
2025-09-28T17:52:50Z,2025-09-28T12:52:50Z,40.0,26.2,0.0,0.0,0.0,6.173,6.378,13.617
2025-09-28T17:53:50Z,2025-09-28T12:53:50Z,40.1,26.2,0.0,0.0,0.0,6.375,6.651,10.415
2025-09-28T17:54:50Z,2025-09-28T12:54:50Z,40.0,26.2,0.0,0.0,0.0,6.411,6.618,7.288
2025-09-28T17:55:50Z,2025-09-28T12:55:50Z,40.0,26.2,0.0,0.0,0.0,6.397,6.547,6.577
2025-09-28T17:56:50Z,2025-09-28T12:56:50Z,40.0,26.1,0.0,0.0,0.0,6.063,6.25,19.23
2025-09-28T17:57:50Z,2025-09-28T12:57:50Z,40.0,26.1,0.0,0.0,0.0,6.427,6.678,8.434
2025-09-28T17:58:50Z,2025-09-28T12:58:50Z,39.9,26.1,0.0,0.0,0.0,6.545,6.642,6.673
2025-09-28T17:59:50Z,2025-09-28T12:59:50Z,40.0,26.1,0.0,0.0,0.0,6.673,6.814,6.844
2025-09-28T18:00:50Z,2025-09-28T13:00:50Z,40.2,26.1,0.0,0.0,0.0,6.673,6.863,7.17
2025-09-28T18:01:50Z,2025-09-28T13:01:50Z,40.3,26.1,0.0,0.0,0.0,6.068,6.234,6.658
2025-09-28T18:02:50Z,2025-09-28T13:02:50Z,40.5,26.1,0.0,0.0,0.0,6.068,6.205,13.481
2025-09-28T18:03:50Z,2025-09-28T13:03:50Z,40.4,26.1,0.0,0.0,0.0,5.995,6.068,6.416
2025-09-28T18:04:50Z,2025-09-28T13:04:50Z,40.2,26.1,0.0,0.0,0.0,6.16,6.304,6.653
2025-09-28T18:05:50Z,2025-09-28T13:05:50Z,40.2,26.1,0.0,0.0,0.0,6.408,6.539,10.052
2025-09-28T18:06:50Z,2025-09-28T13:06:50Z,40.2,26.1,0.0,0.0,0.0,6.592,6.652,6.775
2025-09-28T18:07:50Z,2025-09-28T13:07:50Z,40.2,26.1,0.0,0.0,0.0,5.926,6.072,6.162
2025-09-28T18:08:50Z,2025-09-28T13:08:50Z,40.2,26.1,0.0,0.0,0.0,5.942,6.183,8.88
2025-09-28T18:09:50Z,2025-09-28T13:09:50Z,39.9,26.1,0.0,0.0,0.0,6.12,6.323,6.628
2025-09-28T18:10:50Z,2025-09-28T13:10:50Z,40.1,26.1,0.0,0.0,0.0,6.013,6.212,15.188
2025-09-28T18:11:50Z,2025-09-28T13:11:50Z,40.6,26.1,0.0,0.0,0.0,5.919,6.198,6.653
2025-09-28T18:12:50Z,2025-09-28T13:12:50Z,41.6,26.1,0.0,0.0,0.0,6.382,6.539,11.817
2025-09-28T18:13:50Z,2025-09-28T13:13:50Z,41.4,26.1,0.0,0.0,0.0,6.839,7.039,11.087
2025-09-28T18:14:50Z,2025-09-28T13:14:50Z,41.4,26.1,0.0,0.0,0.0,6.959,7.042,10.677
2025-09-28T18:15:50Z,2025-09-28T13:15:50Z,41.5,26.1,0.0,0.0,0.0,6.413,6.564,10.891
2025-09-28T18:16:50Z,2025-09-28T13:16:50Z,41.7,26.1,0.0,0.0,0.0,6.467,6.661,8.154
2025-09-28T18:17:51Z,2025-09-28T13:17:51Z,41.2,26.1,0.0,0.0,0.0,6.649,6.833,16.052
2025-09-28T18:18:51Z,2025-09-28T13:18:51Z,41.4,26.1,0.0,0.0,0.0,6.784,6.964,15.582
2025-09-28T18:19:51Z,2025-09-28T13:19:51Z,41.4,26.1,0.0,0.0,0.0,6.625,6.756,7.612
2025-09-28T18:20:51Z,2025-09-28T13:20:51Z,41.3,26.1,0.0,0.0,0.0,6.553,6.691,9.702
2025-09-28T18:21:51Z,2025-09-28T13:21:51Z,41.4,26.1,0.0,0.0,0.0,6.797,6.877,6.906
2025-09-28T18:22:51Z,2025-09-28T13:22:51Z,41.4,26.1,0.0,0.0,0.0,6.447,6.569,7.403
2025-09-28T18:23:51Z,2025-09-28T13:23:51Z,41.2,26.1,0.0,0.0,0.0,6.418,6.525,6.525
2025-09-28T18:24:51Z,2025-09-28T13:24:51Z,40.8,26.1,0.0,0.0,0.0,6.366,6.437,6.437
2025-09-28T18:25:51Z,2025-09-28T13:25:51Z,40.9,26.1,0.0,0.0,0.0,6.362,6.516,7.061
2025-09-28T18:26:51Z,2025-09-28T13:26:51Z,40.6,26.1,0.0,0.0,0.0,6.289,6.381,8.253
2025-09-28T18:27:51Z,2025-09-28T13:27:51Z,41.0,26.1,0.0,0.0,0.0,6.197,6.304,7.806
2025-09-28T18:28:51Z,2025-09-28T13:28:51Z,41.5,26.1,0.0,0.0,0.0,6.61,6.699,28.93
2025-09-28T18:29:51Z,2025-09-28T13:29:51Z,41.6,26.1,0.0,0.0,0.0,6.398,6.509,14.111
2025-09-28T18:30:51Z,2025-09-28T13:30:51Z,41.9,26.1,0.0,0.0,0.0,6.342,7.564,51.544
2025-09-28T18:31:51Z,2025-09-28T13:31:51Z,41.8,26.1,0.0,0.0,0.0,6.882,7.386,43.964
2025-09-28T18:32:51Z,2025-09-28T13:32:51Z,43.9,26.1,0.0,0.0,0.0,20.606,33.977,12841.559
2025-09-28T18:33:51Z,2025-09-28T13:33:51Z,44.5,26.1,0.0,0.0,0.0,9.626,13.095,1881.447
2025-09-28T18:34:51Z,2025-09-28T13:34:51Z,46.5,26.1,0.0,0.0,0.0,6.471,7.709,359.245
2025-09-28T18:35:51Z,2025-09-28T13:35:51Z,44.9,26.1,0.0,0.0,0.0,6.118,6.76,158.608
2025-09-28T18:36:51Z,2025-09-28T13:36:51Z,42.6,26.1,0.0,0.0,0.0,6.449,6.955,128.666
2025-09-28T18:37:51Z,2025-09-28T13:37:51Z,41.4,26.1,0.0,0.0,0.0,6.492,6.956,78.997
2025-09-28T18:38:51Z,2025-09-28T13:38:51Z,41.7,26.1,0.0,0.0,0.0,5.971,6.433,71.625
2025-09-28T18:39:51Z,2025-09-28T13:39:51Z,41.5,26.1,0.0,0.0,0.0,6.082,6.393,75.498
2025-09-28T18:40:51Z,2025-09-28T13:40:51Z,42.7,26.0,0.0,0.0,0.0,7.412,10.121,1555.303
2025-09-28T18:41:51Z,2025-09-28T13:41:51Z,41.1,26.1,0.0,0.0,0.0,6.118,6.318,60.403
2025-09-28T18:42:51Z,2025-09-28T13:42:51Z,41.2,26.0,0.0,0.0,0.0,6.552,6.74,26.596
2025-09-28T18:43:51Z,2025-09-28T13:43:51Z,41.3,26.0,0.0,0.0,0.0,6.152,6.472,38.157
2025-09-28T18:44:51Z,2025-09-28T13:44:51Z,41.4,26.0,0.0,0.0,0.0,6.059,6.261,14.403
2025-09-28T18:45:52Z,2025-09-28T13:45:52Z,41.4,26.0,0.0,0.0,0.0,6.149,6.475,10.775
2025-09-28T18:46:52Z,2025-09-28T13:46:52Z,41.5,26.0,0.0,0.0,0.0,6.22,6.461,8.337
2025-09-28T18:47:52Z,2025-09-28T13:47:52Z,41.4,26.0,0.0,0.0,0.0,6.231,6.462,17.858
2025-09-28T18:48:52Z,2025-09-28T13:48:52Z,41.4,26.0,0.0,0.0,0.0,5.976,6.202,14.893
2025-09-28T18:49:52Z,2025-09-28T13:49:52Z,41.7,26.0,0.0,0.0,0.0,6.279,6.569,7.467
2025-09-28T18:50:52Z,2025-09-28T13:50:52Z,42.0,26.0,0.0,0.0,0.0,5.887,6.272,17.241
2025-09-28T18:51:52Z,2025-09-28T13:51:52Z,41.8,26.0,0.0,0.0,0.0,6.08,6.343,36.585
2025-09-28T18:52:52Z,2025-09-28T13:52:52Z,41.7,26.0,0.0,0.0,0.0,6.048,6.316,19.562
2025-09-28T18:53:52Z,2025-09-28T13:53:52Z,41.6,26.0,0.0,0.0,0.0,6.15,6.488,12.308
2025-09-28T18:54:52Z,2025-09-28T13:54:52Z,41.6,26.0,0.0,0.0,0.0,5.59,6.009,18.799
2025-09-28T18:55:52Z,2025-09-28T13:55:52Z,41.4,26.0,0.0,0.0,0.0,6.019,6.376,19.778
2025-09-28T18:56:52Z,2025-09-28T13:56:52Z,41.2,26.0,0.0,0.0,0.0,6.067,6.219,24.03
2025-09-28T18:57:52Z,2025-09-28T13:57:52Z,41.2,26.0,0.0,0.0,0.0,5.769,5.973,9.184
2025-09-28T18:58:52Z,2025-09-28T13:58:52Z,41.1,26.0,0.0,0.0,0.0,5.58,5.788,11.153
2025-09-28T18:59:52Z,2025-09-28T13:59:52Z,41.1,26.0,0.0,0.0,0.0,5.913,6.069,8.442
2025-09-28T19:00:52Z,2025-09-28T14:00:52Z,40.9,26.0,0.0,0.0,0.0,5.851,6.001,7.158
2025-09-28T19:01:52Z,2025-09-28T14:01:52Z,40.9,26.0,0.0,0.0,0.0,5.558,5.64,6.127
2025-09-28T19:02:52Z,2025-09-28T14:02:52Z,40.8,26.0,0.0,0.0,0.0,5.71,5.822,6.494
2025-09-28T19:03:52Z,2025-09-28T14:03:52Z,40.6,25.9,0.0,0.0,0.0,5.617,5.856,6.514
2025-09-28T19:04:52Z,2025-09-28T14:04:52Z,40.4,25.9,0.0,0.0,0.0,6.062,6.137,7.352
2025-09-28T19:05:52Z,2025-09-28T14:05:52Z,40.7,25.9,0.0,0.0,0.0,5.61,5.838,8.773
2025-09-28T19:06:52Z,2025-09-28T14:06:52Z,40.6,25.9,0.0,0.0,0.0,5.738,5.84,21.789
2025-09-28T19:07:52Z,2025-09-28T14:07:52Z,40.7,25.9,0.0,0.0,0.0,5.717,5.837,12.863
2025-09-28T19:08:52Z,2025-09-28T14:08:52Z,41.5,25.9,0.0,0.0,0.0,6.065,6.225,6.906
2025-09-28T19:09:52Z,2025-09-28T14:09:52Z,42.0,25.9,0.0,0.0,0.0,5.969,6.069,8.824
2025-09-28T19:10:52Z,2025-09-28T14:10:52Z,41.5,25.9,0.0,0.0,0.0,5.832,6.078,6.319
2025-09-28T19:11:52Z,2025-09-28T14:11:52Z,41.7,25.9,0.0,0.0,0.0,5.959,6.047,7.708
2025-09-28T19:12:52Z,2025-09-28T14:12:52Z,41.6,25.9,0.0,0.0,0.0,5.941,6.071,12.66
2025-09-28T19:13:52Z,2025-09-28T14:13:52Z,41.6,25.9,0.0,0.0,0.0,5.402,5.568,7.316
2025-09-28T19:14:52Z,2025-09-28T14:14:52Z,41.5,25.9,0.0,0.0,0.0,5.321,5.497,5.705
2025-09-28T19:15:52Z,2025-09-28T14:15:52Z,41.3,25.9,0.0,0.0,0.0,5.466,5.627,7.332
2025-09-28T19:16:52Z,2025-09-28T14:16:52Z,41.0,25.9,0.0,0.0,0.0,5.935,6.086,6.264
2025-09-28T19:17:53Z,2025-09-28T14:17:53Z,40.8,25.9,0.0,0.0,0.0,5.554,5.725,6.377
2025-09-28T19:18:53Z,2025-09-28T14:18:53Z,41.2,25.9,0.0,0.0,0.0,5.647,5.748,17.092
2025-09-28T19:19:53Z,2025-09-28T14:19:53Z,41.1,25.9,0.0,0.0,0.0,5.466,5.581,10.679
2025-09-28T19:20:53Z,2025-09-28T14:20:53Z,41.0,25.9,0.0,0.0,0.0,5.308,5.438,12.644
2025-09-28T19:21:53Z,2025-09-28T14:21:53Z,41.0,25.9,0.0,0.0,0.0,5.337,5.468,7.389
2025-09-28T19:22:53Z,2025-09-28T14:22:53Z,40.9,25.9,0.0,0.0,0.0,5.525,5.596,16.009
2025-09-28T19:23:53Z,2025-09-28T14:23:53Z,40.6,25.9,0.0,0.0,0.0,5.887,5.943,5.971
2025-09-28T19:24:53Z,2025-09-28T14:24:53Z,40.6,25.9,0.0,0.0,0.0,5.448,5.547,6.819
2025-09-28T19:25:53Z,2025-09-28T14:25:53Z,40.8,25.9,0.0,0.0,0.0,5.632,5.736,8.47
2025-09-28T19:26:53Z,2025-09-28T14:26:53Z,40.8,25.9,0.0,0.0,0.0,5.419,5.537,7.079
2025-09-28T19:27:53Z,2025-09-28T14:27:53Z,40.9,25.9,0.0,0.0,0.0,5.653,5.796,13.128
2025-09-28T19:28:53Z,2025-09-28T14:28:53Z,41.1,25.9,0.0,0.0,0.0,5.313,5.446,6.178
2025-09-28T19:29:53Z,2025-09-28T14:29:53Z,41.1,25.9,0.0,0.0,0.0,5.089,5.307,13.534
2025-09-28T19:30:53Z,2025-09-28T14:30:53Z,41.4,25.9,0.0,0.0,0.0,5.538,5.744,27.313
2025-09-28T19:31:53Z,2025-09-28T14:31:53Z,41.0,25.9,0.0,0.0,0.0,5.156,5.384,17.124
2025-09-28T19:32:53Z,2025-09-28T14:32:53Z,41.0,25.9,0.0,0.0,0.0,5.263,5.441,20.632
2025-09-28T19:33:53Z,2025-09-28T14:33:53Z,40.7,25.9,0.0,0.0,0.0,5.123,5.354,18.252
2025-09-28T19:34:53Z,2025-09-28T14:34:53Z,41.2,25.9,0.0,0.0,0.0,5.365,5.61,10.452
2025-09-28T19:35:53Z,2025-09-28T14:35:53Z,40.8,25.9,0.0,0.0,0.0,5.256,5.504,19.595
2025-09-28T19:36:53Z,2025-09-28T14:36:53Z,41.3,25.9,0.0,0.0,0.0,5.273,5.467,13.198
2025-09-28T19:37:53Z,2025-09-28T14:37:53Z,41.3,25.9,0.0,0.0,0.0,5.355,5.552,10.229
2025-09-28T19:38:53Z,2025-09-28T14:38:53Z,41.0,25.9,0.0,0.0,0.0,5.431,5.535,13.258
2025-09-28T19:39:53Z,2025-09-28T14:39:53Z,41.1,25.9,0.0,0.0,0.0,5.429,5.693,10.573
2025-09-28T19:40:53Z,2025-09-28T14:40:53Z,40.8,25.9,0.0,0.0,0.0,5.13,5.342,5.925
2025-09-28T19:41:53Z,2025-09-28T14:41:53Z,40.8,25.9,0.0,0.0,0.0,5.296,5.436,12.26
2025-09-28T19:42:53Z,2025-09-28T14:42:53Z,40.8,25.9,0.0,0.0,0.0,5.357,5.536,7.633
2025-09-28T19:43:53Z,2025-09-28T14:43:53Z,40.8,25.9,0.0,0.0,0.0,5.427,5.712,13.182
2025-09-28T19:44:54Z,2025-09-28T14:44:54Z,40.8,25.9,0.0,0.0,0.0,5.063,5.242,25.011
2025-09-28T19:45:54Z,2025-09-28T14:45:54Z,40.5,25.9,0.0,0.0,0.0,5.456,5.58,7.118
2025-09-28T19:46:54Z,2025-09-28T14:46:54Z,40.7,25.9,0.0,0.0,0.0,5.307,5.358,19.451
2025-09-28T19:47:54Z,2025-09-28T14:47:54Z,40.5,25.9,0.0,0.0,0.0,5.207,5.334,7.025
2025-09-28T19:48:54Z,2025-09-28T14:48:54Z,40.3,25.9,0.0,0.0,0.0,5.176,5.276,13.485
2025-09-28T19:49:54Z,2025-09-28T14:49:54Z,40.4,25.9,0.0,0.0,0.0,5.407,5.484,7.536
2025-09-28T19:50:54Z,2025-09-28T14:50:54Z,40.4,25.9,0.0,0.0,0.0,5.332,5.537,6.156
2025-09-28T19:51:54Z,2025-09-28T14:51:54Z,40.3,25.9,0.0,0.0,0.0,5.206,5.328,5.857
2025-09-28T19:52:54Z,2025-09-28T14:52:54Z,40.4,25.9,0.0,0.0,0.0,5.007,5.122,5.896
2025-09-28T19:53:54Z,2025-09-28T14:53:54Z,40.4,25.9,0.0,0.0,0.0,5.162,5.283,5.52
2025-09-28T19:54:54Z,2025-09-28T14:54:54Z,40.2,25.9,0.0,0.0,0.0,5.399,5.438,5.843
2025-09-28T19:55:54Z,2025-09-28T14:55:54Z,40.2,25.9,0.0,0.0,0.0,5.175,5.28,6.928
2025-09-28T19:56:54Z,2025-09-28T14:56:54Z,40.2,25.8,0.0,0.0,0.0,5.283,5.358,5.736
2025-09-28T19:57:54Z,2025-09-28T14:57:54Z,40.2,25.8,0.0,0.0,0.0,5.479,5.519,9.032
2025-09-28T19:58:54Z,2025-09-28T14:58:54Z,40.2,25.8,0.0,0.0,0.0,5.26,5.382,6.165
2025-09-28T19:59:54Z,2025-09-28T14:59:54Z,40.1,25.8,0.0,0.0,0.0,5.175,5.203,5.203
2025-09-28T20:00:54Z,2025-09-28T15:00:54Z,40.1,25.8,0.0,0.0,0.0,4.977,5.057,5.087
2025-09-28T20:01:54Z,2025-09-28T15:01:54Z,40.2,25.8,0.0,0.0,0.0,5.207,5.22,5.22
2025-09-28T20:02:54Z,2025-09-28T15:02:54Z,40.2,25.8,0.0,0.0,0.0,4.975,5.065,5.094
2025-09-28T20:03:54Z,2025-09-28T15:03:54Z,40.5,25.8,0.0,0.0,0.0,5.406,5.494,6.674
2025-09-28T20:04:54Z,2025-09-28T15:04:54Z,40.8,25.8,0.0,0.0,0.0,5.325,5.406,5.435
2025-09-28T20:05:54Z,2025-09-28T15:05:54Z,41.0,25.9,0.0,0.0,0.0,5.006,5.082,5.459
2025-09-28T20:06:54Z,2025-09-28T15:06:54Z,40.7,25.9,0.0,0.0,0.0,5.512,5.555,5.555
2025-09-28T20:07:54Z,2025-09-28T15:07:54Z,40.6,25.9,0.0,0.0,0.0,5.116,5.182,5.21
2025-09-28T20:08:54Z,2025-09-28T15:08:54Z,40.5,25.9,0.0,0.0,0.0,5.365,5.421,5.782
2025-09-28T20:09:54Z,2025-09-28T15:09:54Z,40.6,25.9,0.0,0.0,0.0,5.224,5.28,5.28
2025-09-28T20:10:54Z,2025-09-28T15:10:54Z,40.5,25.9,0.0,0.0,0.0,5.329,5.371,5.371
2025-09-28T20:11:54Z,2025-09-28T15:11:54Z,40.4,25.9,0.0,0.0,0.0,5.393,5.41,5.41
2025-09-28T20:12:55Z,2025-09-28T15:12:55Z,40.2,25.9,0.0,0.0,0.0,5.399,5.469,6.712
2025-09-28T20:13:55Z,2025-09-28T15:13:55Z,40.3,25.9,0.0,0.0,0.0,5.435,5.456,5.456
2025-09-28T20:14:55Z,2025-09-28T15:14:55Z,40.2,25.9,0.0,0.0,0.0,5.148,5.203,5.203
2025-09-28T20:15:55Z,2025-09-28T15:15:55Z,40.1,25.9,0.0,0.0,0.0,4.571,4.634,4.692
2025-09-28T20:16:55Z,2025-09-28T15:16:55Z,40.1,25.9,0.0,0.0,0.0,5.196,5.247,5.392
2025-09-28T20:17:55Z,2025-09-28T15:17:55Z,40.2,25.9,0.0,0.0,0.0,5.063,5.125,5.418
2025-09-28T20:18:55Z,2025-09-28T15:18:55Z,40.0,25.9,0.0,0.0,0.0,5.207,5.271,11.772
2025-09-28T20:19:55Z,2025-09-28T15:19:55Z,40.0,25.9,0.0,0.0,0.0,5.386,5.441,5.6
2025-09-28T20:20:55Z,2025-09-28T15:20:55Z,40.0,25.9,0.0,0.0,0.0,4.84,4.901,5.611
2025-09-28T20:21:55Z,2025-09-28T15:21:55Z,39.9,25.9,0.0,0.0,0.0,5.041,5.083,5.328
2025-09-28T20:22:55Z,2025-09-28T15:22:55Z,40.1,25.9,0.0,0.0,0.0,5.245,5.318,5.348
2025-09-28T20:23:55Z,2025-09-28T15:23:55Z,40.2,25.9,0.0,0.0,0.0,4.768,4.793,5.141
2025-09-28T20:24:55Z,2025-09-28T15:24:55Z,40.0,25.9,0.0,0.0,0.0,5.372,5.465,6.19
2025-09-28T20:25:55Z,2025-09-28T15:25:55Z,40.1,25.9,0.0,0.0,0.0,5.285,5.291,5.291
2025-09-28T20:26:55Z,2025-09-28T15:26:55Z,40.0,25.9,0.0,0.0,0.0,4.872,4.954,5.134
2025-09-28T20:27:55Z,2025-09-28T15:27:55Z,40.1,25.9,0.0,0.0,0.0,4.592,4.605,4.605
2025-09-28T20:28:55Z,2025-09-28T15:28:55Z,40.1,25.9,0.0,0.0,0.0,4.665,4.719,5.301
2025-09-28T20:29:55Z,2025-09-28T15:29:55Z,40.1,25.9,0.0,0.0,0.0,5.205,5.226,5.59
2025-09-28T20:30:55Z,2025-09-28T15:30:55Z,40.0,25.9,0.0,0.0,0.0,5.045,5.132,5.307
2025-09-28T20:31:55Z,2025-09-28T15:31:55Z,39.9,25.9,0.0,0.0,0.0,5.16,5.203,5.507
2025-09-28T20:32:55Z,2025-09-28T15:32:55Z,39.8,25.9,0.0,0.0,0.0,4.732,4.82,7.402
2025-09-28T20:33:55Z,2025-09-28T15:33:55Z,39.7,25.9,0.0,0.0,0.0,5.057,5.108,6.913
2025-09-28T20:34:55Z,2025-09-28T15:34:55Z,39.6,25.9,0.0,0.0,0.0,4.984,5.097,8.653
2025-09-28T20:35:55Z,2025-09-28T15:35:55Z,39.7,26.0,0.0,0.0,0.0,5.123,5.182,5.239
2025-09-28T20:36:55Z,2025-09-28T15:36:55Z,39.7,26.0,0.0,0.0,0.0,4.792,4.839,5.577
2025-09-28T20:37:55Z,2025-09-28T15:37:55Z,39.6,26.0,0.0,0.0,0.0,5.159,5.214,19.294
2025-09-28T20:38:55Z,2025-09-28T15:38:55Z,39.2,26.0,0.0,0.0,0.0,4.983,5.02,5.02
2025-09-28T20:39:55Z,2025-09-28T15:39:55Z,39.2,26.0,0.0,0.0,0.0,4.998,5.072,5.224
2025-09-28T20:40:55Z,2025-09-28T15:40:55Z,39.5,26.0,0.0,0.0,0.0,4.787,4.852,6.125
2025-09-28T20:41:55Z,2025-09-28T15:41:55Z,39.3,26.0,0.0,0.0,0.0,5.079,5.144,8.992
2025-09-28T20:42:55Z,2025-09-28T15:42:55Z,39.5,26.0,0.0,0.0,0.0,6.459,6.684,7.185
2025-09-28T20:43:55Z,2025-09-28T15:43:55Z,39.2,26.0,0.0,0.0,0.0,6.745,7.202,16.938
2025-09-28T20:44:55Z,2025-09-28T15:44:55Z,39.2,26.0,0.0,0.0,0.0,6.82,7.268,9.47
2025-09-28T20:45:55Z,2025-09-28T15:45:55Z,39.2,26.0,0.0,0.0,0.0,7.487,7.969,8.951
2025-09-28T20:46:55Z,2025-09-28T15:46:55Z,39.2,26.0,0.0,0.0,0.0,6.702,7.256,10.614
2025-09-28T20:47:56Z,2025-09-28T15:47:56Z,39.4,26.0,0.0,0.0,0.0,7.751,8.355,10.012
2025-09-28T20:48:56Z,2025-09-28T15:48:56Z,39.4,26.0,0.0,0.0,0.0,7.258,7.867,10.229
2025-09-28T20:49:56Z,2025-09-28T15:49:56Z,39.5,26.0,0.0,0.0,0.0,7.493,7.98,10.157
2025-09-28T20:50:56Z,2025-09-28T15:50:56Z,39.4,26.0,0.0,0.0,0.0,7.383,8.012,9.93
2025-09-28T20:51:56Z,2025-09-28T15:51:56Z,39.3,26.0,0.0,0.0,0.0,7.116,7.477,9.554
2025-09-28T20:52:56Z,2025-09-28T15:52:56Z,39.4,26.0,0.0,0.0,0.0,7.417,7.858,8.936
2025-09-28T20:53:56Z,2025-09-28T15:53:56Z,39.4,26.0,0.0,0.0,0.0,6.537,6.994,7.265
2025-09-28T20:54:56Z,2025-09-28T15:54:56Z,39.3,26.0,0.0,0.0,0.0,6.819,7.22,7.833
2025-09-28T20:55:56Z,2025-09-28T15:55:56Z,39.3,26.0,0.0,0.0,0.0,6.657,7.038,7.128
2025-09-28T20:56:56Z,2025-09-28T15:56:56Z,39.2,26.0,0.0,0.0,0.0,6.928,7.391,7.483
2025-09-28T20:57:56Z,2025-09-28T15:57:56Z,39.1,26.0,0.0,0.0,0.0,6.682,6.991,8.303
2025-09-28T20:58:56Z,2025-09-28T15:58:56Z,39.4,26.0,0.0,0.0,0.0,6.811,7.188,7.446
2025-09-28T20:59:56Z,2025-09-28T15:59:56Z,39.5,26.0,0.0,0.0,0.0,6.532,6.838,7.276
2025-09-28T21:00:56Z,2025-09-28T16:00:56Z,39.8,26.1,0.0,0.0,0.0,6.742,7.125,8.897
2025-09-28T21:01:56Z,2025-09-28T16:01:56Z,39.9,26.1,0.0,0.0,0.0,6.347,6.613,7.5
2025-09-28T21:02:56Z,2025-09-28T16:02:56Z,39.8,26.1,0.0,0.0,0.0,6.431,6.742,7.469
2025-09-28T21:03:56Z,2025-09-28T16:03:56Z,39.8,26.1,0.0,0.0,0.0,6.7,7.067,7.564
2025-09-28T21:04:56Z,2025-09-28T16:04:56Z,39.8,26.1,0.0,0.0,0.0,6.296,6.603,10.235
2025-09-28T21:05:56Z,2025-09-28T16:05:56Z,39.9,26.1,0.0,0.0,0.0,6.116,6.473,7.23
2025-09-28T21:06:56Z,2025-09-28T16:06:56Z,39.9,26.2,0.0,0.0,0.0,6.351,6.627,6.656
2025-09-28T21:07:56Z,2025-09-28T16:07:56Z,39.8,26.2,0.0,0.0,0.0,6.559,6.795,6.854
2025-09-28T21:08:56Z,2025-09-28T16:08:56Z,39.8,26.2,0.0,0.0,0.0,6.21,6.428,13.815
2025-09-28T21:09:56Z,2025-09-28T16:09:56Z,40.0,26.2,0.0,0.0,0.0,6.141,6.37,10.496
2025-09-28T21:10:56Z,2025-09-28T16:10:56Z,39.7,26.2,0.0,0.0,0.0,6.379,6.648,7.159
2025-09-28T21:11:56Z,2025-09-28T16:11:56Z,39.7,26.3,0.0,0.0,0.0,6.455,6.697,8.66
2025-09-28T21:12:56Z,2025-09-28T16:12:56Z,39.6,26.3,0.0,0.0,0.0,5.862,6.032,6.447
2025-09-28T21:13:56Z,2025-09-28T16:13:56Z,39.8,26.3,0.0,0.0,0.0,6.377,6.892,15.247
2025-09-28T21:14:56Z,2025-09-28T16:14:56Z,40.4,26.3,0.0,0.0,0.0,6.005,7.078,8.346
2025-09-28T21:15:56Z,2025-09-28T16:15:56Z,40.3,26.3,0.0,0.0,0.0,6.185,6.974,29.02
2025-09-28T21:16:57Z,2025-09-28T16:16:57Z,40.0,26.4,0.0,0.0,0.0,6.29,6.638,17.797
2025-09-28T21:17:57Z,2025-09-28T16:17:57Z,39.9,26.4,0.0,0.0,0.0,6.259,6.639,11.708
2025-09-28T21:18:52Z,2025-09-28T16:18:52Z,40.1,26.4,0.0,0.0,0.0,5.749,6.197,24.192
2025-09-28T21:19:52Z,2025-09-28T16:19:52Z,40.1,26.4,0.0,0.0,0.0,5.939,6.344,15.304
2025-09-28T21:20:52Z,2025-09-28T16:20:52Z,40.1,26.4,0.0,0.0,0.0,5.854,6.149,11.059
2025-09-28T21:21:52Z,2025-09-28T16:21:52Z,40.1,26.5,0.0,0.0,0.0,5.876,6.226,19.385
2025-09-28T21:22:52Z,2025-09-28T16:22:52Z,40.7,26.5,0.0,0.0,0.0,5.952,6.293,25.762
2025-09-28T21:23:52Z,2025-09-28T16:23:52Z,40.1,26.5,0.0,0.0,0.0,5.528,5.879,35.302
2025-09-28T21:24:52Z,2025-09-28T16:24:52Z,40.7,26.5,0.0,0.0,0.0,6.087,6.499,28.555
2025-09-28T21:25:52Z,2025-09-28T16:25:52Z,40.6,26.6,0.0,0.0,0.0,5.996,6.337,20.633
2025-09-28T21:26:52Z,2025-09-28T16:26:52Z,40.2,26.6,0.0,0.0,0.0,6.248,6.589,27.497
2025-09-28T21:27:52Z,2025-09-28T16:27:52Z,40.3,26.6,0.0,0.0,0.0,6.227,6.514,17.894
2025-09-28T21:28:52Z,2025-09-28T16:28:52Z,40.3,26.7,0.0,0.0,0.0,5.722,6.223,18.26
2025-09-28T21:29:52Z,2025-09-28T16:29:52Z,40.5,26.7,0.0,0.0,0.0,5.683,6.129,9.864
2025-09-28T21:30:52Z,2025-09-28T16:30:52Z,40.5,26.7,0.0,0.0,0.0,5.507,5.785,24.816
2025-09-28T21:31:52Z,2025-09-28T16:31:52Z,40.2,26.8,0.0,0.0,0.0,5.739,6.178,25.914
2025-09-28T21:32:52Z,2025-09-28T16:32:52Z,41.0,26.8,0.0,0.0,0.0,6.059,6.386,64.133
2025-09-28T21:33:52Z,2025-09-28T16:33:52Z,40.3,26.9,0.0,0.0,0.0,6.291,6.609,19.55
2025-09-28T21:34:52Z,2025-09-28T16:34:52Z,40.2,26.9,0.0,0.0,0.0,5.95,6.287,31.04
2025-09-28T21:35:52Z,2025-09-28T16:35:52Z,40.0,27.0,0.0,0.0,0.0,5.648,6.029,27.648
2025-09-28T21:36:52Z,2025-09-28T16:36:52Z,39.8,27.0,0.0,0.0,0.0,5.72,6.076,39.745
2025-09-28T21:37:52Z,2025-09-28T16:37:52Z,39.8,27.1,0.0,0.0,0.0,6.195,6.516,31.543
2025-09-28T21:38:52Z,2025-09-28T16:38:52Z,39.7,27.1,0.0,0.0,0.0,5.944,6.271,18.56
2025-09-28T21:39:52Z,2025-09-28T16:39:52Z,39.6,27.2,0.0,0.0,0.0,6.12,6.543,14.059
2025-09-28T21:40:52Z,2025-09-28T16:40:52Z,39.4,27.3,0.0,0.0,0.0,5.865,6.182,27.853
2025-09-28T21:41:52Z,2025-09-28T16:41:52Z,39.5,27.3,0.0,0.0,0.0,5.51,5.679,23.727
2025-09-28T21:42:52Z,2025-09-28T16:42:52Z,39.3,27.4,0.0,0.0,0.0,5.654,6.043,29.587
2025-09-28T21:43:52Z,2025-09-28T16:43:52Z,39.3,27.4,0.0,0.0,0.0,5.531,5.821,17.321
2025-09-28T21:44:52Z,2025-09-28T16:44:52Z,39.1,27.5,0.0,0.0,0.0,5.839,6.101,10.509
2025-09-28T21:45:52Z,2025-09-28T16:45:52Z,39.2,27.6,0.0,0.0,0.0,5.396,5.602,23.624
2025-09-28T21:46:52Z,2025-09-28T16:46:52Z,38.7,27.6,0.0,0.0,0.0,5.755,6.045,21.115
2025-09-28T21:47:52Z,2025-09-28T16:47:52Z,38.4,27.7,0.0,0.0,0.0,5.666,5.939,18.049
2025-09-28T21:48:52Z,2025-09-28T16:48:52Z,38.6,27.8,0.0,0.0,0.0,5.722,5.991,9.584
2025-09-28T21:49:53Z,2025-09-28T16:49:53Z,38.6,27.8,0.0,0.0,0.0,5.67,5.811,16.339
2025-09-28T21:50:53Z,2025-09-28T16:50:53Z,38.5,27.9,0.0,0.0,0.0,5.847,6.19,34.311
2025-09-28T21:51:53Z,2025-09-28T16:51:53Z,38.5,28.0,0.0,0.0,0.0,5.613,5.893,10.732
2025-09-28T21:52:53Z,2025-09-28T16:52:53Z,37.9,28.0,0.0,0.0,0.0,5.43,5.682,10.879
2025-09-28T21:53:53Z,2025-09-28T16:53:53Z,37.5,28.1,0.0,0.0,0.0,5.454,5.792,44.157
2025-09-28T21:54:53Z,2025-09-28T16:54:53Z,38.0,28.2,0.0,0.0,0.0,5.429,5.621,12.392
2025-09-28T21:55:53Z,2025-09-28T16:55:53Z,37.8,28.2,0.0,0.0,0.0,5.684,5.948,12.765
2025-09-28T21:56:53Z,2025-09-28T16:56:53Z,37.8,28.3,0.0,0.0,0.0,5.724,5.988,15.165
2025-09-28T21:57:53Z,2025-09-28T16:57:53Z,37.4,28.3,0.0,0.0,0.0,5.897,6.163,12.204
2025-09-28T21:58:53Z,2025-09-28T16:58:53Z,37.4,28.4,0.0,0.0,0.0,6.05,6.221,10.217
2025-09-28T21:59:53Z,2025-09-28T16:59:53Z,37.3,28.5,0.0,0.0,0.0,5.653,5.953,23.438
2025-09-28T22:00:53Z,2025-09-28T17:00:53Z,37.3,28.5,0.0,0.0,0.0,5.789,6.056,16.383
2025-09-28T22:01:53Z,2025-09-28T17:01:53Z,37.2,28.6,0.0,0.0,0.0,5.867,6.117,6.888
2025-09-28T22:02:53Z,2025-09-28T17:02:53Z,36.9,28.7,0.0,0.0,0.0,5.596,5.82,11.354
2025-09-28T22:03:53Z,2025-09-28T17:03:53Z,36.8,28.7,0.0,0.0,0.0,5.776,6.019,6.882
2025-09-28T22:04:53Z,2025-09-28T17:04:53Z,36.9,28.8,0.0,0.0,0.0,5.743,6.056,7.745
2025-09-28T22:05:53Z,2025-09-28T17:05:53Z,37.1,28.8,0.0,0.0,0.0,6.077,6.353,7.887
2025-09-28T22:06:53Z,2025-09-28T17:06:53Z,36.6,28.8,0.0,0.0,0.0,5.725,5.946,9.063
2025-09-28T22:07:53Z,2025-09-28T17:07:53Z,36.6,28.8,0.0,0.0,0.0,5.99,6.342,16.511
2025-09-28T22:08:53Z,2025-09-28T17:08:53Z,36.4,28.8,0.0,0.0,0.0,6.051,6.229,8.399
2025-09-28T22:09:53Z,2025-09-28T17:09:53Z,36.5,28.8,0.0,0.0,0.0,6.028,6.207,12.479
2025-09-28T22:10:53Z,2025-09-28T17:10:53Z,36.5,28.8,0.0,0.0,0.0,6.229,6.395,7.421
2025-09-28T22:11:53Z,2025-09-28T17:11:53Z,36.7,28.8,0.0,0.0,0.0,6.435,6.643,17.974
2025-09-28T22:12:53Z,2025-09-28T17:12:53Z,36.5,28.8,0.0,0.0,0.0,6.17,6.415,14.437
2025-09-28T22:13:53Z,2025-09-28T17:13:53Z,36.7,28.8,0.0,0.0,0.0,5.926,6.094,16.504
2025-09-28T22:14:53Z,2025-09-28T17:14:53Z,37.0,28.8,0.0,0.0,0.0,5.963,6.259,8.183
2025-09-28T22:15:54Z,2025-09-28T17:15:54Z,37.1,28.8,0.0,0.0,0.0,5.921,6.148,14.005
2025-09-28T22:16:54Z,2025-09-28T17:16:54Z,37.1,28.8,0.0,0.0,0.0,5.934,6.273,8.386
2025-09-28T22:17:54Z,2025-09-28T17:17:54Z,37.1,28.8,0.0,0.0,0.0,6.445,6.761,14.87
2025-09-28T22:18:54Z,2025-09-28T17:18:54Z,37.2,28.7,0.0,0.0,0.0,6.776,7.16,10.55
2025-09-28T22:19:54Z,2025-09-28T17:19:54Z,37.3,28.7,0.0,0.0,0.0,7.493,8.02,14.335
2025-09-28T22:20:54Z,2025-09-28T17:20:54Z,37.4,28.7,0.0,0.0,0.0,10.182,11.132,23.637
2025-09-28T22:21:54Z,2025-09-28T17:21:54Z,37.4,28.7,0.0,0.0,0.0,12.673,13.66,22.968
2025-09-28T22:22:54Z,2025-09-28T17:22:54Z,37.6,28.6,0.0,0.0,0.0,14.131,15.425,25.103
2025-09-28T22:23:54Z,2025-09-28T17:23:54Z,37.7,28.6,0.0,0.0,0.0,16.606,17.957,36.723
2025-09-28T22:24:54Z,2025-09-28T17:24:54Z,37.9,28.6,0.0,0.0,0.0,18.936,20.515,43.157
2025-09-28T22:25:54Z,2025-09-28T17:25:54Z,38.2,28.6,0.0,0.0,0.0,25.233,27.181,52.314
2025-09-28T22:26:54Z,2025-09-28T17:26:54Z,38.2,28.5,0.0,0.0,0.0,26.628,28.503,39.621
2025-09-28T22:27:54Z,2025-09-28T17:27:54Z,38.4,28.5,0.0,0.0,0.0,24.903,26.517,60.115
2025-09-28T22:28:54Z,2025-09-28T17:28:54Z,38.4,28.5,0.0,0.0,0.0,24.957,27.019,61.391
2025-09-28T22:29:54Z,2025-09-28T17:29:54Z,38.7,28.5,0.0,0.0,0.0,25.477,27.411,46.645
2025-09-28T22:30:54Z,2025-09-28T17:30:54Z,38.7,28.4,0.0,0.0,0.0,26.185,27.961,51.609
2025-09-28T22:31:54Z,2025-09-28T17:31:54Z,38.6,28.4,0.0,0.0,0.0,24.193,26.248,52.118
2025-09-28T22:32:54Z,2025-09-28T17:32:54Z,38.5,28.4,0.0,0.0,0.0,23.146,25.171,46.433
2025-09-28T22:33:54Z,2025-09-28T17:33:54Z,38.5,28.4,0.0,0.0,0.0,22.067,24.843,72.064
2025-09-28T22:34:54Z,2025-09-28T17:34:54Z,38.6,28.4,0.0,0.0,0.0,23.689,27.941,87.701
2025-09-28T22:35:54Z,2025-09-28T17:35:54Z,38.6,28.3,0.0,0.0,0.0,23.73,28.97,88.244
2025-09-28T22:36:54Z,2025-09-28T17:36:54Z,38.4,28.3,0.0,0.0,0.0,22.051,26.398,101.762
2025-09-28T22:37:54Z,2025-09-28T17:37:54Z,38.3,28.3,0.0,0.0,0.0,20.508,24.836,108.956
2025-09-28T22:38:54Z,2025-09-28T17:38:54Z,38.5,28.3,0.0,0.0,0.0,20.948,25.141,84.738
2025-09-28T22:39:55Z,2025-09-28T17:39:55Z,38.4,28.2,0.0,0.0,0.0,20.083,24.401,68.798
2025-09-28T22:40:55Z,2025-09-28T17:40:55Z,38.2,28.2,0.0,0.0,0.0,20.812,25.348,66.911
2025-09-28T22:41:55Z,2025-09-28T17:41:55Z,38.4,28.2,0.0,0.0,0.0,30.579,36.174,120.029
2025-09-28T22:42:55Z,2025-09-28T17:42:55Z,38.2,28.2,0.0,0.0,0.0,33.226,38.937,109.258
2025-09-28T22:43:55Z,2025-09-28T17:43:55Z,38.2,28.1,0.0,0.0,0.0,30.504,35.418,131.487
2025-09-28T22:44:55Z,2025-09-28T17:44:55Z,38.5,28.1,0.0,0.0,0.0,34.662,40.009,103.595
2025-09-28T22:45:55Z,2025-09-28T17:45:55Z,38.3,28.1,0.0,0.0,0.0,29.266,33.805,78.224
2025-09-28T22:46:55Z,2025-09-28T17:46:55Z,38.3,28.1,0.0,0.0,0.0,28.237,32.544,93.512
2025-09-28T22:47:55Z,2025-09-28T17:47:55Z,38.5,28.1,0.0,0.0,0.0,30.259,34.764,65.279
2025-09-28T22:48:55Z,2025-09-28T17:48:55Z,38.4,28.1,0.0,0.0,0.0,29.795,34.153,65.551
2025-09-28T22:49:55Z,2025-09-28T17:49:55Z,38.7,28.1,0.0,0.0,0.0,28.47,32.193,55.151
2025-09-28T22:50:55Z,2025-09-28T17:50:55Z,39.5,28.1,0.0,0.0,0.0,23.256,26.09,39.486
2025-09-28T22:51:55Z,2025-09-28T17:51:55Z,38.7,28.1,0.0,0.0,0.0,21.298,23.569,45.561
2025-09-28T22:52:55Z,2025-09-28T17:52:55Z,38.2,28.1,0.0,0.0,0.0,19.775,22.084,37.255
2025-09-28T22:53:55Z,2025-09-28T17:53:55Z,38.2,28.1,0.0,0.0,0.0,20.813,22.951,50.05
2025-09-28T22:54:55Z,2025-09-28T17:54:55Z,38.2,28.0,0.0,0.0,0.0,21.213,23.423,50.815
2025-09-28T22:55:55Z,2025-09-28T17:55:55Z,37.8,28.0,0.0,0.0,0.0,21.247,23.327,34.786
2025-09-28T22:56:55Z,2025-09-28T17:56:55Z,37.6,28.0,0.0,0.0,0.0,20.416,22.561,24.97
2025-09-28T22:57:55Z,2025-09-28T17:57:55Z,37.7,28.0,0.0,0.0,0.0,20.838,23.198,31.989
2025-09-28T22:58:55Z,2025-09-28T17:58:55Z,38.0,28.0,0.0,0.0,0.0,20.757,23.06,31.763
2025-09-28T22:59:55Z,2025-09-28T17:59:55Z,37.9,28.0,0.0,0.0,0.0,21.692,24.0,28.725
2025-09-28T23:00:55Z,2025-09-28T18:00:55Z,38.1,28.0,0.0,0.0,0.0,20.369,22.472,23.82
2025-09-28T23:01:55Z,2025-09-28T18:01:55Z,38.0,28.0,0.0,0.0,0.0,19.804,21.881,28.336
2025-09-28T23:02:55Z,2025-09-28T18:02:55Z,37.9,28.0,0.0,0.0,0.0,20.828,22.945,31.426
2025-09-28T23:03:55Z,2025-09-28T18:03:55Z,37.6,28.0,0.0,0.0,0.0,20.359,22.209,45.871
2025-09-28T23:04:55Z,2025-09-28T18:04:55Z,37.8,27.9,0.0,0.0,0.0,20.435,22.686,26.88
2025-09-28T23:05:55Z,2025-09-28T18:05:55Z,37.8,27.9,0.0,0.0,0.0,19.123,20.993,40.106
2025-09-28T23:06:55Z,2025-09-28T18:06:55Z,37.9,27.9,0.0,0.0,0.0,19.956,21.783,36.326
2025-09-28T23:07:55Z,2025-09-28T18:07:55Z,37.9,27.9,0.0,0.0,0.0,19.196,21.058,24.493
2025-09-28T23:08:55Z,2025-09-28T18:08:55Z,38.0,27.8,0.0,0.0,0.0,18.742,20.547,24.524
2025-09-28T23:09:56Z,2025-09-28T18:09:56Z,37.7,27.8,0.0,0.0,0.0,18.503,20.359,21.859
2025-09-28T23:10:56Z,2025-09-28T18:10:56Z,37.6,27.8,0.0,0.0,0.0,18.38,20.005,22.725
2025-09-28T23:11:56Z,2025-09-28T18:11:56Z,37.6,27.8,0.0,0.0,0.0,17.465,19.142,22.908
2025-09-28T23:12:56Z,2025-09-28T18:12:56Z,37.6,27.8,0.0,0.0,0.0,16.804,18.271,23.767
2025-09-28T23:13:56Z,2025-09-28T18:13:56Z,38.0,27.8,0.0,0.0,0.0,16.458,17.712,21.449
2025-09-28T23:14:56Z,2025-09-28T18:14:56Z,37.7,27.8,0.0,0.0,0.0,16.389,17.611,46.992
2025-09-28T23:15:56Z,2025-09-28T18:15:56Z,37.5,27.8,0.0,0.0,0.0,15.916,17.123,18.663
2025-09-28T23:16:56Z,2025-09-28T18:16:56Z,37.5,27.8,0.0,0.0,0.0,15.774,16.911,18.274
2025-09-28T23:17:56Z,2025-09-28T18:17:56Z,37.4,27.8,0.0,0.0,0.0,15.004,16.132,44.158
2025-09-28T23:18:56Z,2025-09-28T18:18:56Z,37.6,27.7,0.0,0.0,0.0,15.218,16.388,17.239
2025-09-28T23:19:56Z,2025-09-28T18:19:56Z,37.3,27.7,0.0,0.0,0.0,15.788,17.023,19.907
2025-09-28T23:20:56Z,2025-09-28T18:20:56Z,37.3,27.7,0.0,0.0,0.0,14.871,15.955,19.925
2025-09-28T23:21:56Z,2025-09-28T18:21:56Z,37.4,27.7,0.0,0.0,0.0,14.54,15.678,17.754
2025-09-28T23:22:56Z,2025-09-28T18:22:56Z,37.1,27.7,0.0,0.0,0.0,14.636,15.776,25.087
2025-09-28T23:23:56Z,2025-09-28T18:23:56Z,37.1,27.7,0.0,0.0,0.0,14.067,14.925,26.005
2025-09-28T23:24:56Z,2025-09-28T18:24:56Z,37.1,27.6,0.0,0.0,0.0,14.206,15.171,15.445
2025-09-28T23:25:56Z,2025-09-28T18:25:56Z,37.0,27.6,0.0,0.0,0.0,14.135,15.195,23.406
2025-09-28T23:26:56Z,2025-09-28T18:26:56Z,37.2,27.6,0.0,0.0,0.0,13.424,14.247,16.08
2025-09-28T23:27:56Z,2025-09-28T18:27:56Z,37.8,27.6,0.0,0.0,0.0,13.301,14.136,19.929
2025-09-28T23:28:56Z,2025-09-28T18:28:56Z,37.9,27.6,0.0,0.0,0.0,12.519,13.233,14.655
2025-09-28T23:29:56Z,2025-09-28T18:29:56Z,37.9,27.6,0.0,0.0,0.0,12.493,13.171,14.433
2025-09-28T23:30:56Z,2025-09-28T18:30:56Z,37.8,27.5,0.0,0.0,0.0,12.649,13.369,16.497
2025-09-28T23:31:56Z,2025-09-28T18:31:56Z,37.4,27.5,0.0,0.0,0.0,12.198,12.829,13.277
2025-09-28T23:32:56Z,2025-09-28T18:32:56Z,37.4,27.5,0.0,0.0,0.0,11.797,12.492,13.249
2025-09-28T23:33:56Z,2025-09-28T18:33:56Z,37.4,27.5,0.0,0.0,0.0,12.356,13.258,14.095
2025-09-28T23:34:56Z,2025-09-28T18:34:56Z,37.9,27.5,0.0,0.0,0.0,11.754,12.375,23.127
2025-09-28T23:35:56Z,2025-09-28T18:35:56Z,37.8,27.5,0.0,0.0,0.0,12.018,12.704,22.508
2025-09-28T23:36:56Z,2025-09-28T18:36:56Z,37.2,27.5,0.0,0.0,0.0,11.475,12.134,13.542
2025-09-28T23:37:56Z,2025-09-28T18:37:56Z,37.2,27.5,0.0,0.0,0.0,11.379,11.959,20.943
2025-09-28T23:38:57Z,2025-09-28T18:38:57Z,37.1,27.5,0.0,0.0,0.0,11.205,11.741,22.44
2025-09-28T23:39:57Z,2025-09-28T18:39:57Z,37.5,27.4,0.0,0.0,0.0,11.232,11.854,19.257
2025-09-28T23:40:57Z,2025-09-28T18:40:57Z,37.0,27.4,0.0,0.0,0.0,11.308,11.956,18.833
2025-09-28T23:41:57Z,2025-09-28T18:41:57Z,37.2,27.4,0.0,0.0,0.0,10.974,11.49,11.927
2025-09-28T23:42:57Z,2025-09-28T18:42:57Z,37.3,27.4,0.0,0.0,0.0,10.98,11.588,13.25
2025-09-28T23:43:57Z,2025-09-28T18:43:57Z,37.1,27.4,0.0,0.0,0.0,10.466,11.005,11.854
2025-09-28T23:44:57Z,2025-09-28T18:44:57Z,37.1,27.4,0.0,0.0,0.0,10.168,10.657,21.791
2025-09-28T23:45:57Z,2025-09-28T18:45:57Z,37.2,27.4,0.0,0.0,0.0,10.395,10.948,11.802
2025-09-28T23:46:57Z,2025-09-28T18:46:57Z,37.1,27.4,0.0,0.0,0.0,10.017,10.482,24.46
2025-09-28T23:47:57Z,2025-09-28T18:47:57Z,37.6,27.4,0.0,0.0,0.0,9.81,10.351,28.143
2025-09-28T23:48:57Z,2025-09-28T18:48:57Z,37.1,27.4,0.0,0.0,0.0,10.194,10.68,12.379
2025-09-28T23:49:57Z,2025-09-28T18:49:57Z,37.3,27.3,0.0,0.0,0.0,10.045,10.475,16.788
2025-09-28T23:50:57Z,2025-09-28T18:50:57Z,37.2,27.3,0.0,0.0,0.0,10.083,10.561,19.257
2025-09-28T23:51:57Z,2025-09-28T18:51:57Z,37.1,27.3,0.0,0.0,0.0,9.736,10.234,11.669
2025-09-28T23:52:57Z,2025-09-28T18:52:57Z,37.3,27.3,0.0,0.0,0.0,9.278,9.736,12.556
2025-09-28T23:53:57Z,2025-09-28T18:53:57Z,37.2,27.3,0.0,0.0,0.0,9.082,9.546,15.851
2025-09-28T23:54:57Z,2025-09-28T18:54:57Z,37.3,27.3,0.0,0.0,0.0,8.966,9.48,11.142
2025-09-28T23:55:57Z,2025-09-28T18:55:57Z,37.7,27.3,0.0,0.0,0.0,8.938,9.481,18.632
2025-09-28T23:56:57Z,2025-09-28T18:56:57Z,38.1,27.3,0.0,0.0,0.0,8.718,9.257,21.088
2025-09-28T23:57:57Z,2025-09-28T18:57:57Z,38.3,27.3,0.0,0.0,0.0,8.317,8.732,9.596
2025-09-28T23:58:57Z,2025-09-28T18:58:57Z,38.3,27.3,0.0,0.0,0.0,8.644,9.081,24.154
2025-09-28T23:59:57Z,2025-09-28T18:59:57Z,38.1,27.3,0.0,0.0,0.0,8.738,9.098,10.001
2025-09-29T00:00:57Z,2025-09-28T19:00:57Z,37.8,27.3,0.0,0.0,0.0,8.91,9.254,11.334
2025-09-29T00:01:57Z,2025-09-28T19:01:57Z,37.8,27.3,0.0,0.0,0.0,8.195,8.54,9.004
2025-09-29T00:02:57Z,2025-09-28T19:02:57Z,37.8,27.3,0.0,0.0,0.0,8.545,8.936,17.771
2025-09-29T00:03:57Z,2025-09-28T19:03:57Z,37.5,27.3,0.0,0.0,0.0,8.23,8.644,27.517
2025-09-29T00:04:57Z,2025-09-28T19:04:57Z,37.6,27.2,0.0,0.0,0.0,8.236,8.622,10.987
2025-09-29T00:05:57Z,2025-09-28T19:05:57Z,37.7,27.2,0.0,0.0,0.0,8.463,8.948,33.694
2025-09-29T00:06:57Z,2025-09-28T19:06:57Z,37.3,27.2,0.0,0.0,0.0,8.648,9.083,26.617
2025-09-29T00:07:57Z,2025-09-28T19:07:57Z,37.9,27.2,0.0,0.0,0.0,7.97,8.545,14.532
2025-09-29T00:08:58Z,2025-09-28T19:08:58Z,37.6,27.2,0.0,0.0,0.0,8.066,8.478,32.041
2025-09-29T00:09:53Z,2025-09-28T19:09:53Z,37.7,27.2,0.0,0.0,0.0,7.769,8.271,23.002
2025-09-29T00:10:53Z,2025-09-28T19:10:53Z,38.3,27.2,0.0,0.0,0.0,7.777,8.124,14.79
2025-09-29T00:11:53Z,2025-09-28T19:11:53Z,38.8,27.2,0.0,0.0,0.0,7.695,8.204,8.911
2025-09-29T00:12:53Z,2025-09-28T19:12:53Z,37.9,27.2,0.0,0.0,0.0,7.311,7.694,9.579
2025-09-29T00:13:53Z,2025-09-28T19:13:53Z,37.8,27.2,0.0,0.0,0.0,7.897,8.308,24.551
2025-09-29T00:14:53Z,2025-09-28T19:14:53Z,37.9,27.2,0.0,0.0,0.0,7.828,8.262,11.455
2025-09-29T00:15:53Z,2025-09-28T19:15:53Z,37.7,27.2,0.0,0.0,0.0,7.541,7.954,19.111
2025-09-29T00:16:53Z,2025-09-28T19:16:53Z,37.7,27.1,0.0,0.0,0.0,7.156,7.502,16.534
2025-09-29T00:17:53Z,2025-09-28T19:17:53Z,37.6,27.1,0.0,0.0,0.0,6.995,7.219,26.759
2025-09-29T00:18:53Z,2025-09-28T19:18:53Z,37.7,27.1,0.0,0.0,0.0,7.183,7.509,8.61
2025-09-29T00:19:53Z,2025-09-28T19:19:53Z,37.6,27.1,0.0,0.0,0.0,7.007,7.276,9.598
2025-09-29T00:20:53Z,2025-09-28T19:20:53Z,37.6,27.1,0.0,0.0,0.0,7.021,7.331,11.443
2025-09-29T00:21:53Z,2025-09-28T19:21:53Z,37.7,27.1,0.0,0.0,0.0,7.497,7.775,9.463
2025-09-29T00:22:53Z,2025-09-28T19:22:53Z,37.6,27.1,0.0,0.0,0.0,7.267,7.67,36.743
2025-09-29T00:23:53Z,2025-09-28T19:23:53Z,38.0,27.1,0.0,0.0,0.0,7.199,7.689,75.307
2025-09-29T00:24:53Z,2025-09-28T19:24:53Z,37.6,27.1,0.0,0.0,0.0,6.463,6.976,40.484
2025-09-29T00:25:53Z,2025-09-28T19:25:53Z,37.7,27.1,0.0,0.0,0.0,6.978,7.536,56.928
2025-09-29T00:26:53Z,2025-09-28T19:26:53Z,37.6,27.1,0.0,0.0,0.0,6.75,7.391,53.211
2025-09-29T00:27:53Z,2025-09-28T19:27:53Z,37.4,27.0,0.0,0.0,0.0,6.693,7.167,38.638
2025-09-29T00:28:53Z,2025-09-28T19:28:53Z,37.7,27.0,0.0,0.0,0.0,6.493,7.072,53.61
2025-09-29T00:29:53Z,2025-09-28T19:29:53Z,37.7,27.0,0.0,0.0,0.0,6.698,7.346,26.456
2025-09-29T00:30:53Z,2025-09-28T19:30:53Z,37.5,27.0,0.0,0.0,0.0,6.376,6.789,23.881
2025-09-29T00:31:53Z,2025-09-28T19:31:53Z,37.4,27.0,0.0,0.0,0.0,6.711,7.2,15.238
2025-09-29T00:32:53Z,2025-09-28T19:32:53Z,37.6,27.0,0.0,0.0,0.0,6.497,6.931,10.677
2025-09-29T00:33:53Z,2025-09-28T19:33:53Z,37.5,27.0,0.0,0.0,0.0,6.668,6.917,10.69
2025-09-29T00:34:53Z,2025-09-28T19:34:53Z,37.6,27.0,0.0,0.0,0.0,6.583,6.892,24.022
2025-09-29T00:35:53Z,2025-09-28T19:35:53Z,37.5,27.0,0.0,0.0,0.0,6.729,7.263,24.981
2025-09-29T00:36:53Z,2025-09-28T19:36:53Z,37.4,27.0,0.0,0.0,0.0,6.161,6.667,35.065
2025-09-29T00:37:54Z,2025-09-28T19:37:54Z,37.1,27.0,0.0,0.0,0.0,6.363,6.766,15.97
2025-09-29T00:38:54Z,2025-09-28T19:38:54Z,37.0,27.0,0.0,0.0,0.0,5.86,6.213,7.666
2025-09-29T00:39:54Z,2025-09-28T19:39:54Z,36.9,26.9,0.0,0.0,0.0,5.932,6.25,12.805
2025-09-29T00:40:54Z,2025-09-28T19:40:54Z,37.0,26.9,0.0,0.0,0.0,6.236,6.566,11.902
